food_id,alias,language,alias_type,source_id,source_record_id
GF-ING-00001,"Amaranth seed, black",English,source_name,SRC-IFCT2017,A001
GF-ING-00001,Moricha guti,Assamese,regional_name,SRC-IFCT2017,A001
GF-ING-00001,Ramdana,Hindi,regional_name,SRC-IFCT2017,A001
GF-ING-00001,Danthu beeja,Kannada,regional_name,SRC-IFCT2017,A001
GF-ING-00001,Mawal,Kashmiri,regional_name,SRC-IFCT2017,A001
GF-ING-00001,Cheera vithu,Malayalam,regional_name,SRC-IFCT2017,A001
GF-ING-00001,Chengkruk Maru,Manipuri,regional_name,SRC-IFCT2017,A001
GF-ING-00001,Cavali biya,Marathi,regional_name,SRC-IFCT2017,A001
GF-ING-00001,Kosala sag manji Dhala,Odia,regional_name,SRC-IFCT2017,A001
GF-ING-00001,Chaulali beej,Punjabi,regional_name,SRC-IFCT2017,A001
GF-ING-00001,Keerai vidai,Tamil,regional_name,SRC-IFCT2017,A001
GF-ING-00001,Thotakoora ginjalu.,Telugu,regional_name,SRC-IFCT2017,A001
GF-ING-00002,"Amaranth seed, pale brown",English,source_name,SRC-IFCT2017,A002
GF-ING-00002,Moricha guti,Assamese,regional_name,SRC-IFCT2017,A002
GF-ING-00002,Rajagaro,Gujarati,regional_name,SRC-IFCT2017,A002
GF-ING-00002,Ramdana,Hindi,regional_name,SRC-IFCT2017,A002
GF-ING-00002,Danthu beeja,Kannada,regional_name,SRC-IFCT2017,A002
GF-ING-00002,Mawal,Kashmiri,regional_name,SRC-IFCT2017,A002
GF-ING-00002,Cheera vithu,Malayalam,regional_name,SRC-IFCT2017,A002
GF-ING-00002,Chengkruk Maru,Manipuri,regional_name,SRC-IFCT2017,A002
GF-ING-00002,Cavali biya,Marathi,regional_name,SRC-IFCT2017,A002
GF-ING-00002,Kosala sag maji kale,Odia,regional_name,SRC-IFCT2017,A002
GF-ING-00002,Chaulali beej,Punjabi,regional_name,SRC-IFCT2017,A002
GF-ING-00002,Keerai vidai,Tamil,regional_name,SRC-IFCT2017,A002
GF-ING-00002,Thotakoora ginjalu.,Telugu,regional_name,SRC-IFCT2017,A002
GF-ING-00003,Bajra,English,source_name,SRC-IFCT2017,A003
GF-ING-00003,", Kash. Baajra",Assamese,regional_name,SRC-IFCT2017,A003
GF-ING-00003,Bajra,Bengali,regional_name,SRC-IFCT2017,A003
GF-ING-00003,Pearl millet,English,regional_name,SRC-IFCT2017,A003
GF-ING-00003,Bajri,Gujarati,regional_name,SRC-IFCT2017,A003
GF-ING-00003,Bajra,Hindi,regional_name,SRC-IFCT2017,A003
GF-ING-00003,Sajje,Kannada,regional_name,SRC-IFCT2017,A003
GF-ING-00003,Krai,Khasi,regional_name,SRC-IFCT2017,A003
GF-ING-00003,Kambam,Malayalam,regional_name,SRC-IFCT2017,A003
GF-ING-00003,Bajra,Marathi,regional_name,SRC-IFCT2017,A003
GF-ING-00003,Bajara,Nepali,regional_name,SRC-IFCT2017,A003
GF-ING-00003,Bajra,Odia,regional_name,SRC-IFCT2017,A003
GF-ING-00003,Bajra,Punjabi,regional_name,SRC-IFCT2017,A003
GF-ING-00003,Kambu,Tamil,regional_name,SRC-IFCT2017,A003
GF-ING-00003,Sajjalu,Telugu,regional_name,SRC-IFCT2017,A003
GF-ING-00003,Bajra.,Urdu,regional_name,SRC-IFCT2017,A003
GF-ING-00004,Barley,English,source_name,SRC-IFCT2017,A004
GF-ING-00004,Barli,Assamese,regional_name,SRC-IFCT2017,A004
GF-ING-00004,Barley,Bengali,regional_name,SRC-IFCT2017,A004
GF-ING-00004,Jav,Gujarati,regional_name,SRC-IFCT2017,A004
GF-ING-00004,Jau,Hindi,regional_name,SRC-IFCT2017,A004
GF-ING-00004,Barley,Kannada,regional_name,SRC-IFCT2017,A004
GF-ING-00004,Wushke,Kashmiri,regional_name,SRC-IFCT2017,A004
GF-ING-00004,Krai,Khasi,regional_name,SRC-IFCT2017,A004
GF-ING-00004,Barley,Malayalam,regional_name,SRC-IFCT2017,A004
GF-ING-00004,Sath,Marathi,regional_name,SRC-IFCT2017,A004
GF-ING-00004,Jau,Nepali,regional_name,SRC-IFCT2017,A004
GF-ING-00004,Jaba,Odia,regional_name,SRC-IFCT2017,A004
GF-ING-00004,Jao,Punjabi,regional_name,SRC-IFCT2017,A004
GF-ING-00004,Yava,Sanskrit,regional_name,SRC-IFCT2017,A004
GF-ING-00004,Baarli Arisi,Tamil,regional_name,SRC-IFCT2017,A004
GF-ING-00004,Barley,Telugu,regional_name,SRC-IFCT2017,A004
GF-ING-00004,Jau.,Urdu,regional_name,SRC-IFCT2017,A004
GF-ING-00005,Jowar,English,source_name,SRC-IFCT2017,A005
GF-ING-00005,Jowar,Assamese,regional_name,SRC-IFCT2017,A005
GF-ING-00005,Jowar,Bengali,regional_name,SRC-IFCT2017,A005
GF-ING-00005,Sorghum,English,regional_name,SRC-IFCT2017,A005
GF-ING-00005,Jowar,Gujarati,regional_name,SRC-IFCT2017,A005
GF-ING-00005,Jowar,Hindi,regional_name,SRC-IFCT2017,A005
GF-ING-00005,Jolada,Kannada,regional_name,SRC-IFCT2017,A005
GF-ING-00005,Pingu,Kashmiri,regional_name,SRC-IFCT2017,A005
GF-ING-00005,Krai,Khasi,regional_name,SRC-IFCT2017,A005
GF-ING-00005,irunku,Malayalam,regional_name,SRC-IFCT2017,A005
GF-ING-00005,Jondhahlaa,Marathi,regional_name,SRC-IFCT2017,A005
GF-ING-00005,Janha,Odia,regional_name,SRC-IFCT2017,A005
GF-ING-00005,Javara,Punjabi,regional_name,SRC-IFCT2017,A005
GF-ING-00005,Cholam,Tamil,regional_name,SRC-IFCT2017,A005
GF-ING-00005,Jonna,Telugu,regional_name,SRC-IFCT2017,A005
GF-ING-00005,Jowar.,Urdu,regional_name,SRC-IFCT2017,A005
GF-ING-00006,"Maize, dry",English,source_name,SRC-IFCT2017,A006
GF-ING-00006,Makoi,Assamese,regional_name,SRC-IFCT2017,A006
GF-ING-00006,Bhutta,Bengali,regional_name,SRC-IFCT2017,A006
GF-ING-00006,Corn,English,regional_name,SRC-IFCT2017,A006
GF-ING-00006,Makai,Gujarati,regional_name,SRC-IFCT2017,A006
GF-ING-00006,Makka,Hindi,regional_name,SRC-IFCT2017,A006
GF-ING-00006,Mekke jola,Kannada,regional_name,SRC-IFCT2017,A006
GF-ING-00006,Makai,Kashmiri,regional_name,SRC-IFCT2017,A006
GF-ING-00006,Symbai riewhadem stem,Khasi,regional_name,SRC-IFCT2017,A006
GF-ING-00006,Maize,Malayalam,regional_name,SRC-IFCT2017,A006
GF-ING-00006,Chujaak,Manipuri,regional_name,SRC-IFCT2017,A006
GF-ING-00006,Maka,Marathi,regional_name,SRC-IFCT2017,A006
GF-ING-00006,Sukha makai,Nepali,regional_name,SRC-IFCT2017,A006
GF-ING-00006,Maka,Odia,regional_name,SRC-IFCT2017,A006
GF-ING-00006,Chhali,Punjabi,regional_name,SRC-IFCT2017,A006
GF-ING-00006,Yaavanaala,Sanskrit,regional_name,SRC-IFCT2017,A006
GF-ING-00006,Makka Cholam,Tamil,regional_name,SRC-IFCT2017,A006
GF-ING-00006,Mokkajonna,Telugu,regional_name,SRC-IFCT2017,A006
GF-ING-00006,makai.,Urdu,regional_name,SRC-IFCT2017,A006
GF-ING-00007,"Maize, tender, local",English,source_name,SRC-IFCT2017,A007
GF-ING-00007,Makoi,Assamese,regional_name,SRC-IFCT2017,A007
GF-ING-00007,Bhutta,Bengali,regional_name,SRC-IFCT2017,A007
GF-ING-00007,Corn,English,regional_name,SRC-IFCT2017,A007
GF-ING-00007,Lili makai,Gujarati,regional_name,SRC-IFCT2017,A007
GF-ING-00007,Makka,Hindi,regional_name,SRC-IFCT2017,A007
GF-ING-00007,Mekke jola,Kannada,regional_name,SRC-IFCT2017,A007
GF-ING-00007,Makai,Kashmiri,regional_name,SRC-IFCT2017,A007
GF-ING-00007,Riewhadem Stem,Khasi,regional_name,SRC-IFCT2017,A007
GF-ING-00007,Maize,Malayalam,regional_name,SRC-IFCT2017,A007
GF-ING-00007,Chujaak,Manipuri,regional_name,SRC-IFCT2017,A007
GF-ING-00007,Maka,Marathi,regional_name,SRC-IFCT2017,A007
GF-ING-00007,Makai,Nepali,regional_name,SRC-IFCT2017,A007
GF-ING-00007,Maka,Odia,regional_name,SRC-IFCT2017,A007
GF-ING-00007,Chhali,Punjabi,regional_name,SRC-IFCT2017,A007
GF-ING-00007,Makka Cholam,Tamil,regional_name,SRC-IFCT2017,A007
GF-ING-00007,Mokkajonna,Telugu,regional_name,SRC-IFCT2017,A007
GF-ING-00007,Makai.,Urdu,regional_name,SRC-IFCT2017,A007
GF-ING-00008,"Maize, tender, sweet",English,source_name,SRC-IFCT2017,A008
GF-ING-00008,Makoi,Assamese,regional_name,SRC-IFCT2017,A008
GF-ING-00008,Bhutta,Bengali,regional_name,SRC-IFCT2017,A008
GF-ING-00008,Corn,English,regional_name,SRC-IFCT2017,A008
GF-ING-00008,Lili makai,Gujarati,regional_name,SRC-IFCT2017,A008
GF-ING-00008,Makka,Hindi,regional_name,SRC-IFCT2017,A008
GF-ING-00008,Mekke jola,Kannada,regional_name,SRC-IFCT2017,A008
GF-ING-00008,Makai,Kashmiri,regional_name,SRC-IFCT2017,A008
GF-ING-00008,Riewhadem lieh,Khasi,regional_name,SRC-IFCT2017,A008
GF-ING-00008,Maize,Malayalam,regional_name,SRC-IFCT2017,A008
GF-ING-00008,Chujaak,Manipuri,regional_name,SRC-IFCT2017,A008
GF-ING-00008,Maka,Marathi,regional_name,SRC-IFCT2017,A008
GF-ING-00008,Makai,Nepali,regional_name,SRC-IFCT2017,A008
GF-ING-00008,Maka,Odia,regional_name,SRC-IFCT2017,A008
GF-ING-00008,Chhali,Punjabi,regional_name,SRC-IFCT2017,A008
GF-ING-00008,Makka Cholam,Tamil,regional_name,SRC-IFCT2017,A008
GF-ING-00008,Mokkajonna,Telugu,regional_name,SRC-IFCT2017,A008
GF-ING-00008,makai.,Urdu,regional_name,SRC-IFCT2017,A008
GF-ING-00009,Quinoa,English,source_name,SRC-IFCT2017,A009
GF-ING-00009,Kinwa,Hindi,regional_name,SRC-IFCT2017,A009
GF-ING-00009,Seemai Thinai,Tamil,regional_name,SRC-IFCT2017,A009
GF-ING-00010,Ragi,English,source_name,SRC-IFCT2017,A010
GF-ING-00010,Ragi,Assamese,regional_name,SRC-IFCT2017,A010
GF-ING-00010,Ragi,Bengali,regional_name,SRC-IFCT2017,A010
GF-ING-00010,Finger millet,English,regional_name,SRC-IFCT2017,A010
GF-ING-00010,Bavato,Gujarati,regional_name,SRC-IFCT2017,A010
GF-ING-00010,Ragi,Hindi,regional_name,SRC-IFCT2017,A010
GF-ING-00010,Bhakri,Kannada,regional_name,SRC-IFCT2017,A010
GF-ING-00010,Ukrai,Khasi,regional_name,SRC-IFCT2017,A010
GF-ING-00010,Panjapulle,Malayalam,regional_name,SRC-IFCT2017,A010
GF-ING-00010,Bhakri,Marathi,regional_name,SRC-IFCT2017,A010
GF-ING-00010,Kodo,Nepali,regional_name,SRC-IFCT2017,A010
GF-ING-00010,Mandia,Odia,regional_name,SRC-IFCT2017,A010
GF-ING-00010,Mandal,Punjabi,regional_name,SRC-IFCT2017,A010
GF-ING-00010,Madhulika,Sanskrit,regional_name,SRC-IFCT2017,A010
GF-ING-00010,Kelvaragu,Tamil,regional_name,SRC-IFCT2017,A010
GF-ING-00010,Ragi,Telugu,regional_name,SRC-IFCT2017,A010
GF-ING-00010,Mandwa.,Urdu,regional_name,SRC-IFCT2017,A010
GF-ING-00011,"Rice, flakes",English,source_name,SRC-IFCT2017,A011
GF-ING-00011,"Chira, Chiura",Assamese,regional_name,SRC-IFCT2017,A011
GF-ING-00011,"Chide, Chira",Bengali,regional_name,SRC-IFCT2017,A011
GF-ING-00011,"Flattened rice, Beaten rice",English,regional_name,SRC-IFCT2017,A011
GF-ING-00011,Paunva,Gujarati,regional_name,SRC-IFCT2017,A011
GF-ING-00011,Poha,Hindi,regional_name,SRC-IFCT2017,A011
GF-ING-00011,Avalakki,Kannada,regional_name,SRC-IFCT2017,A011
GF-ING-00011,Chevri,Kashmiri,regional_name,SRC-IFCT2017,A011
GF-ING-00011,Shira,Khasi,regional_name,SRC-IFCT2017,A011
GF-ING-00011,Aval,Malayalam,regional_name,SRC-IFCT2017,A011
GF-ING-00011,Chengpaak,Manipuri,regional_name,SRC-IFCT2017,A011
GF-ING-00011,Pohe,Marathi,regional_name,SRC-IFCT2017,A011
GF-ING-00011,"Chudaa, Chuda",Odia,regional_name,SRC-IFCT2017,A011
GF-ING-00011,Chirwre,Punjabi,regional_name,SRC-IFCT2017,A011
GF-ING-00011,Aval,Tamil,regional_name,SRC-IFCT2017,A011
GF-ING-00011,"Atukulu, Attukulu.",Telugu,regional_name,SRC-IFCT2017,A011
GF-ING-00012,"Rice, puffed",English,source_name,SRC-IFCT2017,A012
GF-ING-00012,Muri,Assamese,regional_name,SRC-IFCT2017,A012
GF-ING-00012,Muri,Bengali,regional_name,SRC-IFCT2017,A012
GF-ING-00012,Mamra,Gujarati,regional_name,SRC-IFCT2017,A012
GF-ING-00012,Muramure,Hindi,regional_name,SRC-IFCT2017,A012
GF-ING-00012,Kalle Puri,Kannada,regional_name,SRC-IFCT2017,A012
GF-ING-00012,Tomul,Kashmiri,regional_name,SRC-IFCT2017,A012
GF-ING-00012,Muri,Khasi,regional_name,SRC-IFCT2017,A012
GF-ING-00012,Pori,Malayalam,regional_name,SRC-IFCT2017,A012
GF-ING-00012,Kabok Mur,Manipuri,regional_name,SRC-IFCT2017,A012
GF-ING-00012,Chirmure,Marathi,regional_name,SRC-IFCT2017,A012
GF-ING-00012,Murai,Nepali,regional_name,SRC-IFCT2017,A012
GF-ING-00012,Mudhi,Odia,regional_name,SRC-IFCT2017,A012
GF-ING-00012,Phulian,Punjabi,regional_name,SRC-IFCT2017,A012
GF-ING-00012,Pori,Tamil,regional_name,SRC-IFCT2017,A012
GF-ING-00012,Maramaralu,Telugu,regional_name,SRC-IFCT2017,A012
GF-ING-00012,Murmure.,Urdu,regional_name,SRC-IFCT2017,A012
GF-ING-00013,"Rice, raw, brown",English,source_name,SRC-IFCT2017,A013
GF-ING-00013,Matia rangar chaul,Assamese,regional_name,SRC-IFCT2017,A013
GF-ING-00013,Whole grain rice,English,regional_name,SRC-IFCT2017,A013
GF-ING-00013,Kathai chokha,Gujarati,regional_name,SRC-IFCT2017,A013
GF-ING-00013,Chawal,Hindi,regional_name,SRC-IFCT2017,A013
GF-ING-00013,Bhura choul,Punjabi,regional_name,SRC-IFCT2017,A013
GF-ING-00013,Tomul,Kashmiri,regional_name,SRC-IFCT2017,A013
GF-ING-00013,Khaw saw,Khasi,regional_name,SRC-IFCT2017,A013
GF-ING-00013,Kuthari,Malayalam,regional_name,SRC-IFCT2017,A013
GF-ING-00013,Cheng,Manipuri,regional_name,SRC-IFCT2017,A013
GF-ING-00013,Arisi,Tamil,regional_name,SRC-IFCT2017,A013
GF-ING-00013,Dampudu biyyam.,Telugu,regional_name,SRC-IFCT2017,A013
GF-ING-00014,"Rice, parboiled, milled",English,source_name,SRC-IFCT2017,A014
GF-ING-00014,Ukhua chaul,Assamese,regional_name,SRC-IFCT2017,A014
GF-ING-00014,Siddha chowl,Bengali,regional_name,SRC-IFCT2017,A014
GF-ING-00014,Converted rice,English,regional_name,SRC-IFCT2017,A014
GF-ING-00014,Bafela Chokha,Gujarati,regional_name,SRC-IFCT2017,A014
GF-ING-00014,Usna chawal,Hindi,regional_name,SRC-IFCT2017,A014
GF-ING-00014,Kusubalakki,Kannada,regional_name,SRC-IFCT2017,A014
GF-ING-00014,Tomul,Kashmiri,regional_name,SRC-IFCT2017,A014
GF-ING-00014,Khaw boil,Khasi,regional_name,SRC-IFCT2017,A014
GF-ING-00014,Puzhungal ari,Malayalam,regional_name,SRC-IFCT2017,A014
GF-ING-00014,Cheng,Manipuri,regional_name,SRC-IFCT2017,A014
GF-ING-00014,Ukadla tandool,Marathi,regional_name,SRC-IFCT2017,A014
GF-ING-00014,Usuna chaula,Odia,regional_name,SRC-IFCT2017,A014
GF-ING-00014,Biga hua chawal,Punjabi,regional_name,SRC-IFCT2017,A014
GF-ING-00014,Puzhungal arisi,Tamil,regional_name,SRC-IFCT2017,A014
GF-ING-00014,Uppudu biyyam.,Telugu,regional_name,SRC-IFCT2017,A014
GF-ING-00015,"Rice, raw, milled",English,source_name,SRC-IFCT2017,A015
GF-ING-00015,Milat khunda chaul,Assamese,regional_name,SRC-IFCT2017,A015
GF-ING-00015,Chowl,Bengali,regional_name,SRC-IFCT2017,A015
GF-ING-00015,Choka,Gujarati,regional_name,SRC-IFCT2017,A015
GF-ING-00015,Chawal,Hindi,regional_name,SRC-IFCT2017,A015
GF-ING-00015,Akki,Kannada,regional_name,SRC-IFCT2017,A015
GF-ING-00015,Tomul,Kashmiri,regional_name,SRC-IFCT2017,A015
GF-ING-00015,Khaw boil,Khasi,regional_name,SRC-IFCT2017,A015
GF-ING-00015,Cheng,Manipuri,regional_name,SRC-IFCT2017,A015
GF-ING-00015,Tondool,Marathi,regional_name,SRC-IFCT2017,A015
GF-ING-00015,Chaula,Odia,regional_name,SRC-IFCT2017,A015
GF-ING-00015,Chaul,Punjabi,regional_name,SRC-IFCT2017,A015
GF-ING-00015,Arisi,Tamil,regional_name,SRC-IFCT2017,A015
GF-ING-00015,Biyyam.,Telugu,regional_name,SRC-IFCT2017,A015
GF-ING-00016,Samai,English,source_name,SRC-IFCT2017,A016
GF-ING-00016,Sama,Bengali,regional_name,SRC-IFCT2017,A016
GF-ING-00016,Little millet,English,regional_name,SRC-IFCT2017,A016
GF-ING-00016,Kuri,Gujarati,regional_name,SRC-IFCT2017,A016
GF-ING-00016,Shavan,Hindi,regional_name,SRC-IFCT2017,A016
GF-ING-00016,Sama,Kannada,regional_name,SRC-IFCT2017,A016
GF-ING-00016,Ganuhaar,Kashmiri,regional_name,SRC-IFCT2017,A016
GF-ING-00016,Chama,Malayalam,regional_name,SRC-IFCT2017,A016
GF-ING-00016,Sava,Marathi,regional_name,SRC-IFCT2017,A016
GF-ING-00016,Suan,Odia,regional_name,SRC-IFCT2017,A016
GF-ING-00016,Swank,Punjabi,regional_name,SRC-IFCT2017,A016
GF-ING-00016,Samai,Tamil,regional_name,SRC-IFCT2017,A016
GF-ING-00016,Sama.,Telugu,regional_name,SRC-IFCT2017,A016
GF-ING-00017,Varagu,English,source_name,SRC-IFCT2017,A017
GF-ING-00017,Konidhan,Assamese,regional_name,SRC-IFCT2017,A017
GF-ING-00017,Syama dhan,Bengali,regional_name,SRC-IFCT2017,A017
GF-ING-00017,Kodo millet,English,regional_name,SRC-IFCT2017,A017
GF-ING-00017,Ral gana,Gujarati,regional_name,SRC-IFCT2017,A017
GF-ING-00017,Priyangu thene,Kannada,regional_name,SRC-IFCT2017,A017
GF-ING-00017,Snol,Kashmiri,regional_name,SRC-IFCT2017,A017
GF-ING-00017,Thina,Malayalam,regional_name,SRC-IFCT2017,A017
GF-ING-00017,Rala,Marathi,regional_name,SRC-IFCT2017,A017
GF-ING-00017,Kangni,Punjabi,regional_name,SRC-IFCT2017,A017
GF-ING-00017,Thinai,Tamil,regional_name,SRC-IFCT2017,A017
GF-ING-00017,Karralu.,Telugu,regional_name,SRC-IFCT2017,A017
GF-ING-00018,"Wheat flour, refined",English,source_name,SRC-IFCT2017,A018
GF-ING-00018,Moida,Assamese,regional_name,SRC-IFCT2017,A018
GF-ING-00018,Maida,Bengali,regional_name,SRC-IFCT2017,A018
GF-ING-00018,Maido,Gujarati,regional_name,SRC-IFCT2017,A018
GF-ING-00018,Maida,Hindi,regional_name,SRC-IFCT2017,A018
GF-ING-00018,Maida,Kannada,regional_name,SRC-IFCT2017,A018
GF-ING-00018,Oat,Kashmiri,regional_name,SRC-IFCT2017,A018
GF-ING-00018,Moida,Khasi,regional_name,SRC-IFCT2017,A018
GF-ING-00018,Maida mavu,Malayalam,regional_name,SRC-IFCT2017,A018
GF-ING-00018,Moida,Manipuri,regional_name,SRC-IFCT2017,A018
GF-ING-00018,Maida,Marathi,regional_name,SRC-IFCT2017,A018
GF-ING-00018,Maida,Nepali,regional_name,SRC-IFCT2017,A018
GF-ING-00018,Maida,Odia,regional_name,SRC-IFCT2017,A018
GF-ING-00018,Maida,Punjabi,regional_name,SRC-IFCT2017,A018
GF-ING-00018,Maida mavu,Tamil,regional_name,SRC-IFCT2017,A018
GF-ING-00018,Maida pindi,Telugu,regional_name,SRC-IFCT2017,A018
GF-ING-00018,Maida.,Urdu,regional_name,SRC-IFCT2017,A018
GF-ING-00019,"Wheat flour, atta",English,source_name,SRC-IFCT2017,A019
GF-ING-00019,Ata,Bengali,regional_name,SRC-IFCT2017,A019
GF-ING-00019,Samagra gha,Gujarati,regional_name,SRC-IFCT2017,A019
GF-ING-00019,Atta,Hindi,regional_name,SRC-IFCT2017,A019
GF-ING-00019,Sampurna godhi hittu,Kannada,regional_name,SRC-IFCT2017,A019
GF-ING-00019,Oat unno lota ghaun no lot,Kashmiri,regional_name,SRC-IFCT2017,A019
GF-ING-00019,Godhambu mavu,Malayalam,regional_name,SRC-IFCT2017,A019
GF-ING-00019,Kaneek,Marathi,regional_name,SRC-IFCT2017,A019
GF-ING-00019,Gahama atta,Odia,regional_name,SRC-IFCT2017,A019
GF-ING-00019,Atta,Punjabi,regional_name,SRC-IFCT2017,A019
GF-ING-00019,Mulu Godumai maavu,Tamil,regional_name,SRC-IFCT2017,A019
GF-ING-00019,Sampurna godhuma pindi.,Telugu,regional_name,SRC-IFCT2017,A019
GF-ING-00020,"Wheat, whole",English,source_name,SRC-IFCT2017,A020
GF-ING-00020,Ghehu,Assamese,regional_name,SRC-IFCT2017,A020
GF-ING-00020,Gom,Bengali,regional_name,SRC-IFCT2017,A020
GF-ING-00020,Ghaun,Gujarati,regional_name,SRC-IFCT2017,A020
GF-ING-00020,Gehun,Hindi,regional_name,SRC-IFCT2017,A020
GF-ING-00020,Godhi,Kannada,regional_name,SRC-IFCT2017,A020
GF-ING-00020,Kinek,Kashmiri,regional_name,SRC-IFCT2017,A020
GF-ING-00020,Ukew,Khasi,regional_name,SRC-IFCT2017,A020
GF-ING-00020,Godhumbu,Malayalam,regional_name,SRC-IFCT2017,A020
GF-ING-00020,Ghehu,Manipuri,regional_name,SRC-IFCT2017,A020
GF-ING-00020,Gehu,Marathi,regional_name,SRC-IFCT2017,A020
GF-ING-00020,Gau,Nepali,regional_name,SRC-IFCT2017,A020
GF-ING-00020,Gahama,Odia,regional_name,SRC-IFCT2017,A020
GF-ING-00020,Kanaka,Punjabi,regional_name,SRC-IFCT2017,A020
GF-ING-00020,Godhum,Sanskrit,regional_name,SRC-IFCT2017,A020
GF-ING-00020,Godumai,Tamil,regional_name,SRC-IFCT2017,A020
GF-ING-00020,Godhumalu,Telugu,regional_name,SRC-IFCT2017,A020
GF-ING-00020,Gehun.,Urdu,regional_name,SRC-IFCT2017,A020
GF-ING-00021,"Wheat, bulgur",English,source_name,SRC-IFCT2017,A021
GF-ING-00021,Dalia,Assamese,regional_name,SRC-IFCT2017,A021
GF-ING-00021,Dalia,Bengali,regional_name,SRC-IFCT2017,A021
GF-ING-00021,"Burghul, Groats, Durum Wheat, Pasta wheat, Macaroni wheat",English,regional_name,SRC-IFCT2017,A021
GF-ING-00021,Bulgur ghaum,Gujarati,regional_name,SRC-IFCT2017,A021
GF-ING-00021,Dalia,Hindi,regional_name,SRC-IFCT2017,A021
GF-ING-00021,Bulgur godhi,Kannada,regional_name,SRC-IFCT2017,A021
GF-ING-00021,Kinek,Kashmiri,regional_name,SRC-IFCT2017,A021
GF-ING-00021,Kew,Khasi,regional_name,SRC-IFCT2017,A021
GF-ING-00021,Godhambu Ravu,Malayalam,regional_name,SRC-IFCT2017,A021
GF-ING-00021,Bulgur gahu,Marathi,regional_name,SRC-IFCT2017,A021
GF-ING-00021,Gau ko pitho,Nepali,regional_name,SRC-IFCT2017,A021
GF-ING-00021,Dalia,Odia,regional_name,SRC-IFCT2017,A021
GF-ING-00021,Dalia,Punjabi,regional_name,SRC-IFCT2017,A021
GF-ING-00021,Godumai ravai,Tamil,regional_name,SRC-IFCT2017,A021
GF-ING-00021,Bulgur,Telugu,regional_name,SRC-IFCT2017,A021
GF-ING-00021,Dalia.,Urdu,regional_name,SRC-IFCT2017,A021
GF-ING-00022,"Wheat, semolina",English,source_name,SRC-IFCT2017,A022
GF-ING-00022,Suji,Assamese,regional_name,SRC-IFCT2017,A022
GF-ING-00022,Suji,Bengali,regional_name,SRC-IFCT2017,A022
GF-ING-00022,"Durum wheat, Pasta wheat, Macaroni wheat",English,regional_name,SRC-IFCT2017,A022
GF-ING-00022,Ghaum soji,Gujarati,regional_name,SRC-IFCT2017,A022
GF-ING-00022,Gehun suji,Hindi,regional_name,SRC-IFCT2017,A022
GF-ING-00022,Godhi rave,Kannada,regional_name,SRC-IFCT2017,A022
GF-ING-00022,Sooj,Kashmiri,regional_name,SRC-IFCT2017,A022
GF-ING-00022,Suji,Khasi,regional_name,SRC-IFCT2017,A022
GF-ING-00022,Uppumavu,Malayalam,regional_name,SRC-IFCT2017,A022
GF-ING-00022,Suji,Manipuri,regional_name,SRC-IFCT2017,A022
GF-ING-00022,Gahu rava,Marathi,regional_name,SRC-IFCT2017,A022
GF-ING-00022,Suji,Nepali,regional_name,SRC-IFCT2017,A022
GF-ING-00022,Suji,Odia,regional_name,SRC-IFCT2017,A022
GF-ING-00022,Suji,Punjabi,regional_name,SRC-IFCT2017,A022
GF-ING-00022,Godumai ravai,Tamil,regional_name,SRC-IFCT2017,A022
GF-ING-00022,Godhuma rava.,Telugu,regional_name,SRC-IFCT2017,A022
GF-ING-00023,"Wheat, vermicelli",English,source_name,SRC-IFCT2017,A023
GF-ING-00023,Sewai,Assamese,regional_name,SRC-IFCT2017,A023
GF-ING-00023,Semai,Bengali,regional_name,SRC-IFCT2017,A023
GF-ING-00023,Very thin pasta,English,regional_name,SRC-IFCT2017,A023
GF-ING-00023,Ghaun ni sev,Gujarati,regional_name,SRC-IFCT2017,A023
GF-ING-00023,Siwain,Hindi,regional_name,SRC-IFCT2017,A023
GF-ING-00023,Shevige,Kannada,regional_name,SRC-IFCT2017,A023
GF-ING-00023,Sewian,Kashmiri,regional_name,SRC-IFCT2017,A023
GF-ING-00023,Sewai lieh,Khasi,regional_name,SRC-IFCT2017,A023
GF-ING-00023,Semiya,Malayalam,regional_name,SRC-IFCT2017,A023
GF-ING-00023,Siwain,Marathi,regional_name,SRC-IFCT2017,A023
GF-ING-00023,Simai,Odia,regional_name,SRC-IFCT2017,A023
GF-ING-00023,Sevian,Punjabi,regional_name,SRC-IFCT2017,A023
GF-ING-00023,Semiya,Tamil,regional_name,SRC-IFCT2017,A023
GF-ING-00023,Semiya,Telugu,regional_name,SRC-IFCT2017,A023
GF-ING-00023,Semiya.,Urdu,regional_name,SRC-IFCT2017,A023
GF-ING-00024,"Wheat, vermicelli, roasted",English,source_name,SRC-IFCT2017,A024
GF-ING-00024,Gom sewai,Assamese,regional_name,SRC-IFCT2017,A024
GF-ING-00024,Semai,Bengali,regional_name,SRC-IFCT2017,A024
GF-ING-00024,Very thin pasta,English,regional_name,SRC-IFCT2017,A024
GF-ING-00024,Ghaun ni Shekeli sev,Gujarati,regional_name,SRC-IFCT2017,A024
GF-ING-00024,Siwain,Hindi,regional_name,SRC-IFCT2017,A024
GF-ING-00024,Shevige,Kannada,regional_name,SRC-IFCT2017,A024
GF-ING-00024,Sewian,Kashmiri,regional_name,SRC-IFCT2017,A024
GF-ING-00024,Sewai saw,Khasi,regional_name,SRC-IFCT2017,A024
GF-ING-00024,Semiya,Malayalam,regional_name,SRC-IFCT2017,A024
GF-ING-00024,Siwain,Marathi,regional_name,SRC-IFCT2017,A024
GF-ING-00024,Simai,Odia,regional_name,SRC-IFCT2017,A024
GF-ING-00024,Bhooni sevian,Punjabi,regional_name,SRC-IFCT2017,A024
GF-ING-00024,Semiya,Tamil,regional_name,SRC-IFCT2017,A024
GF-ING-00024,Semiya,Telugu,regional_name,SRC-IFCT2017,A024
GF-ING-00024,Semiya.,Urdu,regional_name,SRC-IFCT2017,A024
GF-ING-00025,"Bengal gram, dal",English,source_name,SRC-IFCT2017,B001
GF-ING-00025,Boot dail,Assamese,regional_name,SRC-IFCT2017,B001
GF-ING-00025,Cholar dal,Bengali,regional_name,SRC-IFCT2017,B001
GF-ING-00025,"Split Bengal gram, Chickpea",English,regional_name,SRC-IFCT2017,B001
GF-ING-00025,Chana-ni-daad,Gujarati,regional_name,SRC-IFCT2017,B001
GF-ING-00025,Chan-ki-dal,Hindi,regional_name,SRC-IFCT2017,B001
GF-ING-00025,Kadale bele,Kannada,regional_name,SRC-IFCT2017,B001
GF-ING-00025,Chanu dal,Kashmiri,regional_name,SRC-IFCT2017,B001
GF-ING-00025,Dai shana,Khasi,regional_name,SRC-IFCT2017,B001
GF-ING-00025,Kadala parippu,Malayalam,regional_name,SRC-IFCT2017,B001
GF-ING-00025,Chana Tangkhai,Manipuri,regional_name,SRC-IFCT2017,B001
GF-ING-00025,Harabara dal,Marathi,regional_name,SRC-IFCT2017,B001
GF-ING-00025,Chana ko Dal,Nepali,regional_name,SRC-IFCT2017,B001
GF-ING-00025,Channa dali (Buta dali),Odia,regional_name,SRC-IFCT2017,B001
GF-ING-00025,Sholedi dal,Punjabi,regional_name,SRC-IFCT2017,B001
GF-ING-00025,Kadalaiparuppu,Tamil,regional_name,SRC-IFCT2017,B001
GF-ING-00025,Sanaga papu,Telugu,regional_name,SRC-IFCT2017,B001
GF-ING-00025,Chane ki dal.,Urdu,regional_name,SRC-IFCT2017,B001
GF-ING-00026,"Bengal gram, whole",English,source_name,SRC-IFCT2017,B002
GF-ING-00026,Boot,Assamese,regional_name,SRC-IFCT2017,B002
GF-ING-00026,Chola,Bengali,regional_name,SRC-IFCT2017,B002
GF-ING-00026,Chickpea,English,regional_name,SRC-IFCT2017,B002
GF-ING-00026,Chana,Gujarati,regional_name,SRC-IFCT2017,B002
GF-ING-00026,"Chana, Kala chana",Hindi,regional_name,SRC-IFCT2017,B002
GF-ING-00026,Kadale,Kannada,regional_name,SRC-IFCT2017,B002
GF-ING-00026,Chanu,Kashmiri,regional_name,SRC-IFCT2017,B002
GF-ING-00026,Shana kulai,Khasi,regional_name,SRC-IFCT2017,B002
GF-ING-00026,Kadala,Malayalam,regional_name,SRC-IFCT2017,B002
GF-ING-00026,Harbara,Marathi,regional_name,SRC-IFCT2017,B002
GF-ING-00026,Chana Mapum,Manipuri,regional_name,SRC-IFCT2017,B002
GF-ING-00026,Kabuli Chana,Nepali,regional_name,SRC-IFCT2017,B002
GF-ING-00026,Buta,Odia,regional_name,SRC-IFCT2017,B002
GF-ING-00026,Shole,Punjabi,regional_name,SRC-IFCT2017,B002
GF-ING-00026,Chanak,Sanskrit,regional_name,SRC-IFCT2017,B002
GF-ING-00026,Kondaikadalai,Tamil,regional_name,SRC-IFCT2017,B002
GF-ING-00026,Sanagalu,Telugu,regional_name,SRC-IFCT2017,B002
GF-ING-00026,Chana.,Urdu,regional_name,SRC-IFCT2017,B002
GF-ING-00027,"Black gram, dal",English,source_name,SRC-IFCT2017,B003
GF-ING-00027,Matir dail phola,Assamese,regional_name,SRC-IFCT2017,B003
GF-ING-00027,Biulir dal,Bengali,regional_name,SRC-IFCT2017,B003
GF-ING-00027,"Urad bean, Mungo bean, Black matpe bean",English,regional_name,SRC-IFCT2017,B003
GF-ING-00027,Aadad ni daad,Gujarati,regional_name,SRC-IFCT2017,B003
GF-ING-00027,Urad dal,Hindi,regional_name,SRC-IFCT2017,B003
GF-ING-00027,Uddhina bele,Kannada,regional_name,SRC-IFCT2017,B003
GF-ING-00027,Kaha,Kashmiri,regional_name,SRC-IFCT2017,B003
GF-ING-00027,Uzhunnu parippu,Malayalam,regional_name,SRC-IFCT2017,B003
GF-ING-00027,Sagol Hawai Tangkhai,Manipuri,regional_name,SRC-IFCT2017,B003
GF-ING-00027,Uddachi dal,Marathi,regional_name,SRC-IFCT2017,B003
GF-ING-00027,Maas ko dal,Nepali,regional_name,SRC-IFCT2017,B003
GF-ING-00027,"Birri dali, Biri dali",Odia,regional_name,SRC-IFCT2017,B003
GF-ING-00027,Maa ki daal,Punjabi,regional_name,SRC-IFCT2017,B003
GF-ING-00027,Maassa,Sanskrit,regional_name,SRC-IFCT2017,B003
GF-ING-00027,Ulutham paruppu,Tamil,regional_name,SRC-IFCT2017,B003
GF-ING-00027,Minapa pappu,Telugu,regional_name,SRC-IFCT2017,B003
GF-ING-00027,Mash ki dal.,Urdu,regional_name,SRC-IFCT2017,B003
GF-ING-00028,"Black gram, whole",English,source_name,SRC-IFCT2017,B004
GF-ING-00028,Gota mati mah,Assamese,regional_name,SRC-IFCT2017,B004
GF-ING-00028,Mashkolail,Bengali,regional_name,SRC-IFCT2017,B004
GF-ING-00028,"Urad bean, Mungo bean, Black matpe bean",English,regional_name,SRC-IFCT2017,B004
GF-ING-00028,Adad,Gujarati,regional_name,SRC-IFCT2017,B004
GF-ING-00028,Chhilke wali urad dal,Hindi,regional_name,SRC-IFCT2017,B004
GF-ING-00028,Uddhina bele,Kannada,regional_name,SRC-IFCT2017,B004
GF-ING-00028,Kaha,Kashmiri,regional_name,SRC-IFCT2017,B004
GF-ING-00028,Dai iong,Khasi,regional_name,SRC-IFCT2017,B004
GF-ING-00028,Uzhunu,Malayalam,regional_name,SRC-IFCT2017,B004
GF-ING-00028,Sagol Hawai,Manipuri,regional_name,SRC-IFCT2017,B004
GF-ING-00028,Uddachi dal,Marathi,regional_name,SRC-IFCT2017,B004
GF-ING-00028,"Birri, Biri",Odia,regional_name,SRC-IFCT2017,B004
GF-ING-00028,Sabut maa ki daal,Punjabi,regional_name,SRC-IFCT2017,B004
GF-ING-00028,Ulundhu,Tamil,regional_name,SRC-IFCT2017,B004
GF-ING-00028,Minumulu Mapum,Telugu,regional_name,SRC-IFCT2017,B004
GF-ING-00029,"Cowpea, brown",English,source_name,SRC-IFCT2017,B005
GF-ING-00029,Lesera mahor guti,Assamese,regional_name,SRC-IFCT2017,B005
GF-ING-00029,Barbati,Bengali,regional_name,SRC-IFCT2017,B005
GF-ING-00029,"Black eyed peas, Lobia peas",English,regional_name,SRC-IFCT2017,B005
GF-ING-00029,Chorap,Gujarati,regional_name,SRC-IFCT2017,B005
GF-ING-00029,Lobia,Hindi,regional_name,SRC-IFCT2017,B005
GF-ING-00029,Alasande,Kannada,regional_name,SRC-IFCT2017,B005
GF-ING-00029,Rymbai,Khasi,regional_name,SRC-IFCT2017,B005
GF-ING-00029,Vella payaru,Malayalam,regional_name,SRC-IFCT2017,B005
GF-ING-00029,Pong Hawai,Manipuri,regional_name,SRC-IFCT2017,B005
GF-ING-00029,Chavli,Marathi,regional_name,SRC-IFCT2017,B005
GF-ING-00029,Bodi,Nepali,regional_name,SRC-IFCT2017,B005
GF-ING-00029,Jhudunga,Odia,regional_name,SRC-IFCT2017,B005
GF-ING-00029,Lobia,Punjabi,regional_name,SRC-IFCT2017,B005
GF-ING-00029,Raajamaassa,Sanskrit,regional_name,SRC-IFCT2017,B005
GF-ING-00029,Karamani,Tamil,regional_name,SRC-IFCT2017,B005
GF-ING-00029,Bobbarlu,Telugu,regional_name,SRC-IFCT2017,B005
GF-ING-00029,baunir.,Urdu,regional_name,SRC-IFCT2017,B005
GF-ING-00030,"Cowpea, white",English,source_name,SRC-IFCT2017,B006
GF-ING-00030,Lesera mahor guti,Assamese,regional_name,SRC-IFCT2017,B006
GF-ING-00030,Barbati,Bengali,regional_name,SRC-IFCT2017,B006
GF-ING-00030,"Black eyed peas, Lobia peas",English,regional_name,SRC-IFCT2017,B006
GF-ING-00030,Chorap,Gujarati,regional_name,SRC-IFCT2017,B006
GF-ING-00030,Lobia,Hindi,regional_name,SRC-IFCT2017,B006
GF-ING-00030,Alasande,Kannada,regional_name,SRC-IFCT2017,B006
GF-ING-00030,Rymbai lieh,Khasi,regional_name,SRC-IFCT2017,B006
GF-ING-00030,Vella payaru,Malayalam,regional_name,SRC-IFCT2017,B006
GF-ING-00030,Pong Hawai,Manipuri,regional_name,SRC-IFCT2017,B006
GF-ING-00030,Chavli,Marathi,regional_name,SRC-IFCT2017,B006
GF-ING-00030,Bodi,Nepali,regional_name,SRC-IFCT2017,B006
GF-ING-00030,Jhudunga,Odia,regional_name,SRC-IFCT2017,B006
GF-ING-00030,Lobia,Punjabi,regional_name,SRC-IFCT2017,B006
GF-ING-00030,Raajamaassa,Sanskrit,regional_name,SRC-IFCT2017,B006
GF-ING-00030,Karamani,Tamil,regional_name,SRC-IFCT2017,B006
GF-ING-00030,Bobbarlu,Telugu,regional_name,SRC-IFCT2017,B006
GF-ING-00030,Baunir.,Urdu,regional_name,SRC-IFCT2017,B006
GF-ING-00031,"Field bean, black",English,source_name,SRC-IFCT2017,B007
GF-ING-00031,Urohi guti,Assamese,regional_name,SRC-IFCT2017,B007
GF-ING-00031,Shim,Bengali,regional_name,SRC-IFCT2017,B007
GF-ING-00031,"Common bean, Fieldbean, Broad bean, String bean",English,regional_name,SRC-IFCT2017,B007
GF-ING-00031,Valpapdi,Gujarati,regional_name,SRC-IFCT2017,B007
GF-ING-00031,Sem,Hindi,regional_name,SRC-IFCT2017,B007
GF-ING-00031,Avare,Kannada,regional_name,SRC-IFCT2017,B007
GF-ING-00031,Moang,Kashmiri,regional_name,SRC-IFCT2017,B007
GF-ING-00031,Symbai Ri iong,Khasi,regional_name,SRC-IFCT2017,B007
GF-ING-00031,Avar,Malayalam,regional_name,SRC-IFCT2017,B007
GF-ING-00031,Papta,Marathi,regional_name,SRC-IFCT2017,B007
GF-ING-00031,Baragudi,Odia,regional_name,SRC-IFCT2017,B007
GF-ING-00031,Sem dal,Punjabi,regional_name,SRC-IFCT2017,B007
GF-ING-00031,Mochai,Tamil,regional_name,SRC-IFCT2017,B007
GF-ING-00031,Chikkudu ginjalu.,Telugu,regional_name,SRC-IFCT2017,B007
GF-ING-00032,"Field bean, brown",English,source_name,SRC-IFCT2017,B008
GF-ING-00032,Urohi guti,Assamese,regional_name,SRC-IFCT2017,B008
GF-ING-00032,Shim,Bengali,regional_name,SRC-IFCT2017,B008
GF-ING-00032,"Common bean, Fieldbean, Broad bean, String bean",English,regional_name,SRC-IFCT2017,B008
GF-ING-00032,Valpapdi,Gujarati,regional_name,SRC-IFCT2017,B008
GF-ING-00032,Sem,Hindi,regional_name,SRC-IFCT2017,B008
GF-ING-00032,Avare,Kannada,regional_name,SRC-IFCT2017,B008
GF-ING-00032,Moang,Kashmiri,regional_name,SRC-IFCT2017,B008
GF-ING-00032,Symbai ri saw,Khasi,regional_name,SRC-IFCT2017,B008
GF-ING-00032,Avar,Malayalam,regional_name,SRC-IFCT2017,B008
GF-ING-00032,Papta,Marathi,regional_name,SRC-IFCT2017,B008
GF-ING-00032,Baragudi,Odia,regional_name,SRC-IFCT2017,B008
GF-ING-00032,Mochai,Tamil,regional_name,SRC-IFCT2017,B008
GF-ING-00032,Chikkudu ginjalu.,Telugu,regional_name,SRC-IFCT2017,B008
GF-ING-00033,"Field bean, white",English,source_name,SRC-IFCT2017,B009
GF-ING-00033,Urohi guti,Assamese,regional_name,SRC-IFCT2017,B009
GF-ING-00033,Shim,Bengali,regional_name,SRC-IFCT2017,B009
GF-ING-00033,"Common bean, Fieldbean, Broad bean, String bean",English,regional_name,SRC-IFCT2017,B009
GF-ING-00033,Valpapdi,Gujarati,regional_name,SRC-IFCT2017,B009
GF-ING-00033,Sem,Hindi,regional_name,SRC-IFCT2017,B009
GF-ING-00033,Avare,Kannada,regional_name,SRC-IFCT2017,B009
GF-ING-00033,Moang,Kashmiri,regional_name,SRC-IFCT2017,B009
GF-ING-00033,Symbai Ri lieh,Khasi,regional_name,SRC-IFCT2017,B009
GF-ING-00033,Avar,Malayalam,regional_name,SRC-IFCT2017,B009
GF-ING-00033,Papta,Marathi,regional_name,SRC-IFCT2017,B009
GF-ING-00033,Baragudi,Odia,regional_name,SRC-IFCT2017,B009
GF-ING-00033,Mochai,Tamil,regional_name,SRC-IFCT2017,B009
GF-ING-00033,Chikkudu ginjalu.,Telugu,regional_name,SRC-IFCT2017,B009
GF-ING-00034,"Green gram, dal",English,source_name,SRC-IFCT2017,B010
GF-ING-00034,Dhua mogu dail,Assamese,regional_name,SRC-IFCT2017,B010
GF-ING-00034,Mung dal,Bengali,regional_name,SRC-IFCT2017,B010
GF-ING-00034,"Mung bean, Maash, Moong",English,regional_name,SRC-IFCT2017,B010
GF-ING-00034,Mug ni daad,Gujarati,regional_name,SRC-IFCT2017,B010
GF-ING-00034,Mug dal,Hindi,regional_name,SRC-IFCT2017,B010
GF-ING-00034,Hesara bele,Kannada,regional_name,SRC-IFCT2017,B010
GF-ING-00034,Muang dal,Kashmiri,regional_name,SRC-IFCT2017,B010
GF-ING-00034,U dai stem,Khasi,regional_name,SRC-IFCT2017,B010
GF-ING-00034,Cheru payar parippu,Malayalam,regional_name,SRC-IFCT2017,B010
GF-ING-00034,Mung Hawai,Manipuri,regional_name,SRC-IFCT2017,B010
GF-ING-00034,Mug dal,Marathi,regional_name,SRC-IFCT2017,B010
GF-ING-00034,Moong ko khoste,Nepali,regional_name,SRC-IFCT2017,B010
GF-ING-00034,Muga Dali,Odia,regional_name,SRC-IFCT2017,B010
GF-ING-00034,Mungi-di-dal,Punjabi,regional_name,SRC-IFCT2017,B010
GF-ING-00034,Payatham paruppu,Tamil,regional_name,SRC-IFCT2017,B010
GF-ING-00034,Pesara pappu,Telugu,regional_name,SRC-IFCT2017,B010
GF-ING-00034,Moong dal.,Urdu,regional_name,SRC-IFCT2017,B010
GF-ING-00035,"Green gram, whole",English,source_name,SRC-IFCT2017,B011
GF-ING-00035,Gota mogu mah,Assamese,regional_name,SRC-IFCT2017,B011
GF-ING-00035,Moog,Bengali,regional_name,SRC-IFCT2017,B011
GF-ING-00035,"Mung bean, Maash, Moong",English,regional_name,SRC-IFCT2017,B011
GF-ING-00035,Mug,Gujarati,regional_name,SRC-IFCT2017,B011
GF-ING-00035,Mung,Hindi,regional_name,SRC-IFCT2017,B011
GF-ING-00035,Hesare kalu,Kannada,regional_name,SRC-IFCT2017,B011
GF-ING-00035,Muang,Kashmiri,regional_name,SRC-IFCT2017,B011
GF-ING-00035,U dai jyrngam,Khasi,regional_name,SRC-IFCT2017,B011
GF-ING-00035,Cheru Pararu,Malayalam,regional_name,SRC-IFCT2017,B011
GF-ING-00035,Mung Hawai,Manipuri,regional_name,SRC-IFCT2017,B011
GF-ING-00035,Mun,Marathi,regional_name,SRC-IFCT2017,B011
GF-ING-00035,Moong,Nepali,regional_name,SRC-IFCT2017,B011
GF-ING-00035,Muga,Odia,regional_name,SRC-IFCT2017,B011
GF-ING-00035,Sabut moong dal,Punjabi,regional_name,SRC-IFCT2017,B011
GF-ING-00035,Mudra,Sanskrit,regional_name,SRC-IFCT2017,B011
GF-ING-00035,Pasipayir,Tamil,regional_name,SRC-IFCT2017,B011
GF-ING-00035,Pesalu,Telugu,regional_name,SRC-IFCT2017,B011
GF-ING-00035,Moong.,Urdu,regional_name,SRC-IFCT2017,B011
GF-ING-00036,"Horse gram, whole",English,source_name,SRC-IFCT2017,B012
GF-ING-00036,Kulotto- kalai,Bengali,regional_name,SRC-IFCT2017,B012
GF-ING-00036,"Kulthi bean, Hurali, Madras gram",English,regional_name,SRC-IFCT2017,B012
GF-ING-00036,Kuleeth,Gujarati,regional_name,SRC-IFCT2017,B012
GF-ING-00036,Kulthi,Hindi,regional_name,SRC-IFCT2017,B012
GF-ING-00036,Hurule,Kannada,regional_name,SRC-IFCT2017,B012
GF-ING-00036,Kurath,Kashmiri,regional_name,SRC-IFCT2017,B012
GF-ING-00036,Muthira,Malayalam,regional_name,SRC-IFCT2017,B012
GF-ING-00036,Kuleeth,Marathi,regional_name,SRC-IFCT2017,B012
GF-ING-00036,Bakulla,Nepali,regional_name,SRC-IFCT2017,B012
GF-ING-00036,Kolatha,Odia,regional_name,SRC-IFCT2017,B012
GF-ING-00036,Kulattha,Sanskrit,regional_name,SRC-IFCT2017,B012
GF-ING-00036,Kollu,Tamil,regional_name,SRC-IFCT2017,B012
GF-ING-00036,Ulavalu,Telugu,regional_name,SRC-IFCT2017,B012
GF-ING-00036,Kulthi.,Urdu,regional_name,SRC-IFCT2017,B012
GF-ING-00037,"Lentil, dal",English,source_name,SRC-IFCT2017,B013
GF-ING-00037,Masur dail,Assamese,regional_name,SRC-IFCT2017,B013
GF-ING-00037,Mosur dal,Bengali,regional_name,SRC-IFCT2017,B013
GF-ING-00037,Masoor ni daad,Gujarati,regional_name,SRC-IFCT2017,B013
GF-ING-00037,Masoor dal,Hindi,regional_name,SRC-IFCT2017,B013
GF-ING-00037,Laki Bele,Kannada,regional_name,SRC-IFCT2017,B013
GF-ING-00037,Masoor,Kashmiri,regional_name,SRC-IFCT2017,B013
GF-ING-00037,U dai saw,Khasi,regional_name,SRC-IFCT2017,B013
GF-ING-00037,Vattu parippu,Malayalam,regional_name,SRC-IFCT2017,B013
GF-ING-00037,Hawai Masuri,Manipuri,regional_name,SRC-IFCT2017,B013
GF-ING-00037,lank dal,Marathi,regional_name,SRC-IFCT2017,B013
GF-ING-00037,Masura dali,Odia,regional_name,SRC-IFCT2017,B013
GF-ING-00037,Dhooli masari dal,Punjabi,regional_name,SRC-IFCT2017,B013
GF-ING-00037,Triputta,Sanskrit,regional_name,SRC-IFCT2017,B013
GF-ING-00037,Khesari paruppu,Tamil,regional_name,SRC-IFCT2017,B013
GF-ING-00037,Lanka pappu.,Telugu,regional_name,SRC-IFCT2017,B013
GF-ING-00038,"Lentil, whole, brown",English,source_name,SRC-IFCT2017,B014
GF-ING-00038,Gota masur mah,Assamese,regional_name,SRC-IFCT2017,B014
GF-ING-00038,Mosur,Bengali,regional_name,SRC-IFCT2017,B014
GF-ING-00038,Masoor (Kathai),Gujarati,regional_name,SRC-IFCT2017,B014
GF-ING-00038,Masur dal,Hindi,regional_name,SRC-IFCT2017,B014
GF-ING-00038,Masur bele,Kannada,regional_name,SRC-IFCT2017,B014
GF-ING-00038,Masoor,Kashmiri,regional_name,SRC-IFCT2017,B014
GF-ING-00038,Masur parippu,Malayalam,regional_name,SRC-IFCT2017,B014
GF-ING-00038,Hawai Masuri,Manipuri,regional_name,SRC-IFCT2017,B014
GF-ING-00038,Masur dal,Marathi,regional_name,SRC-IFCT2017,B014
GF-ING-00038,Musuroo,Nepali,regional_name,SRC-IFCT2017,B014
GF-ING-00038,Masura,Odia,regional_name,SRC-IFCT2017,B014
GF-ING-00038,Saboot masari dal,Punjabi,regional_name,SRC-IFCT2017,B014
GF-ING-00038,Masura,Sanskrit,regional_name,SRC-IFCT2017,B014
GF-ING-00038,Mysore paruppu,Tamil,regional_name,SRC-IFCT2017,B014
GF-ING-00038,Misur pappu,Telugu,regional_name,SRC-IFCT2017,B014
GF-ING-00038,Masur dal.,Urdu,regional_name,SRC-IFCT2017,B014
GF-ING-00039,"Lentil, whole, yellowish",English,source_name,SRC-IFCT2017,B015
GF-ING-00039,Masur dal,Hindi,regional_name,SRC-IFCT2017,B015
GF-ING-00039,Misur pappu,Telugu,regional_name,SRC-IFCT2017,B015
GF-ING-00039,Mysore paruppu,Tamil,regional_name,SRC-IFCT2017,B015
GF-ING-00039,Masur bele,Kannada,regional_name,SRC-IFCT2017,B015
GF-ING-00039,Masur parippu,Malayalam,regional_name,SRC-IFCT2017,B015
GF-ING-00039,Masur dal,Marathi,regional_name,SRC-IFCT2017,B015
GF-ING-00039,Masura,Odia,regional_name,SRC-IFCT2017,B015
GF-ING-00039,Mosur,Bengali,regional_name,SRC-IFCT2017,B015
GF-ING-00039,Masoor rakhoda,Gujarati,regional_name,SRC-IFCT2017,B015
GF-ING-00039,Saboot masari dal,Punjabi,regional_name,SRC-IFCT2017,B015
GF-ING-00039,Masur dal,Urdu,regional_name,SRC-IFCT2017,B015
GF-ING-00039,Mosur (Dail),Assamese,regional_name,SRC-IFCT2017,B015
GF-ING-00039,Masoor,Kashmiri,regional_name,SRC-IFCT2017,B015
GF-ING-00039,Masura Musuroo,Sanskrit,regional_name,SRC-IFCT2017,B015
GF-ING-00039,Hawai Masuri,Manipuri,regional_name,SRC-IFCT2017,B015
GF-ING-00039,U dai saw.,Khasi,regional_name,SRC-IFCT2017,B015
GF-ING-00040,Moth bean,English,source_name,SRC-IFCT2017,B016
GF-ING-00040,"Mat bean, Turkish gram, Dew bean",English,regional_name,SRC-IFCT2017,B016
GF-ING-00040,Motha,Hindi,regional_name,SRC-IFCT2017,B016
GF-ING-00040,Narippayir,Tamil,regional_name,SRC-IFCT2017,B016
GF-ING-00040,Matki Kal,Kannada,regional_name,SRC-IFCT2017,B016
GF-ING-00040,Matki,Marathi,regional_name,SRC-IFCT2017,B016
GF-ING-00040,Kheri,Bengali,regional_name,SRC-IFCT2017,B016
GF-ING-00040,Math,Gujarati,regional_name,SRC-IFCT2017,B016
GF-ING-00040,Bhiopnitam,Punjabi,regional_name,SRC-IFCT2017,B016
GF-ING-00040,Moth dal,Punjabi,regional_name,SRC-IFCT2017,B016
GF-ING-00040,Rymbai.,Khasi,regional_name,SRC-IFCT2017,B016
GF-ING-00041,"Peas, dry",English,source_name,SRC-IFCT2017,B017
GF-ING-00041,Gota motor,Assamese,regional_name,SRC-IFCT2017,B017
GF-ING-00041,Matar,Bengali,regional_name,SRC-IFCT2017,B017
GF-ING-00041,Sukha vatana,Gujarati,regional_name,SRC-IFCT2017,B017
GF-ING-00041,Sukhi Matar,Hindi,regional_name,SRC-IFCT2017,B017
GF-ING-00041,Batani,Kannada,regional_name,SRC-IFCT2017,B017
GF-ING-00041,Kaza,Kashmiri,regional_name,SRC-IFCT2017,B017
GF-ING-00041,Shana mator,Khasi,regional_name,SRC-IFCT2017,B017
GF-ING-00041,Pattani,Malayalam,regional_name,SRC-IFCT2017,B017
GF-ING-00041,Pattani,Tamil,regional_name,SRC-IFCT2017,B017
GF-ING-00041,Matara,Odia,regional_name,SRC-IFCT2017,B017
GF-ING-00041,Sukhe hare matar dal,Punjabi,regional_name,SRC-IFCT2017,B017
GF-ING-00041,", Tel. Batani",Kannada,regional_name,SRC-IFCT2017,B017
GF-ING-00041,Kara,Kashmiri,regional_name,SRC-IFCT2017,B017
GF-ING-00041,Hawai mangal.,Manipuri,regional_name,SRC-IFCT2017,B017
GF-ING-00042,"Rajmah, black",English,source_name,SRC-IFCT2017,B018
GF-ING-00042,Rajmah,Assamese,regional_name,SRC-IFCT2017,B018
GF-ING-00042,Barbati beej,Bengali,regional_name,SRC-IFCT2017,B018
GF-ING-00042,"Rajma, Razma",English,regional_name,SRC-IFCT2017,B018
GF-ING-00042,Phansi (Kadi),Gujarati,regional_name,SRC-IFCT2017,B018
GF-ING-00042,Rajmah,Hindi,regional_name,SRC-IFCT2017,B018
GF-ING-00042,Thugare bele,Kannada,regional_name,SRC-IFCT2017,B018
GF-ING-00042,Razma,Kashmiri,regional_name,SRC-IFCT2017,B018
GF-ING-00042,Rajma heh,Khasi,regional_name,SRC-IFCT2017,B018
GF-ING-00042,Rajmah,Malayalam,regional_name,SRC-IFCT2017,B018
GF-ING-00042,Rajmah,Manipuri,regional_name,SRC-IFCT2017,B018
GF-ING-00042,Shravangheveda,Marathi,regional_name,SRC-IFCT2017,B018
GF-ING-00042,Rajma,Nepali,regional_name,SRC-IFCT2017,B018
GF-ING-00042,Kale rajmah,Punjabi,regional_name,SRC-IFCT2017,B018
GF-ING-00042,Makussttaka,Sanskrit,regional_name,SRC-IFCT2017,B018
GF-ING-00042,Karamani Payir,Tamil,regional_name,SRC-IFCT2017,B018
GF-ING-00042,Barigalu,Telugu,regional_name,SRC-IFCT2017,B018
GF-ING-00042,Rajma.,Urdu,regional_name,SRC-IFCT2017,B018
GF-ING-00043,"Rajmah, brown",English,source_name,SRC-IFCT2017,B019
GF-ING-00043,Rajmah,Assamese,regional_name,SRC-IFCT2017,B019
GF-ING-00043,Barbati beej,Bengali,regional_name,SRC-IFCT2017,B019
GF-ING-00043,"Rajma, Razma",English,regional_name,SRC-IFCT2017,B019
GF-ING-00043,Phansi (Gulabi),Gujarati,regional_name,SRC-IFCT2017,B019
GF-ING-00043,Rajmah,Hindi,regional_name,SRC-IFCT2017,B019
GF-ING-00043,Thugare bele,Kannada,regional_name,SRC-IFCT2017,B019
GF-ING-00043,Razma,Kashmiri,regional_name,SRC-IFCT2017,B019
GF-ING-00043,Rajma lieh,Khasi,regional_name,SRC-IFCT2017,B019
GF-ING-00043,Rajmah,Malayalam,regional_name,SRC-IFCT2017,B019
GF-ING-00043,Rajmah,Manipuri,regional_name,SRC-IFCT2017,B019
GF-ING-00043,Shravangheveda,Marathi,regional_name,SRC-IFCT2017,B019
GF-ING-00043,Rajma,Nepali,regional_name,SRC-IFCT2017,B019
GF-ING-00043,Bhoore rajmah,Punjabi,regional_name,SRC-IFCT2017,B019
GF-ING-00043,Makussttaka,Sanskrit,regional_name,SRC-IFCT2017,B019
GF-ING-00043,Karamani Payir,Tamil,regional_name,SRC-IFCT2017,B019
GF-ING-00043,Barigalu,Telugu,regional_name,SRC-IFCT2017,B019
GF-ING-00043,Rajma.,Urdu,regional_name,SRC-IFCT2017,B019
GF-ING-00044,"Rajmah, red",English,source_name,SRC-IFCT2017,B020
GF-ING-00044,Rajmah,Assamese,regional_name,SRC-IFCT2017,B020
GF-ING-00044,Barbati beej,Bengali,regional_name,SRC-IFCT2017,B020
GF-ING-00044,"Rajma, Razma",English,regional_name,SRC-IFCT2017,B020
GF-ING-00044,Phansi (lal),Gujarati,regional_name,SRC-IFCT2017,B020
GF-ING-00044,Rajmah,Hindi,regional_name,SRC-IFCT2017,B020
GF-ING-00044,Thugare bele,Kannada,regional_name,SRC-IFCT2017,B020
GF-ING-00044,Razma,Kashmiri,regional_name,SRC-IFCT2017,B020
GF-ING-00044,Rajma rit,Khasi,regional_name,SRC-IFCT2017,B020
GF-ING-00044,Rajmah,Malayalam,regional_name,SRC-IFCT2017,B020
GF-ING-00044,Rajmah,Manipuri,regional_name,SRC-IFCT2017,B020
GF-ING-00044,Shravangheveda,Marathi,regional_name,SRC-IFCT2017,B020
GF-ING-00044,Rajma,Nepali,regional_name,SRC-IFCT2017,B020
GF-ING-00044,Lal rajmah,Punjabi,regional_name,SRC-IFCT2017,B020
GF-ING-00044,Makussttaka,Sanskrit,regional_name,SRC-IFCT2017,B020
GF-ING-00044,Karamani Payir,Tamil,regional_name,SRC-IFCT2017,B020
GF-ING-00044,Barigalu,Telugu,regional_name,SRC-IFCT2017,B020
GF-ING-00044,Rajma.,Urdu,regional_name,SRC-IFCT2017,B020
GF-ING-00045,"Red gram, dal",English,source_name,SRC-IFCT2017,B021
GF-ING-00045,Rohor dail,Assamese,regional_name,SRC-IFCT2017,B021
GF-ING-00045,", Kash., H. Arhar dal",Bengali,regional_name,SRC-IFCT2017,B021
GF-ING-00045,Pigeon pea,English,regional_name,SRC-IFCT2017,B021
GF-ING-00045,Tuver ni daad,Gujarati,regional_name,SRC-IFCT2017,B021
GF-ING-00045,Thugare bele,Kannada,regional_name,SRC-IFCT2017,B021
GF-ING-00045,Masur,Kashmiri,regional_name,SRC-IFCT2017,B021
GF-ING-00045,Dai shana,Khasi,regional_name,SRC-IFCT2017,B021
GF-ING-00045,Tuvaru parippu,Malayalam,regional_name,SRC-IFCT2017,B021
GF-ING-00045,Mairongbi,Manipuri,regional_name,SRC-IFCT2017,B021
GF-ING-00045,Turdal,Marathi,regional_name,SRC-IFCT2017,B021
GF-ING-00045,Rahar ko dal,Nepali,regional_name,SRC-IFCT2017,B021
GF-ING-00045,Harada dal,Odia,regional_name,SRC-IFCT2017,B021
GF-ING-00045,Arhar dal,Punjabi,regional_name,SRC-IFCT2017,B021
GF-ING-00045,Aaddhakii,Sanskrit,regional_name,SRC-IFCT2017,B021
GF-ING-00045,Kandi pappu,Telugu,regional_name,SRC-IFCT2017,B021
GF-ING-00045,Tuvaramparuppu,Tamil,regional_name,SRC-IFCT2017,B021
GF-ING-00045,Tuvar ki dal.,Urdu,regional_name,SRC-IFCT2017,B021
GF-ING-00046,"Red gram, whole",English,source_name,SRC-IFCT2017,B022
GF-ING-00046,Gota rohor,Assamese,regional_name,SRC-IFCT2017,B022
GF-ING-00046,Pigeon pea,English,regional_name,SRC-IFCT2017,B022
GF-ING-00046,Tuver,Gujarati,regional_name,SRC-IFCT2017,B022
GF-ING-00046,Arhar sabud,Hindi,regional_name,SRC-IFCT2017,B022
GF-ING-00046,Masur,Kashmiri,regional_name,SRC-IFCT2017,B022
GF-ING-00046,Rymbai ja,Khasi,regional_name,SRC-IFCT2017,B022
GF-ING-00046,Tuvaru parippu,Malayalam,regional_name,SRC-IFCT2017,B022
GF-ING-00046,Mairongbi,Manipuri,regional_name,SRC-IFCT2017,B022
GF-ING-00046,Turdal,Marathi,regional_name,SRC-IFCT2017,B022
GF-ING-00046,Harada,Odia,regional_name,SRC-IFCT2017,B022
GF-ING-00046,Arhar sabut dal,Punjabi,regional_name,SRC-IFCT2017,B022
GF-ING-00046,Tuvarai,Tamil,regional_name,SRC-IFCT2017,B022
GF-ING-00046,Kandulu,Telugu,regional_name,SRC-IFCT2017,B022
GF-ING-00046,Tuvar.,Urdu,regional_name,SRC-IFCT2017,B022
GF-ING-00047,Ricebean,English,source_name,SRC-IFCT2017,B023
GF-ING-00047,Galmoong,Bengali,regional_name,SRC-IFCT2017,B023
GF-ING-00047,Ricebean,English,regional_name,SRC-IFCT2017,B023
GF-ING-00047,Meth,Hindi,regional_name,SRC-IFCT2017,B023
GF-ING-00047,Rymbai ja,Khasi,regional_name,SRC-IFCT2017,B023
GF-ING-00047,Kattuzhunnu,Malayalam,regional_name,SRC-IFCT2017,B023
GF-ING-00047,Chakwai,Manipuri,regional_name,SRC-IFCT2017,B023
GF-ING-00047,Shiltong.,Nepali,regional_name,SRC-IFCT2017,B023
GF-ING-00048,"Soya bean, brown",English,source_name,SRC-IFCT2017,B024
GF-ING-00048,Soya bean,Assamese,regional_name,SRC-IFCT2017,B024
GF-ING-00048,Garikalai,Bengali,regional_name,SRC-IFCT2017,B024
GF-ING-00048,Soybean,English,regional_name,SRC-IFCT2017,B024
GF-ING-00048,Soya bean,Gujarati,regional_name,SRC-IFCT2017,B024
GF-ING-00048,Bhatmas,Hindi,regional_name,SRC-IFCT2017,B024
GF-ING-00048,Soya bean,Kannada,regional_name,SRC-IFCT2017,B024
GF-ING-00048,Muth,Kashmiri,regional_name,SRC-IFCT2017,B024
GF-ING-00048,Toh rymbai,Khasi,regional_name,SRC-IFCT2017,B024
GF-ING-00048,Soya bean,Malayalam,regional_name,SRC-IFCT2017,B024
GF-ING-00048,Nunghawai,Manipuri,regional_name,SRC-IFCT2017,B024
GF-ING-00048,Soya bean,Marathi,regional_name,SRC-IFCT2017,B024
GF-ING-00048,Bhatmas,Nepali,regional_name,SRC-IFCT2017,B024
GF-ING-00048,Soya bean,Odia,regional_name,SRC-IFCT2017,B024
GF-ING-00048,Soya bean dal,Punjabi,regional_name,SRC-IFCT2017,B024
GF-ING-00048,Soya bean,Tamil,regional_name,SRC-IFCT2017,B024
GF-ING-00048,Soya bean,Telugu,regional_name,SRC-IFCT2017,B024
GF-ING-00048,Soya.,Urdu,regional_name,SRC-IFCT2017,B024
GF-ING-00049,"Soya bean, white",English,source_name,SRC-IFCT2017,B025
GF-ING-00049,Soya bean,Assamese,regional_name,SRC-IFCT2017,B025
GF-ING-00049,Garikalai,Bengali,regional_name,SRC-IFCT2017,B025
GF-ING-00049,Soybean,English,regional_name,SRC-IFCT2017,B025
GF-ING-00049,Soya bean,Gujarati,regional_name,SRC-IFCT2017,B025
GF-ING-00049,Bhatmas,Hindi,regional_name,SRC-IFCT2017,B025
GF-ING-00049,Soya bean,Kannada,regional_name,SRC-IFCT2017,B025
GF-ING-00049,Muth,Kashmiri,regional_name,SRC-IFCT2017,B025
GF-ING-00049,Toh rymbai,Khasi,regional_name,SRC-IFCT2017,B025
GF-ING-00049,Soya bean,Malayalam,regional_name,SRC-IFCT2017,B025
GF-ING-00049,Nunghawai,Manipuri,regional_name,SRC-IFCT2017,B025
GF-ING-00049,Soya bean,Marathi,regional_name,SRC-IFCT2017,B025
GF-ING-00049,Bhatmas,Nepali,regional_name,SRC-IFCT2017,B025
GF-ING-00049,Soya bean,Odia,regional_name,SRC-IFCT2017,B025
GF-ING-00049,Soya bean dal,Punjabi,regional_name,SRC-IFCT2017,B025
GF-ING-00049,Soya bean,Telugu,regional_name,SRC-IFCT2017,B025
GF-ING-00049,Soya bean,Tamil,regional_name,SRC-IFCT2017,B025
GF-ING-00049,Soya.,Urdu,regional_name,SRC-IFCT2017,B025
GF-ING-00050,Agathi leaves,English,source_name,SRC-IFCT2017,C001
GF-ING-00050,Bok phular paat,Assamese,regional_name,SRC-IFCT2017,C001
GF-ING-00050,Bak ful shak,Bengali,regional_name,SRC-IFCT2017,C001
GF-ING-00050,"August tree leaves, Humming bird tree leaves, spinach",English,regional_name,SRC-IFCT2017,C001
GF-ING-00050,Agathio,Gujarati,regional_name,SRC-IFCT2017,C001
GF-ING-00050,Agasthi,Hindi,regional_name,SRC-IFCT2017,C001
GF-ING-00050,Agase soppu,Kannada,regional_name,SRC-IFCT2017,C001
GF-ING-00050,Agathi cheera,Malayalam,regional_name,SRC-IFCT2017,C001
GF-ING-00050,Chu chu Rangmei,Manipuri,regional_name,SRC-IFCT2017,C001
GF-ING-00050,Agasthi ka sag,Marathi,regional_name,SRC-IFCT2017,C001
GF-ING-00050,Agasti,Odia,regional_name,SRC-IFCT2017,C001
GF-ING-00050,Agathi keerai,Tamil,regional_name,SRC-IFCT2017,C001
GF-ING-00050,Avise akulu.,Telugu,regional_name,SRC-IFCT2017,C001
GF-ING-00051,"Amaranth leaves, green",English,source_name,SRC-IFCT2017,C002
GF-ING-00051,Moricha sak,Assamese,regional_name,SRC-IFCT2017,C002
GF-ING-00051,Notya Shaakh,Bengali,regional_name,SRC-IFCT2017,C002
GF-ING-00051,Taldalja ni bhaaji,Gujarati,regional_name,SRC-IFCT2017,C002
GF-ING-00051,Chaulai,Hindi,regional_name,SRC-IFCT2017,C002
GF-ING-00051,Danthu,Kannada,regional_name,SRC-IFCT2017,C002
GF-ING-00051,Mawal,Kashmiri,regional_name,SRC-IFCT2017,C002
GF-ING-00051,Cheera,Malayalam,regional_name,SRC-IFCT2017,C002
GF-ING-00051,Chengkruk,Manipuri,regional_name,SRC-IFCT2017,C002
GF-ING-00051,Math,Marathi,regional_name,SRC-IFCT2017,C002
GF-ING-00051,Latte to saag,Nepali,regional_name,SRC-IFCT2017,C002
GF-ING-00051,Neutia sag,Odia,regional_name,SRC-IFCT2017,C002
GF-ING-00051,Chaulai sag,Punjabi,regional_name,SRC-IFCT2017,C002
GF-ING-00051,Maarissa,Sanskrit,regional_name,SRC-IFCT2017,C002
GF-ING-00051,Thandu keerai,Tamil,regional_name,SRC-IFCT2017,C002
GF-ING-00051,Thotakoora,Telugu,regional_name,SRC-IFCT2017,C002
GF-ING-00051,Cholai.,Urdu,regional_name,SRC-IFCT2017,C002
GF-ING-00052,"Amaranth leaves, red",English,source_name,SRC-IFCT2017,C003
GF-ING-00052,Moricha,Assamese,regional_name,SRC-IFCT2017,C003
GF-ING-00052,Lal Shaakh,Bengali,regional_name,SRC-IFCT2017,C003
GF-ING-00052,Lal tandaljo,Gujarati,regional_name,SRC-IFCT2017,C003
GF-ING-00052,Chaulai,Hindi,regional_name,SRC-IFCT2017,C003
GF-ING-00052,Danthu,Kannada,regional_name,SRC-IFCT2017,C003
GF-ING-00052,Mawal,Kashmiri,regional_name,SRC-IFCT2017,C003
GF-ING-00052,Cheera,Malayalam,regional_name,SRC-IFCT2017,C003
GF-ING-00052,Chengkruk,Manipuri,regional_name,SRC-IFCT2017,C003
GF-ING-00052,Math,Marathi,regional_name,SRC-IFCT2017,C003
GF-ING-00052,Latte to saag,Nepali,regional_name,SRC-IFCT2017,C003
GF-ING-00052,Neutia sag,Odia,regional_name,SRC-IFCT2017,C003
GF-ING-00052,Lal chaulai sag,Punjabi,regional_name,SRC-IFCT2017,C003
GF-ING-00052,Maarissa,Sanskrit,regional_name,SRC-IFCT2017,C003
GF-ING-00052,Thotakoora,Telugu,regional_name,SRC-IFCT2017,C003
GF-ING-00052,Thandu keerai,Tamil,regional_name,SRC-IFCT2017,C003
GF-ING-00052,Cholai.,Urdu,regional_name,SRC-IFCT2017,C003
GF-ING-00053,"Amaranth leaves, red and green",English,source_name,SRC-IFCT2017,C004
GF-ING-00053,Moricha,Assamese,regional_name,SRC-IFCT2017,C004
GF-ING-00053,Notya Shaakh,Bengali,regional_name,SRC-IFCT2017,C004
GF-ING-00053,Tandaljo,Gujarati,regional_name,SRC-IFCT2017,C004
GF-ING-00053,Chaulai,Hindi,regional_name,SRC-IFCT2017,C004
GF-ING-00053,Danthu,Kannada,regional_name,SRC-IFCT2017,C004
GF-ING-00053,Mawal,Kashmiri,regional_name,SRC-IFCT2017,C004
GF-ING-00053,Cheera,Malayalam,regional_name,SRC-IFCT2017,C004
GF-ING-00053,Chengkruk,Manipuri,regional_name,SRC-IFCT2017,C004
GF-ING-00053,Math,Marathi,regional_name,SRC-IFCT2017,C004
GF-ING-00053,Latte to saag,Nepali,regional_name,SRC-IFCT2017,C004
GF-ING-00053,Neutia sag,Odia,regional_name,SRC-IFCT2017,C004
GF-ING-00053,Chaulai sag,Punjabi,regional_name,SRC-IFCT2017,C004
GF-ING-00053,Maarissa,Sanskrit,regional_name,SRC-IFCT2017,C004
GF-ING-00053,Thandu keerai,Tamil,regional_name,SRC-IFCT2017,C004
GF-ING-00053,Thotakoora,Telugu,regional_name,SRC-IFCT2017,C004
GF-ING-00053,Cholai.,Urdu,regional_name,SRC-IFCT2017,C004
GF-ING-00054,"Amaranth, spinous, leaves, green",English,source_name,SRC-IFCT2017,C005
GF-ING-00054,Moricha sak,Assamese,regional_name,SRC-IFCT2017,C005
GF-ING-00054,Kanta-notya,Bengali,regional_name,SRC-IFCT2017,C005
GF-ING-00054,Kanta vado tandaljo,Gujarati,regional_name,SRC-IFCT2017,C005
GF-ING-00054,Kantewali-notya,Hindi,regional_name,SRC-IFCT2017,C005
GF-ING-00054,Mulla danthu,Kannada,regional_name,SRC-IFCT2017,C005
GF-ING-00054,Mawal,Kashmiri,regional_name,SRC-IFCT2017,C005
GF-ING-00054,Mullancheru- cheera,Malayalam,regional_name,SRC-IFCT2017,C005
GF-ING-00054,Chengkruk,Manipuri,regional_name,SRC-IFCT2017,C005
GF-ING-00054,Kantemanth,Marathi,regional_name,SRC-IFCT2017,C005
GF-ING-00054,Kanta notay shak,Odia,regional_name,SRC-IFCT2017,C005
GF-ING-00054,Kantewali chaulai,Punjabi,regional_name,SRC-IFCT2017,C005
GF-ING-00054,Mulaikeerai,Tamil,regional_name,SRC-IFCT2017,C005
GF-ING-00054,Mulla thotakura.,Telugu,regional_name,SRC-IFCT2017,C005
GF-ING-00055,"Amaranth, spinous, leaves, red and green",English,source_name,SRC-IFCT2017,C006
GF-ING-00055,Kanta-notya shaak,Bengali,regional_name,SRC-IFCT2017,C006
GF-ING-00055,Kanta vado tandaljo,Gujarati,regional_name,SRC-IFCT2017,C006
GF-ING-00055,Kantewali-notya,Hindi,regional_name,SRC-IFCT2017,C006
GF-ING-00055,Mulla danthu,Kannada,regional_name,SRC-IFCT2017,C006
GF-ING-00055,Mawal,Kashmiri,regional_name,SRC-IFCT2017,C006
GF-ING-00055,Sla longmar,Khasi,regional_name,SRC-IFCT2017,C006
GF-ING-00055,Mullancheru-cheera,Malayalam,regional_name,SRC-IFCT2017,C006
GF-ING-00055,Chengkruk,Manipuri,regional_name,SRC-IFCT2017,C006
GF-ING-00055,Kantemanth,Marathi,regional_name,SRC-IFCT2017,C006
GF-ING-00055,Kanta neutia sag,Odia,regional_name,SRC-IFCT2017,C006
GF-ING-00055,Kantewali chaulai,Punjabi,regional_name,SRC-IFCT2017,C006
GF-ING-00055,Mulakeerai,Tamil,regional_name,SRC-IFCT2017,C006
GF-ING-00055,Mulla thotakura.,Telugu,regional_name,SRC-IFCT2017,C006
GF-ING-00056,Basella leaves,English,source_name,SRC-IFCT2017,C007
GF-ING-00056,Puroi sak,Assamese,regional_name,SRC-IFCT2017,C007
GF-ING-00056,Pui shaak,Bengali,regional_name,SRC-IFCT2017,C007
GF-ING-00056,Malabar spinach,English,regional_name,SRC-IFCT2017,C007
GF-ING-00056,Poi ni bhaji,Gujarati,regional_name,SRC-IFCT2017,C007
GF-ING-00056,Palak,Hindi,regional_name,SRC-IFCT2017,C007
GF-ING-00056,Basale soppu,Kannada,regional_name,SRC-IFCT2017,C007
GF-ING-00056,Sla palong dkhar,Khasi,regional_name,SRC-IFCT2017,C007
GF-ING-00056,Vallicheera,Malayalam,regional_name,SRC-IFCT2017,C007
GF-ING-00056,Mayalu,Marathi,regional_name,SRC-IFCT2017,C007
GF-ING-00056,Poi saaga,Odia,regional_name,SRC-IFCT2017,C007
GF-ING-00056,Paalak,Punjabi,regional_name,SRC-IFCT2017,C007
GF-ING-00056,Kodippasali,Tamil,regional_name,SRC-IFCT2017,C007
GF-ING-00056,Bachhali.,Telugu,regional_name,SRC-IFCT2017,C007
GF-ING-00057,Bathua leaves,English,source_name,SRC-IFCT2017,C008
GF-ING-00057,Jilmil sak,Assamese,regional_name,SRC-IFCT2017,C008
GF-ING-00057,Beto sak,Bengali,regional_name,SRC-IFCT2017,C008
GF-ING-00057,Chilni bhaji,Gujarati,regional_name,SRC-IFCT2017,C008
GF-ING-00057,Bathua sagu,Hindi,regional_name,SRC-IFCT2017,C008
GF-ING-00057,Sakothina soppu,Kannada,regional_name,SRC-IFCT2017,C008
GF-ING-00057,Ushtahak,Kashmiri,regional_name,SRC-IFCT2017,C008
GF-ING-00057,Sla jada,Khasi,regional_name,SRC-IFCT2017,C008
GF-ING-00057,Parippuchira,Malayalam,regional_name,SRC-IFCT2017,C008
GF-ING-00057,Monsaobi,Manipuri,regional_name,SRC-IFCT2017,C008
GF-ING-00057,Chakavath,Marathi,regional_name,SRC-IFCT2017,C008
GF-ING-00057,Bethe ko saag,Nepali,regional_name,SRC-IFCT2017,C008
GF-ING-00057,Bathua sag,Odia,regional_name,SRC-IFCT2017,C008
GF-ING-00057,Bathu sag,Punjabi,regional_name,SRC-IFCT2017,C008
GF-ING-00057,Pappukura,Telugu,regional_name,SRC-IFCT2017,C008
GF-ING-00057,Paruppukkeerai.,Tamil,regional_name,SRC-IFCT2017,C008
GF-ING-00058,Beetroot leaves,English,source_name,SRC-IFCT2017,C009
GF-ING-00058,Beetar sak,Assamese,regional_name,SRC-IFCT2017,C009
GF-ING-00058,Beet greens,English,regional_name,SRC-IFCT2017,C009
GF-ING-00058,Beet ni bhaji,Gujarati,regional_name,SRC-IFCT2017,C009
GF-ING-00058,Chukandhar sag,Hindi,regional_name,SRC-IFCT2017,C009
GF-ING-00058,Beet root soppu,Kannada,regional_name,SRC-IFCT2017,C009
GF-ING-00058,Chogander Munji,Kashmiri,regional_name,SRC-IFCT2017,C009
GF-ING-00058,Sla bit,Khasi,regional_name,SRC-IFCT2017,C009
GF-ING-00058,Beet root cheera,Malayalam,regional_name,SRC-IFCT2017,C009
GF-ING-00058,Beet root ka sag,Marathi,regional_name,SRC-IFCT2017,C009
GF-ING-00058,Bengali Palungo ko Saag,Nepali,regional_name,SRC-IFCT2017,C009
GF-ING-00058,Chukandhar da sag,Punjabi,regional_name,SRC-IFCT2017,C009
GF-ING-00058,Beet root keerai,Tamil,regional_name,SRC-IFCT2017,C009
GF-ING-00058,Beet root,Telugu,regional_name,SRC-IFCT2017,C009
GF-ING-00058,beet patta.,Urdu,regional_name,SRC-IFCT2017,C009
GF-ING-00059,"Betel leaves, big (kolkata)",English,source_name,SRC-IFCT2017,C010
GF-ING-00059,paan,Assamese,regional_name,SRC-IFCT2017,C010
GF-ING-00059,Pan,Bengali,regional_name,SRC-IFCT2017,C010
GF-ING-00059,Nagarvelna pan,Gujarati,regional_name,SRC-IFCT2017,C010
GF-ING-00059,Pan ka patha,Hindi,regional_name,SRC-IFCT2017,C010
GF-ING-00059,Kadale soppu,Kannada,regional_name,SRC-IFCT2017,C010
GF-ING-00059,Tympew Dkhar,Khasi,regional_name,SRC-IFCT2017,C010
GF-ING-00059,Vettiiai,Malayalam,regional_name,SRC-IFCT2017,C010
GF-ING-00059,Kwa Mana,Manipuri,regional_name,SRC-IFCT2017,C010
GF-ING-00059,Pan-ka-patta,Marathi,regional_name,SRC-IFCT2017,C010
GF-ING-00059,Pana,Odia,regional_name,SRC-IFCT2017,C010
GF-ING-00059,Pan-da-patta,Punjabi,regional_name,SRC-IFCT2017,C010
GF-ING-00059,Vetrilai,Tamil,regional_name,SRC-IFCT2017,C010
GF-ING-00059,Thamala paku,Telugu,regional_name,SRC-IFCT2017,C010
GF-ING-00059,Paan ka patta.,Urdu,regional_name,SRC-IFCT2017,C010
GF-ING-00060,"Betel leaves, small",English,source_name,SRC-IFCT2017,C011
GF-ING-00060,Paan,Assamese,regional_name,SRC-IFCT2017,C011
GF-ING-00060,Pan,Bengali,regional_name,SRC-IFCT2017,C011
GF-ING-00060,Nagarvelna pan,Gujarati,regional_name,SRC-IFCT2017,C011
GF-ING-00060,Pan ka patha,Hindi,regional_name,SRC-IFCT2017,C011
GF-ING-00060,Kadale soppu,Kannada,regional_name,SRC-IFCT2017,C011
GF-ING-00060,Tympew,Khasi,regional_name,SRC-IFCT2017,C011
GF-ING-00060,Vettiiai,Malayalam,regional_name,SRC-IFCT2017,C011
GF-ING-00060,Kwa Mana,Manipuri,regional_name,SRC-IFCT2017,C011
GF-ING-00060,Pan-ka-patta,Marathi,regional_name,SRC-IFCT2017,C011
GF-ING-00060,Pana,Odia,regional_name,SRC-IFCT2017,C011
GF-ING-00060,Pan-da-patta,Punjabi,regional_name,SRC-IFCT2017,C011
GF-ING-00060,Thamala paku,Telugu,regional_name,SRC-IFCT2017,C011
GF-ING-00060,Vetrilai,Tamil,regional_name,SRC-IFCT2017,C011
GF-ING-00060,Paan ka patta.,Urdu,regional_name,SRC-IFCT2017,C011
GF-ING-00061,Brussels sprouts,English,source_name,SRC-IFCT2017,C012
GF-ING-00061,Biliti Bandhakopi,Bengali,regional_name,SRC-IFCT2017,C012
GF-ING-00061,Nani kobi,Gujarati,regional_name,SRC-IFCT2017,C012
GF-ING-00061,Choote gobi,Hindi,regional_name,SRC-IFCT2017,C012
GF-ING-00061,Mara kosu,Kannada,regional_name,SRC-IFCT2017,C012
GF-ING-00061,Haakh,Kashmiri,regional_name,SRC-IFCT2017,C012
GF-ING-00061,Kalakose,Malayalam,regional_name,SRC-IFCT2017,C012
GF-ING-00061,Chotee gobi,Marathi,regional_name,SRC-IFCT2017,C012
GF-ING-00061,Chota bandha,Odia,regional_name,SRC-IFCT2017,C012
GF-ING-00061,Chooti band gobi,Punjabi,regional_name,SRC-IFCT2017,C012
GF-ING-00061,Kalaikose,Tamil,regional_name,SRC-IFCT2017,C012
GF-ING-00061,Chinna cabbage,Telugu,regional_name,SRC-IFCT2017,C012
GF-ING-00061,Choti bund gobh.,Urdu,regional_name,SRC-IFCT2017,C012
GF-ING-00062,"Cabbage, Chinese",English,source_name,SRC-IFCT2017,C013
GF-ING-00062,China lai,Assamese,regional_name,SRC-IFCT2017,C013
GF-ING-00062,Chinese kobi,Gujarati,regional_name,SRC-IFCT2017,C013
GF-ING-00062,Bandh,Kashmiri,regional_name,SRC-IFCT2017,C013
GF-ING-00062,Salat chaina.,Khasi,regional_name,SRC-IFCT2017,C013
GF-ING-00063,"Cabbage, collard greens",English,source_name,SRC-IFCT2017,C014
GF-ING-00063,Kobi na pan,Gujarati,regional_name,SRC-IFCT2017,C014
GF-ING-00063,Bandh,Kashmiri,regional_name,SRC-IFCT2017,C014
GF-ING-00063,Sla kubi,Khasi,regional_name,SRC-IFCT2017,C014
GF-ING-00063,Seemai parattai keerai.,Tamil,regional_name,SRC-IFCT2017,C014
GF-ING-00064,"Cabbage, green",English,source_name,SRC-IFCT2017,C015
GF-ING-00064,Bondhakobi,Assamese,regional_name,SRC-IFCT2017,C015
GF-ING-00064,Badha kopi,Bengali,regional_name,SRC-IFCT2017,C015
GF-ING-00064,Lili kobi,Gujarati,regional_name,SRC-IFCT2017,C015
GF-ING-00064,Bandh gobi,Hindi,regional_name,SRC-IFCT2017,C015
GF-ING-00064,Kosu,Kannada,regional_name,SRC-IFCT2017,C015
GF-ING-00064,Bandh gobi,Kashmiri,regional_name,SRC-IFCT2017,C015
GF-ING-00064,Kubi,Khasi,regional_name,SRC-IFCT2017,C015
GF-ING-00064,Muttu gose,Malayalam,regional_name,SRC-IFCT2017,C015
GF-ING-00064,Kobi Mana,Manipuri,regional_name,SRC-IFCT2017,C015
GF-ING-00064,Kobi,Marathi,regional_name,SRC-IFCT2017,C015
GF-ING-00064,Banda kovi,Nepali,regional_name,SRC-IFCT2017,C015
GF-ING-00064,Bandha kobi,Odia,regional_name,SRC-IFCT2017,C015
GF-ING-00064,Patta gobhi,Punjabi,regional_name,SRC-IFCT2017,C015
GF-ING-00064,Shaakaprabhedah,Sanskrit,regional_name,SRC-IFCT2017,C015
GF-ING-00064,Gos koora,Telugu,regional_name,SRC-IFCT2017,C015
GF-ING-00064,Muttaikose,Tamil,regional_name,SRC-IFCT2017,C015
GF-ING-00064,Gobhi.,Urdu,regional_name,SRC-IFCT2017,C015
GF-ING-00065,"Cabbage, violet",English,source_name,SRC-IFCT2017,C016
GF-ING-00065,Bondhakobi,Assamese,regional_name,SRC-IFCT2017,C016
GF-ING-00065,Badha kopi,Bengali,regional_name,SRC-IFCT2017,C016
GF-ING-00065,"Red cabbage, Purple cabbage, Red Kraut, Blur kraut",English,regional_name,SRC-IFCT2017,C016
GF-ING-00065,Lal kobi,Gujarati,regional_name,SRC-IFCT2017,C016
GF-ING-00065,Bandh gobi,Hindi,regional_name,SRC-IFCT2017,C016
GF-ING-00065,Kosu,Kannada,regional_name,SRC-IFCT2017,C016
GF-ING-00065,Bandh gobi,Kashmiri,regional_name,SRC-IFCT2017,C016
GF-ING-00065,Kubi saw,Khasi,regional_name,SRC-IFCT2017,C016
GF-ING-00065,Muttu gose,Malayalam,regional_name,SRC-IFCT2017,C016
GF-ING-00065,Kobi,Marathi,regional_name,SRC-IFCT2017,C016
GF-ING-00065,Banda kovi,Nepali,regional_name,SRC-IFCT2017,C016
GF-ING-00065,Bandha kopee,Odia,regional_name,SRC-IFCT2017,C016
GF-ING-00065,Patta gobhi,Punjabi,regional_name,SRC-IFCT2017,C016
GF-ING-00065,Shaakaprabhedah,Sanskrit,regional_name,SRC-IFCT2017,C016
GF-ING-00065,Muttaikose,Tamil,regional_name,SRC-IFCT2017,C016
GF-ING-00065,Gos koora,Telugu,regional_name,SRC-IFCT2017,C016
GF-ING-00065,Gobhi.,Urdu,regional_name,SRC-IFCT2017,C016
GF-ING-00066,Cauliflower leaves,English,source_name,SRC-IFCT2017,C017
GF-ING-00066,Phul kobir pat,Assamese,regional_name,SRC-IFCT2017,C017
GF-ING-00066,Phul gopi pata,Bengali,regional_name,SRC-IFCT2017,C017
GF-ING-00066,Fulawar na pan,Gujarati,regional_name,SRC-IFCT2017,C017
GF-ING-00066,Phul gobi patta,Hindi,regional_name,SRC-IFCT2017,C017
GF-ING-00066,Hukosu,Kannada,regional_name,SRC-IFCT2017,C017
GF-ING-00066,Phoolgobi panwathir,Kashmiri,regional_name,SRC-IFCT2017,C017
GF-ING-00066,Sla phul,Khasi,regional_name,SRC-IFCT2017,C017
GF-ING-00066,Cauliflower,Malayalam,regional_name,SRC-IFCT2017,C017
GF-ING-00066,Kobithamchetmai mana,Manipuri,regional_name,SRC-IFCT2017,C017
GF-ING-00066,Phul gobi,Marathi,regional_name,SRC-IFCT2017,C017
GF-ING-00066,Kauli,Nepali,regional_name,SRC-IFCT2017,C017
GF-ING-00066,Phula Kobi patra,Odia,regional_name,SRC-IFCT2017,C017
GF-ING-00066,Phool gobi di patte,Punjabi,regional_name,SRC-IFCT2017,C017
GF-ING-00066,Gojihvaa,Sanskrit,regional_name,SRC-IFCT2017,C017
GF-ING-00066,Pookosu keerai,Tamil,regional_name,SRC-IFCT2017,C017
GF-ING-00066,Go puvvu,Telugu,regional_name,SRC-IFCT2017,C017
GF-ING-00066,Phul gobi.,Urdu,regional_name,SRC-IFCT2017,C017
GF-ING-00067,"Colocasia leaves, green",English,source_name,SRC-IFCT2017,C018
GF-ING-00067,Kasu sak,Assamese,regional_name,SRC-IFCT2017,C018
GF-ING-00067,Kochu pata,Bengali,regional_name,SRC-IFCT2017,C018
GF-ING-00067,Advi na pan,Gujarati,regional_name,SRC-IFCT2017,C018
GF-ING-00067,Arvi ka sag,Hindi,regional_name,SRC-IFCT2017,C018
GF-ING-00067,Shamangadda yele,Kannada,regional_name,SRC-IFCT2017,C018
GF-ING-00067,Sla wang,Khasi,regional_name,SRC-IFCT2017,C018
GF-ING-00067,Chembu ilagal,Malayalam,regional_name,SRC-IFCT2017,C018
GF-ING-00067,Paan mana,Manipuri,regional_name,SRC-IFCT2017,C018
GF-ING-00067,Alu pan,Marathi,regional_name,SRC-IFCT2017,C018
GF-ING-00067,Karkalo,Nepali,regional_name,SRC-IFCT2017,C018
GF-ING-00067,Saru saga,Odia,regional_name,SRC-IFCT2017,C018
GF-ING-00067,Arbi-di-patte,Punjabi,regional_name,SRC-IFCT2017,C018
GF-ING-00067,Seppam ilaigal,Tamil,regional_name,SRC-IFCT2017,C018
GF-ING-00067,Chama akulu,Telugu,regional_name,SRC-IFCT2017,C018
GF-ING-00067,Arvi ka patta.,Urdu,regional_name,SRC-IFCT2017,C018
GF-ING-00068,Drumstick leaves,English,source_name,SRC-IFCT2017,C019
GF-ING-00068,Sajina paat,Assamese,regional_name,SRC-IFCT2017,C019
GF-ING-00068,Sajna pata,Bengali,regional_name,SRC-IFCT2017,C019
GF-ING-00068,"Horseradish leaves, Benzoil leaves",English,regional_name,SRC-IFCT2017,C019
GF-ING-00068,Saragwa na pan,Gujarati,regional_name,SRC-IFCT2017,C019
GF-ING-00068,Saijan patta,Hindi,regional_name,SRC-IFCT2017,C019
GF-ING-00068,Nuggeyele,Kannada,regional_name,SRC-IFCT2017,C019
GF-ING-00068,Muringa ela,Malayalam,regional_name,SRC-IFCT2017,C019
GF-ING-00068,Sajana mana,Manipuri,regional_name,SRC-IFCT2017,C019
GF-ING-00068,Shevaga pan,Marathi,regional_name,SRC-IFCT2017,C019
GF-ING-00068,Sajna sag,Odia,regional_name,SRC-IFCT2017,C019
GF-ING-00068,Soanjhna da patta,Punjabi,regional_name,SRC-IFCT2017,C019
GF-ING-00068,Murungai keerai,Tamil,regional_name,SRC-IFCT2017,C019
GF-ING-00068,Mulaga akulu,Telugu,regional_name,SRC-IFCT2017,C019
GF-ING-00068,Sujineki palli.,Urdu,regional_name,SRC-IFCT2017,C019
GF-ING-00069,Fenugreek leaves,English,source_name,SRC-IFCT2017,C020
GF-ING-00069,Methi paat,Assamese,regional_name,SRC-IFCT2017,C020
GF-ING-00069,Methi shak,Bengali,regional_name,SRC-IFCT2017,C020
GF-ING-00069,Methi pandada,Gujarati,regional_name,SRC-IFCT2017,C020
GF-ING-00069,Methi sag,Hindi,regional_name,SRC-IFCT2017,C020
GF-ING-00069,Menthya soppu,Kannada,regional_name,SRC-IFCT2017,C020
GF-ING-00069,Kasori Methi,Kashmiri,regional_name,SRC-IFCT2017,C020
GF-ING-00069,Sla methi,Khasi,regional_name,SRC-IFCT2017,C020
GF-ING-00069,Uluva ila,Malayalam,regional_name,SRC-IFCT2017,C020
GF-ING-00069,Methi man,Manipuri,regional_name,SRC-IFCT2017,C020
GF-ING-00069,Methi sag,Marathi,regional_name,SRC-IFCT2017,C020
GF-ING-00069,Methi pata,Nepali,regional_name,SRC-IFCT2017,C020
GF-ING-00069,Methi sag,Odia,regional_name,SRC-IFCT2017,C020
GF-ING-00069,Methi di patte,Punjabi,regional_name,SRC-IFCT2017,C020
GF-ING-00069,Menthikoora,Telugu,regional_name,SRC-IFCT2017,C020
GF-ING-00069,Vendhaiya keerai,Tamil,regional_name,SRC-IFCT2017,C020
GF-ING-00069,Methi.,Urdu,regional_name,SRC-IFCT2017,C020
GF-ING-00070,Garden cress,English,source_name,SRC-IFCT2017,C021
GF-ING-00070,Bor manimuni,Assamese,regional_name,SRC-IFCT2017,C021
GF-ING-00070,Halim sag,Bengali,regional_name,SRC-IFCT2017,C021
GF-ING-00070,Asadio na pan,Gujarati,regional_name,SRC-IFCT2017,C021
GF-ING-00070,Halim ka patta,Hindi,regional_name,SRC-IFCT2017,C021
GF-ING-00070,Allibija soppu,Kannada,regional_name,SRC-IFCT2017,C021
GF-ING-00070,Halyun,Kashmiri,regional_name,SRC-IFCT2017,C021
GF-ING-00070,Khliang syiar,Khasi,regional_name,SRC-IFCT2017,C021
GF-ING-00070,Alivirai cheera,Malayalam,regional_name,SRC-IFCT2017,C021
GF-ING-00070,Ahiva ka patta,Marathi,regional_name,SRC-IFCT2017,C021
GF-ING-00070,Chamsoor ko Saag,Nepali,regional_name,SRC-IFCT2017,C021
GF-ING-00070,Kakharu Saga,Odia,regional_name,SRC-IFCT2017,C021
GF-ING-00070,Halim-da-sag,Punjabi,regional_name,SRC-IFCT2017,C021
GF-ING-00070,Alivirai keerai,Tamil,regional_name,SRC-IFCT2017,C021
GF-ING-00070,Adityala akulu.,Telugu,regional_name,SRC-IFCT2017,C021
GF-ING-00071,"Gogu leaves, green stem",English,source_name,SRC-IFCT2017,C022
GF-ING-00071,Tengamora,Assamese,regional_name,SRC-IFCT2017,C022
GF-ING-00071,Mestapat,Bengali,regional_name,SRC-IFCT2017,C022
GF-ING-00071,Roselle Leaves,English,regional_name,SRC-IFCT2017,C022
GF-ING-00071,Ambadi,Gujarati,regional_name,SRC-IFCT2017,C022
GF-ING-00071,Pitwa,Hindi,regional_name,SRC-IFCT2017,C022
GF-ING-00071,Pundi,Kannada,regional_name,SRC-IFCT2017,C022
GF-ING-00071,Sla jajew jyrngam,Khasi,regional_name,SRC-IFCT2017,C022
GF-ING-00071,Pulichai cheera,Malayalam,regional_name,SRC-IFCT2017,C022
GF-ING-00071,Sougri mana,Manipuri,regional_name,SRC-IFCT2017,C022
GF-ING-00071,Ambadi,Marathi,regional_name,SRC-IFCT2017,C022
GF-ING-00071,Nalite saga,Odia,regional_name,SRC-IFCT2017,C022
GF-ING-00071,Pitwa sag,Punjabi,regional_name,SRC-IFCT2017,C022
GF-ING-00071,Pulichchai keerai,Tamil,regional_name,SRC-IFCT2017,C022
GF-ING-00071,Gongura,Telugu,regional_name,SRC-IFCT2017,C022
GF-ING-00071,Ambada ki bhaji.,Urdu,regional_name,SRC-IFCT2017,C022
GF-ING-00072,"Gogu leaves, red stem",English,source_name,SRC-IFCT2017,C023
GF-ING-00072,Tengamora,Assamese,regional_name,SRC-IFCT2017,C023
GF-ING-00072,Mestapat,Bengali,regional_name,SRC-IFCT2017,C023
GF-ING-00072,Roselle Leaves,English,regional_name,SRC-IFCT2017,C023
GF-ING-00072,Ambadi,Gujarati,regional_name,SRC-IFCT2017,C023
GF-ING-00072,Pitwa,Hindi,regional_name,SRC-IFCT2017,C023
GF-ING-00072,Pundi,Kannada,regional_name,SRC-IFCT2017,C023
GF-ING-00072,Sla jajew saw,Khasi,regional_name,SRC-IFCT2017,C023
GF-ING-00072,Pulichai cheera,Malayalam,regional_name,SRC-IFCT2017,C023
GF-ING-00072,Sougri mana,Manipuri,regional_name,SRC-IFCT2017,C023
GF-ING-00072,Ambadi,Marathi,regional_name,SRC-IFCT2017,C023
GF-ING-00072,Nalite saga,Odia,regional_name,SRC-IFCT2017,C023
GF-ING-00072,Pitwa sag,Punjabi,regional_name,SRC-IFCT2017,C023
GF-ING-00072,Pulichchai keerai,Tamil,regional_name,SRC-IFCT2017,C023
GF-ING-00072,Gongura,Telugu,regional_name,SRC-IFCT2017,C023
GF-ING-00072,Ambada ki bhaji.,Urdu,regional_name,SRC-IFCT2017,C023
GF-ING-00073,"Knol-Khol, leaves",English,source_name,SRC-IFCT2017,C024
GF-ING-00073,Ool kobi,Assamese,regional_name,SRC-IFCT2017,C024
GF-ING-00073,Olkopi sag,Bengali,regional_name,SRC-IFCT2017,C024
GF-ING-00073,"Knol Knol, Kohlrabi, Wild cabbage greens",English,regional_name,SRC-IFCT2017,C024
GF-ING-00073,Gath kobi na pan,Gujarati,regional_name,SRC-IFCT2017,C024
GF-ING-00073,Ganth gobi ka sag,Hindi,regional_name,SRC-IFCT2017,C024
GF-ING-00073,Gedde kosu,Kannada,regional_name,SRC-IFCT2017,C024
GF-ING-00073,Hakh Monji,Kashmiri,regional_name,SRC-IFCT2017,C024
GF-ING-00073,Phan Kubi,Khasi,regional_name,SRC-IFCT2017,C024
GF-ING-00073,Knol-khol cheera,Malayalam,regional_name,SRC-IFCT2017,C024
GF-ING-00073,Kobi Maru Kabi,Manipuri,regional_name,SRC-IFCT2017,C024
GF-ING-00073,Nol khol ka patta,Marathi,regional_name,SRC-IFCT2017,C024
GF-ING-00073,Salgam ko saag,Nepali,regional_name,SRC-IFCT2017,C024
GF-ING-00073,Ulgobi saga,Odia,regional_name,SRC-IFCT2017,C024
GF-ING-00073,Ganth gobi sag,Punjabi,regional_name,SRC-IFCT2017,C024
GF-ING-00073,Knol-Khol keerai,Tamil,regional_name,SRC-IFCT2017,C024
GF-ING-00073,Knol-khol akulu.,Telugu,regional_name,SRC-IFCT2017,C024
GF-ING-00074,Lettuce,English,source_name,SRC-IFCT2017,C025
GF-ING-00074,Salad paat,Assamese,regional_name,SRC-IFCT2017,C025
GF-ING-00074,Lettuce na pan,Gujarati,regional_name,SRC-IFCT2017,C025
GF-ING-00074,Salad ka patta,Hindi,regional_name,SRC-IFCT2017,C025
GF-ING-00074,Lettuce soppu,Kannada,regional_name,SRC-IFCT2017,C025
GF-ING-00074,Hakh,Kashmiri,regional_name,SRC-IFCT2017,C025
GF-ING-00074,Salat dkhar,Khasi,regional_name,SRC-IFCT2017,C025
GF-ING-00074,Lettuce cheera,Malayalam,regional_name,SRC-IFCT2017,C025
GF-ING-00074,Lettuce ka patta,Marathi,regional_name,SRC-IFCT2017,C025
GF-ING-00074,Saalad ko paat,Nepali,regional_name,SRC-IFCT2017,C025
GF-ING-00074,Salada sag,Punjabi,regional_name,SRC-IFCT2017,C025
GF-ING-00074,Ilaikosu,Tamil,regional_name,SRC-IFCT2017,C025
GF-ING-00074,Kavu akulu,Telugu,regional_name,SRC-IFCT2017,C025
GF-ING-00074,Kismisaag.,Urdu,regional_name,SRC-IFCT2017,C025
GF-ING-00075,Mustard leaves,English,source_name,SRC-IFCT2017,C026
GF-ING-00075,Horiyo paat,Assamese,regional_name,SRC-IFCT2017,C026
GF-ING-00075,Sorisa sag,Bengali,regional_name,SRC-IFCT2017,C026
GF-ING-00075,Mustard greens,English,regional_name,SRC-IFCT2017,C026
GF-ING-00075,Sarasava pandada,Gujarati,regional_name,SRC-IFCT2017,C026
GF-ING-00075,Sarson ka sag,Hindi,regional_name,SRC-IFCT2017,C026
GF-ING-00075,Sasuve yele,Kannada,regional_name,SRC-IFCT2017,C026
GF-ING-00075,Hakh,Kashmiri,regional_name,SRC-IFCT2017,C026
GF-ING-00075,Tyrso,Khasi,regional_name,SRC-IFCT2017,C026
GF-ING-00075,Kadugu ila,Malayalam,regional_name,SRC-IFCT2017,C026
GF-ING-00075,Hangaam,Manipuri,regional_name,SRC-IFCT2017,C026
GF-ING-00075,Mochari-chi pan,Marathi,regional_name,SRC-IFCT2017,C026
GF-ING-00075,Raayo ko Saag,Nepali,regional_name,SRC-IFCT2017,C026
GF-ING-00075,Sarson ka saga,Odia,regional_name,SRC-IFCT2017,C026
GF-ING-00075,Saro da sag,Punjabi,regional_name,SRC-IFCT2017,C026
GF-ING-00075,Kadugu ilai,Tamil,regional_name,SRC-IFCT2017,C026
GF-ING-00075,Ava akulu,Telugu,regional_name,SRC-IFCT2017,C026
GF-ING-00075,Sarson ki patta.,Urdu,regional_name,SRC-IFCT2017,C026
GF-ING-00076,Pak Choi leaves,English,source_name,SRC-IFCT2017,C027
GF-ING-00076,"Bok choy, Horse`s ear, Chinese celery cabbage, White mustard cabbage",English,regional_name,SRC-IFCT2017,C027
GF-ING-00076,Pak choi na pan.,Gujarati,regional_name,SRC-IFCT2017,C027
GF-ING-00077,Parsley,English,source_name,SRC-IFCT2017,C028
GF-ING-00077,Sugandhi lota,Assamese,regional_name,SRC-IFCT2017,C028
GF-ING-00077,Garden parsley,English,regional_name,SRC-IFCT2017,C028
GF-ING-00077,Leela dhana,Gujarati,regional_name,SRC-IFCT2017,C028
GF-ING-00077,Seema malli,Malayalam,regional_name,SRC-IFCT2017,C028
GF-ING-00077,Kothimbir/dhane,Marathi,regional_name,SRC-IFCT2017,C028
GF-ING-00077,Verkosu,Tamil,regional_name,SRC-IFCT2017,C028
GF-ING-00077,Auchumooda,Kannada,regional_name,SRC-IFCT2017,C028
GF-ING-00077,Ajmod,Urdu,regional_name,SRC-IFCT2017,C028
GF-ING-00077,Parsley.,Punjabi,regional_name,SRC-IFCT2017,C028
GF-ING-00078,Ponnaganni,English,source_name,SRC-IFCT2017,C029
GF-ING-00078,Matikaduri,Assamese,regional_name,SRC-IFCT2017,C029
GF-ING-00078,Khanchari,Bengali,regional_name,SRC-IFCT2017,C029
GF-ING-00078,Saranthi na pan,Gujarati,regional_name,SRC-IFCT2017,C029
GF-ING-00078,Saranthi sag,Hindi,regional_name,SRC-IFCT2017,C029
GF-ING-00078,Honagone soppu,Kannada,regional_name,SRC-IFCT2017,C029
GF-ING-00078,Ponnaganni cheera,Malayalam,regional_name,SRC-IFCT2017,C029
GF-ING-00078,Phakchet,Manipuri,regional_name,SRC-IFCT2017,C029
GF-ING-00078,Saranthi sag,Marathi,regional_name,SRC-IFCT2017,C029
GF-ING-00078,Madarangh,Odia,regional_name,SRC-IFCT2017,C029
GF-ING-00078,Ponnaganni keerai,Tamil,regional_name,SRC-IFCT2017,C029
GF-ING-00078,Ponnaganti koora,Telugu,regional_name,SRC-IFCT2017,C029
GF-ING-00078,Kunte ki bhaji.,Urdu,regional_name,SRC-IFCT2017,C029
GF-ING-00079,"Pumpkin leaves, tender",English,source_name,SRC-IFCT2017,C030
GF-ING-00079,Rongalao paat,Assamese,regional_name,SRC-IFCT2017,C030
GF-ING-00079,Kumra shak,Bengali,regional_name,SRC-IFCT2017,C030
GF-ING-00079,Kolam na pan,Gujarati,regional_name,SRC-IFCT2017,C030
GF-ING-00079,Kumhra sag,Hindi,regional_name,SRC-IFCT2017,C030
GF-ING-00079,Kumbale soppu,Kannada,regional_name,SRC-IFCT2017,C030
GF-ING-00079,Aal kaniji,Kashmiri,regional_name,SRC-IFCT2017,C030
GF-ING-00079,Sla pathaw,Khasi,regional_name,SRC-IFCT2017,C030
GF-ING-00079,Manthan elakai,Malayalam,regional_name,SRC-IFCT2017,C030
GF-ING-00079,Mairen mana,Manipuri,regional_name,SRC-IFCT2017,C030
GF-ING-00079,Bhopla chipan,Marathi,regional_name,SRC-IFCT2017,C030
GF-ING-00079,Khakaru saga,Odia,regional_name,SRC-IFCT2017,C030
GF-ING-00079,Petha de pate,Punjabi,regional_name,SRC-IFCT2017,C030
GF-ING-00079,Gummadi akulu,Telugu,regional_name,SRC-IFCT2017,C030
GF-ING-00079,Parangi ilai,Tamil,regional_name,SRC-IFCT2017,C030
GF-ING-00079,Kaddu ka patta.,Urdu,regional_name,SRC-IFCT2017,C030
GF-ING-00080,Radish leaves,English,source_name,SRC-IFCT2017,C031
GF-ING-00080,Dherua,Assamese,regional_name,SRC-IFCT2017,C031
GF-ING-00080,Mulo shak,Bengali,regional_name,SRC-IFCT2017,C031
GF-ING-00080,Muda na pan,Gujarati,regional_name,SRC-IFCT2017,C031
GF-ING-00080,Muli ka sag,Hindi,regional_name,SRC-IFCT2017,C031
GF-ING-00080,Mullangi soppu,Kannada,regional_name,SRC-IFCT2017,C031
GF-ING-00080,Mooji Hakh,Kashmiri,regional_name,SRC-IFCT2017,C031
GF-ING-00080,Sla muli,Khasi,regional_name,SRC-IFCT2017,C031
GF-ING-00080,Mullangi ilaigal,Malayalam,regional_name,SRC-IFCT2017,C031
GF-ING-00080,Hangham mula,Manipuri,regional_name,SRC-IFCT2017,C031
GF-ING-00080,Mula ka sag,Marathi,regional_name,SRC-IFCT2017,C031
GF-ING-00080,Moolaa ko saag,Nepali,regional_name,SRC-IFCT2017,C031
GF-ING-00080,Mula ka sag,Odia,regional_name,SRC-IFCT2017,C031
GF-ING-00080,Muli di patte,Punjabi,regional_name,SRC-IFCT2017,C031
GF-ING-00080,Mullangi akulu,Telugu,regional_name,SRC-IFCT2017,C031
GF-ING-00080,Mullangi ilai,Tamil,regional_name,SRC-IFCT2017,C031
GF-ING-00080,Muli ka patta..,Urdu,regional_name,SRC-IFCT2017,C031
GF-ING-00081,Rumex leaves,English,source_name,SRC-IFCT2017,C032
GF-ING-00081,Suka sak,Assamese,regional_name,SRC-IFCT2017,C032
GF-ING-00081,Bun palung,Bengali,regional_name,SRC-IFCT2017,C032
GF-ING-00081,Ambada (sorrel),Gujarati,regional_name,SRC-IFCT2017,C032
GF-ING-00081,Chukki soppu,Kannada,regional_name,SRC-IFCT2017,C032
GF-ING-00081,Amlavetasa,Marathi,regional_name,SRC-IFCT2017,C032
GF-ING-00081,Amlavetasa,Sanskrit,regional_name,SRC-IFCT2017,C032
GF-ING-00081,Tukhm hummaz.,Urdu,regional_name,SRC-IFCT2017,C032
GF-ING-00082,Spinach,English,source_name,SRC-IFCT2017,C033
GF-ING-00082,Paleng,Assamese,regional_name,SRC-IFCT2017,C033
GF-ING-00082,Palong shak,Bengali,regional_name,SRC-IFCT2017,C033
GF-ING-00082,Palak ni bhaji,Gujarati,regional_name,SRC-IFCT2017,C033
GF-ING-00082,Palak,Hindi,regional_name,SRC-IFCT2017,C033
GF-ING-00082,Spinak soppu,Kannada,regional_name,SRC-IFCT2017,C033
GF-ING-00082,Palak,Kashmiri,regional_name,SRC-IFCT2017,C033
GF-ING-00082,Palong heh,Khasi,regional_name,SRC-IFCT2017,C033
GF-ING-00082,Basala cheera,Malayalam,regional_name,SRC-IFCT2017,C033
GF-ING-00082,Palak,Manipuri,regional_name,SRC-IFCT2017,C033
GF-ING-00082,Palak,Marathi,regional_name,SRC-IFCT2017,C033
GF-ING-00082,Paalungo ko Saag,Nepali,regional_name,SRC-IFCT2017,C033
GF-ING-00082,Palang sag,Odia,regional_name,SRC-IFCT2017,C033
GF-ING-00082,Palak,Punjabi,regional_name,SRC-IFCT2017,C033
GF-ING-00082,Paalakya,Sanskrit,regional_name,SRC-IFCT2017,C033
GF-ING-00082,Pasalai keerai,Tamil,regional_name,SRC-IFCT2017,C033
GF-ING-00082,Palakoora,Telugu,regional_name,SRC-IFCT2017,C033
GF-ING-00082,Palak.,Urdu,regional_name,SRC-IFCT2017,C033
GF-ING-00083,"Tamarind leaves, tender",English,source_name,SRC-IFCT2017,C034
GF-ING-00083,Tetul pata,Bengali,regional_name,SRC-IFCT2017,C034
GF-ING-00083,Amli na pan,Gujarati,regional_name,SRC-IFCT2017,C034
GF-ING-00083,", P. Imli patte",Hindi,regional_name,SRC-IFCT2017,C034
GF-ING-00083,Hunise chiguru,K,regional_name,SRC-IFCT2017,C034
GF-ING-00083,", Tam. Puliam ilaigal",Malayalam,regional_name,SRC-IFCT2017,C034
GF-ING-00083,Chinchecha pala,Marathi,regional_name,SRC-IFCT2017,C034
GF-ING-00083,Tentuli,Odia,regional_name,SRC-IFCT2017,C034
GF-ING-00083,Chinta chiguru,Telugu,regional_name,SRC-IFCT2017,C034
GF-ING-00083,Teteli paat,Assamese,regional_name,SRC-IFCT2017,C034
GF-ING-00083,Mange Mana,Manipuri,regional_name,SRC-IFCT2017,C034
GF-ING-00083,Sla sohkyntoi.,Khasi,regional_name,SRC-IFCT2017,C034
GF-ING-00084,Ash gourd,English,source_name,SRC-IFCT2017,D001
GF-ING-00084,Kumura,Assamese,regional_name,SRC-IFCT2017,D001
GF-ING-00084,Chalkumra,Bengali,regional_name,SRC-IFCT2017,D001
GF-ING-00084,"Wax gourd, White gourd, Winter gourd, Tallow gourd, Ash pumpkin, Winter melon, Chinese preserving melon",English,regional_name,SRC-IFCT2017,D001
GF-ING-00084,Bhuru kodu,Gujarati,regional_name,SRC-IFCT2017,D001
GF-ING-00084,Petha,Hindi,regional_name,SRC-IFCT2017,D001
GF-ING-00084,Budagumbala,Kannada,regional_name,SRC-IFCT2017,D001
GF-ING-00084,Aal,Kashmiri,regional_name,SRC-IFCT2017,D001
GF-ING-00084,Pathaw iiwbih,Khasi,regional_name,SRC-IFCT2017,D001
GF-ING-00084,Kumbalanga,Malayalam,regional_name,SRC-IFCT2017,D001
GF-ING-00084,Torbot,Manipuri,regional_name,SRC-IFCT2017,D001
GF-ING-00084,Kohala,Marathi,regional_name,SRC-IFCT2017,D001
GF-ING-00084,Kubhindo,Nepali,regional_name,SRC-IFCT2017,D001
GF-ING-00084,Panikakharu,Odia,regional_name,SRC-IFCT2017,D001
GF-ING-00084,Petha,Punjabi,regional_name,SRC-IFCT2017,D001
GF-ING-00084,Venpoosani,Tamil,regional_name,SRC-IFCT2017,D001
GF-ING-00084,Boodida gummadi,Telugu,regional_name,SRC-IFCT2017,D001
GF-ING-00084,Peta.,Urdu,regional_name,SRC-IFCT2017,D001
GF-ING-00085,"Bamboo shoot, tender",English,source_name,SRC-IFCT2017,D002
GF-ING-00085,Bahgaj,Assamese,regional_name,SRC-IFCT2017,D002
GF-ING-00085,Bansber ankur,Bengali,regional_name,SRC-IFCT2017,D002
GF-ING-00085,Bamboo sprouts,English,regional_name,SRC-IFCT2017,D002
GF-ING-00085,Lilo vans,Gujarati,regional_name,SRC-IFCT2017,D002
GF-ING-00085,Baans,Hindi,regional_name,SRC-IFCT2017,D002
GF-ING-00085,"Baimbale, Kanile",Kannada,regional_name,SRC-IFCT2017,D002
GF-ING-00085,Ka lung siej,Khasi,regional_name,SRC-IFCT2017,D002
GF-ING-00085,Mulankoombu,Malayalam,regional_name,SRC-IFCT2017,D002
GF-ING-00085,Soidon,Manipuri,regional_name,SRC-IFCT2017,D002
GF-ING-00085,Kalkipan,Marathi,regional_name,SRC-IFCT2017,D002
GF-ING-00085,Bhet ki lakdi,Odia,regional_name,SRC-IFCT2017,D002
GF-ING-00085,Baans,Punjabi,regional_name,SRC-IFCT2017,D002
GF-ING-00085,Moongil kuruthu,Tamil,regional_name,SRC-IFCT2017,D002
GF-ING-00085,Veduru chiguru,Telugu,regional_name,SRC-IFCT2017,D002
GF-ING-00085,Bhet ki lakdi.,Urdu,regional_name,SRC-IFCT2017,D002
GF-ING-00086,"Bean scarlet, tender",English,source_name,SRC-IFCT2017,D003
GF-ING-00086,Lesera mah,Assamese,regional_name,SRC-IFCT2017,D003
GF-ING-00086,"Runner bean, Scarlet runner bean, Multiflora bean",English,regional_name,SRC-IFCT2017,D003
GF-ING-00086,Chodi,Gujarati,regional_name,SRC-IFCT2017,D003
GF-ING-00086,Sem,Hindi,regional_name,SRC-IFCT2017,D003
GF-ING-00086,Hyambi,Kashmiri,regional_name,SRC-IFCT2017,D003
GF-ING-00086,U buri,Khasi,regional_name,SRC-IFCT2017,D003
GF-ING-00086,Hawai Ashaangbi,Manipuri,regional_name,SRC-IFCT2017,D003
GF-ING-00086,Sem fali.,Punjabi,regional_name,SRC-IFCT2017,D003
GF-ING-00087,"Bitter gourd, jagged, teeth ridges, elongate",English,source_name,SRC-IFCT2017,D004
GF-ING-00087,Kerela,Assamese,regional_name,SRC-IFCT2017,D004
GF-ING-00087,Korola,Bengali,regional_name,SRC-IFCT2017,D004
GF-ING-00087,"Bitter melon, Bitter squash, Balsam pear",English,regional_name,SRC-IFCT2017,D004
GF-ING-00087,Karela,Gujarati,regional_name,SRC-IFCT2017,D004
GF-ING-00087,Karela,Hindi,regional_name,SRC-IFCT2017,D004
GF-ING-00087,Hagal kai,Kannada,regional_name,SRC-IFCT2017,D004
GF-ING-00087,Karela,Kashmiri,regional_name,SRC-IFCT2017,D004
GF-ING-00087,Kerela heh,Khasi,regional_name,SRC-IFCT2017,D004
GF-ING-00087,Kaippakka,Malayalam,regional_name,SRC-IFCT2017,D004
GF-ING-00087,Karon Akhabi,Manipuri,regional_name,SRC-IFCT2017,D004
GF-ING-00087,Karle,Marathi,regional_name,SRC-IFCT2017,D004
GF-ING-00087,Tite karela,Nepali,regional_name,SRC-IFCT2017,D004
GF-ING-00087,Kalara,Odia,regional_name,SRC-IFCT2017,D004
GF-ING-00087,Karela,Punjabi,regional_name,SRC-IFCT2017,D004
GF-ING-00087,Tillikaa,Sanskrit,regional_name,SRC-IFCT2017,D004
GF-ING-00087,Kakara kaya,Telugu,regional_name,SRC-IFCT2017,D004
GF-ING-00087,Paavakkai,Tamil,regional_name,SRC-IFCT2017,D004
GF-ING-00087,Karela.,Urdu,regional_name,SRC-IFCT2017,D004
GF-ING-00088,"Bitter gourd, jagged, teeth ridges, short",English,source_name,SRC-IFCT2017,D005
GF-ING-00088,Kerela,Assamese,regional_name,SRC-IFCT2017,D005
GF-ING-00088,Uchhe,Bengali,regional_name,SRC-IFCT2017,D005
GF-ING-00088,"Bitter melon, Bitter squash, Balsam pear",English,regional_name,SRC-IFCT2017,D005
GF-ING-00088,Marela,Gujarati,regional_name,SRC-IFCT2017,D005
GF-ING-00088,Karela,Hindi,regional_name,SRC-IFCT2017,D005
GF-ING-00088,Hagal kai,Kannada,regional_name,SRC-IFCT2017,D005
GF-ING-00088,Karela,Kashmiri,regional_name,SRC-IFCT2017,D005
GF-ING-00088,Kerela rit,Khasi,regional_name,SRC-IFCT2017,D005
GF-ING-00088,Kaippakka,Malayalam,regional_name,SRC-IFCT2017,D005
GF-ING-00088,Karon Akhabi,Manipuri,regional_name,SRC-IFCT2017,D005
GF-ING-00088,Karle,Marathi,regional_name,SRC-IFCT2017,D005
GF-ING-00088,Tite karela,Nepali,regional_name,SRC-IFCT2017,D005
GF-ING-00088,Kalara,Odia,regional_name,SRC-IFCT2017,D005
GF-ING-00088,Karela,Punjabi,regional_name,SRC-IFCT2017,D005
GF-ING-00088,Tillikaa,Sanskrit,regional_name,SRC-IFCT2017,D005
GF-ING-00088,Paavakkai,Tamil,regional_name,SRC-IFCT2017,D005
GF-ING-00088,Kakara kaya,Telugu,regional_name,SRC-IFCT2017,D005
GF-ING-00088,Karela.,Urdu,regional_name,SRC-IFCT2017,D005
GF-ING-00089,"Bitter gourd, jagged, smooth ridges, elongate",English,source_name,SRC-IFCT2017,D006
GF-ING-00089,Kerela,Assamese,regional_name,SRC-IFCT2017,D006
GF-ING-00089,Korola,Bengali,regional_name,SRC-IFCT2017,D006
GF-ING-00089,"Bitter melon, Bitter squash, Balsam pear",English,regional_name,SRC-IFCT2017,D006
GF-ING-00089,Karela,Gujarati,regional_name,SRC-IFCT2017,D006
GF-ING-00089,Karela,Hindi,regional_name,SRC-IFCT2017,D006
GF-ING-00089,Hagal kai,Kannada,regional_name,SRC-IFCT2017,D006
GF-ING-00089,Karela,Kashmiri,regional_name,SRC-IFCT2017,D006
GF-ING-00089,Kerela,Khasi,regional_name,SRC-IFCT2017,D006
GF-ING-00089,Kaippakka,Malayalam,regional_name,SRC-IFCT2017,D006
GF-ING-00089,Karon Akhabi,Manipuri,regional_name,SRC-IFCT2017,D006
GF-ING-00089,Karle,Marathi,regional_name,SRC-IFCT2017,D006
GF-ING-00089,Tite karela,Nepali,regional_name,SRC-IFCT2017,D006
GF-ING-00089,Kalara,Odia,regional_name,SRC-IFCT2017,D006
GF-ING-00089,Karela,Punjabi,regional_name,SRC-IFCT2017,D006
GF-ING-00089,Tillikaa,Sanskrit,regional_name,SRC-IFCT2017,D006
GF-ING-00089,Paavakkai,Tamil,regional_name,SRC-IFCT2017,D006
GF-ING-00089,Kakara kaya,Telugu,regional_name,SRC-IFCT2017,D006
GF-ING-00089,Karela.,Urdu,regional_name,SRC-IFCT2017,D006
GF-ING-00090,"Bottle gourd, elongate, pale green",English,source_name,SRC-IFCT2017,D007
GF-ING-00090,Jatilao,Assamese,regional_name,SRC-IFCT2017,D007
GF-ING-00090,Lau,Bengali,regional_name,SRC-IFCT2017,D007
GF-ING-00090,"Calabash, White flowered gourd",English,regional_name,SRC-IFCT2017,D007
GF-ING-00090,Dudhi,Gujarati,regional_name,SRC-IFCT2017,D007
GF-ING-00090,Lowki,Hindi,regional_name,SRC-IFCT2017,D007
GF-ING-00090,Sorekai,Kannada,regional_name,SRC-IFCT2017,D007
GF-ING-00090,Zeeth aal,Kashmiri,regional_name,SRC-IFCT2017,D007
GF-ING-00090,U klong,Khasi,regional_name,SRC-IFCT2017,D007
GF-ING-00090,Cheranga,Malayalam,regional_name,SRC-IFCT2017,D007
GF-ING-00090,Khongdrum,Manipuri,regional_name,SRC-IFCT2017,D007
GF-ING-00090,Pandhara,Marathi,regional_name,SRC-IFCT2017,D007
GF-ING-00090,Lauka,Nepali,regional_name,SRC-IFCT2017,D007
GF-ING-00090,Lau,Odia,regional_name,SRC-IFCT2017,D007
GF-ING-00090,Kadu,Punjabi,regional_name,SRC-IFCT2017,D007
GF-ING-00090,Kaarabellam,Sanskrit,regional_name,SRC-IFCT2017,D007
GF-ING-00090,Suraikkai,Tamil,regional_name,SRC-IFCT2017,D007
GF-ING-00090,Sorrakaya,Telugu,regional_name,SRC-IFCT2017,D007
GF-ING-00090,Lowki.,Urdu,regional_name,SRC-IFCT2017,D007
GF-ING-00091,"Bottle gourd, round, pale green",English,source_name,SRC-IFCT2017,D008
GF-ING-00091,Jatilao,Assamese,regional_name,SRC-IFCT2017,D008
GF-ING-00091,Lau,Bengali,regional_name,SRC-IFCT2017,D008
GF-ING-00091,"Calabash, White flowered gourd",English,regional_name,SRC-IFCT2017,D008
GF-ING-00091,Dudhi,Gujarati,regional_name,SRC-IFCT2017,D008
GF-ING-00091,Lowki,Hindi,regional_name,SRC-IFCT2017,D008
GF-ING-00091,Sorekai,Kannada,regional_name,SRC-IFCT2017,D008
GF-ING-00091,Gool aal,Kashmiri,regional_name,SRC-IFCT2017,D008
GF-ING-00091,U klong heh,Khasi,regional_name,SRC-IFCT2017,D008
GF-ING-00091,Cheranga,Malayalam,regional_name,SRC-IFCT2017,D008
GF-ING-00091,Khongdrum,Manipuri,regional_name,SRC-IFCT2017,D008
GF-ING-00091,Pandhara,Marathi,regional_name,SRC-IFCT2017,D008
GF-ING-00091,Lauka,Nepali,regional_name,SRC-IFCT2017,D008
GF-ING-00091,Lau,Odia,regional_name,SRC-IFCT2017,D008
GF-ING-00091,Kdu,Punjabi,regional_name,SRC-IFCT2017,D008
GF-ING-00091,Kaarabellam,Sanskrit,regional_name,SRC-IFCT2017,D008
GF-ING-00091,Suraikkai,Tamil,regional_name,SRC-IFCT2017,D008
GF-ING-00091,Sorrakaya,Telugu,regional_name,SRC-IFCT2017,D008
GF-ING-00091,Lowki.,Urdu,regional_name,SRC-IFCT2017,D008
GF-ING-00092,"Bottle gourd, elongate, dark green",English,source_name,SRC-IFCT2017,D009
GF-ING-00092,Jatilao,Assamese,regional_name,SRC-IFCT2017,D009
GF-ING-00092,Lau,Bengali,regional_name,SRC-IFCT2017,D009
GF-ING-00092,"Calabash, White flowered gourd",English,regional_name,SRC-IFCT2017,D009
GF-ING-00092,Dudhi,Gujarati,regional_name,SRC-IFCT2017,D009
GF-ING-00092,Lowki,Hindi,regional_name,SRC-IFCT2017,D009
GF-ING-00092,Sorekai,Kannada,regional_name,SRC-IFCT2017,D009
GF-ING-00092,Lowki,Urdu,regional_name,SRC-IFCT2017,D009
GF-ING-00092,Zeth aal,Kashmiri,regional_name,SRC-IFCT2017,D009
GF-ING-00092,Klong jrong,Khasi,regional_name,SRC-IFCT2017,D009
GF-ING-00092,Cheranga,Malayalam,regional_name,SRC-IFCT2017,D009
GF-ING-00092,Khongdrum,Manipuri,regional_name,SRC-IFCT2017,D009
GF-ING-00092,Pandhara,Marathi,regional_name,SRC-IFCT2017,D009
GF-ING-00092,Lauka,Nepali,regional_name,SRC-IFCT2017,D009
GF-ING-00092,Lau,Odia,regional_name,SRC-IFCT2017,D009
GF-ING-00092,Kadu,Punjabi,regional_name,SRC-IFCT2017,D009
GF-ING-00092,Kaarabellam,Sanskrit,regional_name,SRC-IFCT2017,D009
GF-ING-00092,Suraikkai,Tamil,regional_name,SRC-IFCT2017,D009
GF-ING-00092,Sorrakaya.,Telugu,regional_name,SRC-IFCT2017,D009
GF-ING-00093,Brinjal 1,English,source_name,SRC-IFCT2017,D010
GF-ING-00093,Bengena,Assamese,regional_name,SRC-IFCT2017,D010
GF-ING-00093,Begun,Bengali,regional_name,SRC-IFCT2017,D010
GF-ING-00093,"Eggplant, Aubergine",English,regional_name,SRC-IFCT2017,D010
GF-ING-00093,Ringna,Gujarati,regional_name,SRC-IFCT2017,D010
GF-ING-00093,Baingan,Hindi,regional_name,SRC-IFCT2017,D010
GF-ING-00093,Badane,Kannada,regional_name,SRC-IFCT2017,D010
GF-ING-00093,Wagun,Kashmiri,regional_name,SRC-IFCT2017,D010
GF-ING-00093,Sohbaingon jyrngam,Khasi,regional_name,SRC-IFCT2017,D010
GF-ING-00093,Vazhuthiniga,Malayalam,regional_name,SRC-IFCT2017,D010
GF-ING-00093,Lam Khamen,Manipuri,regional_name,SRC-IFCT2017,D010
GF-ING-00093,Vange,Marathi,regional_name,SRC-IFCT2017,D010
GF-ING-00093,Bhantaa,Nepali,regional_name,SRC-IFCT2017,D010
GF-ING-00093,Baigan,Odia,regional_name,SRC-IFCT2017,D010
GF-ING-00093,Baigan,Punjabi,regional_name,SRC-IFCT2017,D010
GF-ING-00093,Vruntaakam,Sanskrit,regional_name,SRC-IFCT2017,D010
GF-ING-00093,Kathirikkai,Tamil,regional_name,SRC-IFCT2017,D010
GF-ING-00093,Vankaya,Telugu,regional_name,SRC-IFCT2017,D010
GF-ING-00093,Baigan.,Urdu,regional_name,SRC-IFCT2017,D010
GF-ING-00094,Brinjal 2,English,source_name,SRC-IFCT2017,D011
GF-ING-00094,Bengena,Assamese,regional_name,SRC-IFCT2017,D011
GF-ING-00094,Begun,Bengali,regional_name,SRC-IFCT2017,D011
GF-ING-00094,"Eggplant, Aubergine",English,regional_name,SRC-IFCT2017,D011
GF-ING-00094,Ringna,Gujarati,regional_name,SRC-IFCT2017,D011
GF-ING-00094,Baingan,Hindi,regional_name,SRC-IFCT2017,D011
GF-ING-00094,Badane,Kannada,regional_name,SRC-IFCT2017,D011
GF-ING-00094,Wagun,Kashmiri,regional_name,SRC-IFCT2017,D011
GF-ING-00094,Sohbaingon jyrngam,Khasi,regional_name,SRC-IFCT2017,D011
GF-ING-00094,Vazhuthiniga,Malayalam,regional_name,SRC-IFCT2017,D011
GF-ING-00094,Lam Khamen,Manipuri,regional_name,SRC-IFCT2017,D011
GF-ING-00094,Vange,Marathi,regional_name,SRC-IFCT2017,D011
GF-ING-00094,Bhantaa,Nepali,regional_name,SRC-IFCT2017,D011
GF-ING-00094,Baigan,Odia,regional_name,SRC-IFCT2017,D011
GF-ING-00094,Baigan,Punjabi,regional_name,SRC-IFCT2017,D011
GF-ING-00094,Vruntaakam,Sanskrit,regional_name,SRC-IFCT2017,D011
GF-ING-00094,Kathirikkai,Tamil,regional_name,SRC-IFCT2017,D011
GF-ING-00094,Vankaya,Telugu,regional_name,SRC-IFCT2017,D011
GF-ING-00094,Baigan.,Urdu,regional_name,SRC-IFCT2017,D011
GF-ING-00095,Brinjal 3,English,source_name,SRC-IFCT2017,D012
GF-ING-00095,Bengena,Assamese,regional_name,SRC-IFCT2017,D012
GF-ING-00095,Begun,Bengali,regional_name,SRC-IFCT2017,D012
GF-ING-00095,"Eggplant, Aubergine",English,regional_name,SRC-IFCT2017,D012
GF-ING-00095,Ringna,Gujarati,regional_name,SRC-IFCT2017,D012
GF-ING-00095,Baingan,Hindi,regional_name,SRC-IFCT2017,D012
GF-ING-00095,Badane,Kannada,regional_name,SRC-IFCT2017,D012
GF-ING-00095,Wagun,Kashmiri,regional_name,SRC-IFCT2017,D012
GF-ING-00095,Sohbaingon jyrngam,Khasi,regional_name,SRC-IFCT2017,D012
GF-ING-00095,Vazhuthiniga,Malayalam,regional_name,SRC-IFCT2017,D012
GF-ING-00095,Lam Khamen,Manipuri,regional_name,SRC-IFCT2017,D012
GF-ING-00095,Vange,Marathi,regional_name,SRC-IFCT2017,D012
GF-ING-00095,Bhantaa,Nepali,regional_name,SRC-IFCT2017,D012
GF-ING-00095,Baigan,Odia,regional_name,SRC-IFCT2017,D012
GF-ING-00095,Baigan,Punjabi,regional_name,SRC-IFCT2017,D012
GF-ING-00095,Vruntaakam,Sanskrit,regional_name,SRC-IFCT2017,D012
GF-ING-00095,Kathirikkai,Tamil,regional_name,SRC-IFCT2017,D012
GF-ING-00095,Vankaya,Telugu,regional_name,SRC-IFCT2017,D012
GF-ING-00095,Baigan.,Urdu,regional_name,SRC-IFCT2017,D012
GF-ING-00096,Brinjal 4,English,source_name,SRC-IFCT2017,D013
GF-ING-00096,Bengena,Assamese,regional_name,SRC-IFCT2017,D013
GF-ING-00096,Begun,Bengali,regional_name,SRC-IFCT2017,D013
GF-ING-00096,"Eggplant, Aubergine",English,regional_name,SRC-IFCT2017,D013
GF-ING-00096,Ringna,Gujarati,regional_name,SRC-IFCT2017,D013
GF-ING-00096,Baingan,Hindi,regional_name,SRC-IFCT2017,D013
GF-ING-00096,Badane,Kannada,regional_name,SRC-IFCT2017,D013
GF-ING-00096,Wagun,Kashmiri,regional_name,SRC-IFCT2017,D013
GF-ING-00096,Sohbaingon jyrngam,Khasi,regional_name,SRC-IFCT2017,D013
GF-ING-00096,Vazhuthiniga,Malayalam,regional_name,SRC-IFCT2017,D013
GF-ING-00096,Lam Khamen,Manipuri,regional_name,SRC-IFCT2017,D013
GF-ING-00096,Vange,Marathi,regional_name,SRC-IFCT2017,D013
GF-ING-00096,Bhantaa,Nepali,regional_name,SRC-IFCT2017,D013
GF-ING-00096,Baigan,Odia,regional_name,SRC-IFCT2017,D013
GF-ING-00096,Baigan,Punjabi,regional_name,SRC-IFCT2017,D013
GF-ING-00096,Vruntaakam,Sanskrit,regional_name,SRC-IFCT2017,D013
GF-ING-00096,Kathirikkai,Tamil,regional_name,SRC-IFCT2017,D013
GF-ING-00096,Vankaya,Telugu,regional_name,SRC-IFCT2017,D013
GF-ING-00096,Baigan.,Urdu,regional_name,SRC-IFCT2017,D013
GF-ING-00097,Brinjal 5,English,source_name,SRC-IFCT2017,D014
GF-ING-00097,Bengena,Assamese,regional_name,SRC-IFCT2017,D014
GF-ING-00097,Begun,Bengali,regional_name,SRC-IFCT2017,D014
GF-ING-00097,"Eggplant, Aubergine",English,regional_name,SRC-IFCT2017,D014
GF-ING-00097,Ringna,Gujarati,regional_name,SRC-IFCT2017,D014
GF-ING-00097,Baingan,Hindi,regional_name,SRC-IFCT2017,D014
GF-ING-00097,Badane,Kannada,regional_name,SRC-IFCT2017,D014
GF-ING-00097,Wagun,Kashmiri,regional_name,SRC-IFCT2017,D014
GF-ING-00097,Sohbaingon jyrngam,Khasi,regional_name,SRC-IFCT2017,D014
GF-ING-00097,Vazhuthiniga,Malayalam,regional_name,SRC-IFCT2017,D014
GF-ING-00097,Lam Khamen,Manipuri,regional_name,SRC-IFCT2017,D014
GF-ING-00097,Vange,Marathi,regional_name,SRC-IFCT2017,D014
GF-ING-00097,Bhantaa,Nepali,regional_name,SRC-IFCT2017,D014
GF-ING-00097,Baigan,Odia,regional_name,SRC-IFCT2017,D014
GF-ING-00097,Baigan,Punjabi,regional_name,SRC-IFCT2017,D014
GF-ING-00097,Vruntaakam,Sanskrit,regional_name,SRC-IFCT2017,D014
GF-ING-00097,Kathirikkai,Tamil,regional_name,SRC-IFCT2017,D014
GF-ING-00097,Vankaya,Telugu,regional_name,SRC-IFCT2017,D014
GF-ING-00097,Baigan,Urdu,regional_name,SRC-IFCT2017,D014
GF-ING-00098,Brinjal 6,English,source_name,SRC-IFCT2017,D015
GF-ING-00098,Bengena,Assamese,regional_name,SRC-IFCT2017,D015
GF-ING-00098,Begun,Bengali,regional_name,SRC-IFCT2017,D015
GF-ING-00098,"Eggplant, Aubergine",English,regional_name,SRC-IFCT2017,D015
GF-ING-00098,Ringna,Gujarati,regional_name,SRC-IFCT2017,D015
GF-ING-00098,Baingan,Hindi,regional_name,SRC-IFCT2017,D015
GF-ING-00098,Badane,Kannada,regional_name,SRC-IFCT2017,D015
GF-ING-00098,Wagun,Kashmiri,regional_name,SRC-IFCT2017,D015
GF-ING-00098,Sohbaingon jyrngam,Khasi,regional_name,SRC-IFCT2017,D015
GF-ING-00098,Vazhuthiniga,Malayalam,regional_name,SRC-IFCT2017,D015
GF-ING-00098,Lam Khamen,Manipuri,regional_name,SRC-IFCT2017,D015
GF-ING-00098,Vange,Marathi,regional_name,SRC-IFCT2017,D015
GF-ING-00098,Bhantaa,Nepali,regional_name,SRC-IFCT2017,D015
GF-ING-00098,Baigan,Odia,regional_name,SRC-IFCT2017,D015
GF-ING-00098,Baigan,Punjabi,regional_name,SRC-IFCT2017,D015
GF-ING-00098,Vruntaakam,Sanskrit,regional_name,SRC-IFCT2017,D015
GF-ING-00098,Kathirikkai,Tamil,regional_name,SRC-IFCT2017,D015
GF-ING-00098,Vankaya,Telugu,regional_name,SRC-IFCT2017,D015
GF-ING-00098,Baigan,Urdu,regional_name,SRC-IFCT2017,D015
GF-ING-00099,Brinjal 7,English,source_name,SRC-IFCT2017,D016
GF-ING-00099,Bengena,Assamese,regional_name,SRC-IFCT2017,D016
GF-ING-00099,Begun,Bengali,regional_name,SRC-IFCT2017,D016
GF-ING-00099,"Eggplant, Aubergine",English,regional_name,SRC-IFCT2017,D016
GF-ING-00099,Ringna,Gujarati,regional_name,SRC-IFCT2017,D016
GF-ING-00099,Baingan,Hindi,regional_name,SRC-IFCT2017,D016
GF-ING-00099,Badane,Kannada,regional_name,SRC-IFCT2017,D016
GF-ING-00099,Wagun,Kashmiri,regional_name,SRC-IFCT2017,D016
GF-ING-00099,Sohbaingon jyrngam,Khasi,regional_name,SRC-IFCT2017,D016
GF-ING-00099,Vazhuthiniga,Malayalam,regional_name,SRC-IFCT2017,D016
GF-ING-00099,Lam Khamen,Manipuri,regional_name,SRC-IFCT2017,D016
GF-ING-00099,Vange,Marathi,regional_name,SRC-IFCT2017,D016
GF-ING-00099,Bhantaa,Nepali,regional_name,SRC-IFCT2017,D016
GF-ING-00099,Baigan,Odia,regional_name,SRC-IFCT2017,D016
GF-ING-00099,Baigan,Punjabi,regional_name,SRC-IFCT2017,D016
GF-ING-00099,Vruntaakam,Sanskrit,regional_name,SRC-IFCT2017,D016
GF-ING-00099,Kathirikkai,Tamil,regional_name,SRC-IFCT2017,D016
GF-ING-00099,Vankaya,Telugu,regional_name,SRC-IFCT2017,D016
GF-ING-00099,Baigan,Urdu,regional_name,SRC-IFCT2017,D016
GF-ING-00100,Brinjal 8,English,source_name,SRC-IFCT2017,D017
GF-ING-00100,Bengena,Assamese,regional_name,SRC-IFCT2017,D017
GF-ING-00100,Begun,Bengali,regional_name,SRC-IFCT2017,D017
GF-ING-00100,"Eggplant, Aubergine",English,regional_name,SRC-IFCT2017,D017
GF-ING-00100,Ringna,Gujarati,regional_name,SRC-IFCT2017,D017
GF-ING-00100,Baingan,Hindi,regional_name,SRC-IFCT2017,D017
GF-ING-00100,Badane,Kannada,regional_name,SRC-IFCT2017,D017
GF-ING-00100,Wagun,Kashmiri,regional_name,SRC-IFCT2017,D017
GF-ING-00100,Sohbaingon jyrngam,Khasi,regional_name,SRC-IFCT2017,D017
GF-ING-00100,Vazhuthiniga,Malayalam,regional_name,SRC-IFCT2017,D017
GF-ING-00100,Lam Khamen,Manipuri,regional_name,SRC-IFCT2017,D017
GF-ING-00100,Vange,Marathi,regional_name,SRC-IFCT2017,D017
GF-ING-00100,Bhantaa,Nepali,regional_name,SRC-IFCT2017,D017
GF-ING-00100,Baigan,Odia,regional_name,SRC-IFCT2017,D017
GF-ING-00100,Baigan,Punjabi,regional_name,SRC-IFCT2017,D017
GF-ING-00100,Vruntaakam,Sanskrit,regional_name,SRC-IFCT2017,D017
GF-ING-00100,Kathirikkai,Tamil,regional_name,SRC-IFCT2017,D017
GF-ING-00100,Vankaya,Telugu,regional_name,SRC-IFCT2017,D017
GF-ING-00100,Baigan.,Urdu,regional_name,SRC-IFCT2017,D017
GF-ING-00101,Brinjal 9,English,source_name,SRC-IFCT2017,D018
GF-ING-00101,Bengena,Assamese,regional_name,SRC-IFCT2017,D018
GF-ING-00101,Begun,Bengali,regional_name,SRC-IFCT2017,D018
GF-ING-00101,"Eggplant, Aubergine",English,regional_name,SRC-IFCT2017,D018
GF-ING-00101,Ringna,Gujarati,regional_name,SRC-IFCT2017,D018
GF-ING-00101,Baingan,Hindi,regional_name,SRC-IFCT2017,D018
GF-ING-00101,Badane,Kannada,regional_name,SRC-IFCT2017,D018
GF-ING-00101,Wagun,Kashmiri,regional_name,SRC-IFCT2017,D018
GF-ING-00101,Sohbaingon jyrngam,Khasi,regional_name,SRC-IFCT2017,D018
GF-ING-00101,Vazhuthiniga,Malayalam,regional_name,SRC-IFCT2017,D018
GF-ING-00101,Lam Khamen,Manipuri,regional_name,SRC-IFCT2017,D018
GF-ING-00101,Vange,Marathi,regional_name,SRC-IFCT2017,D018
GF-ING-00101,Bhantaa,Nepali,regional_name,SRC-IFCT2017,D018
GF-ING-00101,Baigan,Odia,regional_name,SRC-IFCT2017,D018
GF-ING-00101,Baigan,Punjabi,regional_name,SRC-IFCT2017,D018
GF-ING-00101,Vruntaakam,Sanskrit,regional_name,SRC-IFCT2017,D018
GF-ING-00101,Kathirikkai,Tamil,regional_name,SRC-IFCT2017,D018
GF-ING-00101,Vankaya,Telugu,regional_name,SRC-IFCT2017,D018
GF-ING-00101,Baigan.,Urdu,regional_name,SRC-IFCT2017,D018
GF-ING-00102,Brinjal 10,English,source_name,SRC-IFCT2017,D019
GF-ING-00102,Bengena,Assamese,regional_name,SRC-IFCT2017,D019
GF-ING-00102,Begun,Bengali,regional_name,SRC-IFCT2017,D019
GF-ING-00102,"Eggplant, Aubergine",English,regional_name,SRC-IFCT2017,D019
GF-ING-00102,Ringna,Gujarati,regional_name,SRC-IFCT2017,D019
GF-ING-00102,Baingan,Hindi,regional_name,SRC-IFCT2017,D019
GF-ING-00102,Badane,Kannada,regional_name,SRC-IFCT2017,D019
GF-ING-00102,Wagun,Kashmiri,regional_name,SRC-IFCT2017,D019
GF-ING-00102,Sohbaingon jyrngam,Khasi,regional_name,SRC-IFCT2017,D019
GF-ING-00102,Vazhuthiniga,Malayalam,regional_name,SRC-IFCT2017,D019
GF-ING-00102,Lam Khamen,Manipuri,regional_name,SRC-IFCT2017,D019
GF-ING-00102,Vange,Marathi,regional_name,SRC-IFCT2017,D019
GF-ING-00102,Bhantaa,Nepali,regional_name,SRC-IFCT2017,D019
GF-ING-00102,Baigan,Odia,regional_name,SRC-IFCT2017,D019
GF-ING-00102,Baigan,Punjabi,regional_name,SRC-IFCT2017,D019
GF-ING-00102,Vruntaakam,Sanskrit,regional_name,SRC-IFCT2017,D019
GF-ING-00102,Kathirikkai,Tamil,regional_name,SRC-IFCT2017,D019
GF-ING-00102,Vankaya,Telugu,regional_name,SRC-IFCT2017,D019
GF-ING-00102,Baigan.,Urdu,regional_name,SRC-IFCT2017,D019
GF-ING-00103,Brinjal 11,English,source_name,SRC-IFCT2017,D020
GF-ING-00103,Bengena,Assamese,regional_name,SRC-IFCT2017,D020
GF-ING-00103,Begun,Bengali,regional_name,SRC-IFCT2017,D020
GF-ING-00103,"Eggplant, Aubergine",English,regional_name,SRC-IFCT2017,D020
GF-ING-00103,Ringna,Gujarati,regional_name,SRC-IFCT2017,D020
GF-ING-00103,Baingan,Hindi,regional_name,SRC-IFCT2017,D020
GF-ING-00103,Badane,Kannada,regional_name,SRC-IFCT2017,D020
GF-ING-00103,Wagun,Kashmiri,regional_name,SRC-IFCT2017,D020
GF-ING-00103,Sohbaingon jyrngam,Khasi,regional_name,SRC-IFCT2017,D020
GF-ING-00103,Vazhuthiniga,Malayalam,regional_name,SRC-IFCT2017,D020
GF-ING-00103,Lam Khamen,Manipuri,regional_name,SRC-IFCT2017,D020
GF-ING-00103,Vange,Marathi,regional_name,SRC-IFCT2017,D020
GF-ING-00103,Bhantaa,Nepali,regional_name,SRC-IFCT2017,D020
GF-ING-00103,Baigan,Odia,regional_name,SRC-IFCT2017,D020
GF-ING-00103,Baigan,Punjabi,regional_name,SRC-IFCT2017,D020
GF-ING-00103,Vruntaakam,Sanskrit,regional_name,SRC-IFCT2017,D020
GF-ING-00103,Kathirikkai,Tamil,regional_name,SRC-IFCT2017,D020
GF-ING-00103,Vankaya,Telugu,regional_name,SRC-IFCT2017,D020
GF-ING-00103,Baigan.,Urdu,regional_name,SRC-IFCT2017,D020
GF-ING-00104,Brinjal 12,English,source_name,SRC-IFCT2017,D021
GF-ING-00104,Bengena,Assamese,regional_name,SRC-IFCT2017,D021
GF-ING-00104,Begun,Bengali,regional_name,SRC-IFCT2017,D021
GF-ING-00104,"Eggplant, Aubergine",English,regional_name,SRC-IFCT2017,D021
GF-ING-00104,Ringna,Gujarati,regional_name,SRC-IFCT2017,D021
GF-ING-00104,Baingan,Hindi,regional_name,SRC-IFCT2017,D021
GF-ING-00104,Badane,Kannada,regional_name,SRC-IFCT2017,D021
GF-ING-00104,Wagun,Kashmiri,regional_name,SRC-IFCT2017,D021
GF-ING-00104,Sohbaingon jyrngam,Khasi,regional_name,SRC-IFCT2017,D021
GF-ING-00104,Vazhuthiniga,Malayalam,regional_name,SRC-IFCT2017,D021
GF-ING-00104,Lam Khamen,Manipuri,regional_name,SRC-IFCT2017,D021
GF-ING-00104,Vange,Marathi,regional_name,SRC-IFCT2017,D021
GF-ING-00104,Bhantaa,Nepali,regional_name,SRC-IFCT2017,D021
GF-ING-00104,Baigan,Odia,regional_name,SRC-IFCT2017,D021
GF-ING-00104,Baigan,Punjabi,regional_name,SRC-IFCT2017,D021
GF-ING-00104,Vruntaakam,Sanskrit,regional_name,SRC-IFCT2017,D021
GF-ING-00104,Kathirikkai,Tamil,regional_name,SRC-IFCT2017,D021
GF-ING-00104,Vankaya,Telugu,regional_name,SRC-IFCT2017,D021
GF-ING-00104,Baigan.,Urdu,regional_name,SRC-IFCT2017,D021
GF-ING-00105,Brinjal 13,English,source_name,SRC-IFCT2017,D022
GF-ING-00105,Bengena,Assamese,regional_name,SRC-IFCT2017,D022
GF-ING-00105,Begun,Bengali,regional_name,SRC-IFCT2017,D022
GF-ING-00105,"Eggplant, Aubergine",English,regional_name,SRC-IFCT2017,D022
GF-ING-00105,Ringna,Gujarati,regional_name,SRC-IFCT2017,D022
GF-ING-00105,Baingan,Hindi,regional_name,SRC-IFCT2017,D022
GF-ING-00105,Badane,Kannada,regional_name,SRC-IFCT2017,D022
GF-ING-00105,Wagun,Kashmiri,regional_name,SRC-IFCT2017,D022
GF-ING-00105,Sohbaingon jyrngam,Khasi,regional_name,SRC-IFCT2017,D022
GF-ING-00105,Vazhuthiniga,Malayalam,regional_name,SRC-IFCT2017,D022
GF-ING-00105,Lam Khamen,Manipuri,regional_name,SRC-IFCT2017,D022
GF-ING-00105,Vange,Marathi,regional_name,SRC-IFCT2017,D022
GF-ING-00105,Bhantaa,Nepali,regional_name,SRC-IFCT2017,D022
GF-ING-00105,Baigan,Odia,regional_name,SRC-IFCT2017,D022
GF-ING-00105,Baigan,Punjabi,regional_name,SRC-IFCT2017,D022
GF-ING-00105,Vruntaakam,Sanskrit,regional_name,SRC-IFCT2017,D022
GF-ING-00105,Kathirikkai,Tamil,regional_name,SRC-IFCT2017,D022
GF-ING-00105,Vankaya,Telugu,regional_name,SRC-IFCT2017,D022
GF-ING-00105,Baigan.,Urdu,regional_name,SRC-IFCT2017,D022
GF-ING-00106,Brinjal 14,English,source_name,SRC-IFCT2017,D023
GF-ING-00106,Bengena,Assamese,regional_name,SRC-IFCT2017,D023
GF-ING-00106,Begun,Bengali,regional_name,SRC-IFCT2017,D023
GF-ING-00106,"Eggplant, Aubergine",English,regional_name,SRC-IFCT2017,D023
GF-ING-00106,Ringna,Gujarati,regional_name,SRC-IFCT2017,D023
GF-ING-00106,Baingan,Hindi,regional_name,SRC-IFCT2017,D023
GF-ING-00106,Badane,Kannada,regional_name,SRC-IFCT2017,D023
GF-ING-00106,Wagun,Kashmiri,regional_name,SRC-IFCT2017,D023
GF-ING-00106,Sohbaingon jyrngam,Khasi,regional_name,SRC-IFCT2017,D023
GF-ING-00106,Vazhuthiniga,Malayalam,regional_name,SRC-IFCT2017,D023
GF-ING-00106,Lam Khamen,Manipuri,regional_name,SRC-IFCT2017,D023
GF-ING-00106,Vange,Marathi,regional_name,SRC-IFCT2017,D023
GF-ING-00106,Bhantaa,Nepali,regional_name,SRC-IFCT2017,D023
GF-ING-00106,Baigan,Odia,regional_name,SRC-IFCT2017,D023
GF-ING-00106,Baigan,Punjabi,regional_name,SRC-IFCT2017,D023
GF-ING-00106,Vruntaakam,Sanskrit,regional_name,SRC-IFCT2017,D023
GF-ING-00106,Kathirikkai,Tamil,regional_name,SRC-IFCT2017,D023
GF-ING-00106,Vankaya,Telugu,regional_name,SRC-IFCT2017,D023
GF-ING-00106,Baigan.,Urdu,regional_name,SRC-IFCT2017,D023
GF-ING-00107,Brinjal 15,English,source_name,SRC-IFCT2017,D024
GF-ING-00107,Bengena,Assamese,regional_name,SRC-IFCT2017,D024
GF-ING-00107,Begun,Bengali,regional_name,SRC-IFCT2017,D024
GF-ING-00107,"Eggplant, Aubergine",English,regional_name,SRC-IFCT2017,D024
GF-ING-00107,Ringna,Gujarati,regional_name,SRC-IFCT2017,D024
GF-ING-00107,Baingan,Hindi,regional_name,SRC-IFCT2017,D024
GF-ING-00107,Badane,Kannada,regional_name,SRC-IFCT2017,D024
GF-ING-00107,Wagun,Kashmiri,regional_name,SRC-IFCT2017,D024
GF-ING-00107,Sohbaingon jyrngam,Khasi,regional_name,SRC-IFCT2017,D024
GF-ING-00107,Vazhuthiniga,Malayalam,regional_name,SRC-IFCT2017,D024
GF-ING-00107,Lam Khamen,Manipuri,regional_name,SRC-IFCT2017,D024
GF-ING-00107,Vange,Marathi,regional_name,SRC-IFCT2017,D024
GF-ING-00107,Bhantaa,Nepali,regional_name,SRC-IFCT2017,D024
GF-ING-00107,Baigan,Odia,regional_name,SRC-IFCT2017,D024
GF-ING-00107,Baigan,Punjabi,regional_name,SRC-IFCT2017,D024
GF-ING-00107,Vruntaakam,Sanskrit,regional_name,SRC-IFCT2017,D024
GF-ING-00107,Kathirikkai,Tamil,regional_name,SRC-IFCT2017,D024
GF-ING-00107,Vankaya,Telugu,regional_name,SRC-IFCT2017,D024
GF-ING-00107,Baigan.,Urdu,regional_name,SRC-IFCT2017,D024
GF-ING-00108,Brinjal 16,English,source_name,SRC-IFCT2017,D025
GF-ING-00108,Bengena,Assamese,regional_name,SRC-IFCT2017,D025
GF-ING-00108,Begun,Bengali,regional_name,SRC-IFCT2017,D025
GF-ING-00108,"Eggplant, Aubergine",English,regional_name,SRC-IFCT2017,D025
GF-ING-00108,Ringna,Gujarati,regional_name,SRC-IFCT2017,D025
GF-ING-00108,Baingan,Hindi,regional_name,SRC-IFCT2017,D025
GF-ING-00108,Badane,Kannada,regional_name,SRC-IFCT2017,D025
GF-ING-00108,Wagun,Kashmiri,regional_name,SRC-IFCT2017,D025
GF-ING-00108,Sohbaingon jyrngam,Khasi,regional_name,SRC-IFCT2017,D025
GF-ING-00108,Vazhuthiniga,Malayalam,regional_name,SRC-IFCT2017,D025
GF-ING-00108,Lam Khamen,Manipuri,regional_name,SRC-IFCT2017,D025
GF-ING-00108,Vange,Marathi,regional_name,SRC-IFCT2017,D025
GF-ING-00108,Bhantaa,Nepali,regional_name,SRC-IFCT2017,D025
GF-ING-00108,Baigan,Odia,regional_name,SRC-IFCT2017,D025
GF-ING-00108,Baigan,Punjabi,regional_name,SRC-IFCT2017,D025
GF-ING-00108,Vruntaakam,Sanskrit,regional_name,SRC-IFCT2017,D025
GF-ING-00108,Kathirikkai,Tamil,regional_name,SRC-IFCT2017,D025
GF-ING-00108,Vankaya,Telugu,regional_name,SRC-IFCT2017,D025
GF-ING-00108,Baigan.,Urdu,regional_name,SRC-IFCT2017,D025
GF-ING-00109,Brinjal 17,English,source_name,SRC-IFCT2017,D026
GF-ING-00109,Bengena,Assamese,regional_name,SRC-IFCT2017,D026
GF-ING-00109,Begun,Bengali,regional_name,SRC-IFCT2017,D026
GF-ING-00109,"Eggplant, Aubergine",English,regional_name,SRC-IFCT2017,D026
GF-ING-00109,Ringna,Gujarati,regional_name,SRC-IFCT2017,D026
GF-ING-00109,Baingan,Hindi,regional_name,SRC-IFCT2017,D026
GF-ING-00109,Badane,Kannada,regional_name,SRC-IFCT2017,D026
GF-ING-00109,Wagun,Kashmiri,regional_name,SRC-IFCT2017,D026
GF-ING-00109,Sohbaingon jyrngam,Khasi,regional_name,SRC-IFCT2017,D026
GF-ING-00109,Vazhuthiniga,Malayalam,regional_name,SRC-IFCT2017,D026
GF-ING-00109,Lam Khamen,Manipuri,regional_name,SRC-IFCT2017,D026
GF-ING-00109,Vange,Marathi,regional_name,SRC-IFCT2017,D026
GF-ING-00109,Bhantaa,Nepali,regional_name,SRC-IFCT2017,D026
GF-ING-00109,Baigan,Odia,regional_name,SRC-IFCT2017,D026
GF-ING-00109,Baigan,Punjabi,regional_name,SRC-IFCT2017,D026
GF-ING-00109,Vruntaakam,Sanskrit,regional_name,SRC-IFCT2017,D026
GF-ING-00109,Kathirikkai,Tamil,regional_name,SRC-IFCT2017,D026
GF-ING-00109,Vankaya,Telugu,regional_name,SRC-IFCT2017,D026
GF-ING-00109,Baigan.,Urdu,regional_name,SRC-IFCT2017,D026
GF-ING-00110,Brinjal 18,English,source_name,SRC-IFCT2017,D027
GF-ING-00110,Bengena,Assamese,regional_name,SRC-IFCT2017,D027
GF-ING-00110,Begun,Bengali,regional_name,SRC-IFCT2017,D027
GF-ING-00110,"Eggplant, Aubergine",English,regional_name,SRC-IFCT2017,D027
GF-ING-00110,Ringna,Gujarati,regional_name,SRC-IFCT2017,D027
GF-ING-00110,Baingan,Hindi,regional_name,SRC-IFCT2017,D027
GF-ING-00110,Badane,Kannada,regional_name,SRC-IFCT2017,D027
GF-ING-00110,Wagun,Kashmiri,regional_name,SRC-IFCT2017,D027
GF-ING-00110,Sohbaingon jyrngam,Khasi,regional_name,SRC-IFCT2017,D027
GF-ING-00110,Vazhuthiniga,Malayalam,regional_name,SRC-IFCT2017,D027
GF-ING-00110,Lam Khamen,Manipuri,regional_name,SRC-IFCT2017,D027
GF-ING-00110,Vange,Marathi,regional_name,SRC-IFCT2017,D027
GF-ING-00110,Bhantaa,Nepali,regional_name,SRC-IFCT2017,D027
GF-ING-00110,Baigan,Odia,regional_name,SRC-IFCT2017,D027
GF-ING-00110,Baigan,Punjabi,regional_name,SRC-IFCT2017,D027
GF-ING-00110,Vruntaakam,Sanskrit,regional_name,SRC-IFCT2017,D027
GF-ING-00110,Kathirikkai,Tamil,regional_name,SRC-IFCT2017,D027
GF-ING-00110,Vankaya,Telugu,regional_name,SRC-IFCT2017,D027
GF-ING-00110,Baigan.,Urdu,regional_name,SRC-IFCT2017,D027
GF-ING-00111,Brinjal 19,English,source_name,SRC-IFCT2017,D028
GF-ING-00111,Bengena,Assamese,regional_name,SRC-IFCT2017,D028
GF-ING-00111,Begun,Bengali,regional_name,SRC-IFCT2017,D028
GF-ING-00111,"Eggplant, Aubergine",English,regional_name,SRC-IFCT2017,D028
GF-ING-00111,Ringna,Gujarati,regional_name,SRC-IFCT2017,D028
GF-ING-00111,Baingan,Hindi,regional_name,SRC-IFCT2017,D028
GF-ING-00111,Badane,Kannada,regional_name,SRC-IFCT2017,D028
GF-ING-00111,Wagun,Kashmiri,regional_name,SRC-IFCT2017,D028
GF-ING-00111,Sohbaingon jyrngam,Khasi,regional_name,SRC-IFCT2017,D028
GF-ING-00111,Vazhuthiniga,Malayalam,regional_name,SRC-IFCT2017,D028
GF-ING-00111,Lam Khamen,Manipuri,regional_name,SRC-IFCT2017,D028
GF-ING-00111,Vange,Marathi,regional_name,SRC-IFCT2017,D028
GF-ING-00111,Bhantaa,Nepali,regional_name,SRC-IFCT2017,D028
GF-ING-00111,Baigan,Odia,regional_name,SRC-IFCT2017,D028
GF-ING-00111,Baigan,Punjabi,regional_name,SRC-IFCT2017,D028
GF-ING-00111,Vruntaakam,Sanskrit,regional_name,SRC-IFCT2017,D028
GF-ING-00111,Kathirikkai,Tamil,regional_name,SRC-IFCT2017,D028
GF-ING-00111,Vankaya,Telugu,regional_name,SRC-IFCT2017,D028
GF-ING-00111,Baigan.,Urdu,regional_name,SRC-IFCT2017,D028
GF-ING-00112,Brinjal 20,English,source_name,SRC-IFCT2017,D029
GF-ING-00112,Bengena,Assamese,regional_name,SRC-IFCT2017,D029
GF-ING-00112,Begun,Bengali,regional_name,SRC-IFCT2017,D029
GF-ING-00112,"Eggplant, Aubergine",English,regional_name,SRC-IFCT2017,D029
GF-ING-00112,Ringna,Gujarati,regional_name,SRC-IFCT2017,D029
GF-ING-00112,Baingan,Hindi,regional_name,SRC-IFCT2017,D029
GF-ING-00112,Badane,Kannada,regional_name,SRC-IFCT2017,D029
GF-ING-00112,Wagun,Kashmiri,regional_name,SRC-IFCT2017,D029
GF-ING-00112,Sohbaingon jyrngam,Khasi,regional_name,SRC-IFCT2017,D029
GF-ING-00112,Vazhuthiniga,Malayalam,regional_name,SRC-IFCT2017,D029
GF-ING-00112,Lam Khamen,Manipuri,regional_name,SRC-IFCT2017,D029
GF-ING-00112,Vange,Marathi,regional_name,SRC-IFCT2017,D029
GF-ING-00112,Bhantaa,Nepali,regional_name,SRC-IFCT2017,D029
GF-ING-00112,Baigan,Odia,regional_name,SRC-IFCT2017,D029
GF-ING-00112,Baigan,Punjabi,regional_name,SRC-IFCT2017,D029
GF-ING-00112,Vruntaakam,Sanskrit,regional_name,SRC-IFCT2017,D029
GF-ING-00112,Kathirikkai,Tamil,regional_name,SRC-IFCT2017,D029
GF-ING-00112,Vankaya,Telugu,regional_name,SRC-IFCT2017,D029
GF-ING-00112,Baigan.,Urdu,regional_name,SRC-IFCT2017,D029
GF-ING-00113,Brinjal 21,English,source_name,SRC-IFCT2017,D030
GF-ING-00113,Bengena,Assamese,regional_name,SRC-IFCT2017,D030
GF-ING-00113,Begun,Bengali,regional_name,SRC-IFCT2017,D030
GF-ING-00113,"Eggplant, Aubergine",English,regional_name,SRC-IFCT2017,D030
GF-ING-00113,Ringna,Gujarati,regional_name,SRC-IFCT2017,D030
GF-ING-00113,Baingan,Hindi,regional_name,SRC-IFCT2017,D030
GF-ING-00113,Badane,Kannada,regional_name,SRC-IFCT2017,D030
GF-ING-00113,Wagun,Kashmiri,regional_name,SRC-IFCT2017,D030
GF-ING-00113,Sohbaingon jyrngam,Khasi,regional_name,SRC-IFCT2017,D030
GF-ING-00113,Vazhuthiniga,Malayalam,regional_name,SRC-IFCT2017,D030
GF-ING-00113,Lam Khamen,Manipuri,regional_name,SRC-IFCT2017,D030
GF-ING-00113,Vange,Marathi,regional_name,SRC-IFCT2017,D030
GF-ING-00113,Bhantaa,Nepali,regional_name,SRC-IFCT2017,D030
GF-ING-00113,Baigan,Odia,regional_name,SRC-IFCT2017,D030
GF-ING-00113,Baigan,Punjabi,regional_name,SRC-IFCT2017,D030
GF-ING-00113,Vruntaakam,Sanskrit,regional_name,SRC-IFCT2017,D030
GF-ING-00113,Kathirikkai,Tamil,regional_name,SRC-IFCT2017,D030
GF-ING-00113,Vankaya,Telugu,regional_name,SRC-IFCT2017,D030
GF-ING-00113,Baigan.,Urdu,regional_name,SRC-IFCT2017,D030
GF-ING-00114,Brinjal - all varieties,English,source_name,SRC-IFCT2017,D031
GF-ING-00114,Bengena,Assamese,regional_name,SRC-IFCT2017,D031
GF-ING-00114,Begun,Bengali,regional_name,SRC-IFCT2017,D031
GF-ING-00114,"Eggplant, Aubergine",English,regional_name,SRC-IFCT2017,D031
GF-ING-00114,Ringna,Gujarati,regional_name,SRC-IFCT2017,D031
GF-ING-00114,Baingan,Hindi,regional_name,SRC-IFCT2017,D031
GF-ING-00114,Badane,Kannada,regional_name,SRC-IFCT2017,D031
GF-ING-00114,Wagun,Kashmiri,regional_name,SRC-IFCT2017,D031
GF-ING-00114,Sohbaingon jyrngam,Khasi,regional_name,SRC-IFCT2017,D031
GF-ING-00114,Vazhuthiniga,Malayalam,regional_name,SRC-IFCT2017,D031
GF-ING-00114,Lam Khamen,Manipuri,regional_name,SRC-IFCT2017,D031
GF-ING-00114,Vange,Marathi,regional_name,SRC-IFCT2017,D031
GF-ING-00114,Bhantaa,Nepali,regional_name,SRC-IFCT2017,D031
GF-ING-00114,Baigan,Odia,regional_name,SRC-IFCT2017,D031
GF-ING-00114,Baigan,Punjabi,regional_name,SRC-IFCT2017,D031
GF-ING-00114,Vruntaakam,Sanskrit,regional_name,SRC-IFCT2017,D031
GF-ING-00114,Kathirikkai,Tamil,regional_name,SRC-IFCT2017,D031
GF-ING-00114,Vankaya,Telugu,regional_name,SRC-IFCT2017,D031
GF-ING-00114,Baigan.,Urdu,regional_name,SRC-IFCT2017,D031
GF-ING-00115,Broad beans,English,source_name,SRC-IFCT2017,D032
GF-ING-00115,Urahi,Assamese,regional_name,SRC-IFCT2017,D032
GF-ING-00115,Makhon shim,Bengali,regional_name,SRC-IFCT2017,D032
GF-ING-00115,"Fava bean, Faba bean, Field bean, Bell bean, Tic bean",English,regional_name,SRC-IFCT2017,D032
GF-ING-00115,Fafda papdi,Gujarati,regional_name,SRC-IFCT2017,D032
GF-ING-00115,Bakla,Hindi,regional_name,SRC-IFCT2017,D032
GF-ING-00115,Chkaooaradavare,Kannada,regional_name,SRC-IFCT2017,D032
GF-ING-00115,Thool Haymbe,Kashmiri,regional_name,SRC-IFCT2017,D032
GF-ING-00115,Ri majai,Khasi,regional_name,SRC-IFCT2017,D032
GF-ING-00115,Amarakka,Malayalam,regional_name,SRC-IFCT2017,D032
GF-ING-00115,Ghewda,Marathi,regional_name,SRC-IFCT2017,D032
GF-ING-00115,Simba,Odia,regional_name,SRC-IFCT2017,D032
GF-ING-00115,Avarai,Tamil,regional_name,SRC-IFCT2017,D032
GF-ING-00115,Pedda chikkudu.,Telugu,regional_name,SRC-IFCT2017,D032
GF-ING-00116,"Capsicum, green",English,source_name,SRC-IFCT2017,D033
GF-ING-00116,Kashmiri jalakia,Assamese,regional_name,SRC-IFCT2017,D033
GF-ING-00116,Lanka (bilathi),Bengali,regional_name,SRC-IFCT2017,D033
GF-ING-00116,Bhuler marcha,Gujarati,regional_name,SRC-IFCT2017,D033
GF-ING-00116,Shimla mirch,Hindi,regional_name,SRC-IFCT2017,D033
GF-ING-00116,Donnmena-sinakayi,Kannada,regional_name,SRC-IFCT2017,D033
GF-ING-00116,Shimla marchwangan,Kashmiri,regional_name,SRC-IFCT2017,D033
GF-ING-00116,Sohmynken jhur jyrngam,Khasi,regional_name,SRC-IFCT2017,D033
GF-ING-00116,Undamulagu,Malayalam,regional_name,SRC-IFCT2017,D033
GF-ING-00116,Bhoplimirchi,Marathi,regional_name,SRC-IFCT2017,D033
GF-ING-00116,Shimla Lanka,Odia,regional_name,SRC-IFCT2017,D033
GF-ING-00116,Shimle-di-mirchi,Punjabi,regional_name,SRC-IFCT2017,D033
GF-ING-00116,Koda milagai,Tamil,regional_name,SRC-IFCT2017,D033
GF-ING-00116,Shimla mirchi,Telugu,regional_name,SRC-IFCT2017,D033
GF-ING-00116,Shimla mirchi.,Urdu,regional_name,SRC-IFCT2017,D033
GF-ING-00117,"Capsicum, red",English,source_name,SRC-IFCT2017,D034
GF-ING-00117,Kashmiri jalakia,Assamese,regional_name,SRC-IFCT2017,D034
GF-ING-00117,Lanka (bilathi),Bengali,regional_name,SRC-IFCT2017,D034
GF-ING-00117,Bhuler marcha,Gujarati,regional_name,SRC-IFCT2017,D034
GF-ING-00117,Shimla mirch,Hindi,regional_name,SRC-IFCT2017,D034
GF-ING-00117,Donnmena- sinakayi,Kannada,regional_name,SRC-IFCT2017,D034
GF-ING-00117,Shimla marchwangan,Kashmiri,regional_name,SRC-IFCT2017,D034
GF-ING-00117,Sohmynken jhur jyrngam,Khasi,regional_name,SRC-IFCT2017,D034
GF-ING-00117,Undamulagu,Malayalam,regional_name,SRC-IFCT2017,D034
GF-ING-00117,Bhoplimirchi,Marathi,regional_name,SRC-IFCT2017,D034
GF-ING-00117,Shimla Lanka,Odia,regional_name,SRC-IFCT2017,D034
GF-ING-00117,Shimle-di-mirchi,Punjabi,regional_name,SRC-IFCT2017,D034
GF-ING-00117,Koda milagai,Tamil,regional_name,SRC-IFCT2017,D034
GF-ING-00117,Shimla mirchi,Telugu,regional_name,SRC-IFCT2017,D034
GF-ING-00117,Shimla mirchi.,Urdu,regional_name,SRC-IFCT2017,D034
GF-ING-00118,"Capsicum, yellow",English,source_name,SRC-IFCT2017,D035
GF-ING-00118,Kashmiri jalakia,Assamese,regional_name,SRC-IFCT2017,D035
GF-ING-00118,Lanka (bilathi),Bengali,regional_name,SRC-IFCT2017,D035
GF-ING-00118,Bhuler marcha,Gujarati,regional_name,SRC-IFCT2017,D035
GF-ING-00118,Shimla mirch,Hindi,regional_name,SRC-IFCT2017,D035
GF-ING-00118,Donnmena-sinakayi,Kannada,regional_name,SRC-IFCT2017,D035
GF-ING-00118,Shimla marchwangan,Kashmiri,regional_name,SRC-IFCT2017,D035
GF-ING-00118,Sohmynken jhur stem,Khasi,regional_name,SRC-IFCT2017,D035
GF-ING-00118,Undamulagu,Malayalam,regional_name,SRC-IFCT2017,D035
GF-ING-00118,Bhoplimirchi,Marathi,regional_name,SRC-IFCT2017,D035
GF-ING-00118,Shimla Lanka,Odia,regional_name,SRC-IFCT2017,D035
GF-ING-00118,Shimle-di-mirchi,Punjabi,regional_name,SRC-IFCT2017,D035
GF-ING-00118,Koda milagai,Tamil,regional_name,SRC-IFCT2017,D035
GF-ING-00118,Shimla mirchi,Telugu,regional_name,SRC-IFCT2017,D035
GF-ING-00118,Shimla mirchi.,Urdu,regional_name,SRC-IFCT2017,D035
GF-ING-00119,Cauliflower,English,source_name,SRC-IFCT2017,D036
GF-ING-00119,Phul kobi,Assamese,regional_name,SRC-IFCT2017,D036
GF-ING-00119,Phul kopi,Bengali,regional_name,SRC-IFCT2017,D036
GF-ING-00119,Fulawar,Gujarati,regional_name,SRC-IFCT2017,D036
GF-ING-00119,Phul gobi,Hindi,regional_name,SRC-IFCT2017,D036
GF-ING-00119,Hukosu,Kannada,regional_name,SRC-IFCT2017,D036
GF-ING-00119,Phoolgobi,Kashmiri,regional_name,SRC-IFCT2017,D036
GF-ING-00119,Phul kubi,Khasi,regional_name,SRC-IFCT2017,D036
GF-ING-00119,Cauliflower,Malayalam,regional_name,SRC-IFCT2017,D036
GF-ING-00119,Kobithamchetmai,Manipuri,regional_name,SRC-IFCT2017,D036
GF-ING-00119,Phul gobi,Marathi,regional_name,SRC-IFCT2017,D036
GF-ING-00119,Kauli,Nepali,regional_name,SRC-IFCT2017,D036
GF-ING-00119,Phul Kobi,Odia,regional_name,SRC-IFCT2017,D036
GF-ING-00119,Phul gobi,Punjabi,regional_name,SRC-IFCT2017,D036
GF-ING-00119,Gojihvaa,Sanskrit,regional_name,SRC-IFCT2017,D036
GF-ING-00119,Pookosu,Tamil,regional_name,SRC-IFCT2017,D036
GF-ING-00119,Go puvvu,Telugu,regional_name,SRC-IFCT2017,D036
GF-ING-00119,Phul gobi.,Urdu,regional_name,SRC-IFCT2017,D036
GF-ING-00120,Celery stalk,English,source_name,SRC-IFCT2017,D037
GF-ING-00120,Randhuni,Bengali,regional_name,SRC-IFCT2017,D037
GF-ING-00120,Ajmud,Hindi,regional_name,SRC-IFCT2017,D037
GF-ING-00120,Dieng seleri,Khasi,regional_name,SRC-IFCT2017,D037
GF-ING-00120,Celery daandi,Gujarati,regional_name,SRC-IFCT2017,D037
GF-ING-00120,Sivarikkeerai.,Tamil,regional_name,SRC-IFCT2017,D037
GF-ING-00121,Cho-cho-marrow,English,source_name,SRC-IFCT2017,D038
GF-ING-00121,Squash,Assamese,regional_name,SRC-IFCT2017,D038
GF-ING-00121,"Cho cho marrow, Chayote",English,regional_name,SRC-IFCT2017,D038
GF-ING-00121,Cho-cho-marrow,Hindi,regional_name,SRC-IFCT2017,D038
GF-ING-00121,Cho-cho-marrow,Kannada,regional_name,SRC-IFCT2017,D038
GF-ING-00121,Dasakusa,Manipuri,regional_name,SRC-IFCT2017,D038
GF-ING-00121,Cho-cho-marrow,Malayalam,regional_name,SRC-IFCT2017,D038
GF-ING-00121,Cho cho sara,Marathi,regional_name,SRC-IFCT2017,D038
GF-ING-00121,Phuti kakudi,Odia,regional_name,SRC-IFCT2017,D038
GF-ING-00121,Biskot,Khasi,regional_name,SRC-IFCT2017,D038
GF-ING-00121,Chow-chow.,Tamil,regional_name,SRC-IFCT2017,D038
GF-ING-00122,Cluster beans,English,source_name,SRC-IFCT2017,D039
GF-ING-00122,Mah,Assamese,regional_name,SRC-IFCT2017,D039
GF-ING-00122,Jhar sim,Bengali,regional_name,SRC-IFCT2017,D039
GF-ING-00122,Guar,English,regional_name,SRC-IFCT2017,D039
GF-ING-00122,Govar,Gujarati,regional_name,SRC-IFCT2017,D039
GF-ING-00122,Gaur-ki-phalli,Hindi,regional_name,SRC-IFCT2017,D039
GF-ING-00122,Gori koyi,Kannada,regional_name,SRC-IFCT2017,D039
GF-ING-00122,Hyambi,Kashmiri,regional_name,SRC-IFCT2017,D039
GF-ING-00122,Kothavara,Malayalam,regional_name,SRC-IFCT2017,D039
GF-ING-00122,Govari,Marathi,regional_name,SRC-IFCT2017,D039
GF-ING-00122,Guanra chhuin,Odia,regional_name,SRC-IFCT2017,D039
GF-ING-00122,Guarae-di-faliya,Punjabi,regional_name,SRC-IFCT2017,D039
GF-ING-00122,Kothavaranga,Tamil,regional_name,SRC-IFCT2017,D039
GF-ING-00122,Goruchikkudu,Telugu,regional_name,SRC-IFCT2017,D039
GF-ING-00122,Gavar ki palli.,Urdu,regional_name,SRC-IFCT2017,D039
GF-ING-00123,"Colocasia, stem, black",English,source_name,SRC-IFCT2017,D040
GF-ING-00123,kosu thari,Assamese,regional_name,SRC-IFCT2017,D040
GF-ING-00123,Kochur loti,Bengali,regional_name,SRC-IFCT2017,D040
GF-ING-00123,Arwi-ki-dandi,Hindi,regional_name,SRC-IFCT2017,D040
GF-ING-00123,Kesu danthu,Kannada,regional_name,SRC-IFCT2017,D040
GF-ING-00123,Kawang iong,Khasi,regional_name,SRC-IFCT2017,D040
GF-ING-00123,Chembin thandu,Malayalam,regional_name,SRC-IFCT2017,D040
GF-ING-00123,Paan Makhok,Manipuri,regional_name,SRC-IFCT2017,D040
GF-ING-00123,Alu-che-dath,Marathi,regional_name,SRC-IFCT2017,D040
GF-ING-00123,Sarunada,Odia,regional_name,SRC-IFCT2017,D040
GF-ING-00123,Arbi de dande,Punjabi,regional_name,SRC-IFCT2017,D040
GF-ING-00123,Seppanthandu,Tamil,regional_name,SRC-IFCT2017,D040
GF-ING-00123,Chama kada,Telugu,regional_name,SRC-IFCT2017,D040
GF-ING-00123,Arwi ke kade.,Urdu,regional_name,SRC-IFCT2017,D040
GF-ING-00124,"Colocasia, stem, green",English,source_name,SRC-IFCT2017,D041
GF-ING-00124,Kosu thari,Assamese,regional_name,SRC-IFCT2017,D041
GF-ING-00124,Kochur loti,Bengali,regional_name,SRC-IFCT2017,D041
GF-ING-00124,Arwi-ki-dandi,Hindi,regional_name,SRC-IFCT2017,D041
GF-ING-00124,Kesu danthu,Kannada,regional_name,SRC-IFCT2017,D041
GF-ING-00124,Ka wang jyrngam,Khasi,regional_name,SRC-IFCT2017,D041
GF-ING-00124,Chembin thandu,Malayalam,regional_name,SRC-IFCT2017,D041
GF-ING-00124,Paan Makhok,Manipuri,regional_name,SRC-IFCT2017,D041
GF-ING-00124,Alu-che-dath,Marathi,regional_name,SRC-IFCT2017,D041
GF-ING-00124,Sarunada,Odia,regional_name,SRC-IFCT2017,D041
GF-ING-00124,Arbi de dande,Punjabi,regional_name,SRC-IFCT2017,D041
GF-ING-00124,Seppanthandu,Tamil,regional_name,SRC-IFCT2017,D041
GF-ING-00124,Chama kada,Telugu,regional_name,SRC-IFCT2017,D041
GF-ING-00124,Arwi ke kade.,Urdu,regional_name,SRC-IFCT2017,D041
GF-ING-00125,"Corn, baby",English,source_name,SRC-IFCT2017,D042
GF-ING-00125,Makai,Kashmiri,regional_name,SRC-IFCT2017,D042
GF-ING-00125,Riewhadem lung,Khasi,regional_name,SRC-IFCT2017,D042
GF-ING-00125,Chujaak,Manipuri,regional_name,SRC-IFCT2017,D042
GF-ING-00125,Shoti shalli.,Punjabi,regional_name,SRC-IFCT2017,D042
GF-ING-00126,"Cucumber, green, elongate",English,source_name,SRC-IFCT2017,D043
GF-ING-00126,Tiyoh,Assamese,regional_name,SRC-IFCT2017,D043
GF-ING-00126,Sosha,Bengali,regional_name,SRC-IFCT2017,D043
GF-ING-00126,Kakdi,Gujarati,regional_name,SRC-IFCT2017,D043
GF-ING-00126,"Kheera, Kachumbar",Hindi,regional_name,SRC-IFCT2017,D043
GF-ING-00126,Southe kayi,Kannada,regional_name,SRC-IFCT2017,D043
GF-ING-00126,Laar,Kashmiri,regional_name,SRC-IFCT2017,D043
GF-ING-00126,Sohkhia,Khasi,regional_name,SRC-IFCT2017,D043
GF-ING-00126,Vellarikka,Malayalam,regional_name,SRC-IFCT2017,D043
GF-ING-00126,Thabi,Manipuri,regional_name,SRC-IFCT2017,D043
GF-ING-00126,Kakadi,Marathi,regional_name,SRC-IFCT2017,D043
GF-ING-00126,Kakro,Nepali,regional_name,SRC-IFCT2017,D043
GF-ING-00126,Kakudi,Odia,regional_name,SRC-IFCT2017,D043
GF-ING-00126,Khira,Punjabi,regional_name,SRC-IFCT2017,D043
GF-ING-00126,Patolah,Sanskrit,regional_name,SRC-IFCT2017,D043
GF-ING-00126,Vellarikkai,Tamil,regional_name,SRC-IFCT2017,D043
GF-ING-00126,Dosa kaya,Telugu,regional_name,SRC-IFCT2017,D043
GF-ING-00126,Kheera.,Urdu,regional_name,SRC-IFCT2017,D043
GF-ING-00127,"Cucumber, green, short",English,source_name,SRC-IFCT2017,D044
GF-ING-00127,Tiyoh,Assamese,regional_name,SRC-IFCT2017,D044
GF-ING-00127,Sosha,Bengali,regional_name,SRC-IFCT2017,D044
GF-ING-00127,Kakdi,Gujarati,regional_name,SRC-IFCT2017,D044
GF-ING-00127,"Kheera, Kachumbar",Hindi,regional_name,SRC-IFCT2017,D044
GF-ING-00127,Southe kayi,Kannada,regional_name,SRC-IFCT2017,D044
GF-ING-00127,Laar,Kashmiri,regional_name,SRC-IFCT2017,D044
GF-ING-00127,Sohkhia,Khasi,regional_name,SRC-IFCT2017,D044
GF-ING-00127,Thabi,Manipuri,regional_name,SRC-IFCT2017,D044
GF-ING-00127,Vellarikka,Malayalam,regional_name,SRC-IFCT2017,D044
GF-ING-00127,Kakadi,Marathi,regional_name,SRC-IFCT2017,D044
GF-ING-00127,Kakro,Nepali,regional_name,SRC-IFCT2017,D044
GF-ING-00127,Kakudi,Odia,regional_name,SRC-IFCT2017,D044
GF-ING-00127,Khira,Punjabi,regional_name,SRC-IFCT2017,D044
GF-ING-00127,Patolah,Sanskrit,regional_name,SRC-IFCT2017,D044
GF-ING-00127,Vellarikkai,Tamil,regional_name,SRC-IFCT2017,D044
GF-ING-00127,Dosa kaya,Telugu,regional_name,SRC-IFCT2017,D044
GF-ING-00127,Kheera.,Urdu,regional_name,SRC-IFCT2017,D044
GF-ING-00128,"Cucumber, orange, round",English,source_name,SRC-IFCT2017,D045
GF-ING-00128,Tiyoh,Assamese,regional_name,SRC-IFCT2017,D045
GF-ING-00128,Sosha,Bengali,regional_name,SRC-IFCT2017,D045
GF-ING-00128,Kakdi,Gujarati,regional_name,SRC-IFCT2017,D045
GF-ING-00128,Kakadi,Hindi,regional_name,SRC-IFCT2017,D045
GF-ING-00128,Southe kayi,Kannada,regional_name,SRC-IFCT2017,D045
GF-ING-00128,Laar,Kashmiri,regional_name,SRC-IFCT2017,D045
GF-ING-00128,Sohkhia pyllon,Khasi,regional_name,SRC-IFCT2017,D045
GF-ING-00128,Vellarikka,Malayalam,regional_name,SRC-IFCT2017,D045
GF-ING-00128,Kakadi,Marathi,regional_name,SRC-IFCT2017,D045
GF-ING-00128,Kakro,Nepali,regional_name,SRC-IFCT2017,D045
GF-ING-00128,Kakudi,Odia,regional_name,SRC-IFCT2017,D045
GF-ING-00128,Khira,Punjabi,regional_name,SRC-IFCT2017,D045
GF-ING-00128,Patolah,Sanskrit,regional_name,SRC-IFCT2017,D045
GF-ING-00128,Vellarikkai,Tamil,regional_name,SRC-IFCT2017,D045
GF-ING-00128,Dosa kaya,Telugu,regional_name,SRC-IFCT2017,D045
GF-ING-00128,Kheera.,Urdu,regional_name,SRC-IFCT2017,D045
GF-ING-00129,Drumstick,English,source_name,SRC-IFCT2017,D046
GF-ING-00129,Sajina,Assamese,regional_name,SRC-IFCT2017,D046
GF-ING-00129,Sajna danta,Bengali,regional_name,SRC-IFCT2017,D046
GF-ING-00129,"Horseradish, Benzoil",English,regional_name,SRC-IFCT2017,D046
GF-ING-00129,Saragavo,Gujarati,regional_name,SRC-IFCT2017,D046
GF-ING-00129,Saijan-ki-phalli,Hindi,regional_name,SRC-IFCT2017,D046
GF-ING-00129,Nugga kayi,Kannada,regional_name,SRC-IFCT2017,D046
GF-ING-00129,Dieng sajana,Khasi,regional_name,SRC-IFCT2017,D046
GF-ING-00129,Muringakkai,Malayalam,regional_name,SRC-IFCT2017,D046
GF-ING-00129,Sajana,Manipuri,regional_name,SRC-IFCT2017,D046
GF-ING-00129,Shevanga sheng,Marathi,regional_name,SRC-IFCT2017,D046
GF-ING-00129,Sajana chhuin,Odia,regional_name,SRC-IFCT2017,D046
GF-ING-00129,Suhanjana di phalliya,Punjabi,regional_name,SRC-IFCT2017,D046
GF-ING-00129,Murungakkai,Tamil,regional_name,SRC-IFCT2017,D046
GF-ING-00129,Mulakaada,Telugu,regional_name,SRC-IFCT2017,D046
GF-ING-00129,Sujne ki palli.,Urdu,regional_name,SRC-IFCT2017,D046
GF-ING-00130,"Field beans, tender, broad",English,source_name,SRC-IFCT2017,D047
GF-ING-00130,Urohi,Assamese,regional_name,SRC-IFCT2017,D047
GF-ING-00130,Shim,Bengali,regional_name,SRC-IFCT2017,D047
GF-ING-00130,"Common bean, Fieldbean, Broad bean, String bean",English,regional_name,SRC-IFCT2017,D047
GF-ING-00130,Valpapdi,Gujarati,regional_name,SRC-IFCT2017,D047
GF-ING-00130,Sem,Hindi,regional_name,SRC-IFCT2017,D047
GF-ING-00130,Avare,Kannada,regional_name,SRC-IFCT2017,D047
GF-ING-00130,Hyambi,Kashmiri,regional_name,SRC-IFCT2017,D047
GF-ING-00130,Ri majai,Khasi,regional_name,SRC-IFCT2017,D047
GF-ING-00130,Avar,Malayalam,regional_name,SRC-IFCT2017,D047
GF-ING-00130,Papta,Marathi,regional_name,SRC-IFCT2017,D047
GF-ING-00130,Baragudi,Odia,regional_name,SRC-IFCT2017,D047
GF-ING-00130,Vidaiavarai,Tamil,regional_name,SRC-IFCT2017,D047
GF-ING-00130,Chikkudu ginjalu,Telugu,regional_name,SRC-IFCT2017,D047
GF-ING-00130,Sem ki palli.,Urdu,regional_name,SRC-IFCT2017,D047
GF-ING-00131,"Field beans, tender, lean",English,source_name,SRC-IFCT2017,D048
GF-ING-00131,Urohi,Assamese,regional_name,SRC-IFCT2017,D048
GF-ING-00131,Shim,Bengali,regional_name,SRC-IFCT2017,D048
GF-ING-00131,"Common bean, Fieldbean, Broad bean, String bean",English,regional_name,SRC-IFCT2017,D048
GF-ING-00131,Valpapdi,Gujarati,regional_name,SRC-IFCT2017,D048
GF-ING-00131,Sem,Hindi,regional_name,SRC-IFCT2017,D048
GF-ING-00131,Avare,Kannada,regional_name,SRC-IFCT2017,D048
GF-ING-00131,Hyambi,Kashmiri,regional_name,SRC-IFCT2017,D048
GF-ING-00131,Ri majai,Khasi,regional_name,SRC-IFCT2017,D048
GF-ING-00131,Avar,Malayalam,regional_name,SRC-IFCT2017,D048
GF-ING-00131,Papta,Marathi,regional_name,SRC-IFCT2017,D048
GF-ING-00131,Baragudi,Odia,regional_name,SRC-IFCT2017,D048
GF-ING-00131,Chikkudu ginjalu,Telugu,regional_name,SRC-IFCT2017,D048
GF-ING-00131,Vidaiavarai,Tamil,regional_name,SRC-IFCT2017,D048
GF-ING-00131,Sem ki palli.,Urdu,regional_name,SRC-IFCT2017,D048
GF-ING-00132,"French beans, country",English,source_name,SRC-IFCT2017,D049
GF-ING-00132,French bean,Assamese,regional_name,SRC-IFCT2017,D049
GF-ING-00132,Green beans,English,regional_name,SRC-IFCT2017,D049
GF-ING-00132,Fansi,Gujarati,regional_name,SRC-IFCT2017,D049
GF-ING-00132,Bakla,Hindi,regional_name,SRC-IFCT2017,D049
GF-ING-00132,Huruli kayi,Kannada,regional_name,SRC-IFCT2017,D049
GF-ING-00132,Hyambi,Kashmiri,regional_name,SRC-IFCT2017,D049
GF-ING-00132,Presbin phyrngop,Khasi,regional_name,SRC-IFCT2017,D049
GF-ING-00132,Beans,Malayalam,regional_name,SRC-IFCT2017,D049
GF-ING-00132,Pharasebee,Marathi,regional_name,SRC-IFCT2017,D049
GF-ING-00132,Ghiu Simi,Nepali,regional_name,SRC-IFCT2017,D049
GF-ING-00132,Beans,Odia,regional_name,SRC-IFCT2017,D049
GF-ING-00132,Fras bean,Punjabi,regional_name,SRC-IFCT2017,D049
GF-ING-00132,Vidaiavarai,Tamil,regional_name,SRC-IFCT2017,D049
GF-ING-00132,Sannachikkudu,Telugu,regional_name,SRC-IFCT2017,D049
GF-ING-00132,Beans.,Urdu,regional_name,SRC-IFCT2017,D049
GF-ING-00133,"French beans, hybrid",English,source_name,SRC-IFCT2017,D050
GF-ING-00133,French bean,Assamese,regional_name,SRC-IFCT2017,D050
GF-ING-00133,Green beans,English,regional_name,SRC-IFCT2017,D050
GF-ING-00133,Fansi,Gujarati,regional_name,SRC-IFCT2017,D050
GF-ING-00133,Bakla,Hindi,regional_name,SRC-IFCT2017,D050
GF-ING-00133,Huruli kayi,Kannada,regional_name,SRC-IFCT2017,D050
GF-ING-00133,Hyambi,Kashmiri,regional_name,SRC-IFCT2017,D050
GF-ING-00133,Presbin,Khasi,regional_name,SRC-IFCT2017,D050
GF-ING-00133,Beans,Malayalam,regional_name,SRC-IFCT2017,D050
GF-ING-00133,Pharasebee,Marathi,regional_name,SRC-IFCT2017,D050
GF-ING-00133,Ghiu Simi,Nepali,regional_name,SRC-IFCT2017,D050
GF-ING-00133,Beans,Odia,regional_name,SRC-IFCT2017,D050
GF-ING-00133,Fras bean,Punjabi,regional_name,SRC-IFCT2017,D050
GF-ING-00133,Vidaiavarai,Tamil,regional_name,SRC-IFCT2017,D050
GF-ING-00133,Sannachikkudu,Telugu,regional_name,SRC-IFCT2017,D050
GF-ING-00133,Beans.,Urdu,regional_name,SRC-IFCT2017,D050
GF-ING-00134,"Jack fruit, raw",English,source_name,SRC-IFCT2017,D051
GF-ING-00134,Kothal,Assamese,regional_name,SRC-IFCT2017,D051
GF-ING-00134,Kanthal,Bengali,regional_name,SRC-IFCT2017,D051
GF-ING-00134,Jackfruit,English,regional_name,SRC-IFCT2017,D051
GF-ING-00134,Phanas,Gujarati,regional_name,SRC-IFCT2017,D051
GF-ING-00134,Kathal,Hindi,regional_name,SRC-IFCT2017,D051
GF-ING-00134,Bindu,Kashmiri,regional_name,SRC-IFCT2017,D051
GF-ING-00134,Halasu,Kannada,regional_name,SRC-IFCT2017,D051
GF-ING-00134,Soh phan,Khasi,regional_name,SRC-IFCT2017,D051
GF-ING-00134,Theibong,Manipuri,regional_name,SRC-IFCT2017,D051
GF-ING-00134,Chakka,Malayalam,regional_name,SRC-IFCT2017,D051
GF-ING-00134,Phanas,Marathi,regional_name,SRC-IFCT2017,D051
GF-ING-00134,Katahar,Nepali,regional_name,SRC-IFCT2017,D051
GF-ING-00134,Panasa,Odia,regional_name,SRC-IFCT2017,D051
GF-ING-00134,Kathal ki beej,Punjabi,regional_name,SRC-IFCT2017,D051
GF-ING-00134,Panasa,Sanskrit,regional_name,SRC-IFCT2017,D051
GF-ING-00134,Palapazham,Tamil,regional_name,SRC-IFCT2017,D051
GF-ING-00134,Panasa,Telugu,regional_name,SRC-IFCT2017,D051
GF-ING-00134,Kathahal.,Urdu,regional_name,SRC-IFCT2017,D051
GF-ING-00135,"Jack fruit, seeds, mature",English,source_name,SRC-IFCT2017,D052
GF-ING-00135,Kothal guti,Assamese,regional_name,SRC-IFCT2017,D052
GF-ING-00135,Kanthal,Bengali,regional_name,SRC-IFCT2017,D052
GF-ING-00135,Jackfruit,English,regional_name,SRC-IFCT2017,D052
GF-ING-00135,Phanas,Gujarati,regional_name,SRC-IFCT2017,D052
GF-ING-00135,Kathal,Hindi,regional_name,SRC-IFCT2017,D052
GF-ING-00135,Halasu,Kannada,regional_name,SRC-IFCT2017,D052
GF-ING-00135,Bindu,Kashmiri,regional_name,SRC-IFCT2017,D052
GF-ING-00135,Shyieng soh phan,Khasi,regional_name,SRC-IFCT2017,D052
GF-ING-00135,Chakka,Malayalam,regional_name,SRC-IFCT2017,D052
GF-ING-00135,Theibong Maru,Manipuri,regional_name,SRC-IFCT2017,D052
GF-ING-00135,Phanas,Marathi,regional_name,SRC-IFCT2017,D052
GF-ING-00135,Katahar,Nepali,regional_name,SRC-IFCT2017,D052
GF-ING-00135,Kathal,Punjabi,regional_name,SRC-IFCT2017,D052
GF-ING-00135,Panasa,Sanskrit,regional_name,SRC-IFCT2017,D052
GF-ING-00135,Palakkottai,Tamil,regional_name,SRC-IFCT2017,D052
GF-ING-00135,Panasa,Telugu,regional_name,SRC-IFCT2017,D052
GF-ING-00135,Kathahal.,Urdu,regional_name,SRC-IFCT2017,D052
GF-ING-00136,Knol - Khol,English,source_name,SRC-IFCT2017,D053
GF-ING-00136,Oolkobi,Assamese,regional_name,SRC-IFCT2017,D053
GF-ING-00136,Olkopi,Bengali,regional_name,SRC-IFCT2017,D053
GF-ING-00136,Wild cabbage,English,regional_name,SRC-IFCT2017,D053
GF-ING-00136,Nol-kol,Gujarati,regional_name,SRC-IFCT2017,D053
GF-ING-00136,Kohl-rabi,Hindi,regional_name,SRC-IFCT2017,D053
GF-ING-00136,Noolkol,Kannada,regional_name,SRC-IFCT2017,D053
GF-ING-00136,Monjh haak,Kashmiri,regional_name,SRC-IFCT2017,D053
GF-ING-00136,Phan kubi,Khasi,regional_name,SRC-IFCT2017,D053
GF-ING-00136,Noolkol,Malayalam,regional_name,SRC-IFCT2017,D053
GF-ING-00136,Kobi Maru Kabi,Manipuri,regional_name,SRC-IFCT2017,D053
GF-ING-00136,Nol-kol,Marathi,regional_name,SRC-IFCT2017,D053
GF-ING-00136,Gyathkopi,Nepali,regional_name,SRC-IFCT2017,D053
GF-ING-00136,Ulkobi,Odia,regional_name,SRC-IFCT2017,D053
GF-ING-00136,Ganth gobi,Punjabi,regional_name,SRC-IFCT2017,D053
GF-ING-00136,Knoolkol,Tamil,regional_name,SRC-IFCT2017,D053
GF-ING-00136,Noolkol.,Telugu,regional_name,SRC-IFCT2017,D053
GF-ING-00137,"Kovai, big",English,source_name,SRC-IFCT2017,D054
GF-ING-00137,Kunduli,Assamese,regional_name,SRC-IFCT2017,D054
GF-ING-00137,Telakucha,Bengali,regional_name,SRC-IFCT2017,D054
GF-ING-00137,"Ivy gourd, Scarlet gourd",English,regional_name,SRC-IFCT2017,D054
GF-ING-00137,Ghole gluru,Gujarati,regional_name,SRC-IFCT2017,D054
GF-ING-00137,"Konduri, Kowai",Hindi,regional_name,SRC-IFCT2017,D054
GF-ING-00137,Tondekayi,Kannada,regional_name,SRC-IFCT2017,D054
GF-ING-00137,Jhur thliem,Khasi,regional_name,SRC-IFCT2017,D054
GF-ING-00137,Kova kai,Malayalam,regional_name,SRC-IFCT2017,D054
GF-ING-00137,Tondale,Marathi,regional_name,SRC-IFCT2017,D054
GF-ING-00137,Kunduru,Odia,regional_name,SRC-IFCT2017,D054
GF-ING-00137,Kova kai,Tamil,regional_name,SRC-IFCT2017,D054
GF-ING-00137,Donda kaya,Telugu,regional_name,SRC-IFCT2017,D054
GF-ING-00137,Tindli.,Urdu,regional_name,SRC-IFCT2017,D054
GF-ING-00138,"Kovai, small",English,source_name,SRC-IFCT2017,D055
GF-ING-00138,Kunduli,Assamese,regional_name,SRC-IFCT2017,D055
GF-ING-00138,Telakucha,Bengali,regional_name,SRC-IFCT2017,D055
GF-ING-00138,"Ivy gourd, Scarlet gourd",English,regional_name,SRC-IFCT2017,D055
GF-ING-00138,Ghole gluru,Gujarati,regional_name,SRC-IFCT2017,D055
GF-ING-00138,"Konduri, Kowai",Hindi,regional_name,SRC-IFCT2017,D055
GF-ING-00138,Tondekayi,Kannada,regional_name,SRC-IFCT2017,D055
GF-ING-00138,Jhur thliem,Khasi,regional_name,SRC-IFCT2017,D055
GF-ING-00138,Kova kai,Malayalam,regional_name,SRC-IFCT2017,D055
GF-ING-00138,Tondale,Marathi,regional_name,SRC-IFCT2017,D055
GF-ING-00138,Kunduru,Odia,regional_name,SRC-IFCT2017,D055
GF-ING-00138,Kova kai,Tamil,regional_name,SRC-IFCT2017,D055
GF-ING-00138,Donda kaya,Telugu,regional_name,SRC-IFCT2017,D055
GF-ING-00138,Tindli.,Urdu,regional_name,SRC-IFCT2017,D055
GF-ING-00139,Ladies finger,English,source_name,SRC-IFCT2017,D056
GF-ING-00139,Bhendi,Assamese,regional_name,SRC-IFCT2017,D056
GF-ING-00139,Dherosh,Bengali,regional_name,SRC-IFCT2017,D056
GF-ING-00139,"Okra, Okro, Ochro",English,regional_name,SRC-IFCT2017,D056
GF-ING-00139,Bhinda,Gujarati,regional_name,SRC-IFCT2017,D056
GF-ING-00139,Bhindi,Hindi,regional_name,SRC-IFCT2017,D056
GF-ING-00139,Bende,Kannada,regional_name,SRC-IFCT2017,D056
GF-ING-00139,Bindi,Kashmiri,regional_name,SRC-IFCT2017,D056
GF-ING-00139,bindi,Khasi,regional_name,SRC-IFCT2017,D056
GF-ING-00139,Vendakkai,Malayalam,regional_name,SRC-IFCT2017,D056
GF-ING-00139,Belandri,Manipuri,regional_name,SRC-IFCT2017,D056
GF-ING-00139,Bhendi,Marathi,regional_name,SRC-IFCT2017,D056
GF-ING-00139,Ramtoriya,Nepali,regional_name,SRC-IFCT2017,D056
GF-ING-00139,Bhendi,Odia,regional_name,SRC-IFCT2017,D056
GF-ING-00139,Bhindi,Punjabi,regional_name,SRC-IFCT2017,D056
GF-ING-00139,Bhindikaa,Sanskrit,regional_name,SRC-IFCT2017,D056
GF-ING-00139,Vendaikkai,Tamil,regional_name,SRC-IFCT2017,D056
GF-ING-00139,Bendakaya,Telugu,regional_name,SRC-IFCT2017,D056
GF-ING-00139,Bhendi.,Urdu,regional_name,SRC-IFCT2017,D056
GF-ING-00140,"Mango, green, raw",English,source_name,SRC-IFCT2017,D057
GF-ING-00140,Keasa aam,Assamese,regional_name,SRC-IFCT2017,D057
GF-ING-00140,Aam (kancha),Bengali,regional_name,SRC-IFCT2017,D057
GF-ING-00140,Ambo,Gujarati,regional_name,SRC-IFCT2017,D057
GF-ING-00140,Katcha Aam,Hindi,regional_name,SRC-IFCT2017,D057
GF-ING-00140,Mavinakayi,Kannada,regional_name,SRC-IFCT2017,D057
GF-ING-00140,Kach Aamb,Kashmiri,regional_name,SRC-IFCT2017,D057
GF-ING-00140,Soh pieng im,Khasi,regional_name,SRC-IFCT2017,D057
GF-ING-00140,Manga,Malayalam,regional_name,SRC-IFCT2017,D057
GF-ING-00140,Heinou Ashangba,Manipuri,regional_name,SRC-IFCT2017,D057
GF-ING-00140,Amba,Marathi,regional_name,SRC-IFCT2017,D057
GF-ING-00140,Ambu (kacha),Odia,regional_name,SRC-IFCT2017,D057
GF-ING-00140,Kaccha aam,Punjabi,regional_name,SRC-IFCT2017,D057
GF-ING-00140,Mangai,Tamil,regional_name,SRC-IFCT2017,D057
GF-ING-00140,Mamidikaya,Telugu,regional_name,SRC-IFCT2017,D057
GF-ING-00140,Kaccha aam.,Urdu,regional_name,SRC-IFCT2017,D057
GF-ING-00141,"Onion, stalk",English,source_name,SRC-IFCT2017,D058
GF-ING-00141,Piyaj paat,Assamese,regional_name,SRC-IFCT2017,D058
GF-ING-00141,Piyaz kali,Bengali,regional_name,SRC-IFCT2017,D058
GF-ING-00141,"Spring onion, Onion greens",English,regional_name,SRC-IFCT2017,D058
GF-ING-00141,Dunglina dakkadi (Onion dakkadi),Gujarati,regional_name,SRC-IFCT2017,D058
GF-ING-00141,Pyaz,Hindi,regional_name,SRC-IFCT2017,D058
GF-ING-00141,Erulli soppu,Kannada,regional_name,SRC-IFCT2017,D058
GF-ING-00141,Pichiganda,Kashmiri,regional_name,SRC-IFCT2017,D058
GF-ING-00141,Sla piat,Khasi,regional_name,SRC-IFCT2017,D058
GF-ING-00141,Ulli thandu,Malayalam,regional_name,SRC-IFCT2017,D058
GF-ING-00141,Tilhou mana,Manipuri,regional_name,SRC-IFCT2017,D058
GF-ING-00141,Pati,Marathi,regional_name,SRC-IFCT2017,D058
GF-ING-00141,Chhayapi ko Saag,Nepali,regional_name,SRC-IFCT2017,D058
GF-ING-00141,Piaja sandha,Odia,regional_name,SRC-IFCT2017,D058
GF-ING-00141,Hare pyaaz,Punjabi,regional_name,SRC-IFCT2017,D058
GF-ING-00141,Vengaya thaal,Tamil,regional_name,SRC-IFCT2017,D058
GF-ING-00141,Ulli kadalu,Telugu,regional_name,SRC-IFCT2017,D058
GF-ING-00141,Hari pyaaz.,Urdu,regional_name,SRC-IFCT2017,D058
GF-ING-00142,"Papaya, raw",English,source_name,SRC-IFCT2017,D059
GF-ING-00142,Kesa omita,Assamese,regional_name,SRC-IFCT2017,D059
GF-ING-00142,Pempe (Kacha),Bengali,regional_name,SRC-IFCT2017,D059
GF-ING-00142,"Papaw, Pawpaw",English,regional_name,SRC-IFCT2017,D059
GF-ING-00142,Papayi,Gujarati,regional_name,SRC-IFCT2017,D059
GF-ING-00142,Katcha pepita,Hindi,regional_name,SRC-IFCT2017,D059
GF-ING-00142,Parangi,Kannada,regional_name,SRC-IFCT2017,D059
GF-ING-00142,Soh kymphor im,Khasi,regional_name,SRC-IFCT2017,D059
GF-ING-00142,Papita,Kashmiri,regional_name,SRC-IFCT2017,D059
GF-ING-00142,Dudde,Kon,regional_name,SRC-IFCT2017,D059
GF-ING-00142,Omakaya,Malayalam,regional_name,SRC-IFCT2017,D059
GF-ING-00142,Awathabi Ashangba,Manipuri,regional_name,SRC-IFCT2017,D059
GF-ING-00142,Papaya,Marathi,regional_name,SRC-IFCT2017,D059
GF-ING-00142,Amrutabhanda,Odia,regional_name,SRC-IFCT2017,D059
GF-ING-00142,Katcha Pepita,Punjabi,regional_name,SRC-IFCT2017,D059
GF-ING-00142,Pappalikkaai,Tamil,regional_name,SRC-IFCT2017,D059
GF-ING-00142,Boppayi kaya,Telugu,regional_name,SRC-IFCT2017,D059
GF-ING-00142,Papaya.,Urdu,regional_name,SRC-IFCT2017,D059
GF-ING-00143,Parwar,English,source_name,SRC-IFCT2017,D060
GF-ING-00143,Potol,Assamese,regional_name,SRC-IFCT2017,D060
GF-ING-00143,Potol,Bengali,regional_name,SRC-IFCT2017,D060
GF-ING-00143,Pointed gourd,English,regional_name,SRC-IFCT2017,D060
GF-ING-00143,Padval,Gujarati,regional_name,SRC-IFCT2017,D060
GF-ING-00143,Parwal,Hindi,regional_name,SRC-IFCT2017,D060
GF-ING-00143,Mara thonde,Kannada,regional_name,SRC-IFCT2017,D060
GF-ING-00143,Patol rit,Khasi,regional_name,SRC-IFCT2017,D060
GF-ING-00143,Kovakkai,Malayalam,regional_name,SRC-IFCT2017,D060
GF-ING-00143,Parwar,Marathi,regional_name,SRC-IFCT2017,D060
GF-ING-00143,Potala,Odia,regional_name,SRC-IFCT2017,D060
GF-ING-00143,Parwal,Punjabi,regional_name,SRC-IFCT2017,D060
GF-ING-00143,Kommu potla,Telugu,regional_name,SRC-IFCT2017,D060
GF-ING-00143,Parwal.,Urdu,regional_name,SRC-IFCT2017,D060
GF-ING-00144,"Peas, fresh",English,source_name,SRC-IFCT2017,D061
GF-ING-00144,Matar mah,Assamese,regional_name,SRC-IFCT2017,D061
GF-ING-00144,Motor shuti,Bengali,regional_name,SRC-IFCT2017,D061
GF-ING-00144,", Mar. Vatana",Gujarati,regional_name,SRC-IFCT2017,D061
GF-ING-00144,Kaza,Kashmiri,regional_name,SRC-IFCT2017,D061
GF-ING-00144,Matara,Odia,regional_name,SRC-IFCT2017,D061
GF-ING-00144,Matar,Hindi,regional_name,SRC-IFCT2017,D061
GF-ING-00144,", Tel. Batani",Kannada,regional_name,SRC-IFCT2017,D061
GF-ING-00144,Matar,Kashmiri,regional_name,SRC-IFCT2017,D061
GF-ING-00144,Mator,Khasi,regional_name,SRC-IFCT2017,D061
GF-ING-00144,Hawai tharaak,Manipuri,regional_name,SRC-IFCT2017,D061
GF-ING-00144,Hare matar,Punjabi,regional_name,SRC-IFCT2017,D061
GF-ING-00144,", Tam. Paccha pattani.",Malayalam,regional_name,SRC-IFCT2017,D061
GF-ING-00145,"Plantain, flower",English,source_name,SRC-IFCT2017,D062
GF-ING-00145,Koldil,Assamese,regional_name,SRC-IFCT2017,D062
GF-ING-00145,Mocha,Bengali,regional_name,SRC-IFCT2017,D062
GF-ING-00145,Banana flower,English,regional_name,SRC-IFCT2017,D062
GF-ING-00145,Kel phool,Gujarati,regional_name,SRC-IFCT2017,D062
GF-ING-00145,Kele-ka phool,Hindi,regional_name,SRC-IFCT2017,D062
GF-ING-00145,Bale motho,Kannada,regional_name,SRC-IFCT2017,D062
GF-ING-00145,Pashor kait,Khasi,regional_name,SRC-IFCT2017,D062
GF-ING-00145,Vazhapoo,Malayalam,regional_name,SRC-IFCT2017,D062
GF-ING-00145,Lafu Tharo,Manipuri,regional_name,SRC-IFCT2017,D062
GF-ING-00145,Kel phool,Marathi,regional_name,SRC-IFCT2017,D062
GF-ING-00145,Kadali bhanda,Odia,regional_name,SRC-IFCT2017,D062
GF-ING-00145,Kele-da-phool,Punjabi,regional_name,SRC-IFCT2017,D062
GF-ING-00145,Vazhapoo,Tamil,regional_name,SRC-IFCT2017,D062
GF-ING-00145,Arati puvvu,Telugu,regional_name,SRC-IFCT2017,D062
GF-ING-00145,Kela ka phool.,Urdu,regional_name,SRC-IFCT2017,D062
GF-ING-00146,"Plantain, green",English,source_name,SRC-IFCT2017,D063
GF-ING-00146,Kaskol/Purakol,Assamese,regional_name,SRC-IFCT2017,D063
GF-ING-00146,Kela (kanch),Bengali,regional_name,SRC-IFCT2017,D063
GF-ING-00146,Cooking banana,English,regional_name,SRC-IFCT2017,D063
GF-ING-00146,Kela,Gujarati,regional_name,SRC-IFCT2017,D063
GF-ING-00146,Kele (hara),Hindi,regional_name,SRC-IFCT2017,D063
GF-ING-00146,Bale kayi,Kannada,regional_name,SRC-IFCT2017,D063
GF-ING-00146,Kham kael,Kashmiri,regional_name,SRC-IFCT2017,D063
GF-ING-00146,Kait im,Khasi,regional_name,SRC-IFCT2017,D063
GF-ING-00146,Vazhakkai,Malayalam,regional_name,SRC-IFCT2017,D063
GF-ING-00146,Laphoi Ashangba,Manipuri,regional_name,SRC-IFCT2017,D063
GF-ING-00146,Kel (hara),Marathi,regional_name,SRC-IFCT2017,D063
GF-ING-00146,Bungo,Nepali,regional_name,SRC-IFCT2017,D063
GF-ING-00146,Bantala kadali,Odia,regional_name,SRC-IFCT2017,D063
GF-ING-00146,Kela (hara),Punjabi,regional_name,SRC-IFCT2017,D063
GF-ING-00146,Rambhaa,Sanskrit,regional_name,SRC-IFCT2017,D063
GF-ING-00146,Vazhakkaai,Tamil,regional_name,SRC-IFCT2017,D063
GF-ING-00146,Arati kayi,Telugu,regional_name,SRC-IFCT2017,D063
GF-ING-00146,Kaccha kela.,Urdu,regional_name,SRC-IFCT2017,D063
GF-ING-00147,"Plantain, stem",English,source_name,SRC-IFCT2017,D064
GF-ING-00147,Posola,Assamese,regional_name,SRC-IFCT2017,D064
GF-ING-00147,Thor,Bengali,regional_name,SRC-IFCT2017,D064
GF-ING-00147,Banana stem,English,regional_name,SRC-IFCT2017,D064
GF-ING-00147,Kelanu thed,Gujarati,regional_name,SRC-IFCT2017,D064
GF-ING-00147,Kele-ka-tana,Hindi,regional_name,SRC-IFCT2017,D064
GF-ING-00147,Bele Dindu,Kannada,regional_name,SRC-IFCT2017,D064
GF-ING-00147,Nud kait,Khasi,regional_name,SRC-IFCT2017,D064
GF-ING-00147,Unnipindi,Malayalam,regional_name,SRC-IFCT2017,D064
GF-ING-00147,Lafu,Manipuri,regional_name,SRC-IFCT2017,D064
GF-ING-00147,Kelicha khunt,Marathi,regional_name,SRC-IFCT2017,D064
GF-ING-00147,Kadali manja,Odia,regional_name,SRC-IFCT2017,D064
GF-ING-00147,Kele da tana,Punjabi,regional_name,SRC-IFCT2017,D064
GF-ING-00147,Vazhai thandu,Tamil,regional_name,SRC-IFCT2017,D064
GF-ING-00147,Arati doota.,Telugu,regional_name,SRC-IFCT2017,D064
GF-ING-00148,"Pumpkin, green, cylindrical",English,source_name,SRC-IFCT2017,D065
GF-ING-00148,Rongalao,Assamese,regional_name,SRC-IFCT2017,D065
GF-ING-00148,Kumro,Bengali,regional_name,SRC-IFCT2017,D065
GF-ING-00148,Kohlu,Gujarati,regional_name,SRC-IFCT2017,D065
GF-ING-00148,Kaddu,Hindi,regional_name,SRC-IFCT2017,D065
GF-ING-00148,Kumbala kash,Kannada,regional_name,SRC-IFCT2017,D065
GF-ING-00148,Paarimal,Kashmiri,regional_name,SRC-IFCT2017,D065
GF-ING-00148,Pathaw,Khasi,regional_name,SRC-IFCT2017,D065
GF-ING-00148,Mathan,Malayalam,regional_name,SRC-IFCT2017,D065
GF-ING-00148,Mairen,Manipuri,regional_name,SRC-IFCT2017,D065
GF-ING-00148,Lal bhopla,Marathi,regional_name,SRC-IFCT2017,D065
GF-ING-00148,Farsi,Nepali,regional_name,SRC-IFCT2017,D065
GF-ING-00148,Kakharu,Odia,regional_name,SRC-IFCT2017,D065
GF-ING-00148,Kaddu,Punjabi,regional_name,SRC-IFCT2017,D065
GF-ING-00148,Kummaandah,Sanskrit,regional_name,SRC-IFCT2017,D065
GF-ING-00148,Parangikkai,Tamil,regional_name,SRC-IFCT2017,D065
GF-ING-00148,Gummadi kaya,Telugu,regional_name,SRC-IFCT2017,D065
GF-ING-00148,Kaddu.,Urdu,regional_name,SRC-IFCT2017,D065
GF-ING-00149,"Pumpkin, orange, round",English,source_name,SRC-IFCT2017,D066
GF-ING-00149,Rongalao,Assamese,regional_name,SRC-IFCT2017,D066
GF-ING-00149,Kumro,Bengali,regional_name,SRC-IFCT2017,D066
GF-ING-00149,Kohlu,Gujarati,regional_name,SRC-IFCT2017,D066
GF-ING-00149,Kaddu,Hindi,regional_name,SRC-IFCT2017,D066
GF-ING-00149,Kumbala kash,Kannada,regional_name,SRC-IFCT2017,D066
GF-ING-00149,Paarimal,Kashmiri,regional_name,SRC-IFCT2017,D066
GF-ING-00149,Pathaw saw,Khasi,regional_name,SRC-IFCT2017,D066
GF-ING-00149,Mathan,Malayalam,regional_name,SRC-IFCT2017,D066
GF-ING-00149,Mairen,Manipuri,regional_name,SRC-IFCT2017,D066
GF-ING-00149,Lal bhopla,Marathi,regional_name,SRC-IFCT2017,D066
GF-ING-00149,Farsi,Nepali,regional_name,SRC-IFCT2017,D066
GF-ING-00149,Kakharu,Odia,regional_name,SRC-IFCT2017,D066
GF-ING-00149,Kaddu,Punjabi,regional_name,SRC-IFCT2017,D066
GF-ING-00149,Kummaandah,Sanskrit,regional_name,SRC-IFCT2017,D066
GF-ING-00149,Parangikkai,Tamil,regional_name,SRC-IFCT2017,D066
GF-ING-00149,Gummadi,Telugu,regional_name,SRC-IFCT2017,D066
GF-ING-00149,Kaddu.,Urdu,regional_name,SRC-IFCT2017,D066
GF-ING-00150,"Red gram, tender, fresh",English,source_name,SRC-IFCT2017,D067
GF-ING-00150,Pigeon pea,English,regional_name,SRC-IFCT2017,D067
GF-ING-00150,Arhar ki fali,Hindi,regional_name,SRC-IFCT2017,D067
GF-ING-00150,Thuvarai,Tamil,regional_name,SRC-IFCT2017,D067
GF-ING-00150,Pacchi Kandulu,Telugu,regional_name,SRC-IFCT2017,D067
GF-ING-00150,Hara tuvar.,Urdu,regional_name,SRC-IFCT2017,D067
GF-ING-00151,Ridge gourd,English,source_name,SRC-IFCT2017,D068
GF-ING-00151,Jikaa,Assamese,regional_name,SRC-IFCT2017,D068
GF-ING-00151,Jhinge,Bengali,regional_name,SRC-IFCT2017,D068
GF-ING-00151,"Luffa, Loofah",English,regional_name,SRC-IFCT2017,D068
GF-ING-00151,Turia,Gujarati,regional_name,SRC-IFCT2017,D068
GF-ING-00151,Torai,Hindi,regional_name,SRC-IFCT2017,D068
GF-ING-00151,Heeraikai,Kannada,regional_name,SRC-IFCT2017,D068
GF-ING-00151,Turrel,Kashmiri,regional_name,SRC-IFCT2017,D068
GF-ING-00151,Jingka,Khasi,regional_name,SRC-IFCT2017,D068
GF-ING-00151,Gurdudde,Kon,regional_name,SRC-IFCT2017,D068
GF-ING-00151,Peechinga,Malayalam,regional_name,SRC-IFCT2017,D068
GF-ING-00151,Sebot,Manipuri,regional_name,SRC-IFCT2017,D068
GF-ING-00151,Dodka,Marathi,regional_name,SRC-IFCT2017,D068
GF-ING-00151,Janhi,Odia,regional_name,SRC-IFCT2017,D068
GF-ING-00151,Kali tori,Punjabi,regional_name,SRC-IFCT2017,D068
GF-ING-00151,Peerkankai,Tamil,regional_name,SRC-IFCT2017,D068
GF-ING-00151,Beera kaya,Telugu,regional_name,SRC-IFCT2017,D068
GF-ING-00151,Turai.,Urdu,regional_name,SRC-IFCT2017,D068
GF-ING-00152,"Ridge gourd, smooth skin",English,source_name,SRC-IFCT2017,D069
GF-ING-00152,Bhol,Assamese,regional_name,SRC-IFCT2017,D069
GF-ING-00152,Jhinge,Bengali,regional_name,SRC-IFCT2017,D069
GF-ING-00152,"Luffa, Loofah",English,regional_name,SRC-IFCT2017,D069
GF-ING-00152,Turia,Gujarati,regional_name,SRC-IFCT2017,D069
GF-ING-00152,Torai,Hindi,regional_name,SRC-IFCT2017,D069
GF-ING-00152,Heeraikai,Kannada,regional_name,SRC-IFCT2017,D069
GF-ING-00152,Turrel,Kashmiri,regional_name,SRC-IFCT2017,D069
GF-ING-00152,Jingka,Khasi,regional_name,SRC-IFCT2017,D069
GF-ING-00152,Gurdudde,Kon,regional_name,SRC-IFCT2017,D069
GF-ING-00152,Peechinga,Malayalam,regional_name,SRC-IFCT2017,D069
GF-ING-00152,Sebot,Manipuri,regional_name,SRC-IFCT2017,D069
GF-ING-00152,Dodka,Marathi,regional_name,SRC-IFCT2017,D069
GF-ING-00152,Janchi,Odia,regional_name,SRC-IFCT2017,D069
GF-ING-00152,Kali tori,Punjabi,regional_name,SRC-IFCT2017,D069
GF-ING-00152,Peerkankai,Tamil,regional_name,SRC-IFCT2017,D069
GF-ING-00152,Beera kaya,Telugu,regional_name,SRC-IFCT2017,D069
GF-ING-00152,Turai.,Urdu,regional_name,SRC-IFCT2017,D069
GF-ING-00153,"Snake gourd, long, pale green",English,source_name,SRC-IFCT2017,D070
GF-ING-00153,Dhunduli,Assamese,regional_name,SRC-IFCT2017,D070
GF-ING-00153,Chichinga,Bengali,regional_name,SRC-IFCT2017,D070
GF-ING-00153,Pandola,Gujarati,regional_name,SRC-IFCT2017,D070
GF-ING-00153,Chachinda,Hindi,regional_name,SRC-IFCT2017,D070
GF-ING-00153,Podavala,Kannada,regional_name,SRC-IFCT2017,D070
GF-ING-00153,Jingka,Khasi,regional_name,SRC-IFCT2017,D070
GF-ING-00153,Padavalanga,Malayalam,regional_name,SRC-IFCT2017,D070
GF-ING-00153,Padwal,Marathi,regional_name,SRC-IFCT2017,D070
GF-ING-00153,Chichindo,Nepali,regional_name,SRC-IFCT2017,D070
GF-ING-00153,Chachinda,Odia,regional_name,SRC-IFCT2017,D070
GF-ING-00153,Galartori,Punjabi,regional_name,SRC-IFCT2017,D070
GF-ING-00153,Cicinndda,Sanskrit,regional_name,SRC-IFCT2017,D070
GF-ING-00153,Pudalangai,Tamil,regional_name,SRC-IFCT2017,D070
GF-ING-00153,Potla kaya,Telugu,regional_name,SRC-IFCT2017,D070
GF-ING-00153,Chichinda.,Urdu,regional_name,SRC-IFCT2017,D070
GF-ING-00154,"Snake gourd, long, dark green",English,source_name,SRC-IFCT2017,D071
GF-ING-00154,Dhunduli,Assamese,regional_name,SRC-IFCT2017,D071
GF-ING-00154,Chichinga,Bengali,regional_name,SRC-IFCT2017,D071
GF-ING-00154,Pandola,Gujarati,regional_name,SRC-IFCT2017,D071
GF-ING-00154,Chachinda,Hindi,regional_name,SRC-IFCT2017,D071
GF-ING-00154,Podavala,Kannada,regional_name,SRC-IFCT2017,D071
GF-ING-00154,Jingka,Khasi,regional_name,SRC-IFCT2017,D071
GF-ING-00154,Padavalanga,Malayalam,regional_name,SRC-IFCT2017,D071
GF-ING-00154,Padwal,Marathi,regional_name,SRC-IFCT2017,D071
GF-ING-00154,Chichindo,Nepali,regional_name,SRC-IFCT2017,D071
GF-ING-00154,Chachinda,Odia,regional_name,SRC-IFCT2017,D071
GF-ING-00154,Galartori,Punjabi,regional_name,SRC-IFCT2017,D071
GF-ING-00154,Cicinndda,Sanskrit,regional_name,SRC-IFCT2017,D071
GF-ING-00154,Pudalangai,Tamil,regional_name,SRC-IFCT2017,D071
GF-ING-00154,Potla kaya,Telugu,regional_name,SRC-IFCT2017,D071
GF-ING-00154,Chichinda.,Urdu,regional_name,SRC-IFCT2017,D071
GF-ING-00155,"Snake gourd, short",English,source_name,SRC-IFCT2017,D072
GF-ING-00155,Dhunduli,Assamese,regional_name,SRC-IFCT2017,D072
GF-ING-00155,Chichinga,Bengali,regional_name,SRC-IFCT2017,D072
GF-ING-00155,Pandola,Gujarati,regional_name,SRC-IFCT2017,D072
GF-ING-00155,Chachinda,Hindi,regional_name,SRC-IFCT2017,D072
GF-ING-00155,Podavala,Kannada,regional_name,SRC-IFCT2017,D072
GF-ING-00155,Jingka,Khasi,regional_name,SRC-IFCT2017,D072
GF-ING-00155,Padavalanga,Malayalam,regional_name,SRC-IFCT2017,D072
GF-ING-00155,Padwal,Marathi,regional_name,SRC-IFCT2017,D072
GF-ING-00155,Chichindo,Nepali,regional_name,SRC-IFCT2017,D072
GF-ING-00155,Chachinda,Odia,regional_name,SRC-IFCT2017,D072
GF-ING-00155,Galartori,Punjabi,regional_name,SRC-IFCT2017,D072
GF-ING-00155,Cicinndda,Sanskrit,regional_name,SRC-IFCT2017,D072
GF-ING-00155,Pudalangai,Tamil,regional_name,SRC-IFCT2017,D072
GF-ING-00155,Potla kaya,Telugu,regional_name,SRC-IFCT2017,D072
GF-ING-00155,Chichinda.,Urdu,regional_name,SRC-IFCT2017,D072
GF-ING-00156,"Tinda, tender",English,source_name,SRC-IFCT2017,D073
GF-ING-00156,"Indian squash, Round melon, Indian round gourd, Apple gourd, Indian baby pumpkin",English,regional_name,SRC-IFCT2017,D073
GF-ING-00156,Tadabuch,Gujarati,regional_name,SRC-IFCT2017,D073
GF-ING-00156,Tinda,Hindi,regional_name,SRC-IFCT2017,D073
GF-ING-00156,Thondekkai,Kannada,regional_name,SRC-IFCT2017,D073
GF-ING-00156,Tinda,Kashmiri,regional_name,SRC-IFCT2017,D073
GF-ING-00156,Dhemase,Marathi,regional_name,SRC-IFCT2017,D073
GF-ING-00156,Tinda,Nepali,regional_name,SRC-IFCT2017,D073
GF-ING-00156,Tinda,Punjabi,regional_name,SRC-IFCT2017,D073
GF-ING-00156,Tinde.,Urdu,regional_name,SRC-IFCT2017,D073
GF-ING-00157,"Tomato, green",English,source_name,SRC-IFCT2017,D074
GF-ING-00157,Kesa bilahi,Assamese,regional_name,SRC-IFCT2017,D074
GF-ING-00157,Kacha Tomato,Bengali,regional_name,SRC-IFCT2017,D074
GF-ING-00157,Tamator,Hindi,regional_name,SRC-IFCT2017,D074
GF-ING-00157,Goore Hannu,Kannada,regional_name,SRC-IFCT2017,D074
GF-ING-00157,Rowagun,Kashmiri,regional_name,SRC-IFCT2017,D074
GF-ING-00157,Soh saw jyrngam,Khasi,regional_name,SRC-IFCT2017,D074
GF-ING-00157,Takkali,Malayalam,regional_name,SRC-IFCT2017,D074
GF-ING-00157,Khamen Ashinba,Manipuri,regional_name,SRC-IFCT2017,D074
GF-ING-00157,Hara velvangi,Marathi,regional_name,SRC-IFCT2017,D074
GF-ING-00157,Bilati Baigan,Odia,regional_name,SRC-IFCT2017,D074
GF-ING-00157,Kaccha tamator,Punjabi,regional_name,SRC-IFCT2017,D074
GF-ING-00157,Thakkali kai,Tamil,regional_name,SRC-IFCT2017,D074
GF-ING-00157,Ramamulagakaya,Telugu,regional_name,SRC-IFCT2017,D074
GF-ING-00157,Kaccha tamatar.,Urdu,regional_name,SRC-IFCT2017,D074
GF-ING-00158,"Tomato, ripe, hybrid",English,source_name,SRC-IFCT2017,D075
GF-ING-00158,Poka bilahi,Assamese,regional_name,SRC-IFCT2017,D075
GF-ING-00158,Tomato,Bengali,regional_name,SRC-IFCT2017,D075
GF-ING-00158,Tameta,Gujarati,regional_name,SRC-IFCT2017,D075
GF-ING-00158,Tamator,Hindi,regional_name,SRC-IFCT2017,D075
GF-ING-00158,Goore Hannu,Kannada,regional_name,SRC-IFCT2017,D075
GF-ING-00158,Rowangun,Kashmiri,regional_name,SRC-IFCT2017,D075
GF-ING-00158,Soh saw dkhar,Khasi,regional_name,SRC-IFCT2017,D075
GF-ING-00158,Takkali pazham,Malayalam,regional_name,SRC-IFCT2017,D075
GF-ING-00158,Khamen ashinba,Manipuri,regional_name,SRC-IFCT2017,D075
GF-ING-00158,Velvangi,Marathi,regional_name,SRC-IFCT2017,D075
GF-ING-00158,Bilati baigan,Odia,regional_name,SRC-IFCT2017,D075
GF-ING-00158,Pakke tamator,Punjabi,regional_name,SRC-IFCT2017,D075
GF-ING-00158,Rakta phalam,Sanskrit,regional_name,SRC-IFCT2017,D075
GF-ING-00158,Gholobheda,Nepali,regional_name,SRC-IFCT2017,D075
GF-ING-00158,Takkali pazham,Tamil,regional_name,SRC-IFCT2017,D075
GF-ING-00158,Ramamulagakaya,Telugu,regional_name,SRC-IFCT2017,D075
GF-ING-00158,Pakka tamatar.,Urdu,regional_name,SRC-IFCT2017,D075
GF-ING-00159,"Tomato, ripe, local",English,source_name,SRC-IFCT2017,D076
GF-ING-00159,Poka bilahi,Assamese,regional_name,SRC-IFCT2017,D076
GF-ING-00159,Tomato,Bengali,regional_name,SRC-IFCT2017,D076
GF-ING-00159,Tameta,Gujarati,regional_name,SRC-IFCT2017,D076
GF-ING-00159,Tamator,Hindi,regional_name,SRC-IFCT2017,D076
GF-ING-00159,Goore Hannu,Kannada,regional_name,SRC-IFCT2017,D076
GF-ING-00159,Rowangun,Kashmiri,regional_name,SRC-IFCT2017,D076
GF-ING-00159,Takkali pazham,Malayalam,regional_name,SRC-IFCT2017,D076
GF-ING-00159,Khamen ashinba,Manipuri,regional_name,SRC-IFCT2017,D076
GF-ING-00159,Velvangi,Marathi,regional_name,SRC-IFCT2017,D076
GF-ING-00159,Gholobheda,Nepali,regional_name,SRC-IFCT2017,D076
GF-ING-00159,Bilati Baigan,Odia,regional_name,SRC-IFCT2017,D076
GF-ING-00159,Pakke tamator,Punjabi,regional_name,SRC-IFCT2017,D076
GF-ING-00159,Rakta phalam,Sanskrit,regional_name,SRC-IFCT2017,D076
GF-ING-00159,Soh saw khasii,Khasi,regional_name,SRC-IFCT2017,D076
GF-ING-00159,Takkali pazham,Tamil,regional_name,SRC-IFCT2017,D076
GF-ING-00159,Ramamulagakaya,Telugu,regional_name,SRC-IFCT2017,D076
GF-ING-00159,Pakka tamatar.,Urdu,regional_name,SRC-IFCT2017,D076
GF-ING-00160,"Zucchini, green",English,source_name,SRC-IFCT2017,D077
GF-ING-00160,Dhudul,Bengali,regional_name,SRC-IFCT2017,D077
GF-ING-00160,"Courgette, Summer squash",English,regional_name,SRC-IFCT2017,D077
GF-ING-00160,Sabed kaddu,Hindi,regional_name,SRC-IFCT2017,D077
GF-ING-00160,Dilpasand,Kannada,regional_name,SRC-IFCT2017,D077
GF-ING-00160,Kaashiral,Kashmiri,regional_name,SRC-IFCT2017,D077
GF-ING-00160,Kashi bhopla,Marathi,regional_name,SRC-IFCT2017,D077
GF-ING-00160,Golu phubi kakuri,Odia,regional_name,SRC-IFCT2017,D077
GF-ING-00160,Seemai suraikayi.,Tamil,regional_name,SRC-IFCT2017,D077
GF-ING-00161,"Zucchini, yellow",English,source_name,SRC-IFCT2017,D078
GF-ING-00161,Dhudul,Bengali,regional_name,SRC-IFCT2017,D078
GF-ING-00161,"Courgette, Summer squash",English,regional_name,SRC-IFCT2017,D078
GF-ING-00161,Sabed kaddu,Hindi,regional_name,SRC-IFCT2017,D078
GF-ING-00161,Dilpasand,Kannada,regional_name,SRC-IFCT2017,D078
GF-ING-00161,Kaashiral,Kashmiri,regional_name,SRC-IFCT2017,D078
GF-ING-00161,Kashi bhopla,Marathi,regional_name,SRC-IFCT2017,D078
GF-ING-00161,Golu phubi kakuri,Odia,regional_name,SRC-IFCT2017,D078
GF-ING-00161,Seemai suraikayi.,Tamil,regional_name,SRC-IFCT2017,D078
GF-ING-00162,"Apple, big",English,source_name,SRC-IFCT2017,E001
GF-ING-00162,Apel,Assamese,regional_name,SRC-IFCT2017,E001
GF-ING-00162,Sev,Bengali,regional_name,SRC-IFCT2017,E001
GF-ING-00162,Safarjan,Gujarati,regional_name,SRC-IFCT2017,E001
GF-ING-00162,Sev,Hindi,regional_name,SRC-IFCT2017,E001
GF-ING-00162,Sebu,Kannada,regional_name,SRC-IFCT2017,E001
GF-ING-00162,Tsoonth,Kashmiri,regional_name,SRC-IFCT2017,E001
GF-ING-00162,Soh apple saw,Khasi,regional_name,SRC-IFCT2017,E001
GF-ING-00162,", Tam. Apple pazham",Malayalam,regional_name,SRC-IFCT2017,E001
GF-ING-00162,Sem,Manipuri,regional_name,SRC-IFCT2017,E001
GF-ING-00162,Safar chand,Marathi,regional_name,SRC-IFCT2017,E001
GF-ING-00162,Shau,Nepali,regional_name,SRC-IFCT2017,E001
GF-ING-00162,Sev,Odia,regional_name,SRC-IFCT2017,E001
GF-ING-00162,Seb,Punjabi,regional_name,SRC-IFCT2017,E001
GF-ING-00162,Seva,Sanskrit,regional_name,SRC-IFCT2017,E001
GF-ING-00162,Sepu/Sema regu,Telugu,regional_name,SRC-IFCT2017,E001
GF-ING-00162,Saib.,Urdu,regional_name,SRC-IFCT2017,E001
GF-ING-00163,"Apple, green",English,source_name,SRC-IFCT2017,E002
GF-ING-00163,Apel,Assamese,regional_name,SRC-IFCT2017,E002
GF-ING-00163,Sev,Bengali,regional_name,SRC-IFCT2017,E002
GF-ING-00163,Lila safarjan,Gujarati,regional_name,SRC-IFCT2017,E002
GF-ING-00163,Sev,Hindi,regional_name,SRC-IFCT2017,E002
GF-ING-00163,Sebu,Kannada,regional_name,SRC-IFCT2017,E002
GF-ING-00163,Tsoonth,Kashmiri,regional_name,SRC-IFCT2017,E002
GF-ING-00163,Soh apple Jyrngam,Khasi,regional_name,SRC-IFCT2017,E002
GF-ING-00163,Apple pazham,Malayalam,regional_name,SRC-IFCT2017,E002
GF-ING-00163,Sem,Manipuri,regional_name,SRC-IFCT2017,E002
GF-ING-00163,Safar chand,Marathi,regional_name,SRC-IFCT2017,E002
GF-ING-00163,Shau,Nepali,regional_name,SRC-IFCT2017,E002
GF-ING-00163,Sev,Odia,regional_name,SRC-IFCT2017,E002
GF-ING-00163,Seb,Punjabi,regional_name,SRC-IFCT2017,E002
GF-ING-00163,Seva,Sanskrit,regional_name,SRC-IFCT2017,E002
GF-ING-00163,Apple pazham,Tamil,regional_name,SRC-IFCT2017,E002
GF-ING-00163,Sepu/Sema regu,Telugu,regional_name,SRC-IFCT2017,E002
GF-ING-00163,Saib.,Urdu,regional_name,SRC-IFCT2017,E002
GF-ING-00164,"Apple, small",English,source_name,SRC-IFCT2017,E003
GF-ING-00164,Apel,Assamese,regional_name,SRC-IFCT2017,E003
GF-ING-00164,Sev,Bengali,regional_name,SRC-IFCT2017,E003
GF-ING-00164,Safarjan,Gujarati,regional_name,SRC-IFCT2017,E003
GF-ING-00164,Sev,Hindi,regional_name,SRC-IFCT2017,E003
GF-ING-00164,Sebu,Kannada,regional_name,SRC-IFCT2017,E003
GF-ING-00164,Tsoonth,Kashmiri,regional_name,SRC-IFCT2017,E003
GF-ING-00164,Soh apple saw,Khasi,regional_name,SRC-IFCT2017,E003
GF-ING-00164,Apple pazham,Malayalam,regional_name,SRC-IFCT2017,E003
GF-ING-00164,Sem,Manipuri,regional_name,SRC-IFCT2017,E003
GF-ING-00164,Safar chand,Marathi,regional_name,SRC-IFCT2017,E003
GF-ING-00164,Shau,Nepali,regional_name,SRC-IFCT2017,E003
GF-ING-00164,Sev,Odia,regional_name,SRC-IFCT2017,E003
GF-ING-00164,Seb,Punjabi,regional_name,SRC-IFCT2017,E003
GF-ING-00164,Seva,Sanskrit,regional_name,SRC-IFCT2017,E003
GF-ING-00164,Apple pazham,Tamil,regional_name,SRC-IFCT2017,E003
GF-ING-00164,Sepu/Sema regu,Telugu,regional_name,SRC-IFCT2017,E003
GF-ING-00164,Saib.,Urdu,regional_name,SRC-IFCT2017,E003
GF-ING-00165,"Apple, small, Kashmir",English,source_name,SRC-IFCT2017,E004
GF-ING-00165,Apel,Assamese,regional_name,SRC-IFCT2017,E004
GF-ING-00165,Sev,Bengali,regional_name,SRC-IFCT2017,E004
GF-ING-00165,Safarjan,Gujarati,regional_name,SRC-IFCT2017,E004
GF-ING-00165,Sev,Hindi,regional_name,SRC-IFCT2017,E004
GF-ING-00165,Seb,Kannada,regional_name,SRC-IFCT2017,E004
GF-ING-00165,Tsoonth,Kashmiri,regional_name,SRC-IFCT2017,E004
GF-ING-00165,Soh apple saw,Khasi,regional_name,SRC-IFCT2017,E004
GF-ING-00165,Apple pazham,Malayalam,regional_name,SRC-IFCT2017,E004
GF-ING-00165,Sem,Manipuri,regional_name,SRC-IFCT2017,E004
GF-ING-00165,Safar chand,Marathi,regional_name,SRC-IFCT2017,E004
GF-ING-00165,Shau,Nepali,regional_name,SRC-IFCT2017,E004
GF-ING-00165,Sev,Odia,regional_name,SRC-IFCT2017,E004
GF-ING-00165,Seb,Punjabi,regional_name,SRC-IFCT2017,E004
GF-ING-00165,Seva,Sanskrit,regional_name,SRC-IFCT2017,E004
GF-ING-00165,Apple pazham,Tamil,regional_name,SRC-IFCT2017,E004
GF-ING-00165,Sepu/Sema regu,Telugu,regional_name,SRC-IFCT2017,E004
GF-ING-00165,Saib.,Urdu,regional_name,SRC-IFCT2017,E004
GF-ING-00166,"Apricot, dried",English,source_name,SRC-IFCT2017,E005
GF-ING-00166,Malhoi,Assamese,regional_name,SRC-IFCT2017,E005
GF-ING-00166,Suska khubani,Bengali,regional_name,SRC-IFCT2017,E005
GF-ING-00166,Jardaloo (Suka velu),Gujarati,regional_name,SRC-IFCT2017,E005
GF-ING-00166,Khoomani,Hindi,regional_name,SRC-IFCT2017,E005
GF-ING-00166,Jaldaru Hannu,Kannada,regional_name,SRC-IFCT2017,E005
GF-ING-00166,Tser,Kashmiri,regional_name,SRC-IFCT2017,E005
GF-ING-00166,Sheema bedhaam pazham,Malayalam,regional_name,SRC-IFCT2017,E005
GF-ING-00166,Malhei,Manipuri,regional_name,SRC-IFCT2017,E005
GF-ING-00166,Jardaalu,Marathi,regional_name,SRC-IFCT2017,E005
GF-ING-00166,Khattu,Nepali,regional_name,SRC-IFCT2017,E005
GF-ING-00166,Kharamani,Punjabi,regional_name,SRC-IFCT2017,E005
GF-ING-00166,Seema Badam/ Jallaru Pandu,Telugu,regional_name,SRC-IFCT2017,E005
GF-ING-00166,Sakkarai badhami,Tamil,regional_name,SRC-IFCT2017,E005
GF-ING-00166,Khubaani.,Urdu,regional_name,SRC-IFCT2017,E005
GF-ING-00167,"Apricot, processed",English,source_name,SRC-IFCT2017,E006
GF-ING-00167,Malhoi,Assamese,regional_name,SRC-IFCT2017,E006
GF-ING-00167,Suska khubani,Bengali,regional_name,SRC-IFCT2017,E006
GF-ING-00167,Jardaloo,Gujarati,regional_name,SRC-IFCT2017,E006
GF-ING-00167,Khoomani,Hindi,regional_name,SRC-IFCT2017,E006
GF-ING-00167,Jaldaru Hannu,Kannada,regional_name,SRC-IFCT2017,E006
GF-ING-00167,Tser,Kashmiri,regional_name,SRC-IFCT2017,E006
GF-ING-00167,Sheema bedhaam pazham,Malayalam,regional_name,SRC-IFCT2017,E006
GF-ING-00167,Malhei,Manipuri,regional_name,SRC-IFCT2017,E006
GF-ING-00167,Jardaalu,Marathi,regional_name,SRC-IFCT2017,E006
GF-ING-00167,Khattu,Nepali,regional_name,SRC-IFCT2017,E006
GF-ING-00167,Kharamani,Punjabi,regional_name,SRC-IFCT2017,E006
GF-ING-00167,Sakkarai badhami,Tamil,regional_name,SRC-IFCT2017,E006
GF-ING-00167,Seema Badam/ Jallaru Pandu,Telugu,regional_name,SRC-IFCT2017,E006
GF-ING-00167,Khubaani.,Urdu,regional_name,SRC-IFCT2017,E006
GF-ING-00168,Avocado fruit,English,source_name,SRC-IFCT2017,E007
GF-ING-00168,Kulunashpati,Bengali,regional_name,SRC-IFCT2017,E007
GF-ING-00168,Makhanphal,Hindi,regional_name,SRC-IFCT2017,E007
GF-ING-00168,Bennephala/Bennehannu,Kannada,regional_name,SRC-IFCT2017,E007
GF-ING-00168,Goshtub tang,Kashmiri,regional_name,SRC-IFCT2017,E007
GF-ING-00168,Aathachakka/ Venna-pazham,Malayalam,regional_name,SRC-IFCT2017,E007
GF-ING-00168,Makhan phal,Marathi,regional_name,SRC-IFCT2017,E007
GF-ING-00168,Makhan phal,Punjabi,regional_name,SRC-IFCT2017,E007
GF-ING-00168,Vennaipazham.,Tamil,regional_name,SRC-IFCT2017,E007
GF-ING-00169,Bael fruit,English,source_name,SRC-IFCT2017,E008
GF-ING-00169,Bel,Bengali,regional_name,SRC-IFCT2017,E008
GF-ING-00169,"Indian bael, Bengal quince, Golden apple, Japanese bitter orange, Stone apple, Wood apple",English,regional_name,SRC-IFCT2017,E008
GF-ING-00169,Bila,Gujarati,regional_name,SRC-IFCT2017,E008
GF-ING-00169,Bel,Hindi,regional_name,SRC-IFCT2017,E008
GF-ING-00169,Soh bel,Khasi,regional_name,SRC-IFCT2017,E008
GF-ING-00169,Vilwa pazham,Malayalam,regional_name,SRC-IFCT2017,E008
GF-ING-00169,Heiri Khagok,Manipuri,regional_name,SRC-IFCT2017,E008
GF-ING-00169,Bhel,Punjabi,regional_name,SRC-IFCT2017,E008
GF-ING-00169,Bel,Marathi,regional_name,SRC-IFCT2017,E008
GF-ING-00169,Vilwa pazham,Tamil,regional_name,SRC-IFCT2017,E008
GF-ING-00169,Marendu pandu.,Telugu,regional_name,SRC-IFCT2017,E008
GF-ING-00170,"Banana, ripe, montham",English,source_name,SRC-IFCT2017,E009
GF-ING-00170,Poka kol,Assamese,regional_name,SRC-IFCT2017,E009
GF-ING-00170,Kola(paka),Bengali,regional_name,SRC-IFCT2017,E009
GF-ING-00170,Paka keda,Gujarati,regional_name,SRC-IFCT2017,E009
GF-ING-00170,Kela,Hindi,regional_name,SRC-IFCT2017,E009
GF-ING-00170,Bale hannu,Kannada,regional_name,SRC-IFCT2017,E009
GF-ING-00170,Kela,Kashmiri,regional_name,SRC-IFCT2017,E009
GF-ING-00170,Kait syiem,Khasi,regional_name,SRC-IFCT2017,E009
GF-ING-00170,Vazha pazham,Malayalam,regional_name,SRC-IFCT2017,E009
GF-ING-00170,Laphoi,Manipuri,regional_name,SRC-IFCT2017,E009
GF-ING-00170,Kele,Marathi,regional_name,SRC-IFCT2017,E009
GF-ING-00170,Kera,Nepali,regional_name,SRC-IFCT2017,E009
GF-ING-00170,Champa kadali,Odia,regional_name,SRC-IFCT2017,E009
GF-ING-00170,Kella,Punjabi,regional_name,SRC-IFCT2017,E009
GF-ING-00170,Kadalii,Sanskrit,regional_name,SRC-IFCT2017,E009
GF-ING-00170,Vazha pazham,Tamil,regional_name,SRC-IFCT2017,E009
GF-ING-00170,Arati pandu,Telugu,regional_name,SRC-IFCT2017,E009
GF-ING-00170,Kela.,Urdu,regional_name,SRC-IFCT2017,E009
GF-ING-00171,"Banana, ripe, poovam",English,source_name,SRC-IFCT2017,E010
GF-ING-00171,Poka kol,Assamese,regional_name,SRC-IFCT2017,E010
GF-ING-00171,Kola (paka),Bengali,regional_name,SRC-IFCT2017,E010
GF-ING-00171,Paka keda,Gujarati,regional_name,SRC-IFCT2017,E010
GF-ING-00171,Kela,Hindi,regional_name,SRC-IFCT2017,E010
GF-ING-00171,Bale hannu,Kannada,regional_name,SRC-IFCT2017,E010
GF-ING-00171,Kela,Kashmiri,regional_name,SRC-IFCT2017,E010
GF-ING-00171,Kait mon/ ja,Khasi,regional_name,SRC-IFCT2017,E010
GF-ING-00171,Vazha pazham,Malayalam,regional_name,SRC-IFCT2017,E010
GF-ING-00171,Laphoi,Manipuri,regional_name,SRC-IFCT2017,E010
GF-ING-00171,Kele,Marathi,regional_name,SRC-IFCT2017,E010
GF-ING-00171,Kera,Nepali,regional_name,SRC-IFCT2017,E010
GF-ING-00171,Champa kadali,Odia,regional_name,SRC-IFCT2017,E010
GF-ING-00171,Kella,Punjabi,regional_name,SRC-IFCT2017,E010
GF-ING-00171,Kadalii,Sanskrit,regional_name,SRC-IFCT2017,E010
GF-ING-00171,Vazha pazham,Tamil,regional_name,SRC-IFCT2017,E010
GF-ING-00171,Arati pandu,Telugu,regional_name,SRC-IFCT2017,E010
GF-ING-00171,Kela.,Urdu,regional_name,SRC-IFCT2017,E010
GF-ING-00172,"Banana, ripe, red",English,source_name,SRC-IFCT2017,E011
GF-ING-00172,Poka kol,Assamese,regional_name,SRC-IFCT2017,E011
GF-ING-00172,Kola (paka),Bengali,regional_name,SRC-IFCT2017,E011
GF-ING-00172,Lal paka keda,Gujarati,regional_name,SRC-IFCT2017,E011
GF-ING-00172,Kela,Hindi,regional_name,SRC-IFCT2017,E011
GF-ING-00172,Bale hannu,Kannada,regional_name,SRC-IFCT2017,E011
GF-ING-00172,Kela,Kashmiri,regional_name,SRC-IFCT2017,E011
GF-ING-00172,Kait saw,Khasi,regional_name,SRC-IFCT2017,E011
GF-ING-00172,Vazha pazham,Malayalam,regional_name,SRC-IFCT2017,E011
GF-ING-00172,Laphoi,Manipuri,regional_name,SRC-IFCT2017,E011
GF-ING-00172,Kele,Marathi,regional_name,SRC-IFCT2017,E011
GF-ING-00172,Kera,Nepali,regional_name,SRC-IFCT2017,E011
GF-ING-00172,Champa kadali,Odia,regional_name,SRC-IFCT2017,E011
GF-ING-00172,Kella,Punjabi,regional_name,SRC-IFCT2017,E011
GF-ING-00172,Kadalii,Sanskrit,regional_name,SRC-IFCT2017,E011
GF-ING-00172,Sevvazhaipazham,Tamil,regional_name,SRC-IFCT2017,E011
GF-ING-00172,Arati pandu,Telugu,regional_name,SRC-IFCT2017,E011
GF-ING-00172,Kela.,Urdu,regional_name,SRC-IFCT2017,E011
GF-ING-00173,"Banana, ripe, robusta",English,source_name,SRC-IFCT2017,E012
GF-ING-00173,Poka kol,Assamese,regional_name,SRC-IFCT2017,E012
GF-ING-00173,Kola (paka),Bengali,regional_name,SRC-IFCT2017,E012
GF-ING-00173,keda,Gujarati,regional_name,SRC-IFCT2017,E012
GF-ING-00173,Kela,Hindi,regional_name,SRC-IFCT2017,E012
GF-ING-00173,Bale hannu,Kannada,regional_name,SRC-IFCT2017,E012
GF-ING-00173,Kela,Kashmiri,regional_name,SRC-IFCT2017,E012
GF-ING-00173,Kait jaji,Khasi,regional_name,SRC-IFCT2017,E012
GF-ING-00173,Vazha pazham,Malayalam,regional_name,SRC-IFCT2017,E012
GF-ING-00173,Laphoi,Manipuri,regional_name,SRC-IFCT2017,E012
GF-ING-00173,Kele,Marathi,regional_name,SRC-IFCT2017,E012
GF-ING-00173,Kera,Nepali,regional_name,SRC-IFCT2017,E012
GF-ING-00173,Champa kadali,Odia,regional_name,SRC-IFCT2017,E012
GF-ING-00173,Kella,Punjabi,regional_name,SRC-IFCT2017,E012
GF-ING-00173,Kadalii,Sanskrit,regional_name,SRC-IFCT2017,E012
GF-ING-00173,Vazhaipazham,Tamil,regional_name,SRC-IFCT2017,E012
GF-ING-00173,Arati pandu,Telugu,regional_name,SRC-IFCT2017,E012
GF-ING-00173,Kela.,Urdu,regional_name,SRC-IFCT2017,E012
GF-ING-00174,Black berry,English,source_name,SRC-IFCT2017,E013
GF-ING-00174,Kola jamu,Assamese,regional_name,SRC-IFCT2017,E013
GF-ING-00174,Kalojam,Bengali,regional_name,SRC-IFCT2017,E013
GF-ING-00174,Blackberry,English,regional_name,SRC-IFCT2017,E013
GF-ING-00174,Jambu,Gujarati,regional_name,SRC-IFCT2017,E013
GF-ING-00174,Kala Jamun,Hindi,regional_name,SRC-IFCT2017,E013
GF-ING-00174,Neralai,Kannada,regional_name,SRC-IFCT2017,E013
GF-ING-00174,Soh jam/ Soh jamun,Khasi,regional_name,SRC-IFCT2017,E013
GF-ING-00174,Naval pazham,Malayalam,regional_name,SRC-IFCT2017,E013
GF-ING-00174,Jaam,Manipuri,regional_name,SRC-IFCT2017,E013
GF-ING-00174,Jambhool,Marathi,regional_name,SRC-IFCT2017,E013
GF-ING-00174,Jamukoli,Odia,regional_name,SRC-IFCT2017,E013
GF-ING-00174,Jamun,Punjabi,regional_name,SRC-IFCT2017,E013
GF-ING-00174,Nagapazham,Tamil,regional_name,SRC-IFCT2017,E013
GF-ING-00174,Neredupandu.,Telugu,regional_name,SRC-IFCT2017,E013
GF-ING-00175,"Cherries, red",English,source_name,SRC-IFCT2017,E014
GF-ING-00175,Cherry,Gujarati,regional_name,SRC-IFCT2017,E014
GF-ING-00175,Gilas,Hindi,regional_name,SRC-IFCT2017,E014
GF-ING-00175,Kadugempu,Kannada,regional_name,SRC-IFCT2017,E014
GF-ING-00175,Gilas,Kashmiri,regional_name,SRC-IFCT2017,E014
GF-ING-00175,Soh sherri,Khasi,regional_name,SRC-IFCT2017,E014
GF-ING-00175,Cherrypazham,Malayalam,regional_name,SRC-IFCT2017,E014
GF-ING-00175,Cherry phal,Marathi,regional_name,SRC-IFCT2017,E014
GF-ING-00175,Cherry,Punjabi,regional_name,SRC-IFCT2017,E014
GF-ING-00175,Cherry pazham,Tamil,regional_name,SRC-IFCT2017,E014
GF-ING-00175,Cherri pandu.,Telugu,regional_name,SRC-IFCT2017,E014
GF-ING-00176,"Currants, black",English,source_name,SRC-IFCT2017,E015
GF-ING-00176,kismis,Assamese,regional_name,SRC-IFCT2017,E015
GF-ING-00176,"Zante currants, Corinth raisins, Corinthian raisins",English,regional_name,SRC-IFCT2017,E015
GF-ING-00176,kadi draksh,Gujarati,regional_name,SRC-IFCT2017,E015
GF-ING-00176,Munakka,Hindi,regional_name,SRC-IFCT2017,E015
GF-ING-00176,Nerale hannu,Kannada,regional_name,SRC-IFCT2017,E015
GF-ING-00176,Soh kismis iong,Khasi,regional_name,SRC-IFCT2017,E015
GF-ING-00176,Najavalppazham,Malayalam,regional_name,SRC-IFCT2017,E015
GF-ING-00176,Kala pravaha,Marathi,regional_name,SRC-IFCT2017,E015
GF-ING-00176,Karunthiratcha,Tamil,regional_name,SRC-IFCT2017,E015
GF-ING-00176,Nalla Kishmish,Telugu,regional_name,SRC-IFCT2017,E015
GF-ING-00176,kala kishmish.,Urdu,regional_name,SRC-IFCT2017,E015
GF-ING-00177,Custard apple,English,source_name,SRC-IFCT2017,E016
GF-ING-00177,Sitaphal,Assamese,regional_name,SRC-IFCT2017,E016
GF-ING-00177,Ata,Bengali,regional_name,SRC-IFCT2017,E016
GF-ING-00177,"Sugar apple, Sweetsop",English,regional_name,SRC-IFCT2017,E016
GF-ING-00177,Sitapad,Gujarati,regional_name,SRC-IFCT2017,E016
GF-ING-00177,Sharifa,Hindi,regional_name,SRC-IFCT2017,E016
GF-ING-00177,Sharifa,Kannada,regional_name,SRC-IFCT2017,E016
GF-ING-00177,Ata,Odia,regional_name,SRC-IFCT2017,E016
GF-ING-00177,", Mar. Sitaphal",Malayalam,regional_name,SRC-IFCT2017,E016
GF-ING-00177,Sharifa,Punjabi,regional_name,SRC-IFCT2017,E016
GF-ING-00177,Seethapazham,Tamil,regional_name,SRC-IFCT2017,E016
GF-ING-00177,Sitaphalam.,Telugu,regional_name,SRC-IFCT2017,E016
GF-ING-00178,"Dates, dry, pale brown",English,source_name,SRC-IFCT2017,E017
GF-ING-00178,Khajur,Assamese,regional_name,SRC-IFCT2017,E017
GF-ING-00178,Kharjura,Bengali,regional_name,SRC-IFCT2017,E017
GF-ING-00178,Date palm,English,regional_name,SRC-IFCT2017,E017
GF-ING-00178,Kharek,Gujarati,regional_name,SRC-IFCT2017,E017
GF-ING-00178,Chuhara,Hindi,regional_name,SRC-IFCT2017,E017
GF-ING-00178,Kharjoora,Kannada,regional_name,SRC-IFCT2017,E017
GF-ING-00178,Khajur,Kashmiri,regional_name,SRC-IFCT2017,E017
GF-ING-00178,Soh khajur,Khasi,regional_name,SRC-IFCT2017,E017
GF-ING-00178,Eethapazham,Malayalam,regional_name,SRC-IFCT2017,E017
GF-ING-00178,Thangtup,Manipuri,regional_name,SRC-IFCT2017,E017
GF-ING-00178,Khajur,Marathi,regional_name,SRC-IFCT2017,E017
GF-ING-00178,Khajura,Nepali,regional_name,SRC-IFCT2017,E017
GF-ING-00178,Khajuri,Odia,regional_name,SRC-IFCT2017,E017
GF-ING-00178,Chawara,Punjabi,regional_name,SRC-IFCT2017,E017
GF-ING-00178,Kharjura,Sanskrit,regional_name,SRC-IFCT2017,E017
GF-ING-00178,Pericham pazham,Tamil,regional_name,SRC-IFCT2017,E017
GF-ING-00178,Khajoora pandu,Telugu,regional_name,SRC-IFCT2017,E017
GF-ING-00178,Khajur.,Urdu,regional_name,SRC-IFCT2017,E017
GF-ING-00179,"Dates, dry, dark brown",English,source_name,SRC-IFCT2017,E018
GF-ING-00179,Khajur,Assamese,regional_name,SRC-IFCT2017,E018
GF-ING-00179,Kharjura,Bengali,regional_name,SRC-IFCT2017,E018
GF-ING-00179,Date palm,English,regional_name,SRC-IFCT2017,E018
GF-ING-00179,Chuhara,Gujarati,regional_name,SRC-IFCT2017,E018
GF-ING-00179,Khajur,Hindi,regional_name,SRC-IFCT2017,E018
GF-ING-00179,Kharjoora,Kannada,regional_name,SRC-IFCT2017,E018
GF-ING-00179,Khajur,Kashmiri,regional_name,SRC-IFCT2017,E018
GF-ING-00179,Soh khajur,Khasi,regional_name,SRC-IFCT2017,E018
GF-ING-00179,Eethapazham,Malayalam,regional_name,SRC-IFCT2017,E018
GF-ING-00179,Thangtup,Manipuri,regional_name,SRC-IFCT2017,E018
GF-ING-00179,Khajur,Marathi,regional_name,SRC-IFCT2017,E018
GF-ING-00179,Khajura,Nepali,regional_name,SRC-IFCT2017,E018
GF-ING-00179,Khajuri,Odia,regional_name,SRC-IFCT2017,E018
GF-ING-00179,Chawara,Punjabi,regional_name,SRC-IFCT2017,E018
GF-ING-00179,Kharjura,Sanskrit,regional_name,SRC-IFCT2017,E018
GF-ING-00179,Pericham pazham,Tamil,regional_name,SRC-IFCT2017,E018
GF-ING-00179,Khajoora pandu,Telugu,regional_name,SRC-IFCT2017,E018
GF-ING-00179,Khajur.,Urdu,regional_name,SRC-IFCT2017,E018
GF-ING-00180,"Dates, processed",English,source_name,SRC-IFCT2017,E019
GF-ING-00180,Khajur,Assamese,regional_name,SRC-IFCT2017,E019
GF-ING-00180,Kharjura,Bengali,regional_name,SRC-IFCT2017,E019
GF-ING-00180,Date palm,English,regional_name,SRC-IFCT2017,E019
GF-ING-00180,Khajur,Gujarati,regional_name,SRC-IFCT2017,E019
GF-ING-00180,Khajur,Hindi,regional_name,SRC-IFCT2017,E019
GF-ING-00180,Kharjoora,Kannada,regional_name,SRC-IFCT2017,E019
GF-ING-00180,Khajur,Kashmiri,regional_name,SRC-IFCT2017,E019
GF-ING-00180,Soh khajur im,Khasi,regional_name,SRC-IFCT2017,E019
GF-ING-00180,Eethapazham,Malayalam,regional_name,SRC-IFCT2017,E019
GF-ING-00180,Thangtup,Manipuri,regional_name,SRC-IFCT2017,E019
GF-ING-00180,Khajur,Marathi,regional_name,SRC-IFCT2017,E019
GF-ING-00180,Khajura,Nepali,regional_name,SRC-IFCT2017,E019
GF-ING-00180,Khajuri,Odia,regional_name,SRC-IFCT2017,E019
GF-ING-00180,Khajur,Punjabi,regional_name,SRC-IFCT2017,E019
GF-ING-00180,Kharjura,Sanskrit,regional_name,SRC-IFCT2017,E019
GF-ING-00180,Pericham pazham,Tamil,regional_name,SRC-IFCT2017,E019
GF-ING-00180,Khajoora pandu,Telugu,regional_name,SRC-IFCT2017,E019
GF-ING-00180,Khajur.,Urdu,regional_name,SRC-IFCT2017,E019
GF-ING-00181,Fig,English,source_name,SRC-IFCT2017,E020
GF-ING-00181,Dimoru,Assamese,regional_name,SRC-IFCT2017,E020
GF-ING-00181,Dumura,Bengali,regional_name,SRC-IFCT2017,E020
GF-ING-00181,Common fig,English,regional_name,SRC-IFCT2017,E020
GF-ING-00181,Anjir,Gujarati,regional_name,SRC-IFCT2017,E020
GF-ING-00181,Anjeer,Hindi,regional_name,SRC-IFCT2017,E020
GF-ING-00181,Anjurada hannugalu,Kannada,regional_name,SRC-IFCT2017,E020
GF-ING-00181,Anjeer,Kashmiri,regional_name,SRC-IFCT2017,E020
GF-ING-00181,Soh Dimbur,Khasi,regional_name,SRC-IFCT2017,E020
GF-ING-00181,Athipazham,Malayalam,regional_name,SRC-IFCT2017,E020
GF-ING-00181,Heirit,Manipuri,regional_name,SRC-IFCT2017,E020
GF-ING-00181,Anjir,Marathi,regional_name,SRC-IFCT2017,E020
GF-ING-00181,Anjir,Nepali,regional_name,SRC-IFCT2017,E020
GF-ING-00181,Dimiri,Odia,regional_name,SRC-IFCT2017,E020
GF-ING-00181,Anjiira,Sanskrit,regional_name,SRC-IFCT2017,E020
GF-ING-00181,Anjeer,Punjabi,regional_name,SRC-IFCT2017,E020
GF-ING-00181,Athipazham,Tamil,regional_name,SRC-IFCT2017,E020
GF-ING-00181,Atti pandu,Telugu,regional_name,SRC-IFCT2017,E020
GF-ING-00181,Anjeer.,Urdu,regional_name,SRC-IFCT2017,E020
GF-ING-00182,Goosberry,English,source_name,SRC-IFCT2017,E021
GF-ING-00182,Amlakhi,Assamese,regional_name,SRC-IFCT2017,E021
GF-ING-00182,Indian Gooseberry,English,regional_name,SRC-IFCT2017,E021
GF-ING-00182,Amla,Gujarati,regional_name,SRC-IFCT2017,E021
GF-ING-00182,Amla,Hindi,regional_name,SRC-IFCT2017,E021
GF-ING-00182,Betta nelli,Kannada,regional_name,SRC-IFCT2017,E021
GF-ING-00182,Soh mylleng,Khasi,regional_name,SRC-IFCT2017,E021
GF-ING-00182,Nellikka,Malayalam,regional_name,SRC-IFCT2017,E021
GF-ING-00182,Heikru,Manipuri,regional_name,SRC-IFCT2017,E021
GF-ING-00182,Amla,Marathi,regional_name,SRC-IFCT2017,E021
GF-ING-00182,Aanla,Odia,regional_name,SRC-IFCT2017,E021
GF-ING-00182,Olle,Punjabi,regional_name,SRC-IFCT2017,E021
GF-ING-00182,Nellikkai,Tamil,regional_name,SRC-IFCT2017,E021
GF-ING-00182,Usirikaya.,Telugu,regional_name,SRC-IFCT2017,E021
GF-ING-00183,"Grapes, seeded, round, black",English,source_name,SRC-IFCT2017,E022
GF-ING-00183,Angoor,Assamese,regional_name,SRC-IFCT2017,E022
GF-ING-00183,Angoor,Bengali,regional_name,SRC-IFCT2017,E022
GF-ING-00183,Kadi Draksha,Gujarati,regional_name,SRC-IFCT2017,E022
GF-ING-00183,Angoor,Hindi,regional_name,SRC-IFCT2017,E022
GF-ING-00183,Draksha,Kannada,regional_name,SRC-IFCT2017,E022
GF-ING-00183,Dach,Kashmiri,regional_name,SRC-IFCT2017,E022
GF-ING-00183,Soh grape iong,Khasi,regional_name,SRC-IFCT2017,E022
GF-ING-00183,Mundiringa,Malayalam,regional_name,SRC-IFCT2017,E022
GF-ING-00183,Angoor,Manipuri,regional_name,SRC-IFCT2017,E022
GF-ING-00183,Draksha,Marathi,regional_name,SRC-IFCT2017,E022
GF-ING-00183,Angoor,Nepali,regional_name,SRC-IFCT2017,E022
GF-ING-00183,Angoor,Odia,regional_name,SRC-IFCT2017,E022
GF-ING-00183,Angoor,Punjabi,regional_name,SRC-IFCT2017,E022
GF-ING-00183,Draakssaa,Sanskrit,regional_name,SRC-IFCT2017,E022
GF-ING-00183,Panneer dratchai,Tamil,regional_name,SRC-IFCT2017,E022
GF-ING-00183,Draksha padu.,Telugu,regional_name,SRC-IFCT2017,E022
GF-ING-00184,"Grapes, seeded, round, green",English,source_name,SRC-IFCT2017,E023
GF-ING-00184,Angoor,Assamese,regional_name,SRC-IFCT2017,E023
GF-ING-00184,Angoor,Bengali,regional_name,SRC-IFCT2017,E023
GF-ING-00184,Lili Draksha,Gujarati,regional_name,SRC-IFCT2017,E023
GF-ING-00184,Angoor,Hindi,regional_name,SRC-IFCT2017,E023
GF-ING-00184,Draksha,Kannada,regional_name,SRC-IFCT2017,E023
GF-ING-00184,Dach,Kashmiri,regional_name,SRC-IFCT2017,E023
GF-ING-00184,Soh grape jyrngam,Khasi,regional_name,SRC-IFCT2017,E023
GF-ING-00184,Mundiringa,Malayalam,regional_name,SRC-IFCT2017,E023
GF-ING-00184,Angoor,Manipuri,regional_name,SRC-IFCT2017,E023
GF-ING-00184,Draksha,Marathi,regional_name,SRC-IFCT2017,E023
GF-ING-00184,Angoor,Nepali,regional_name,SRC-IFCT2017,E023
GF-ING-00184,Angoor,Odia,regional_name,SRC-IFCT2017,E023
GF-ING-00184,Angoor,Punjabi,regional_name,SRC-IFCT2017,E023
GF-ING-00184,Draakssaa,Sanskrit,regional_name,SRC-IFCT2017,E023
GF-ING-00184,Dratchai,Tamil,regional_name,SRC-IFCT2017,E023
GF-ING-00184,Draksha padu.,Telugu,regional_name,SRC-IFCT2017,E023
GF-ING-00185,"Grapes, seeded, round, red",English,source_name,SRC-IFCT2017,E024
GF-ING-00185,Angoor,Assamese,regional_name,SRC-IFCT2017,E024
GF-ING-00185,Angoor,Bengali,regional_name,SRC-IFCT2017,E024
GF-ING-00185,Lal Draksha,Gujarati,regional_name,SRC-IFCT2017,E024
GF-ING-00185,Angoor,Hindi,regional_name,SRC-IFCT2017,E024
GF-ING-00185,Draksha,Kannada,regional_name,SRC-IFCT2017,E024
GF-ING-00185,Dach,Kashmiri,regional_name,SRC-IFCT2017,E024
GF-ING-00185,Soh grape saw,Khasi,regional_name,SRC-IFCT2017,E024
GF-ING-00185,Mundiringa,Malayalam,regional_name,SRC-IFCT2017,E024
GF-ING-00185,Angoor,Manipuri,regional_name,SRC-IFCT2017,E024
GF-ING-00185,Draksha,Marathi,regional_name,SRC-IFCT2017,E024
GF-ING-00185,Angoor,Nepali,regional_name,SRC-IFCT2017,E024
GF-ING-00185,Angoor,Odia,regional_name,SRC-IFCT2017,E024
GF-ING-00185,Angoor,Punjabi,regional_name,SRC-IFCT2017,E024
GF-ING-00185,Draakssaa,Sanskrit,regional_name,SRC-IFCT2017,E024
GF-ING-00185,Dratchai,Tamil,regional_name,SRC-IFCT2017,E024
GF-ING-00185,Draksha padu.,Telugu,regional_name,SRC-IFCT2017,E024
GF-ING-00186,"Grapes, seedless, oval, black",English,source_name,SRC-IFCT2017,E025
GF-ING-00186,Angoor,Assamese,regional_name,SRC-IFCT2017,E025
GF-ING-00186,Angoor,Bengali,regional_name,SRC-IFCT2017,E025
GF-ING-00186,Draksha,Gujarati,regional_name,SRC-IFCT2017,E025
GF-ING-00186,Angoor,Hindi,regional_name,SRC-IFCT2017,E025
GF-ING-00186,Draksha,Kannada,regional_name,SRC-IFCT2017,E025
GF-ING-00186,Dach,Kashmiri,regional_name,SRC-IFCT2017,E025
GF-ING-00186,Soh grape iong,Khasi,regional_name,SRC-IFCT2017,E025
GF-ING-00186,Mundiringa,Malayalam,regional_name,SRC-IFCT2017,E025
GF-ING-00186,Angoor,Manipuri,regional_name,SRC-IFCT2017,E025
GF-ING-00186,Draksha,Marathi,regional_name,SRC-IFCT2017,E025
GF-ING-00186,Angoor,Nepali,regional_name,SRC-IFCT2017,E025
GF-ING-00186,Angoor,Odia,regional_name,SRC-IFCT2017,E025
GF-ING-00186,Angoor,Punjabi,regional_name,SRC-IFCT2017,E025
GF-ING-00186,Draakssaa,Sanskrit,regional_name,SRC-IFCT2017,E025
GF-ING-00186,Dratchai,Tamil,regional_name,SRC-IFCT2017,E025
GF-ING-00186,Draksha padu.,Telugu,regional_name,SRC-IFCT2017,E025
GF-ING-00187,"Grapes, seedless, round, green",English,source_name,SRC-IFCT2017,E026
GF-ING-00187,Angoor,Assamese,regional_name,SRC-IFCT2017,E026
GF-ING-00187,Angoor,Bengali,regional_name,SRC-IFCT2017,E026
GF-ING-00187,Draksha,Gujarati,regional_name,SRC-IFCT2017,E026
GF-ING-00187,Angoor,Hindi,regional_name,SRC-IFCT2017,E026
GF-ING-00187,Draksha,Kannada,regional_name,SRC-IFCT2017,E026
GF-ING-00187,Dach,Kashmiri,regional_name,SRC-IFCT2017,E026
GF-ING-00187,Soh grape jyrngam,Khasi,regional_name,SRC-IFCT2017,E026
GF-ING-00187,Mundiringa,Malayalam,regional_name,SRC-IFCT2017,E026
GF-ING-00187,Angoor,Manipuri,regional_name,SRC-IFCT2017,E026
GF-ING-00187,Draksha,Marathi,regional_name,SRC-IFCT2017,E026
GF-ING-00187,Angoor,Nepali,regional_name,SRC-IFCT2017,E026
GF-ING-00187,Angoor,Odia,regional_name,SRC-IFCT2017,E026
GF-ING-00187,Angoor,Punjabi,regional_name,SRC-IFCT2017,E026
GF-ING-00187,Draakssaa,Sanskrit,regional_name,SRC-IFCT2017,E026
GF-ING-00187,Dratchai,Tamil,regional_name,SRC-IFCT2017,E026
GF-ING-00187,Draksha padu.,Telugu,regional_name,SRC-IFCT2017,E026
GF-ING-00188,"Grapes, seedless, round, black",English,source_name,SRC-IFCT2017,E027
GF-ING-00188,Kadi Draksha,Gujarati,regional_name,SRC-IFCT2017,E027
GF-ING-00188,Angoor,Hindi,regional_name,SRC-IFCT2017,E027
GF-ING-00188,Draksha,Kannada,regional_name,SRC-IFCT2017,E027
GF-ING-00188,Dach,Kashmiri,regional_name,SRC-IFCT2017,E027
GF-ING-00188,Soh grape iong,Khasi,regional_name,SRC-IFCT2017,E027
GF-ING-00188,Mundiringa,Malayalam,regional_name,SRC-IFCT2017,E027
GF-ING-00188,Angoor,Manipuri,regional_name,SRC-IFCT2017,E027
GF-ING-00188,Draksha,Marathi,regional_name,SRC-IFCT2017,E027
GF-ING-00188,Angoor,Nepali,regional_name,SRC-IFCT2017,E027
GF-ING-00188,Angoor,Odia,regional_name,SRC-IFCT2017,E027
GF-ING-00188,Angoor,Punjabi,regional_name,SRC-IFCT2017,E027
GF-ING-00188,Draakssaa,Sanskrit,regional_name,SRC-IFCT2017,E027
GF-ING-00188,Dratchai,Tamil,regional_name,SRC-IFCT2017,E027
GF-ING-00188,Draksha padu.,Telugu,regional_name,SRC-IFCT2017,E027
GF-ING-00189,"Guava, white flesh",English,source_name,SRC-IFCT2017,E028
GF-ING-00189,Madhurium,Assamese,regional_name,SRC-IFCT2017,E028
GF-ING-00189,Peyara,Bengali,regional_name,SRC-IFCT2017,E028
GF-ING-00189,Jamphad,Gujarati,regional_name,SRC-IFCT2017,E028
GF-ING-00189,Amrud,Hindi,regional_name,SRC-IFCT2017,E028
GF-ING-00189,Seebe,Kannada,regional_name,SRC-IFCT2017,E028
GF-ING-00189,Amrodh,Kashmiri,regional_name,SRC-IFCT2017,E028
GF-ING-00189,Soh pyriam,Khasi,regional_name,SRC-IFCT2017,E028
GF-ING-00189,Perakka (nattu),Malayalam,regional_name,SRC-IFCT2017,E028
GF-ING-00189,Pungton,Manipuri,regional_name,SRC-IFCT2017,E028
GF-ING-00189,Peru,Marathi,regional_name,SRC-IFCT2017,E028
GF-ING-00189,Aamba,Nepali,regional_name,SRC-IFCT2017,E028
GF-ING-00189,Pijuli (deshi),Odia,regional_name,SRC-IFCT2017,E028
GF-ING-00189,Amrud,Punjabi,regional_name,SRC-IFCT2017,E028
GF-ING-00189,Peruka,Sanskrit,regional_name,SRC-IFCT2017,E028
GF-ING-00189,Koiyapazham,Tamil,regional_name,SRC-IFCT2017,E028
GF-ING-00189,Jama pandu,Telugu,regional_name,SRC-IFCT2017,E028
GF-ING-00189,Amrood.,Urdu,regional_name,SRC-IFCT2017,E028
GF-ING-00190,"Guava, pink flesh",English,source_name,SRC-IFCT2017,E029
GF-ING-00190,Amrud,Hindi,regional_name,SRC-IFCT2017,E029
GF-ING-00190,Jama pandu,Telugu,regional_name,SRC-IFCT2017,E029
GF-ING-00190,Koiyapazham,Tamil,regional_name,SRC-IFCT2017,E029
GF-ING-00190,Seebe,Kannada,regional_name,SRC-IFCT2017,E029
GF-ING-00190,Perakka,Malayalam,regional_name,SRC-IFCT2017,E029
GF-ING-00190,Peru,Marathi,regional_name,SRC-IFCT2017,E029
GF-ING-00190,Pijuli,Odia,regional_name,SRC-IFCT2017,E029
GF-ING-00190,Peyara,Bengali,regional_name,SRC-IFCT2017,E029
GF-ING-00190,Lal jamphad,Gujarati,regional_name,SRC-IFCT2017,E029
GF-ING-00190,Amrud,Punjabi,regional_name,SRC-IFCT2017,E029
GF-ING-00190,Madhurium,Assamese,regional_name,SRC-IFCT2017,E029
GF-ING-00190,Amrodh,Kashmiri,regional_name,SRC-IFCT2017,E029
GF-ING-00190,Peruka,Sanskrit,regional_name,SRC-IFCT2017,E029
GF-ING-00190,Aamba,Nepali,regional_name,SRC-IFCT2017,E029
GF-ING-00190,Bilaiti pungton,Manipuri,regional_name,SRC-IFCT2017,E029
GF-ING-00190,Soh pyriam.,Khasi,regional_name,SRC-IFCT2017,E029
GF-ING-00191,"Jack fruit, ripe",English,source_name,SRC-IFCT2017,E030
GF-ING-00191,Kothal,Assamese,regional_name,SRC-IFCT2017,E030
GF-ING-00191,Kanthal,Bengali,regional_name,SRC-IFCT2017,E030
GF-ING-00191,"Jakfruit, Jak",English,regional_name,SRC-IFCT2017,E030
GF-ING-00191,Phanas,Gujarati,regional_name,SRC-IFCT2017,E030
GF-ING-00191,Kathal,Hindi,regional_name,SRC-IFCT2017,E030
GF-ING-00191,Halasu,Kannada,regional_name,SRC-IFCT2017,E030
GF-ING-00191,Soh phan,Khasi,regional_name,SRC-IFCT2017,E030
GF-ING-00191,Chakka,Malayalam,regional_name,SRC-IFCT2017,E030
GF-ING-00191,Theibong,Manipuri,regional_name,SRC-IFCT2017,E030
GF-ING-00191,Phanas,Marathi,regional_name,SRC-IFCT2017,E030
GF-ING-00191,Katahar,Nepali,regional_name,SRC-IFCT2017,E030
GF-ING-00191,Panasa,Odia,regional_name,SRC-IFCT2017,E030
GF-ING-00191,Kathal,Punjabi,regional_name,SRC-IFCT2017,E030
GF-ING-00191,Bindu,Kashmiri,regional_name,SRC-IFCT2017,E030
GF-ING-00191,Panasa,Sanskrit,regional_name,SRC-IFCT2017,E030
GF-ING-00191,Palapazham,Tamil,regional_name,SRC-IFCT2017,E030
GF-ING-00191,Panasa,Telugu,regional_name,SRC-IFCT2017,E030
GF-ING-00191,Kathahal.,Urdu,regional_name,SRC-IFCT2017,E030
GF-ING-00192,"Jambu fruit, ripe",English,source_name,SRC-IFCT2017,E031
GF-ING-00192,Jamu,Assamese,regional_name,SRC-IFCT2017,E031
GF-ING-00192,Jaamrool,Bengali,regional_name,SRC-IFCT2017,E031
GF-ING-00192,"Java apple, Semarang rose apple, Wax jambu",English,regional_name,SRC-IFCT2017,E031
GF-ING-00192,Jamun,Hindi,regional_name,SRC-IFCT2017,E031
GF-ING-00192,Neralai,Kannada,regional_name,SRC-IFCT2017,E031
GF-ING-00192,Naval pazham,Malayalam,regional_name,SRC-IFCT2017,E031
GF-ING-00192,Jambhool,Marathi,regional_name,SRC-IFCT2017,E031
GF-ING-00192,Jamukoli,Odia,regional_name,SRC-IFCT2017,E031
GF-ING-00192,Jamun,Punjabi,regional_name,SRC-IFCT2017,E031
GF-ING-00192,Nagapazham,Tamil,regional_name,SRC-IFCT2017,E031
GF-ING-00192,Neredupandu.,Telugu,regional_name,SRC-IFCT2017,E031
GF-ING-00193,Karonda fruit,English,source_name,SRC-IFCT2017,E032
GF-ING-00193,Korja tenga,Assamese,regional_name,SRC-IFCT2017,E032
GF-ING-00193,Koromcha,Bengali,regional_name,SRC-IFCT2017,E032
GF-ING-00193,Karamda,Gujarati,regional_name,SRC-IFCT2017,E032
GF-ING-00193,"Balalak, dindimi",Hindi,regional_name,SRC-IFCT2017,E032
GF-ING-00193,Karekayi,Kannada,regional_name,SRC-IFCT2017,E032
GF-ING-00193,Karvand,Marathi,regional_name,SRC-IFCT2017,E032
GF-ING-00193,Karakka,Malayalam,regional_name,SRC-IFCT2017,E032
GF-ING-00193,Sushena,Odia,regional_name,SRC-IFCT2017,E032
GF-ING-00193,Karonda,Punjabi,regional_name,SRC-IFCT2017,E032
GF-ING-00193,Karamazda,Sanskrit,regional_name,SRC-IFCT2017,E032
GF-ING-00193,Kalakkay/ Parungala,Tamil,regional_name,SRC-IFCT2017,E032
GF-ING-00193,Kalive.,Telugu,regional_name,SRC-IFCT2017,E032
GF-ING-00194,"Lemon, juice",English,source_name,SRC-IFCT2017,E033
GF-ING-00194,Nimbhu,Hindi,regional_name,SRC-IFCT2017,E033
GF-ING-00194,Nimapandu,Telugu,regional_name,SRC-IFCT2017,E033
GF-ING-00194,Kagaji limbu,Odia,regional_name,SRC-IFCT2017,E033
GF-ING-00194,Pati Lebu,Bengali,regional_name,SRC-IFCT2017,E033
GF-ING-00194,Limbu,Gujarati,regional_name,SRC-IFCT2017,E033
GF-ING-00194,Nibu,Punjabi,regional_name,SRC-IFCT2017,E033
GF-ING-00194,Neembu,Urdu,regional_name,SRC-IFCT2017,E033
GF-ING-00194,Nemu,Assamese,regional_name,SRC-IFCT2017,E033
GF-ING-00194,Nyomb,Kashmiri,regional_name,SRC-IFCT2017,E033
GF-ING-00194,Lehin,Sanskrit,regional_name,SRC-IFCT2017,E033
GF-ING-00194,Kaagati,Nepali,regional_name,SRC-IFCT2017,E033
GF-ING-00194,Champra Mahi,Manipuri,regional_name,SRC-IFCT2017,E033
GF-ING-00194,Soh jew.,Khasi,regional_name,SRC-IFCT2017,E033
GF-ING-00195,"Lime, sweet, pulp",English,source_name,SRC-IFCT2017,E034
GF-ING-00195,Mosambi,Hindi,regional_name,SRC-IFCT2017,E034
GF-ING-00195,Gaja nimma pandu,Telugu,regional_name,SRC-IFCT2017,E034
GF-ING-00195,Kolinchi pazham,Tamil,regional_name,SRC-IFCT2017,E034
GF-ING-00195,Gaja nimbe,Kannada,regional_name,SRC-IFCT2017,E034
GF-ING-00195,Limbu goda,Marathi,regional_name,SRC-IFCT2017,E034
GF-ING-00195,Mitha lebu,Bengali,regional_name,SRC-IFCT2017,E034
GF-ING-00195,Mosambi,Gujarati,regional_name,SRC-IFCT2017,E034
GF-ING-00195,Mosumi,Assamese,regional_name,SRC-IFCT2017,E034
GF-ING-00195,Mosambi,Kashmiri,regional_name,SRC-IFCT2017,E034
GF-ING-00195,Mosami,Punjabi,regional_name,SRC-IFCT2017,E034
GF-ING-00195,Soh balensha.,Khasi,regional_name,SRC-IFCT2017,E034
GF-ING-00196,Litchi,English,source_name,SRC-IFCT2017,E035
GF-ING-00196,Lichu,Assamese,regional_name,SRC-IFCT2017,E035
GF-ING-00196,Lichu,Bengali,regional_name,SRC-IFCT2017,E035
GF-ING-00196,Lychee,English,regional_name,SRC-IFCT2017,E035
GF-ING-00196,Lichi,Gujarati,regional_name,SRC-IFCT2017,E035
GF-ING-00196,Lichi,Hindi,regional_name,SRC-IFCT2017,E035
GF-ING-00196,Lichi,Kashmiri,regional_name,SRC-IFCT2017,E035
GF-ING-00196,Soh manir,Khasi,regional_name,SRC-IFCT2017,E035
GF-ING-00196,Lichi,Malayalam,regional_name,SRC-IFCT2017,E035
GF-ING-00196,Lichu,Manipuri,regional_name,SRC-IFCT2017,E035
GF-ING-00196,Lichi,Marathi,regional_name,SRC-IFCT2017,E035
GF-ING-00196,Lichi,Nepali,regional_name,SRC-IFCT2017,E035
GF-ING-00196,Letchu,Odia,regional_name,SRC-IFCT2017,E035
GF-ING-00196,Lichi,Punjabi,regional_name,SRC-IFCT2017,E035
GF-ING-00196,Lichi,Tamil,regional_name,SRC-IFCT2017,E035
GF-ING-00196,Lichi,Telugu,regional_name,SRC-IFCT2017,E035
GF-ING-00196,Lichi,Kannada,regional_name,SRC-IFCT2017,E035
GF-ING-00196,Lichi.,Urdu,regional_name,SRC-IFCT2017,E035
GF-ING-00197,"Mango, ripe, banganapalli",English,source_name,SRC-IFCT2017,E036
GF-ING-00197,Aam,Assamese,regional_name,SRC-IFCT2017,E036
GF-ING-00197,Aam(paka),Bengali,regional_name,SRC-IFCT2017,E036
GF-ING-00197,Keri,Gujarati,regional_name,SRC-IFCT2017,E036
GF-ING-00197,Aam (paka),Hindi,regional_name,SRC-IFCT2017,E036
GF-ING-00197,Mvina hannu,Kannada,regional_name,SRC-IFCT2017,E036
GF-ING-00197,Aamb,Kashmiri,regional_name,SRC-IFCT2017,E036
GF-ING-00197,Soh pieng,Khasi,regional_name,SRC-IFCT2017,E036
GF-ING-00197,Mam pazham,Malayalam,regional_name,SRC-IFCT2017,E036
GF-ING-00197,Heinou Amunba,Manipuri,regional_name,SRC-IFCT2017,E036
GF-ING-00197,Amba (piklela),Marathi,regional_name,SRC-IFCT2017,E036
GF-ING-00197,Ampa,Nepali,regional_name,SRC-IFCT2017,E036
GF-ING-00197,Amba (pachila),Odia,regional_name,SRC-IFCT2017,E036
GF-ING-00197,Aam,Punjabi,regional_name,SRC-IFCT2017,E036
GF-ING-00197,Aamra,Sanskrit,regional_name,SRC-IFCT2017,E036
GF-ING-00197,Mampazham,Tamil,regional_name,SRC-IFCT2017,E036
GF-ING-00197,Mamidi pandu,Telugu,regional_name,SRC-IFCT2017,E036
GF-ING-00197,Pakka aam.,Urdu,regional_name,SRC-IFCT2017,E036
GF-ING-00198,"Mango, ripe, gulabkhas",English,source_name,SRC-IFCT2017,E037
GF-ING-00198,Aam,Assamese,regional_name,SRC-IFCT2017,E037
GF-ING-00198,Aam (paka),Bengali,regional_name,SRC-IFCT2017,E037
GF-ING-00198,Pakeli Kedi,Gujarati,regional_name,SRC-IFCT2017,E037
GF-ING-00198,Aam (paka),Hindi,regional_name,SRC-IFCT2017,E037
GF-ING-00198,Mvina hannu,Kannada,regional_name,SRC-IFCT2017,E037
GF-ING-00198,Aamb,Kashmiri,regional_name,SRC-IFCT2017,E037
GF-ING-00198,Soh pieng,Khasi,regional_name,SRC-IFCT2017,E037
GF-ING-00198,Mam pazham,Malayalam,regional_name,SRC-IFCT2017,E037
GF-ING-00198,Heinou Amunba,Manipuri,regional_name,SRC-IFCT2017,E037
GF-ING-00198,Amba (piklela),Marathi,regional_name,SRC-IFCT2017,E037
GF-ING-00198,Ampa,Nepali,regional_name,SRC-IFCT2017,E037
GF-ING-00198,Amba (pachila),Odia,regional_name,SRC-IFCT2017,E037
GF-ING-00198,Aam,Punjabi,regional_name,SRC-IFCT2017,E037
GF-ING-00198,Aamra,Sanskrit,regional_name,SRC-IFCT2017,E037
GF-ING-00198,Mampazham,Tamil,regional_name,SRC-IFCT2017,E037
GF-ING-00198,Mamidi pandu,Telugu,regional_name,SRC-IFCT2017,E037
GF-ING-00198,Pakka aam.,Urdu,regional_name,SRC-IFCT2017,E037
GF-ING-00199,"Mango, ripe, himsagar",English,source_name,SRC-IFCT2017,E038
GF-ING-00199,Aam,Assamese,regional_name,SRC-IFCT2017,E038
GF-ING-00199,Aam (paka),Bengali,regional_name,SRC-IFCT2017,E038
GF-ING-00199,Keri,Gujarati,regional_name,SRC-IFCT2017,E038
GF-ING-00199,Aam (paka),Hindi,regional_name,SRC-IFCT2017,E038
GF-ING-00199,Mvina hannu,Kannada,regional_name,SRC-IFCT2017,E038
GF-ING-00199,Aamb,Kashmiri,regional_name,SRC-IFCT2017,E038
GF-ING-00199,Soh pieng,Khasi,regional_name,SRC-IFCT2017,E038
GF-ING-00199,Mam pazham,Malayalam,regional_name,SRC-IFCT2017,E038
GF-ING-00199,Heinou Amunba,Manipuri,regional_name,SRC-IFCT2017,E038
GF-ING-00199,Amba (piklela),Marathi,regional_name,SRC-IFCT2017,E038
GF-ING-00199,Ampa,Nepali,regional_name,SRC-IFCT2017,E038
GF-ING-00199,Amba (pachila),Odia,regional_name,SRC-IFCT2017,E038
GF-ING-00199,Aam,Punjabi,regional_name,SRC-IFCT2017,E038
GF-ING-00199,Aamra,Sanskrit,regional_name,SRC-IFCT2017,E038
GF-ING-00199,Mampazham,Tamil,regional_name,SRC-IFCT2017,E038
GF-ING-00199,Mamidi pandu,Telugu,regional_name,SRC-IFCT2017,E038
GF-ING-00199,Pakka aam.,Urdu,regional_name,SRC-IFCT2017,E038
GF-ING-00200,"Mango, ripe, kesar",English,source_name,SRC-IFCT2017,E039
GF-ING-00200,Aam,Assamese,regional_name,SRC-IFCT2017,E039
GF-ING-00200,Aam (paka),Bengali,regional_name,SRC-IFCT2017,E039
GF-ING-00200,Kesar kedi,Gujarati,regional_name,SRC-IFCT2017,E039
GF-ING-00200,Aam (paka),Hindi,regional_name,SRC-IFCT2017,E039
GF-ING-00200,Mvina hannu,Kannada,regional_name,SRC-IFCT2017,E039
GF-ING-00200,Aamb,Kashmiri,regional_name,SRC-IFCT2017,E039
GF-ING-00200,Soh pieng,Khasi,regional_name,SRC-IFCT2017,E039
GF-ING-00200,Mam pazham,Malayalam,regional_name,SRC-IFCT2017,E039
GF-ING-00200,Heinou Amunba,Manipuri,regional_name,SRC-IFCT2017,E039
GF-ING-00200,Amba (piklela),Marathi,regional_name,SRC-IFCT2017,E039
GF-ING-00200,Ampa,Nepali,regional_name,SRC-IFCT2017,E039
GF-ING-00200,Amba (pachila),Odia,regional_name,SRC-IFCT2017,E039
GF-ING-00200,Aam,Punjabi,regional_name,SRC-IFCT2017,E039
GF-ING-00200,Aamra,Sanskrit,regional_name,SRC-IFCT2017,E039
GF-ING-00200,Mampazham,Tamil,regional_name,SRC-IFCT2017,E039
GF-ING-00200,Mamidi pandu,Telugu,regional_name,SRC-IFCT2017,E039
GF-ING-00200,Pakka aam.,Urdu,regional_name,SRC-IFCT2017,E039
GF-ING-00201,"Mango, ripe, neelam",English,source_name,SRC-IFCT2017,E040
GF-ING-00201,Aam,Assamese,regional_name,SRC-IFCT2017,E040
GF-ING-00201,Aam (paka),Bengali,regional_name,SRC-IFCT2017,E040
GF-ING-00201,Nilam kedi,Gujarati,regional_name,SRC-IFCT2017,E040
GF-ING-00201,Aam (paka),Hindi,regional_name,SRC-IFCT2017,E040
GF-ING-00201,Mvina hannu,Kannada,regional_name,SRC-IFCT2017,E040
GF-ING-00201,Aamb,Kashmiri,regional_name,SRC-IFCT2017,E040
GF-ING-00201,Soh pieng,Khasi,regional_name,SRC-IFCT2017,E040
GF-ING-00201,Mam  pazham,Malayalam,regional_name,SRC-IFCT2017,E040
GF-ING-00201,Heinou Amunba,Manipuri,regional_name,SRC-IFCT2017,E040
GF-ING-00201,Amba (piklela),Marathi,regional_name,SRC-IFCT2017,E040
GF-ING-00201,Ampa,Nepali,regional_name,SRC-IFCT2017,E040
GF-ING-00201,Amba (pachila),Odia,regional_name,SRC-IFCT2017,E040
GF-ING-00201,Aam,Punjabi,regional_name,SRC-IFCT2017,E040
GF-ING-00201,Aamra,Sanskrit,regional_name,SRC-IFCT2017,E040
GF-ING-00201,Mampazham,Tamil,regional_name,SRC-IFCT2017,E040
GF-ING-00201,Mamidi pandu,Telugu,regional_name,SRC-IFCT2017,E040
GF-ING-00201,Pakka aam.,Urdu,regional_name,SRC-IFCT2017,E040
GF-ING-00202,"Mango, ripe, paheri",English,source_name,SRC-IFCT2017,E041
GF-ING-00202,Aam,Assamese,regional_name,SRC-IFCT2017,E041
GF-ING-00202,Aam (paka),Bengali,regional_name,SRC-IFCT2017,E041
GF-ING-00202,Keri,Gujarati,regional_name,SRC-IFCT2017,E041
GF-ING-00202,Aam (paka),Hindi,regional_name,SRC-IFCT2017,E041
GF-ING-00202,Mvina hannu,Kannada,regional_name,SRC-IFCT2017,E041
GF-ING-00202,Aamb,Kashmiri,regional_name,SRC-IFCT2017,E041
GF-ING-00202,Soh pieng,Khasi,regional_name,SRC-IFCT2017,E041
GF-ING-00202,Mam pazham,Malayalam,regional_name,SRC-IFCT2017,E041
GF-ING-00202,Heinou Amunba,Manipuri,regional_name,SRC-IFCT2017,E041
GF-ING-00202,Amba (piklela),Marathi,regional_name,SRC-IFCT2017,E041
GF-ING-00202,Ampa,Nepali,regional_name,SRC-IFCT2017,E041
GF-ING-00202,Amba (pachila),Odia,regional_name,SRC-IFCT2017,E041
GF-ING-00202,Aamra,Sanskrit,regional_name,SRC-IFCT2017,E041
GF-ING-00202,Mampazham,Tamil,regional_name,SRC-IFCT2017,E041
GF-ING-00202,Mamidi pandu,Telugu,regional_name,SRC-IFCT2017,E041
GF-ING-00202,Pakka aam.,Urdu,regional_name,SRC-IFCT2017,E041
GF-ING-00203,"Mango, ripe, totapari",English,source_name,SRC-IFCT2017,E042
GF-ING-00203,Aam,Assamese,regional_name,SRC-IFCT2017,E042
GF-ING-00203,Aam (paka),Bengali,regional_name,SRC-IFCT2017,E042
GF-ING-00203,Totapuri kedi,Gujarati,regional_name,SRC-IFCT2017,E042
GF-ING-00203,Aam (paka),Hindi,regional_name,SRC-IFCT2017,E042
GF-ING-00203,Mvina hannu,Kannada,regional_name,SRC-IFCT2017,E042
GF-ING-00203,Aamb,Kashmiri,regional_name,SRC-IFCT2017,E042
GF-ING-00203,Soh pieng,Khasi,regional_name,SRC-IFCT2017,E042
GF-ING-00203,Mam pazham,Malayalam,regional_name,SRC-IFCT2017,E042
GF-ING-00203,Heinou Amunba,Manipuri,regional_name,SRC-IFCT2017,E042
GF-ING-00203,Amba (piklela),Marathi,regional_name,SRC-IFCT2017,E042
GF-ING-00203,Ampa,Nepali,regional_name,SRC-IFCT2017,E042
GF-ING-00203,Amba (pachila),Odia,regional_name,SRC-IFCT2017,E042
GF-ING-00203,Aam,Punjabi,regional_name,SRC-IFCT2017,E042
GF-ING-00203,Aamra,Sanskrit,regional_name,SRC-IFCT2017,E042
GF-ING-00203,Mamidi pandu,Telugu,regional_name,SRC-IFCT2017,E042
GF-ING-00203,Mampazham,Tamil,regional_name,SRC-IFCT2017,E042
GF-ING-00203,Pakka aam.,Urdu,regional_name,SRC-IFCT2017,E042
GF-ING-00204,Mangosteen,English,source_name,SRC-IFCT2017,E043
GF-ING-00204,Purple mangosteen,English,regional_name,SRC-IFCT2017,E043
GF-ING-00204,Mangustan,Hindi,regional_name,SRC-IFCT2017,E043
GF-ING-00204,Kodam puli,Malayalam,regional_name,SRC-IFCT2017,E043
GF-ING-00204,Sulambali.,Tamil,regional_name,SRC-IFCT2017,E043
GF-ING-00205,Manila tamarind,English,source_name,SRC-IFCT2017,E044
GF-ING-00205,Jilapi,Bengali,regional_name,SRC-IFCT2017,E044
GF-ING-00205,Bakhai ambli/Vilayabi ambli,Gujarati,regional_name,SRC-IFCT2017,E044
GF-ING-00205,Ganga imli/ Jangal jalebi,Hindi,regional_name,SRC-IFCT2017,E044
GF-ING-00205,Seema/ dora hunase,Kannada,regional_name,SRC-IFCT2017,E044
GF-ING-00205,Soh kyntoi im,Khasi,regional_name,SRC-IFCT2017,E044
GF-ING-00205,Mange,Manipuri,regional_name,SRC-IFCT2017,E044
GF-ING-00205,Vilayatichinch,Marathi,regional_name,SRC-IFCT2017,E044
GF-ING-00205,Jangjalebi,Punjabi,regional_name,SRC-IFCT2017,E044
GF-ING-00205,Kodukkapuli,Tamil,regional_name,SRC-IFCT2017,E044
GF-ING-00205,Seema chintakaya.,Telugu,regional_name,SRC-IFCT2017,E044
GF-ING-00206,"Musk melon, orange flesh",English,source_name,SRC-IFCT2017,E045
GF-ING-00206,Siral,Assamese,regional_name,SRC-IFCT2017,E045
GF-ING-00206,Kharamuja,Bengali,regional_name,SRC-IFCT2017,E045
GF-ING-00206,Muskmelon,English,regional_name,SRC-IFCT2017,E045
GF-ING-00206,Kharbujo,Gujarati,regional_name,SRC-IFCT2017,E045
GF-ING-00206,Kharbooja,Hindi,regional_name,SRC-IFCT2017,E045
GF-ING-00206,Kharbooja,Kannada,regional_name,SRC-IFCT2017,E045
GF-ING-00206,Kherbuz,Kashmiri,regional_name,SRC-IFCT2017,E045
GF-ING-00206,Mulam pazham,Malayalam,regional_name,SRC-IFCT2017,E045
GF-ING-00206,Kharbooja,Marathi,regional_name,SRC-IFCT2017,E045
GF-ING-00206,Kharbooja,Odia,regional_name,SRC-IFCT2017,E045
GF-ING-00206,Kharbooja,Punjabi,regional_name,SRC-IFCT2017,E045
GF-ING-00206,Kharbuuja,Sanskrit,regional_name,SRC-IFCT2017,E045
GF-ING-00206,Mulam pazham,Tamil,regional_name,SRC-IFCT2017,E045
GF-ING-00206,Kharbooja,Telugu,regional_name,SRC-IFCT2017,E045
GF-ING-00206,Kharbuz.,Urdu,regional_name,SRC-IFCT2017,E045
GF-ING-00207,"Musk melon, yellow flesh",English,source_name,SRC-IFCT2017,E046
GF-ING-00207,Siral,Assamese,regional_name,SRC-IFCT2017,E046
GF-ING-00207,Kharamuja,Bengali,regional_name,SRC-IFCT2017,E046
GF-ING-00207,Muskmelon,English,regional_name,SRC-IFCT2017,E046
GF-ING-00207,Kharbujo (Pido),Gujarati,regional_name,SRC-IFCT2017,E046
GF-ING-00207,Kharbooja,Hindi,regional_name,SRC-IFCT2017,E046
GF-ING-00207,Kharbooja,Kannada,regional_name,SRC-IFCT2017,E046
GF-ING-00207,Kherbuz,Kashmiri,regional_name,SRC-IFCT2017,E046
GF-ING-00207,Mulam pazham,Malayalam,regional_name,SRC-IFCT2017,E046
GF-ING-00207,Kharbooja,Marathi,regional_name,SRC-IFCT2017,E046
GF-ING-00207,Kharbooja,Odia,regional_name,SRC-IFCT2017,E046
GF-ING-00207,Kharbooja,Punjabi,regional_name,SRC-IFCT2017,E046
GF-ING-00207,Kharbuuja,Sanskrit,regional_name,SRC-IFCT2017,E046
GF-ING-00207,Mulam pazham,Tamil,regional_name,SRC-IFCT2017,E046
GF-ING-00207,Kharbooja,Telugu,regional_name,SRC-IFCT2017,E046
GF-ING-00207,Kharbuz.,Urdu,regional_name,SRC-IFCT2017,E046
GF-ING-00208,"Orange, pulp",English,source_name,SRC-IFCT2017,E047
GF-ING-00208,Komola,Assamese,regional_name,SRC-IFCT2017,E047
GF-ING-00208,Kamala lebu,Bengali,regional_name,SRC-IFCT2017,E047
GF-ING-00208,Santra,Gujarati,regional_name,SRC-IFCT2017,E047
GF-ING-00208,Santra,Hindi,regional_name,SRC-IFCT2017,E047
GF-ING-00208,Kithilai,Kannada,regional_name,SRC-IFCT2017,E047
GF-ING-00208,Sangtar,Kashmiri,regional_name,SRC-IFCT2017,E047
GF-ING-00208,Soh niamtra,Khasi,regional_name,SRC-IFCT2017,E047
GF-ING-00208,Madhura naranga,Malayalam,regional_name,SRC-IFCT2017,E047
GF-ING-00208,Komla,Manipuri,regional_name,SRC-IFCT2017,E047
GF-ING-00208,Santre,Marathi,regional_name,SRC-IFCT2017,E047
GF-ING-00208,Suntala,Nepali,regional_name,SRC-IFCT2017,E047
GF-ING-00208,Kamala,Odia,regional_name,SRC-IFCT2017,E047
GF-ING-00208,Santra,Punjabi,regional_name,SRC-IFCT2017,E047
GF-ING-00208,Naarangga,Sanskrit,regional_name,SRC-IFCT2017,E047
GF-ING-00208,Saathukudi,Tamil,regional_name,SRC-IFCT2017,E047
GF-ING-00208,Kamala padu,Telugu,regional_name,SRC-IFCT2017,E047
GF-ING-00208,Santra.,Urdu,regional_name,SRC-IFCT2017,E047
GF-ING-00209,"Palm fruit, tender",English,source_name,SRC-IFCT2017,E048
GF-ING-00209,"Doub palm, Palmyra palm, Tala palm, Toddy palm, Wine palm, Ice apple",English,regional_name,SRC-IFCT2017,E048
GF-ING-00209,Tar,Hindi,regional_name,SRC-IFCT2017,E048
GF-ING-00209,Thati mangu,Kannada,regional_name,SRC-IFCT2017,E048
GF-ING-00209,Pnamnungu,Malayalam,regional_name,SRC-IFCT2017,E048
GF-ING-00209,Tala Saja,Odia,regional_name,SRC-IFCT2017,E048
GF-ING-00209,Panai nungu,Tamil,regional_name,SRC-IFCT2017,E048
GF-ING-00209,Thati munjalu.,Telugu,regional_name,SRC-IFCT2017,E048
GF-ING-00210,"Papaya, ripe",English,source_name,SRC-IFCT2017,E049
GF-ING-00210,Amita,Assamese,regional_name,SRC-IFCT2017,E049
GF-ING-00210,Pepe (paka),Bengali,regional_name,SRC-IFCT2017,E049
GF-ING-00210,"Papaw, Pawpaw",English,regional_name,SRC-IFCT2017,E049
GF-ING-00210,Papayu,Gujarati,regional_name,SRC-IFCT2017,E049
GF-ING-00210,Papita,Hindi,regional_name,SRC-IFCT2017,E049
GF-ING-00210,Pappayi Hannu,Kannada,regional_name,SRC-IFCT2017,E049
GF-ING-00210,Papita,Kashmiri,regional_name,SRC-IFCT2017,E049
GF-ING-00210,Soh Kymphor,Khasi,regional_name,SRC-IFCT2017,E049
GF-ING-00210,Papayi,Kon,regional_name,SRC-IFCT2017,E049
GF-ING-00210,Omakai,Malayalam,regional_name,SRC-IFCT2017,E049
GF-ING-00210,Awathabi amunba,Manipuri,regional_name,SRC-IFCT2017,E049
GF-ING-00210,Popai,Marathi,regional_name,SRC-IFCT2017,E049
GF-ING-00210,Mewa,Nepali,regional_name,SRC-IFCT2017,E049
GF-ING-00210,Amrutbhanda (Pachila),Odia,regional_name,SRC-IFCT2017,E049
GF-ING-00210,Papita,Punjabi,regional_name,SRC-IFCT2017,E049
GF-ING-00210,Pappali,Tamil,regional_name,SRC-IFCT2017,E049
GF-ING-00210,Boppayi pandu,Telugu,regional_name,SRC-IFCT2017,E049
GF-ING-00210,Papita.,Urdu,regional_name,SRC-IFCT2017,E049
GF-ING-00211,Peach,English,source_name,SRC-IFCT2017,E050
GF-ING-00211,Ahom bogori,Assamese,regional_name,SRC-IFCT2017,E050
GF-ING-00211,Nectarine,English,regional_name,SRC-IFCT2017,E050
GF-ING-00211,Aroo,Hindi,regional_name,SRC-IFCT2017,E050
GF-ING-00211,Aer,Kashmiri,regional_name,SRC-IFCT2017,E050
GF-ING-00211,Soh phareng,Khasi,regional_name,SRC-IFCT2017,E050
GF-ING-00211,Chumbrei,Manipuri,regional_name,SRC-IFCT2017,E050
GF-ING-00211,Aroo.,Punjabi,regional_name,SRC-IFCT2017,E050
GF-ING-00212,Pear,English,source_name,SRC-IFCT2017,E051
GF-ING-00212,Naspoti,Assamese,regional_name,SRC-IFCT2017,E051
GF-ING-00212,Nashpati,Bengali,regional_name,SRC-IFCT2017,E051
GF-ING-00212,Nashpatino,Gujarati,regional_name,SRC-IFCT2017,E051
GF-ING-00212,Nashpati,Hindi,regional_name,SRC-IFCT2017,E051
GF-ING-00212,Berikai,Kannada,regional_name,SRC-IFCT2017,E051
GF-ING-00212,Tang,Kashmiri,regional_name,SRC-IFCT2017,E051
GF-ING-00212,Soh phoh,Khasi,regional_name,SRC-IFCT2017,E051
GF-ING-00212,Sabarjil,Malayalam,regional_name,SRC-IFCT2017,E051
GF-ING-00212,Naspati,Manipuri,regional_name,SRC-IFCT2017,E051
GF-ING-00212,Nashpati,Marathi,regional_name,SRC-IFCT2017,E051
GF-ING-00212,Naspati,Nepali,regional_name,SRC-IFCT2017,E051
GF-ING-00212,Nashpati,Odia,regional_name,SRC-IFCT2017,E051
GF-ING-00212,Nashpati,Punjabi,regional_name,SRC-IFCT2017,E051
GF-ING-00212,Berikkai,Tamil,regional_name,SRC-IFCT2017,E051
GF-ING-00212,Berikaya,Telugu,regional_name,SRC-IFCT2017,E051
GF-ING-00212,Nashpati.,Urdu,regional_name,SRC-IFCT2017,E051
GF-ING-00213,Phalsa,English,source_name,SRC-IFCT2017,E052
GF-ING-00213,Pharaskol,Assamese,regional_name,SRC-IFCT2017,E052
GF-ING-00213,Falsa,Bengali,regional_name,SRC-IFCT2017,E052
GF-ING-00213,Falsa,Gujarati,regional_name,SRC-IFCT2017,E052
GF-ING-00213,Falsa,Hindi,regional_name,SRC-IFCT2017,E052
GF-ING-00213,Phalsa hannu,Kannada,regional_name,SRC-IFCT2017,E052
GF-ING-00213,Soh broi rit,Khasi,regional_name,SRC-IFCT2017,E052
GF-ING-00213,Palisa,Malayalam,regional_name,SRC-IFCT2017,E052
GF-ING-00213,Falsa,Marathi,regional_name,SRC-IFCT2017,E052
GF-ING-00213,Mirgichara,Odia,regional_name,SRC-IFCT2017,E052
GF-ING-00213,Falsa,Punjabi,regional_name,SRC-IFCT2017,E052
GF-ING-00213,Palisa,Tamil,regional_name,SRC-IFCT2017,E052
GF-ING-00213,Falsa pandu,Telugu,regional_name,SRC-IFCT2017,E052
GF-ING-00213,Falsa.,Urdu,regional_name,SRC-IFCT2017,E052
GF-ING-00214,Pineapple,English,source_name,SRC-IFCT2017,E053
GF-ING-00214,Ahnaros,Assamese,regional_name,SRC-IFCT2017,E053
GF-ING-00214,Anarasa,Bengali,regional_name,SRC-IFCT2017,E053
GF-ING-00214,Anenas,Gujarati,regional_name,SRC-IFCT2017,E053
GF-ING-00214,Ananas,Hindi,regional_name,SRC-IFCT2017,E053
GF-ING-00214,Ananas,Kannada,regional_name,SRC-IFCT2017,E053
GF-ING-00214,Punchitipul,Kashmiri,regional_name,SRC-IFCT2017,E053
GF-ING-00214,Soh trun,Khasi,regional_name,SRC-IFCT2017,E053
GF-ING-00214,Anas,Kon,regional_name,SRC-IFCT2017,E053
GF-ING-00214,Kayirha chakka,Malayalam,regional_name,SRC-IFCT2017,E053
GF-ING-00214,Kihom Ananas,Manipuri,regional_name,SRC-IFCT2017,E053
GF-ING-00214,Sapuri,Odia,regional_name,SRC-IFCT2017,E053
GF-ING-00214,Ananas,Punjabi,regional_name,SRC-IFCT2017,E053
GF-ING-00214,Annasi pazham,Tamil,regional_name,SRC-IFCT2017,E053
GF-ING-00214,Anasa pandu,Telugu,regional_name,SRC-IFCT2017,E053
GF-ING-00214,Ananas.,Urdu,regional_name,SRC-IFCT2017,E053
GF-ING-00215,Plum,English,source_name,SRC-IFCT2017,E054
GF-ING-00215,Alubokhara,Bengali,regional_name,SRC-IFCT2017,E054
GF-ING-00215,Alubokhara,Hindi,regional_name,SRC-IFCT2017,E054
GF-ING-00215,Aaddu,Gujarati,regional_name,SRC-IFCT2017,E054
GF-ING-00215,Onagida draakshi,Kannada,regional_name,SRC-IFCT2017,E054
GF-ING-00215,Aeir,Kashmiri,regional_name,SRC-IFCT2017,E054
GF-ING-00215,Soh plum dorris/ Norris,Khasi,regional_name,SRC-IFCT2017,E054
GF-ING-00215,Heikha,Manipuri,regional_name,SRC-IFCT2017,E054
GF-ING-00215,Aloobhukhara,Punjabi,regional_name,SRC-IFCT2017,E054
GF-ING-00215,Alapagoda.,Telugu,regional_name,SRC-IFCT2017,E054
GF-ING-00216,"Pomegranate, maroon seeds",English,source_name,SRC-IFCT2017,E055
GF-ING-00216,dalim,Assamese,regional_name,SRC-IFCT2017,E055
GF-ING-00216,Bedana,Bengali,regional_name,SRC-IFCT2017,E055
GF-ING-00216,Dadam,Gujarati,regional_name,SRC-IFCT2017,E055
GF-ING-00216,Anar,Hindi,regional_name,SRC-IFCT2017,E055
GF-ING-00216,Dalimbari,Kannada,regional_name,SRC-IFCT2017,E055
GF-ING-00216,Daan,Kashmiri,regional_name,SRC-IFCT2017,E055
GF-ING-00216,Soh pomegranate,Khasi,regional_name,SRC-IFCT2017,E055
GF-ING-00216,Dalimb,Kon,regional_name,SRC-IFCT2017,E055
GF-ING-00216,Mathalam pazhham,Malayalam,regional_name,SRC-IFCT2017,E055
GF-ING-00216,Kamphoi,Manipuri,regional_name,SRC-IFCT2017,E055
GF-ING-00216,Dalimb,Marathi,regional_name,SRC-IFCT2017,E055
GF-ING-00216,Dalimba,Odia,regional_name,SRC-IFCT2017,E055
GF-ING-00216,Anar,Punjabi,regional_name,SRC-IFCT2017,E055
GF-ING-00216,Daaddima,Sanskrit,regional_name,SRC-IFCT2017,E055
GF-ING-00216,Madhulam pazham,Tamil,regional_name,SRC-IFCT2017,E055
GF-ING-00216,Danimma pandu,Telugu,regional_name,SRC-IFCT2017,E055
GF-ING-00216,Anaar.,Urdu,regional_name,SRC-IFCT2017,E055
GF-ING-00217,Pummelo,English,source_name,SRC-IFCT2017,E056
GF-ING-00217,Rabab tenga,Assamese,regional_name,SRC-IFCT2017,E056
GF-ING-00217,Batabilembu,Bengali,regional_name,SRC-IFCT2017,E056
GF-ING-00217,Pomelo,English,regional_name,SRC-IFCT2017,E056
GF-ING-00217,Papnuse,Gujarati,regional_name,SRC-IFCT2017,E056
GF-ING-00217,Chakotra,Hindi,regional_name,SRC-IFCT2017,E056
GF-ING-00217,Chakkota,Kannada,regional_name,SRC-IFCT2017,E056
GF-ING-00217,Soh bah,Khasi,regional_name,SRC-IFCT2017,E056
GF-ING-00217,Bombilimas,Malayalam,regional_name,SRC-IFCT2017,E056
GF-ING-00217,Nobab,Manipuri,regional_name,SRC-IFCT2017,E056
GF-ING-00217,Papnus,Marathi,regional_name,SRC-IFCT2017,E056
GF-ING-00217,Batapilembu,Odia,regional_name,SRC-IFCT2017,E056
GF-ING-00217,Bombilimas,Tamil,regional_name,SRC-IFCT2017,E056
GF-ING-00217,Pampara panasa.,Telugu,regional_name,SRC-IFCT2017,E056
GF-ING-00218,"Raisins, dried, black",English,source_name,SRC-IFCT2017,E057
GF-ING-00218,kishmish,Assamese,regional_name,SRC-IFCT2017,E057
GF-ING-00218,kishmish,Bengali,regional_name,SRC-IFCT2017,E057
GF-ING-00218,Dried grape,English,regional_name,SRC-IFCT2017,E057
GF-ING-00218,Kadi Draksha,Gujarati,regional_name,SRC-IFCT2017,E057
GF-ING-00218,Kishmish,Hindi,regional_name,SRC-IFCT2017,E057
GF-ING-00218,Drashi,Kannada,regional_name,SRC-IFCT2017,E057
GF-ING-00218,kishmish,Kashmiri,regional_name,SRC-IFCT2017,E057
GF-ING-00218,Kismis iong,Khasi,regional_name,SRC-IFCT2017,E057
GF-ING-00218,Mundiringa (unakku),Malayalam,regional_name,SRC-IFCT2017,E057
GF-ING-00218,Kismis,Manipuri,regional_name,SRC-IFCT2017,E057
GF-ING-00218,kishmish,Marathi,regional_name,SRC-IFCT2017,E057
GF-ING-00218,kishmish,Odia,regional_name,SRC-IFCT2017,E057
GF-ING-00218,Songi,Punjabi,regional_name,SRC-IFCT2017,E057
GF-ING-00218,Ular dhirachai,Tamil,regional_name,SRC-IFCT2017,E057
GF-ING-00218,Endu draksha,Telugu,regional_name,SRC-IFCT2017,E057
GF-ING-00218,kishmish.,Urdu,regional_name,SRC-IFCT2017,E057
GF-ING-00219,"Raisins, dried, golden",English,source_name,SRC-IFCT2017,E058
GF-ING-00219,Kishmish,Assamese,regional_name,SRC-IFCT2017,E058
GF-ING-00219,Kishmish,Bengali,regional_name,SRC-IFCT2017,E058
GF-ING-00219,Dried grape,English,regional_name,SRC-IFCT2017,E058
GF-ING-00219,Pidi Draksha,Gujarati,regional_name,SRC-IFCT2017,E058
GF-ING-00219,Kishmish,Hindi,regional_name,SRC-IFCT2017,E058
GF-ING-00219,Drashi,Kannada,regional_name,SRC-IFCT2017,E058
GF-ING-00219,Kishmish,Kashmiri,regional_name,SRC-IFCT2017,E058
GF-ING-00219,Kismis saw,Khasi,regional_name,SRC-IFCT2017,E058
GF-ING-00219,Suke dhrakshi,Kon,regional_name,SRC-IFCT2017,E058
GF-ING-00219,Mundiringa (unakku),Malayalam,regional_name,SRC-IFCT2017,E058
GF-ING-00219,Kismis,Manipuri,regional_name,SRC-IFCT2017,E058
GF-ING-00219,kishmish,Marathi,regional_name,SRC-IFCT2017,E058
GF-ING-00219,Kismis,Nepali,regional_name,SRC-IFCT2017,E058
GF-ING-00219,Kishmish,Odia,regional_name,SRC-IFCT2017,E058
GF-ING-00219,Songi,Punjabi,regional_name,SRC-IFCT2017,E058
GF-ING-00219,Ular dhirachai,Tamil,regional_name,SRC-IFCT2017,E058
GF-ING-00219,Endu draksha,Telugu,regional_name,SRC-IFCT2017,E058
GF-ING-00219,Kishmish.,Urdu,regional_name,SRC-IFCT2017,E058
GF-ING-00220,Rambutan,English,source_name,SRC-IFCT2017,E059
GF-ING-00220,Rambutan.,Hindi,regional_name,SRC-IFCT2017,E059
GF-ING-00221,Sapota,English,source_name,SRC-IFCT2017,E060
GF-ING-00221,Chiku,Assamese,regional_name,SRC-IFCT2017,E060
GF-ING-00221,Sapodilla,English,regional_name,SRC-IFCT2017,E060
GF-ING-00221,Chiku,Hindi,regional_name,SRC-IFCT2017,E060
GF-ING-00221,Sapota,Kannada,regional_name,SRC-IFCT2017,E060
GF-ING-00221,Sapota,Malayalam,regional_name,SRC-IFCT2017,E060
GF-ING-00221,Chiku,Marathi,regional_name,SRC-IFCT2017,E060
GF-ING-00221,Sapota,Odia,regional_name,SRC-IFCT2017,E060
GF-ING-00221,Chiku,Punjabi,regional_name,SRC-IFCT2017,E060
GF-ING-00221,Sapota,Telugu,regional_name,SRC-IFCT2017,E060
GF-ING-00221,Sapota.,Urdu,regional_name,SRC-IFCT2017,E060
GF-ING-00222,Soursop,English,source_name,SRC-IFCT2017,E061
GF-ING-00222,Shul-ram fal,Hindi,regional_name,SRC-IFCT2017,E061
GF-ING-00222,Lakshmanaphala/Mulluramphala,Kannada,regional_name,SRC-IFCT2017,E061
GF-ING-00222,Mullatha,Malayalam,regional_name,SRC-IFCT2017,E061
GF-ING-00222,Malai seethapalam/ Paanghi pazham,Tamil,regional_name,SRC-IFCT2017,E061
GF-ING-00222,Lakshamana phalamu.,Telugu,regional_name,SRC-IFCT2017,E061
GF-ING-00223,Star fruit,English,source_name,SRC-IFCT2017,E062
GF-ING-00223,Kordoi,Assamese,regional_name,SRC-IFCT2017,E062
GF-ING-00223,"Carambola, Starfruit",English,regional_name,SRC-IFCT2017,E062
GF-ING-00223,Amrakh,Gujarati,regional_name,SRC-IFCT2017,E062
GF-ING-00223,Kazmal/Kamrakh,Hindi,regional_name,SRC-IFCT2017,E062
GF-ING-00223,Kamaraka/ Kapazakshi hannu,Kannada,regional_name,SRC-IFCT2017,E062
GF-ING-00223,Soh pyrshong,Khasi,regional_name,SRC-IFCT2017,E062
GF-ING-00223,Caturappuli,Malayalam,regional_name,SRC-IFCT2017,E062
GF-ING-00223,Heinoujom,Manipuri,regional_name,SRC-IFCT2017,E062
GF-ING-00223,Karambal,Marathi,regional_name,SRC-IFCT2017,E062
GF-ING-00223,Karamanga,Odia,regional_name,SRC-IFCT2017,E062
GF-ING-00223,Tamarattai,Tamil,regional_name,SRC-IFCT2017,E062
GF-ING-00223,Kamrakh.,Urdu,regional_name,SRC-IFCT2017,E062
GF-ING-00224,Strawberry,English,source_name,SRC-IFCT2017,E063
GF-ING-00224,strawberry,Gujarati,regional_name,SRC-IFCT2017,E063
GF-ING-00224,Nela milli hannu,Kannada,regional_name,SRC-IFCT2017,E063
GF-ING-00224,Strawberry/ soh stap,Khasi,regional_name,SRC-IFCT2017,E063
GF-ING-00224,Stroberry,Malayalam,regional_name,SRC-IFCT2017,E063
GF-ING-00224,Lachi,Punjabi,regional_name,SRC-IFCT2017,E063
GF-ING-00224,Istaber,Kashmiri,regional_name,SRC-IFCT2017,E063
GF-ING-00224,Strawberry.,Tamil,regional_name,SRC-IFCT2017,E063
GF-ING-00225,"Tamarind, pulp",English,source_name,SRC-IFCT2017,E064
GF-ING-00225,Teteli,Assamese,regional_name,SRC-IFCT2017,E064
GF-ING-00225,Tetul,Bengali,regional_name,SRC-IFCT2017,E064
GF-ING-00225,Amli,Gujarati,regional_name,SRC-IFCT2017,E064
GF-ING-00225,Imli,Hindi,regional_name,SRC-IFCT2017,E064
GF-ING-00225,Hunise hannu,Kannada,regional_name,SRC-IFCT2017,E064
GF-ING-00225,Tambari,Kashmiri,regional_name,SRC-IFCT2017,E064
GF-ING-00225,Soh kyntoi,Khasi,regional_name,SRC-IFCT2017,E064
GF-ING-00225,Puli,Malayalam,regional_name,SRC-IFCT2017,E064
GF-ING-00225,Mange,Manipuri,regional_name,SRC-IFCT2017,E064
GF-ING-00225,Chinch,Marathi,regional_name,SRC-IFCT2017,E064
GF-ING-00225,Imali,Nepali,regional_name,SRC-IFCT2017,E064
GF-ING-00225,Tentuli,Odia,regional_name,SRC-IFCT2017,E064
GF-ING-00225,Imli,Punjabi,regional_name,SRC-IFCT2017,E064
GF-ING-00225,Sucukrika,Sanskrit,regional_name,SRC-IFCT2017,E064
GF-ING-00225,Puli,Tamil,regional_name,SRC-IFCT2017,E064
GF-ING-00225,Chintha pandu,Telugu,regional_name,SRC-IFCT2017,E064
GF-ING-00225,Imli.,Urdu,regional_name,SRC-IFCT2017,E064
GF-ING-00226,"Water melon, dark green (sugar baby)",English,source_name,SRC-IFCT2017,E065
GF-ING-00226,Tormuj,Assamese,regional_name,SRC-IFCT2017,E065
GF-ING-00226,Tarmuj,Bengali,regional_name,SRC-IFCT2017,E065
GF-ING-00226,Watermelon,English,regional_name,SRC-IFCT2017,E065
GF-ING-00226,Tadbuj,Gujarati,regional_name,SRC-IFCT2017,E065
GF-ING-00226,Tarbuj,Hindi,regional_name,SRC-IFCT2017,E065
GF-ING-00226,Kallangadi,Kannada,regional_name,SRC-IFCT2017,E065
GF-ING-00226,Hend wend,Kashmiri,regional_name,SRC-IFCT2017,E065
GF-ING-00226,Soh watermelon,Khasi,regional_name,SRC-IFCT2017,E065
GF-ING-00226,Bacchanga,Kon,regional_name,SRC-IFCT2017,E065
GF-ING-00226,Thannir mathan,Malayalam,regional_name,SRC-IFCT2017,E065
GF-ING-00226,Tarbuj,Manipuri,regional_name,SRC-IFCT2017,E065
GF-ING-00226,Kalingad,Marathi,regional_name,SRC-IFCT2017,E065
GF-ING-00226,Kharbuja,Nepali,regional_name,SRC-IFCT2017,E065
GF-ING-00226,Tarvuja,Odia,regional_name,SRC-IFCT2017,E065
GF-ING-00226,Dawana,Punjabi,regional_name,SRC-IFCT2017,E065
GF-ING-00226,Darbusani,Tamil,regional_name,SRC-IFCT2017,E065
GF-ING-00226,Puchakaya,Telugu,regional_name,SRC-IFCT2017,E065
GF-ING-00226,Tarbuja.,Urdu,regional_name,SRC-IFCT2017,E065
GF-ING-00227,"Water melon, pale green",English,source_name,SRC-IFCT2017,E066
GF-ING-00227,Tormuj,Assamese,regional_name,SRC-IFCT2017,E066
GF-ING-00227,Tarmuj,Bengali,regional_name,SRC-IFCT2017,E066
GF-ING-00227,Watermelon,English,regional_name,SRC-IFCT2017,E066
GF-ING-00227,Tadbuj,Gujarati,regional_name,SRC-IFCT2017,E066
GF-ING-00227,Tarbuj,Hindi,regional_name,SRC-IFCT2017,E066
GF-ING-00227,Kallangadi,Kannada,regional_name,SRC-IFCT2017,E066
GF-ING-00227,Hend wend,Kashmiri,regional_name,SRC-IFCT2017,E066
GF-ING-00227,Soh watermelon,Khasi,regional_name,SRC-IFCT2017,E066
GF-ING-00227,Bacchanga,Kon,regional_name,SRC-IFCT2017,E066
GF-ING-00227,Thannir mathan,Malayalam,regional_name,SRC-IFCT2017,E066
GF-ING-00227,Tarbuj,Manipuri,regional_name,SRC-IFCT2017,E066
GF-ING-00227,Kalingad,Marathi,regional_name,SRC-IFCT2017,E066
GF-ING-00227,Kharbuja,Nepali,regional_name,SRC-IFCT2017,E066
GF-ING-00227,Tarvuja,Odia,regional_name,SRC-IFCT2017,E066
GF-ING-00227,Dawana,Punjabi,regional_name,SRC-IFCT2017,E066
GF-ING-00227,Darbusani,Tamil,regional_name,SRC-IFCT2017,E066
GF-ING-00227,Puchakaya,Telugu,regional_name,SRC-IFCT2017,E066
GF-ING-00227,Tarbuja.,Urdu,regional_name,SRC-IFCT2017,E066
GF-ING-00228,Wood apple,English,source_name,SRC-IFCT2017,E067
GF-ING-00228,Bel,Assamese,regional_name,SRC-IFCT2017,E067
GF-ING-00228,Koyeth Bael,Bengali,regional_name,SRC-IFCT2017,E067
GF-ING-00228,Elephant apple,English,regional_name,SRC-IFCT2017,E067
GF-ING-00228,Kothu,Gujarati,regional_name,SRC-IFCT2017,E067
GF-ING-00228,Kaith,Hindi,regional_name,SRC-IFCT2017,E067
GF-ING-00228,Bele,Kannada,regional_name,SRC-IFCT2017,E067
GF-ING-00228,Bum choont,Kashmiri,regional_name,SRC-IFCT2017,E067
GF-ING-00228,Vilam pazham,Malayalam,regional_name,SRC-IFCT2017,E067
GF-ING-00228,Kavath,Marathi,regional_name,SRC-IFCT2017,E067
GF-ING-00228,Kaitha,Odia,regional_name,SRC-IFCT2017,E067
GF-ING-00228,Chaktora,Punjabi,regional_name,SRC-IFCT2017,E067
GF-ING-00228,Bilvaon (Gorakamli),Sanskrit,regional_name,SRC-IFCT2017,E067
GF-ING-00228,Vilam pazham,Tamil,regional_name,SRC-IFCT2017,E067
GF-ING-00228,Velega pandu,Telugu,regional_name,SRC-IFCT2017,E067
GF-ING-00228,Beal.,Urdu,regional_name,SRC-IFCT2017,E067
GF-ING-00229,Zizyphus,English,source_name,SRC-IFCT2017,E068
GF-ING-00229,Bogori,Assamese,regional_name,SRC-IFCT2017,E068
GF-ING-00229,Kula,Bengali,regional_name,SRC-IFCT2017,E068
GF-ING-00229,"Jujube, Ziziphus",English,regional_name,SRC-IFCT2017,E068
GF-ING-00229,Ber,Gujarati,regional_name,SRC-IFCT2017,E068
GF-ING-00229,Ber,Hindi,regional_name,SRC-IFCT2017,E068
GF-ING-00229,Yelachi,Kannada,regional_name,SRC-IFCT2017,E068
GF-ING-00229,Brey,Kashmiri,regional_name,SRC-IFCT2017,E068
GF-ING-00229,Soh broi heh,Khasi,regional_name,SRC-IFCT2017,E068
GF-ING-00229,Bor,Kon,regional_name,SRC-IFCT2017,E068
GF-ING-00229,Elanth pazham,Malayalam,regional_name,SRC-IFCT2017,E068
GF-ING-00229,Boroi,Manipuri,regional_name,SRC-IFCT2017,E068
GF-ING-00229,Bor,Marathi,regional_name,SRC-IFCT2017,E068
GF-ING-00229,Barakoli,Odia,regional_name,SRC-IFCT2017,E068
GF-ING-00229,Beri,Punjabi,regional_name,SRC-IFCT2017,E068
GF-ING-00229,Badarii,Sanskrit,regional_name,SRC-IFCT2017,E068
GF-ING-00229,Elanthai pazham,Tamil,regional_name,SRC-IFCT2017,E068
GF-ING-00229,Regu pandu,Telugu,regional_name,SRC-IFCT2017,E068
GF-ING-00229,Ber.,Urdu,regional_name,SRC-IFCT2017,E068
GF-ING-00230,Beetroot,English,source_name,SRC-IFCT2017,F001
GF-ING-00230,Beet,Assamese,regional_name,SRC-IFCT2017,F001
GF-ING-00230,Beet,Bengali,regional_name,SRC-IFCT2017,F001
GF-ING-00230,"Beet root, Beet, Table beet, Garden beet, Red beet, Golden beet",English,regional_name,SRC-IFCT2017,F001
GF-ING-00230,Beet,Gujarati,regional_name,SRC-IFCT2017,F001
GF-ING-00230,Chukandar,Hindi,regional_name,SRC-IFCT2017,F001
GF-ING-00230,Beet,Kannada,regional_name,SRC-IFCT2017,F001
GF-ING-00230,U bit,Khasi,regional_name,SRC-IFCT2017,F001
GF-ING-00230,Chogander munji,Kashmiri,regional_name,SRC-IFCT2017,F001
GF-ING-00230,Beet root,Malayalam,regional_name,SRC-IFCT2017,F001
GF-ING-00230,Beet root,Marathi,regional_name,SRC-IFCT2017,F001
GF-ING-00230,Bita,Odia,regional_name,SRC-IFCT2017,F001
GF-ING-00230,Chukandar,Punjabi,regional_name,SRC-IFCT2017,F001
GF-ING-00230,Paalangashaakah,Sanskrit,regional_name,SRC-IFCT2017,F001
GF-ING-00230,Beet root,Tamil,regional_name,SRC-IFCT2017,F001
GF-ING-00230,Beet root,Telugu,regional_name,SRC-IFCT2017,F001
GF-ING-00230,Chokhandar.,Urdu,regional_name,SRC-IFCT2017,F001
GF-ING-00231,"Carrot, orange",English,source_name,SRC-IFCT2017,F002
GF-ING-00231,Gajor,Assamese,regional_name,SRC-IFCT2017,F002
GF-ING-00231,Gajar,Bengali,regional_name,SRC-IFCT2017,F002
GF-ING-00231,Gajar,Gujarati,regional_name,SRC-IFCT2017,F002
GF-ING-00231,Gajar,Hindi,regional_name,SRC-IFCT2017,F002
GF-ING-00231,Gajjare,Kannada,regional_name,SRC-IFCT2017,F002
GF-ING-00231,Ghahzir,Kashmiri,regional_name,SRC-IFCT2017,F002
GF-ING-00231,U kajor,Khasi,regional_name,SRC-IFCT2017,F002
GF-ING-00231,Carrot,Malayalam,regional_name,SRC-IFCT2017,F002
GF-ING-00231,Gajar,Manipuri,regional_name,SRC-IFCT2017,F002
GF-ING-00231,Gajar,Marathi,regional_name,SRC-IFCT2017,F002
GF-ING-00231,Gajar,Nepali,regional_name,SRC-IFCT2017,F002
GF-ING-00231,Gajara,Odia,regional_name,SRC-IFCT2017,F002
GF-ING-00231,Gajar,Punjabi,regional_name,SRC-IFCT2017,F002
GF-ING-00231,Grunjanam,Sanskrit,regional_name,SRC-IFCT2017,F002
GF-ING-00231,Carrot,Tamil,regional_name,SRC-IFCT2017,F002
GF-ING-00231,Gajjara gadda,Telugu,regional_name,SRC-IFCT2017,F002
GF-ING-00231,Gajar.,Urdu,regional_name,SRC-IFCT2017,F002
GF-ING-00232,"Carrot, red",English,source_name,SRC-IFCT2017,F003
GF-ING-00232,Gajor,Assamese,regional_name,SRC-IFCT2017,F003
GF-ING-00232,Gajar,Bengali,regional_name,SRC-IFCT2017,F003
GF-ING-00232,Gajar,Gujarati,regional_name,SRC-IFCT2017,F003
GF-ING-00232,Gajar,Hindi,regional_name,SRC-IFCT2017,F003
GF-ING-00232,Gajjare,Kannada,regional_name,SRC-IFCT2017,F003
GF-ING-00232,Ghahzir,Kashmiri,regional_name,SRC-IFCT2017,F003
GF-ING-00232,Kajor,Khasi,regional_name,SRC-IFCT2017,F003
GF-ING-00232,Carrot,Malayalam,regional_name,SRC-IFCT2017,F003
GF-ING-00232,Gajar,Manipuri,regional_name,SRC-IFCT2017,F003
GF-ING-00232,Gajar,Marathi,regional_name,SRC-IFCT2017,F003
GF-ING-00232,Gajar,Nepali,regional_name,SRC-IFCT2017,F003
GF-ING-00232,Gajara,Odia,regional_name,SRC-IFCT2017,F003
GF-ING-00232,Gajar,Punjabi,regional_name,SRC-IFCT2017,F003
GF-ING-00232,Grunjanam,Sanskrit,regional_name,SRC-IFCT2017,F003
GF-ING-00232,Carrot,Tamil,regional_name,SRC-IFCT2017,F003
GF-ING-00232,Gajjara gadda,Telugu,regional_name,SRC-IFCT2017,F003
GF-ING-00232,Gajar.,Urdu,regional_name,SRC-IFCT2017,F003
GF-ING-00233,Colocasia,English,source_name,SRC-IFCT2017,F004
GF-ING-00233,Kosu,Assamese,regional_name,SRC-IFCT2017,F004
GF-ING-00233,Kochu,Bengali,regional_name,SRC-IFCT2017,F004
GF-ING-00233,Taro,English,regional_name,SRC-IFCT2017,F004
GF-ING-00233,Advi,Gujarati,regional_name,SRC-IFCT2017,F004
GF-ING-00233,Arwi,Hindi,regional_name,SRC-IFCT2017,F004
GF-ING-00233,Samagadde,Kannada,regional_name,SRC-IFCT2017,F004
GF-ING-00233,faram,Kashmiri,regional_name,SRC-IFCT2017,F004
GF-ING-00233,Ka shriew,Khasi,regional_name,SRC-IFCT2017,F004
GF-ING-00233,Chembu,Malayalam,regional_name,SRC-IFCT2017,F004
GF-ING-00233,Paan,Manipuri,regional_name,SRC-IFCT2017,F004
GF-ING-00233,Alu kanda,Marathi,regional_name,SRC-IFCT2017,F004
GF-ING-00233,Saru,Odia,regional_name,SRC-IFCT2017,F004
GF-ING-00233,Arwi,Punjabi,regional_name,SRC-IFCT2017,F004
GF-ING-00233,Seppankizhangu,Tamil,regional_name,SRC-IFCT2017,F004
GF-ING-00233,Chama dumpa,Telugu,regional_name,SRC-IFCT2017,F004
GF-ING-00233,Arwi.,Urdu,regional_name,SRC-IFCT2017,F004
GF-ING-00234,Lotus root,English,source_name,SRC-IFCT2017,F005
GF-ING-00234,podum thari,Assamese,regional_name,SRC-IFCT2017,F005
GF-ING-00234,Kamad kakdi,Gujarati,regional_name,SRC-IFCT2017,F005
GF-ING-00234,"Kamal gatta, Kamal kakdi",Hindi,regional_name,SRC-IFCT2017,F005
GF-ING-00234,Tavare dantu,Kannada,regional_name,SRC-IFCT2017,F005
GF-ING-00234,Nader,Kashmiri,regional_name,SRC-IFCT2017,F005
GF-ING-00234,Thied lotus,Khasi,regional_name,SRC-IFCT2017,F005
GF-ING-00234,Thamara thandu,Malayalam,regional_name,SRC-IFCT2017,F005
GF-ING-00234,Thambou,Manipuri,regional_name,SRC-IFCT2017,F005
GF-ING-00234,Kamalkaakdi,Marathi,regional_name,SRC-IFCT2017,F005
GF-ING-00234,Padma nad,Odia,regional_name,SRC-IFCT2017,F005
GF-ING-00234,Kamal zahr,Punjabi,regional_name,SRC-IFCT2017,F005
GF-ING-00234,Thamaraithandu,Tamil,regional_name,SRC-IFCT2017,F005
GF-ING-00234,Thamara kada,Telugu,regional_name,SRC-IFCT2017,F005
GF-ING-00234,Kanwal kakri.,Urdu,regional_name,SRC-IFCT2017,F005
GF-ING-00235,"Potato, brown skin, big",English,source_name,SRC-IFCT2017,F006
GF-ING-00235,Simolu aloo,Assamese,regional_name,SRC-IFCT2017,F006
GF-ING-00235,Gal alu,Bengali,regional_name,SRC-IFCT2017,F006
GF-ING-00235,Bateka,Gujarati,regional_name,SRC-IFCT2017,F006
GF-ING-00235,Alu,Hindi,regional_name,SRC-IFCT2017,F006
GF-ING-00235,Alugadda,Kannada,regional_name,SRC-IFCT2017,F006
GF-ING-00235,Oalu,Kashmiri,regional_name,SRC-IFCT2017,F006
GF-ING-00235,U phan,Khasi,regional_name,SRC-IFCT2017,F006
GF-ING-00235,Alu,Kon,regional_name,SRC-IFCT2017,F006
GF-ING-00235,Alu,Nepali,regional_name,SRC-IFCT2017,F006
GF-ING-00235,Urula kizhangu,Malayalam,regional_name,SRC-IFCT2017,F006
GF-ING-00235,Aloo,Manipuri,regional_name,SRC-IFCT2017,F006
GF-ING-00235,Batata,Marathi,regional_name,SRC-IFCT2017,F006
GF-ING-00235,Alu,Odia,regional_name,SRC-IFCT2017,F006
GF-ING-00235,Alu,Punjabi,regional_name,SRC-IFCT2017,F006
GF-ING-00235,Aalukah,Sanskrit,regional_name,SRC-IFCT2017,F006
GF-ING-00235,Urulai kizhangu,Tamil,regional_name,SRC-IFCT2017,F006
GF-ING-00235,Bangala dumpa,Telugu,regional_name,SRC-IFCT2017,F006
GF-ING-00235,Alu.,Urdu,regional_name,SRC-IFCT2017,F006
GF-ING-00236,"Potato, brown skin, small",English,source_name,SRC-IFCT2017,F007
GF-ING-00236,Simolu aloo,Assamese,regional_name,SRC-IFCT2017,F007
GF-ING-00236,Gal alu,Bengali,regional_name,SRC-IFCT2017,F007
GF-ING-00236,Bateka,Gujarati,regional_name,SRC-IFCT2017,F007
GF-ING-00236,Alu,Hindi,regional_name,SRC-IFCT2017,F007
GF-ING-00236,Alugadda,Kannada,regional_name,SRC-IFCT2017,F007
GF-ING-00236,Oalu,Kashmiri,regional_name,SRC-IFCT2017,F007
GF-ING-00236,Phan rit,Khasi,regional_name,SRC-IFCT2017,F007
GF-ING-00236,Alu,Kon,regional_name,SRC-IFCT2017,F007
GF-ING-00236,Aloo,Manipuri,regional_name,SRC-IFCT2017,F007
GF-ING-00236,Batata,Marathi,regional_name,SRC-IFCT2017,F007
GF-ING-00236,", O., P., U. Alu",Nepali,regional_name,SRC-IFCT2017,F007
GF-ING-00236,Aalukah,Sanskrit,regional_name,SRC-IFCT2017,F007
GF-ING-00236,Urulaikizhangu,Tamil,regional_name,SRC-IFCT2017,F007
GF-ING-00236,Bangala dumpa.,Telugu,regional_name,SRC-IFCT2017,F007
GF-ING-00237,"Potato, red skin",English,source_name,SRC-IFCT2017,F008
GF-ING-00237,Aloo,Assamese,regional_name,SRC-IFCT2017,F008
GF-ING-00237,Gal alu,Bengali,regional_name,SRC-IFCT2017,F008
GF-ING-00237,Bateka,Gujarati,regional_name,SRC-IFCT2017,F008
GF-ING-00237,Alu,Hindi,regional_name,SRC-IFCT2017,F008
GF-ING-00237,Alugadda,Kannada,regional_name,SRC-IFCT2017,F008
GF-ING-00237,Oalu,Kashmiri,regional_name,SRC-IFCT2017,F008
GF-ING-00237,Phan saw,Khasi,regional_name,SRC-IFCT2017,F008
GF-ING-00237,Alu,Kon,regional_name,SRC-IFCT2017,F008
GF-ING-00237,Urula kizhangu,Malayalam,regional_name,SRC-IFCT2017,F008
GF-ING-00237,Batata,Marathi,regional_name,SRC-IFCT2017,F008
GF-ING-00237,Alu,Nepali,regional_name,SRC-IFCT2017,F008
GF-ING-00237,Alu,Odia,regional_name,SRC-IFCT2017,F008
GF-ING-00237,Alu,Punjabi,regional_name,SRC-IFCT2017,F008
GF-ING-00237,Aalukah,Sanskrit,regional_name,SRC-IFCT2017,F008
GF-ING-00237,Aloo,Manipuri,regional_name,SRC-IFCT2017,F008
GF-ING-00237,Urulaikizhangu,Tamil,regional_name,SRC-IFCT2017,F008
GF-ING-00237,Bangala dumpa,Telugu,regional_name,SRC-IFCT2017,F008
GF-ING-00237,Alu.,Urdu,regional_name,SRC-IFCT2017,F008
GF-ING-00238,"Radish, elongate, red skin",English,source_name,SRC-IFCT2017,F009
GF-ING-00238,Mula,Assamese,regional_name,SRC-IFCT2017,F009
GF-ING-00238,Mula,Bengali,regional_name,SRC-IFCT2017,F009
GF-ING-00238,Muda,Gujarati,regional_name,SRC-IFCT2017,F009
GF-ING-00238,Muli,Hindi,regional_name,SRC-IFCT2017,F009
GF-ING-00238,Mullangi,Kannada,regional_name,SRC-IFCT2017,F009
GF-ING-00238,Muli saw,Khasi,regional_name,SRC-IFCT2017,F009
GF-ING-00238,Mullangi,Malayalam,regional_name,SRC-IFCT2017,F009
GF-ING-00238,Mula,Marathi,regional_name,SRC-IFCT2017,F009
GF-ING-00238,Mula,Nepali,regional_name,SRC-IFCT2017,F009
GF-ING-00238,Mula,Odia,regional_name,SRC-IFCT2017,F009
GF-ING-00238,Gonglu,Punjabi,regional_name,SRC-IFCT2017,F009
GF-ING-00238,Moolikaa,Sanskrit,regional_name,SRC-IFCT2017,F009
GF-ING-00238,Mullangi,Tamil,regional_name,SRC-IFCT2017,F009
GF-ING-00238,Mullangi,Telugu,regional_name,SRC-IFCT2017,F009
GF-ING-00238,Mooli.,Urdu,regional_name,SRC-IFCT2017,F009
GF-ING-00239,"Radish, elongate, white skin",English,source_name,SRC-IFCT2017,F010
GF-ING-00239,Mula,Assamese,regional_name,SRC-IFCT2017,F010
GF-ING-00239,Mula,Bengali,regional_name,SRC-IFCT2017,F010
GF-ING-00239,Muda,Gujarati,regional_name,SRC-IFCT2017,F010
GF-ING-00239,Muli,Hindi,regional_name,SRC-IFCT2017,F010
GF-ING-00239,Mullangi,Kannada,regional_name,SRC-IFCT2017,F010
GF-ING-00239,Muli lieh,Khasi,regional_name,SRC-IFCT2017,F010
GF-ING-00239,Mullangi,Malayalam,regional_name,SRC-IFCT2017,F010
GF-ING-00239,Mula,Marathi,regional_name,SRC-IFCT2017,F010
GF-ING-00239,Mula,Nepali,regional_name,SRC-IFCT2017,F010
GF-ING-00239,Mula,Odia,regional_name,SRC-IFCT2017,F010
GF-ING-00239,Gonglu,Punjabi,regional_name,SRC-IFCT2017,F010
GF-ING-00239,Moolikaa,Sanskrit,regional_name,SRC-IFCT2017,F010
GF-ING-00239,Mullangi,Tamil,regional_name,SRC-IFCT2017,F010
GF-ING-00239,Mullangi,Telugu,regional_name,SRC-IFCT2017,F010
GF-ING-00239,Mooli.,Urdu,regional_name,SRC-IFCT2017,F010
GF-ING-00240,"Radish, round, red skin",English,source_name,SRC-IFCT2017,F011
GF-ING-00240,Mula,Assamese,regional_name,SRC-IFCT2017,F011
GF-ING-00240,Mula,Bengali,regional_name,SRC-IFCT2017,F011
GF-ING-00240,Muda,Gujarati,regional_name,SRC-IFCT2017,F011
GF-ING-00240,Muli,Hindi,regional_name,SRC-IFCT2017,F011
GF-ING-00240,Mullangi,Kannada,regional_name,SRC-IFCT2017,F011
GF-ING-00240,Muli pyllon,Khasi,regional_name,SRC-IFCT2017,F011
GF-ING-00240,Mullangi,Malayalam,regional_name,SRC-IFCT2017,F011
GF-ING-00240,Mula,Marathi,regional_name,SRC-IFCT2017,F011
GF-ING-00240,Mula,Nepali,regional_name,SRC-IFCT2017,F011
GF-ING-00240,Mula,Odia,regional_name,SRC-IFCT2017,F011
GF-ING-00240,Gonglu,Punjabi,regional_name,SRC-IFCT2017,F011
GF-ING-00240,Moolikaa,Sanskrit,regional_name,SRC-IFCT2017,F011
GF-ING-00240,Mullangi,Tamil,regional_name,SRC-IFCT2017,F011
GF-ING-00240,Mullangi,Telugu,regional_name,SRC-IFCT2017,F011
GF-ING-00240,Mooli.,Urdu,regional_name,SRC-IFCT2017,F011
GF-ING-00241,"Radish, round, white skin",English,source_name,SRC-IFCT2017,F012
GF-ING-00241,Mula,Assamese,regional_name,SRC-IFCT2017,F012
GF-ING-00241,Mula,Bengali,regional_name,SRC-IFCT2017,F012
GF-ING-00241,Muda,Gujarati,regional_name,SRC-IFCT2017,F012
GF-ING-00241,Muli,Hindi,regional_name,SRC-IFCT2017,F012
GF-ING-00241,Mullangi,Kannada,regional_name,SRC-IFCT2017,F012
GF-ING-00241,Muli pyllon,Khasi,regional_name,SRC-IFCT2017,F012
GF-ING-00241,Mullangi,Malayalam,regional_name,SRC-IFCT2017,F012
GF-ING-00241,Mula,Marathi,regional_name,SRC-IFCT2017,F012
GF-ING-00241,Mula,Nepali,regional_name,SRC-IFCT2017,F012
GF-ING-00241,Mula,Odia,regional_name,SRC-IFCT2017,F012
GF-ING-00241,Gonglu,Punjabi,regional_name,SRC-IFCT2017,F012
GF-ING-00241,Moolikaa,Sanskrit,regional_name,SRC-IFCT2017,F012
GF-ING-00241,Mullangi,Tamil,regional_name,SRC-IFCT2017,F012
GF-ING-00241,Mullangi,Telugu,regional_name,SRC-IFCT2017,F012
GF-ING-00241,Mooli.,Urdu,regional_name,SRC-IFCT2017,F012
GF-ING-00242,"Sweet potato, brown skin",English,source_name,SRC-IFCT2017,F013
GF-ING-00242,Meetha aloo,Assamese,regional_name,SRC-IFCT2017,F013
GF-ING-00242,Ranga alu,Bengali,regional_name,SRC-IFCT2017,F013
GF-ING-00242,Sakkaria,Gujarati,regional_name,SRC-IFCT2017,F013
GF-ING-00242,Shakarkand,Hindi,regional_name,SRC-IFCT2017,F013
GF-ING-00242,Genasu,Kannada,regional_name,SRC-IFCT2017,F013
GF-ING-00242,Phankaro iong,Khasi,regional_name,SRC-IFCT2017,F013
GF-ING-00242,Sakkarvalli kazhangu,Malayalam,regional_name,SRC-IFCT2017,F013
GF-ING-00242,Manghra,Manipuri,regional_name,SRC-IFCT2017,F013
GF-ING-00242,Ratalu,Marathi,regional_name,SRC-IFCT2017,F013
GF-ING-00242,Sakhar Khand,Nepali,regional_name,SRC-IFCT2017,F013
GF-ING-00242,Kandamula,Odia,regional_name,SRC-IFCT2017,F013
GF-ING-00242,Sakkargandi,Punjabi,regional_name,SRC-IFCT2017,F013
GF-ING-00242,Sakkarvalli kizhangu,Tamil,regional_name,SRC-IFCT2017,F013
GF-ING-00242,Chilagada dumpa,Telugu,regional_name,SRC-IFCT2017,F013
GF-ING-00242,Ratalu.,Urdu,regional_name,SRC-IFCT2017,F013
GF-ING-00243,"Sweet potato, pink skin",English,source_name,SRC-IFCT2017,F014
GF-ING-00243,Meetha aloo,Assamese,regional_name,SRC-IFCT2017,F014
GF-ING-00243,Ranga alu,Bengali,regional_name,SRC-IFCT2017,F014
GF-ING-00243,Sakkaria,Gujarati,regional_name,SRC-IFCT2017,F014
GF-ING-00243,Shakarkand,Hindi,regional_name,SRC-IFCT2017,F014
GF-ING-00243,Genasu,Kannada,regional_name,SRC-IFCT2017,F014
GF-ING-00243,Phankaro saw,Khasi,regional_name,SRC-IFCT2017,F014
GF-ING-00243,Sakkarvalli kazhangu,Malayalam,regional_name,SRC-IFCT2017,F014
GF-ING-00243,Manghra,Manipuri,regional_name,SRC-IFCT2017,F014
GF-ING-00243,Ratalu,Marathi,regional_name,SRC-IFCT2017,F014
GF-ING-00243,Sakhar Khand,Nepali,regional_name,SRC-IFCT2017,F014
GF-ING-00243,Kandamula,Odia,regional_name,SRC-IFCT2017,F014
GF-ING-00243,Sakkargandi,Punjabi,regional_name,SRC-IFCT2017,F014
GF-ING-00243,Sakkarvalli kizhangu,Tamil,regional_name,SRC-IFCT2017,F014
GF-ING-00243,Chilagada dumpa,Telugu,regional_name,SRC-IFCT2017,F014
GF-ING-00243,Ratalu.,Urdu,regional_name,SRC-IFCT2017,F014
GF-ING-00244,Tapioca,English,source_name,SRC-IFCT2017,F015
GF-ING-00244,Sagi,Assamese,regional_name,SRC-IFCT2017,F015
GF-ING-00244,Simla alu,Bengali,regional_name,SRC-IFCT2017,F015
GF-ING-00244,Aararoot,Gujarati,regional_name,SRC-IFCT2017,F015
GF-ING-00244,Simla alu,Hindi,regional_name,SRC-IFCT2017,F015
GF-ING-00244,Mra genasu,Kannada,regional_name,SRC-IFCT2017,F015
GF-ING-00244,Phan dieng,Khasi,regional_name,SRC-IFCT2017,F015
GF-ING-00244,Mrachini,Malayalam,regional_name,SRC-IFCT2017,F015
GF-ING-00244,U Manghra,Manipuri,regional_name,SRC-IFCT2017,F015
GF-ING-00244,Simla  Batata,Marathi,regional_name,SRC-IFCT2017,F015
GF-ING-00244,Tarul,Nepali,regional_name,SRC-IFCT2017,F015
GF-ING-00244,Kathakonda,Odia,regional_name,SRC-IFCT2017,F015
GF-ING-00244,Simla alu,Punjabi,regional_name,SRC-IFCT2017,F015
GF-ING-00244,Maravalli kizhangu,Tamil,regional_name,SRC-IFCT2017,F015
GF-ING-00244,Krrapendalamu,Telugu,regional_name,SRC-IFCT2017,F015
GF-ING-00244,Kasawa soji.,Urdu,regional_name,SRC-IFCT2017,F015
GF-ING-00245,Water Chestnut,English,source_name,SRC-IFCT2017,F016
GF-ING-00245,Pani singora,Assamese,regional_name,SRC-IFCT2017,F016
GF-ING-00245,Pani phal,Bengali,regional_name,SRC-IFCT2017,F016
GF-ING-00245,Shingoda,Gujarati,regional_name,SRC-IFCT2017,F016
GF-ING-00245,", Mar. Shingara",Hindi,regional_name,SRC-IFCT2017,F016
GF-ING-00245,Goer,Kashmiri,regional_name,SRC-IFCT2017,F016
GF-ING-00245,Karimpolam,Malayalam,regional_name,SRC-IFCT2017,F016
GF-ING-00245,Kaothum,Manipuri,regional_name,SRC-IFCT2017,F016
GF-ING-00245,Pani singhara,Odia,regional_name,SRC-IFCT2017,F016
GF-ING-00245,Shingada,Punjabi,regional_name,SRC-IFCT2017,F016
GF-ING-00245,Singhara,Tamil,regional_name,SRC-IFCT2017,F016
GF-ING-00245,Kubyakam.,Telugu,regional_name,SRC-IFCT2017,F016
GF-ING-00246,"Yam, elephant",English,source_name,SRC-IFCT2017,F017
GF-ING-00246,Ol kachu,Assamese,regional_name,SRC-IFCT2017,F017
GF-ING-00246,Ol,Bengali,regional_name,SRC-IFCT2017,F017
GF-ING-00246,"Elephant foot yam, Whitespot giant arum",English,regional_name,SRC-IFCT2017,F017
GF-ING-00246,Suran,Gujarati,regional_name,SRC-IFCT2017,F017
GF-ING-00246,Zimikandha,Hindi,regional_name,SRC-IFCT2017,F017
GF-ING-00246,Suvarna gadda,Kannada,regional_name,SRC-IFCT2017,F017
GF-ING-00246,Shriew hati,Khasi,regional_name,SRC-IFCT2017,F017
GF-ING-00246,Chena,Malayalam,regional_name,SRC-IFCT2017,F017
GF-ING-00246,Haa,Manipuri,regional_name,SRC-IFCT2017,F017
GF-ING-00246,Suran,Marathi,regional_name,SRC-IFCT2017,F017
GF-ING-00246,Suran,Odia,regional_name,SRC-IFCT2017,F017
GF-ING-00246,Zimikand,Punjabi,regional_name,SRC-IFCT2017,F017
GF-ING-00246,Karunai kizhangu,Tamil,regional_name,SRC-IFCT2017,F017
GF-ING-00246,Kandha dumpa.,Telugu,regional_name,SRC-IFCT2017,F017
GF-ING-00247,"Yam, ordinary",English,source_name,SRC-IFCT2017,F018
GF-ING-00247,Kath aloo,Assamese,regional_name,SRC-IFCT2017,F018
GF-ING-00247,Gherkochoo,Bengali,regional_name,SRC-IFCT2017,F018
GF-ING-00247,"White yam, Winged yam, Water yam, Purple yam",English,regional_name,SRC-IFCT2017,F018
GF-ING-00247,Ratadu,Gujarati,regional_name,SRC-IFCT2017,F018
GF-ING-00247,Sooran,Hindi,regional_name,SRC-IFCT2017,F018
GF-ING-00247,Suvarna gadda,Kannada,regional_name,SRC-IFCT2017,F018
GF-ING-00247,Shriew jrong,Khasi,regional_name,SRC-IFCT2017,F018
GF-ING-00247,Chena,Malayalam,regional_name,SRC-IFCT2017,F018
GF-ING-00247,Haa,Manipuri,regional_name,SRC-IFCT2017,F018
GF-ING-00247,Goradu,Marathi,regional_name,SRC-IFCT2017,F018
GF-ING-00247,Pidaloo,Nepali,regional_name,SRC-IFCT2017,F018
GF-ING-00247,Khamba alu,Odia,regional_name,SRC-IFCT2017,F018
GF-ING-00247,Aalu,Sanskrit,regional_name,SRC-IFCT2017,F018
GF-ING-00247,Karunai kizhangu,Tamil,regional_name,SRC-IFCT2017,F018
GF-ING-00247,Durdakandagadda.,Telugu,regional_name,SRC-IFCT2017,F018
GF-ING-00248,"Yam, wild",English,source_name,SRC-IFCT2017,F019
GF-ING-00248,Jongoli kosu,Assamese,regional_name,SRC-IFCT2017,F019
GF-ING-00248,Ranga alu,Bengali,regional_name,SRC-IFCT2017,F019
GF-ING-00248,Ratadu,Gujarati,regional_name,SRC-IFCT2017,F019
GF-ING-00248,Suaralu,Hindi,regional_name,SRC-IFCT2017,F019
GF-ING-00248,Hegganasu,Kannada,regional_name,SRC-IFCT2017,F019
GF-ING-00248,Shriew lieh,Khasi,regional_name,SRC-IFCT2017,F019
GF-ING-00248,Kattuchena,Malayalam,regional_name,SRC-IFCT2017,F019
GF-ING-00248,Haa,Manipuri,regional_name,SRC-IFCT2017,F019
GF-ING-00248,Suran,Marathi,regional_name,SRC-IFCT2017,F019
GF-ING-00248,Kodi kizhangu,Tamil,regional_name,SRC-IFCT2017,F019
GF-ING-00248,Chedu paddu dumpa.,Telugu,regional_name,SRC-IFCT2017,F019
GF-ING-00249,"Chillies, green-1",English,source_name,SRC-IFCT2017,G001
GF-ING-00249,Kesa jalakia,Assamese,regional_name,SRC-IFCT2017,G001
GF-ING-00249,Chili pepper,English,regional_name,SRC-IFCT2017,G001
GF-ING-00249,Lila marcha,Gujarati,regional_name,SRC-IFCT2017,G001
GF-ING-00249,Hara Mirchi,Hindi,regional_name,SRC-IFCT2017,G001
GF-ING-00249,Hasi Menasinakayi,Kannada,regional_name,SRC-IFCT2017,G001
GF-ING-00249,Marach wangun,Kashmiri,regional_name,SRC-IFCT2017,G001
GF-ING-00249,Sohmynken heh,Khasi,regional_name,SRC-IFCT2017,G001
GF-ING-00249,Mulaku,Malayalam,regional_name,SRC-IFCT2017,G001
GF-ING-00249,Morok,Manipuri,regional_name,SRC-IFCT2017,G001
GF-ING-00249,Mulaku,Marathi,regional_name,SRC-IFCT2017,G001
GF-ING-00249,Hariyo khursani,Nepali,regional_name,SRC-IFCT2017,G001
GF-ING-00249,Kancha Lanka,Odia,regional_name,SRC-IFCT2017,G001
GF-ING-00249,Hara mirchi,Punjabi,regional_name,SRC-IFCT2017,G001
GF-ING-00249,Marichika,Sanskrit,regional_name,SRC-IFCT2017,G001
GF-ING-00249,Pachhai milagai,Tamil,regional_name,SRC-IFCT2017,G001
GF-ING-00249,Pacchi Mirapakaya,Telugu,regional_name,SRC-IFCT2017,G001
GF-ING-00249,Hara mirchi.,Urdu,regional_name,SRC-IFCT2017,G001
GF-ING-00250,"Chillies, green-2",English,source_name,SRC-IFCT2017,G002
GF-ING-00250,Kesa jalakia,Assamese,regional_name,SRC-IFCT2017,G002
GF-ING-00250,Chili pepper,English,regional_name,SRC-IFCT2017,G002
GF-ING-00250,Lila marcha,Gujarati,regional_name,SRC-IFCT2017,G002
GF-ING-00250,Hara Mirchi,Hindi,regional_name,SRC-IFCT2017,G002
GF-ING-00250,Hasi Menasinakayi,Kannada,regional_name,SRC-IFCT2017,G002
GF-ING-00250,Marach wangun,Kashmiri,regional_name,SRC-IFCT2017,G002
GF-ING-00250,Soh mynken dkhar,Khasi,regional_name,SRC-IFCT2017,G002
GF-ING-00250,Mulaku,Malayalam,regional_name,SRC-IFCT2017,G002
GF-ING-00250,Morok,Manipuri,regional_name,SRC-IFCT2017,G002
GF-ING-00250,Mulaku,Marathi,regional_name,SRC-IFCT2017,G002
GF-ING-00250,Hariyo khursani,Nepali,regional_name,SRC-IFCT2017,G002
GF-ING-00250,Kancha Lanka,Odia,regional_name,SRC-IFCT2017,G002
GF-ING-00250,Hara mirchi,Punjabi,regional_name,SRC-IFCT2017,G002
GF-ING-00250,Marichika,Sanskrit,regional_name,SRC-IFCT2017,G002
GF-ING-00250,Pachhai milagai,Tamil,regional_name,SRC-IFCT2017,G002
GF-ING-00250,Pacchi Mirapakaya,Telugu,regional_name,SRC-IFCT2017,G002
GF-ING-00250,Hara mirchi.,Urdu,regional_name,SRC-IFCT2017,G002
GF-ING-00251,"Chillies, green-3",English,source_name,SRC-IFCT2017,G003
GF-ING-00251,Kesa jalakia,Assamese,regional_name,SRC-IFCT2017,G003
GF-ING-00251,Chili pepper,English,regional_name,SRC-IFCT2017,G003
GF-ING-00251,Lila marcha,Gujarati,regional_name,SRC-IFCT2017,G003
GF-ING-00251,Hara Mirchi,Hindi,regional_name,SRC-IFCT2017,G003
GF-ING-00251,Hasi Menasinakayi,Kannada,regional_name,SRC-IFCT2017,G003
GF-ING-00251,Marach wangun,Kashmiri,regional_name,SRC-IFCT2017,G003
GF-ING-00251,Soh mynken dkhar,Khasi,regional_name,SRC-IFCT2017,G003
GF-ING-00251,Mulaku,Malayalam,regional_name,SRC-IFCT2017,G003
GF-ING-00251,Morok,Manipuri,regional_name,SRC-IFCT2017,G003
GF-ING-00251,Mulaku,Marathi,regional_name,SRC-IFCT2017,G003
GF-ING-00251,Hariyo khursani,Nepali,regional_name,SRC-IFCT2017,G003
GF-ING-00251,Kancha Lanka,Odia,regional_name,SRC-IFCT2017,G003
GF-ING-00251,Hara mirchi,Punjabi,regional_name,SRC-IFCT2017,G003
GF-ING-00251,Marichika,Sanskrit,regional_name,SRC-IFCT2017,G003
GF-ING-00251,Pachhai milagai,Tamil,regional_name,SRC-IFCT2017,G003
GF-ING-00251,Pacchi Mirapakaya,Telugu,regional_name,SRC-IFCT2017,G003
GF-ING-00251,Hara mirchi.,Urdu,regional_name,SRC-IFCT2017,G003
GF-ING-00252,"Chillies, green-4",English,source_name,SRC-IFCT2017,G004
GF-ING-00252,Kesa jalakia,Assamese,regional_name,SRC-IFCT2017,G004
GF-ING-00252,Chili pepper,English,regional_name,SRC-IFCT2017,G004
GF-ING-00252,Hara Mirchi,Hindi,regional_name,SRC-IFCT2017,G004
GF-ING-00252,Hasi Menasinakayi,Kannada,regional_name,SRC-IFCT2017,G004
GF-ING-00252,Marach wangun,Kashmiri,regional_name,SRC-IFCT2017,G004
GF-ING-00252,Soh mynken dkhar,Khasi,regional_name,SRC-IFCT2017,G004
GF-ING-00252,Mulaku,Malayalam,regional_name,SRC-IFCT2017,G004
GF-ING-00252,Morok,Manipuri,regional_name,SRC-IFCT2017,G004
GF-ING-00252,Mulaku,Marathi,regional_name,SRC-IFCT2017,G004
GF-ING-00252,Hariyo khursani,Nepali,regional_name,SRC-IFCT2017,G004
GF-ING-00252,Kancha Lanka,Odia,regional_name,SRC-IFCT2017,G004
GF-ING-00252,Hara mirchi,Punjabi,regional_name,SRC-IFCT2017,G004
GF-ING-00252,Marichika,Sanskrit,regional_name,SRC-IFCT2017,G004
GF-ING-00252,Pachhai milagai,Tamil,regional_name,SRC-IFCT2017,G004
GF-ING-00252,Pacchi Mirapakaya,Telugu,regional_name,SRC-IFCT2017,G004
GF-ING-00252,Hara mirchi.,Urdu,regional_name,SRC-IFCT2017,G004
GF-ING-00253,"Chillies, green-5",English,source_name,SRC-IFCT2017,G005
GF-ING-00253,Kesa jalakia,Assamese,regional_name,SRC-IFCT2017,G005
GF-ING-00253,Chili pepper,English,regional_name,SRC-IFCT2017,G005
GF-ING-00253,Vadhvani marcha,Gujarati,regional_name,SRC-IFCT2017,G005
GF-ING-00253,Hara Mirchi,Hindi,regional_name,SRC-IFCT2017,G005
GF-ING-00253,Hasi Menasinakayi,Kannada,regional_name,SRC-IFCT2017,G005
GF-ING-00253,Marach wangun,Kashmiri,regional_name,SRC-IFCT2017,G005
GF-ING-00253,Soh mynken dkhar,Khasi,regional_name,SRC-IFCT2017,G005
GF-ING-00253,Mulaku,Malayalam,regional_name,SRC-IFCT2017,G005
GF-ING-00253,Morok,Manipuri,regional_name,SRC-IFCT2017,G005
GF-ING-00253,Mulaku,Marathi,regional_name,SRC-IFCT2017,G005
GF-ING-00253,Hariyo khursani,Nepali,regional_name,SRC-IFCT2017,G005
GF-ING-00253,Kancha Lanka,Odia,regional_name,SRC-IFCT2017,G005
GF-ING-00253,Hara mirchi,Punjabi,regional_name,SRC-IFCT2017,G005
GF-ING-00253,Marichika,Sanskrit,regional_name,SRC-IFCT2017,G005
GF-ING-00253,Pachhai milagai,Tamil,regional_name,SRC-IFCT2017,G005
GF-ING-00253,Pacchi Mirapakaya,Telugu,regional_name,SRC-IFCT2017,G005
GF-ING-00253,Hara mirchi.,Urdu,regional_name,SRC-IFCT2017,G005
GF-ING-00254,"Chillies, green-6",English,source_name,SRC-IFCT2017,G006
GF-ING-00254,Kesa jalakia,Assamese,regional_name,SRC-IFCT2017,G006
GF-ING-00254,Chili pepper,English,regional_name,SRC-IFCT2017,G006
GF-ING-00254,Lila marcha,Gujarati,regional_name,SRC-IFCT2017,G006
GF-ING-00254,Hara Mirchi,Hindi,regional_name,SRC-IFCT2017,G006
GF-ING-00254,Hasi Menasinakayi,Kannada,regional_name,SRC-IFCT2017,G006
GF-ING-00254,Marach wangun,Kashmiri,regional_name,SRC-IFCT2017,G006
GF-ING-00254,Soh mynken dkhar,Khasi,regional_name,SRC-IFCT2017,G006
GF-ING-00254,Mulaku,Malayalam,regional_name,SRC-IFCT2017,G006
GF-ING-00254,Morok,Manipuri,regional_name,SRC-IFCT2017,G006
GF-ING-00254,Mulaku,Marathi,regional_name,SRC-IFCT2017,G006
GF-ING-00254,Hariyo khursani,Nepali,regional_name,SRC-IFCT2017,G006
GF-ING-00254,Kancha Lanka,Odia,regional_name,SRC-IFCT2017,G006
GF-ING-00254,Hara mirchi,Punjabi,regional_name,SRC-IFCT2017,G006
GF-ING-00254,Marichika,Sanskrit,regional_name,SRC-IFCT2017,G006
GF-ING-00254,Pachhai milagai,Tamil,regional_name,SRC-IFCT2017,G006
GF-ING-00254,Pacchi Mirapakaya,Telugu,regional_name,SRC-IFCT2017,G006
GF-ING-00254,Hara mirchi.,Urdu,regional_name,SRC-IFCT2017,G006
GF-ING-00255,"Chillies, green-7",English,source_name,SRC-IFCT2017,G007
GF-ING-00255,Kesa jalakia,Assamese,regional_name,SRC-IFCT2017,G007
GF-ING-00255,Chili pepper,English,regional_name,SRC-IFCT2017,G007
GF-ING-00255,Gola marcha,Gujarati,regional_name,SRC-IFCT2017,G007
GF-ING-00255,Hara Mirchi,Hindi,regional_name,SRC-IFCT2017,G007
GF-ING-00255,Hasi Menasinakayi,Kannada,regional_name,SRC-IFCT2017,G007
GF-ING-00255,Marach wangun,Kashmiri,regional_name,SRC-IFCT2017,G007
GF-ING-00255,Soh mynken beb,Khasi,regional_name,SRC-IFCT2017,G007
GF-ING-00255,Mulaku,Malayalam,regional_name,SRC-IFCT2017,G007
GF-ING-00255,Morok,Manipuri,regional_name,SRC-IFCT2017,G007
GF-ING-00255,Mulaku,Marathi,regional_name,SRC-IFCT2017,G007
GF-ING-00255,Hariyo khursani,Nepali,regional_name,SRC-IFCT2017,G007
GF-ING-00255,Kancha Lanka,Odia,regional_name,SRC-IFCT2017,G007
GF-ING-00255,Hara mirchi,Punjabi,regional_name,SRC-IFCT2017,G007
GF-ING-00255,Marichika,Sanskrit,regional_name,SRC-IFCT2017,G007
GF-ING-00255,Pachhai milagai,Tamil,regional_name,SRC-IFCT2017,G007
GF-ING-00255,Pacchi Mirapakaya,Telugu,regional_name,SRC-IFCT2017,G007
GF-ING-00255,Hara mirchi.,Urdu,regional_name,SRC-IFCT2017,G007
GF-ING-00256,"Chillies, green - all varieties",English,source_name,SRC-IFCT2017,G008
GF-ING-00256,Kesa jalakia,Assamese,regional_name,SRC-IFCT2017,G008
GF-ING-00256,Chili pepper,English,regional_name,SRC-IFCT2017,G008
GF-ING-00256,Hara Mirchi,Hindi,regional_name,SRC-IFCT2017,G008
GF-ING-00256,Hasi Menasinakayi,Kannada,regional_name,SRC-IFCT2017,G008
GF-ING-00256,Marach wangun,Kashmiri,regional_name,SRC-IFCT2017,G008
GF-ING-00256,Soh mynken dkhar,Khasi,regional_name,SRC-IFCT2017,G008
GF-ING-00256,Mulaku,Malayalam,regional_name,SRC-IFCT2017,G008
GF-ING-00256,Morok,Manipuri,regional_name,SRC-IFCT2017,G008
GF-ING-00256,Mulaku,Marathi,regional_name,SRC-IFCT2017,G008
GF-ING-00256,Hariyo khursani,Nepali,regional_name,SRC-IFCT2017,G008
GF-ING-00256,Kancha Lanka,Odia,regional_name,SRC-IFCT2017,G008
GF-ING-00256,Hara mirchi,Punjabi,regional_name,SRC-IFCT2017,G008
GF-ING-00256,Marichika,Sanskrit,regional_name,SRC-IFCT2017,G008
GF-ING-00256,Pachhai milagai,Tamil,regional_name,SRC-IFCT2017,G008
GF-ING-00256,Pacchi Mirapakaya,Telugu,regional_name,SRC-IFCT2017,G008
GF-ING-00256,Hara mirchi.,Urdu,regional_name,SRC-IFCT2017,G008
GF-ING-00257,Coriander leaves,English,source_name,SRC-IFCT2017,G009
GF-ING-00257,Dhania paat,Assamese,regional_name,SRC-IFCT2017,G009
GF-ING-00257,Dhone pata,Bengali,regional_name,SRC-IFCT2017,G009
GF-ING-00257,"Cilantro, Chinese parsley",English,regional_name,SRC-IFCT2017,G009
GF-ING-00257,Dhana pandada,Gujarati,regional_name,SRC-IFCT2017,G009
GF-ING-00257,Hara dhania,Hindi,regional_name,SRC-IFCT2017,G009
GF-ING-00257,Kothambari,Kannada,regional_name,SRC-IFCT2017,G009
GF-ING-00257,Daaniwal,Kashmiri,regional_name,SRC-IFCT2017,G009
GF-ING-00257,Dhonia dkhar,Khasi,regional_name,SRC-IFCT2017,G009
GF-ING-00257,Kothamalli,Malayalam,regional_name,SRC-IFCT2017,G009
GF-ING-00257,Fadhighom Mana,Manipuri,regional_name,SRC-IFCT2017,G009
GF-ING-00257,Kothimbir,Marathi,regional_name,SRC-IFCT2017,G009
GF-ING-00257,Hario Dhaniya,Nepali,regional_name,SRC-IFCT2017,G009
GF-ING-00257,Dhania Patra,Odia,regional_name,SRC-IFCT2017,G009
GF-ING-00257,Hara dhaniya patta,Punjabi,regional_name,SRC-IFCT2017,G009
GF-ING-00257,Kothamalli,Tamil,regional_name,SRC-IFCT2017,G009
GF-ING-00257,Kothimiri,Telugu,regional_name,SRC-IFCT2017,G009
GF-ING-00257,Hara dhaniya.,Urdu,regional_name,SRC-IFCT2017,G009
GF-ING-00258,Curry leaves,English,source_name,SRC-IFCT2017,G010
GF-ING-00258,Narasingha paat,Assamese,regional_name,SRC-IFCT2017,G010
GF-ING-00258,Karhi-pat,Bengali,regional_name,SRC-IFCT2017,G010
GF-ING-00258,Sweet Neem leaves,English,regional_name,SRC-IFCT2017,G010
GF-ING-00258,Kadi umdo,Gujarati,regional_name,SRC-IFCT2017,G010
GF-ING-00258,Gandhela,Hindi,regional_name,SRC-IFCT2017,G010
GF-ING-00258,Karibevu,Kannada,regional_name,SRC-IFCT2017,G010
GF-ING-00258,Curry patta,Kashmiri,regional_name,SRC-IFCT2017,G010
GF-ING-00258,Sla Kori,Khasi,regional_name,SRC-IFCT2017,G010
GF-ING-00258,Kariveppilai,Malayalam,regional_name,SRC-IFCT2017,G010
GF-ING-00258,Curry Pata,Manipuri,regional_name,SRC-IFCT2017,G010
GF-ING-00258,Gandhela,Marathi,regional_name,SRC-IFCT2017,G010
GF-ING-00258,Kary patta,Nepali,regional_name,SRC-IFCT2017,G010
GF-ING-00258,Bhursanga Patra,Odia,regional_name,SRC-IFCT2017,G010
GF-ING-00258,Kadhi patta,Punjabi,regional_name,SRC-IFCT2017,G010
GF-ING-00258,Girinimba,Sanskrit,regional_name,SRC-IFCT2017,G010
GF-ING-00258,Kariveppilai,Tamil,regional_name,SRC-IFCT2017,G010
GF-ING-00258,Karivepaku,Telugu,regional_name,SRC-IFCT2017,G010
GF-ING-00258,Kadi ka patta.,Urdu,regional_name,SRC-IFCT2017,G010
GF-ING-00259,"Garlic, big cloves",English,source_name,SRC-IFCT2017,G011
GF-ING-00259,Nohoru,Assamese,regional_name,SRC-IFCT2017,G011
GF-ING-00259,Rashun,Bengali,regional_name,SRC-IFCT2017,G011
GF-ING-00259,Lasan,Gujarati,regional_name,SRC-IFCT2017,G011
GF-ING-00259,Lehsan,Hindi,regional_name,SRC-IFCT2017,G011
GF-ING-00259,Bellulli,Kannada,regional_name,SRC-IFCT2017,G011
GF-ING-00259,Ruhan,Kashmiri,regional_name,SRC-IFCT2017,G011
GF-ING-00259,Rynsun heh/ Rynsun dkhar,Khasi,regional_name,SRC-IFCT2017,G011
GF-ING-00259,Vellulli,Malayalam,regional_name,SRC-IFCT2017,G011
GF-ING-00259,Chanam,Manipuri,regional_name,SRC-IFCT2017,G011
GF-ING-00259,Lasoon,Marathi,regional_name,SRC-IFCT2017,G011
GF-ING-00259,Lasun,Nepali,regional_name,SRC-IFCT2017,G011
GF-ING-00259,Rasuna,Odia,regional_name,SRC-IFCT2017,G011
GF-ING-00259,Lasan,Punjabi,regional_name,SRC-IFCT2017,G011
GF-ING-00259,Lashoonam,Sanskrit,regional_name,SRC-IFCT2017,G011
GF-ING-00259,Poondu,Tamil,regional_name,SRC-IFCT2017,G011
GF-ING-00259,Vellulli,Telugu,regional_name,SRC-IFCT2017,G011
GF-ING-00259,Laisan.,Urdu,regional_name,SRC-IFCT2017,G011
GF-ING-00260,"Garlic, small cloves",English,source_name,SRC-IFCT2017,G012
GF-ING-00260,Nohoru,Assamese,regional_name,SRC-IFCT2017,G012
GF-ING-00260,Rashun,Bengali,regional_name,SRC-IFCT2017,G012
GF-ING-00260,Lasan,Gujarati,regional_name,SRC-IFCT2017,G012
GF-ING-00260,Lehsan,Hindi,regional_name,SRC-IFCT2017,G012
GF-ING-00260,Bellulli,Kannada,regional_name,SRC-IFCT2017,G012
GF-ING-00260,Ruhan,Kashmiri,regional_name,SRC-IFCT2017,G012
GF-ING-00260,Rynsun rit,Khasi,regional_name,SRC-IFCT2017,G012
GF-ING-00260,Vellulli,Malayalam,regional_name,SRC-IFCT2017,G012
GF-ING-00260,Chanam,Manipuri,regional_name,SRC-IFCT2017,G012
GF-ING-00260,Lasoon,Marathi,regional_name,SRC-IFCT2017,G012
GF-ING-00260,Lasun,Nepali,regional_name,SRC-IFCT2017,G012
GF-ING-00260,Rasuna,Odia,regional_name,SRC-IFCT2017,G012
GF-ING-00260,Lasan,Punjabi,regional_name,SRC-IFCT2017,G012
GF-ING-00260,Lashoonam,Sanskrit,regional_name,SRC-IFCT2017,G012
GF-ING-00260,Poondu,Tamil,regional_name,SRC-IFCT2017,G012
GF-ING-00260,Vellulli,Telugu,regional_name,SRC-IFCT2017,G012
GF-ING-00260,Laisan.,Urdu,regional_name,SRC-IFCT2017,G012
GF-ING-00261,"Garlic, single clove, Kashmir",English,source_name,SRC-IFCT2017,G013
GF-ING-00261,Nohoru,Assamese,regional_name,SRC-IFCT2017,G013
GF-ING-00261,Ek koya Rashun,Bengali,regional_name,SRC-IFCT2017,G013
GF-ING-00261,Lasan,Gujarati,regional_name,SRC-IFCT2017,G013
GF-ING-00261,Lehsan,Hindi,regional_name,SRC-IFCT2017,G013
GF-ING-00261,Bellulli,Kannada,regional_name,SRC-IFCT2017,G013
GF-ING-00261,Ruhan,Kashmiri,regional_name,SRC-IFCT2017,G013
GF-ING-00261,Rynsun,Khasi,regional_name,SRC-IFCT2017,G013
GF-ING-00261,Vellulli,Malayalam,regional_name,SRC-IFCT2017,G013
GF-ING-00261,Chanam,Manipuri,regional_name,SRC-IFCT2017,G013
GF-ING-00261,Lasoon,Marathi,regional_name,SRC-IFCT2017,G013
GF-ING-00261,Lasun,Nepali,regional_name,SRC-IFCT2017,G013
GF-ING-00261,Rasuna,Odia,regional_name,SRC-IFCT2017,G013
GF-ING-00261,Lasan,Punjabi,regional_name,SRC-IFCT2017,G013
GF-ING-00261,Lashoonam,Sanskrit,regional_name,SRC-IFCT2017,G013
GF-ING-00261,Ottrai poondu,Tamil,regional_name,SRC-IFCT2017,G013
GF-ING-00261,Vellulli,Telugu,regional_name,SRC-IFCT2017,G013
GF-ING-00261,Laisan.,Urdu,regional_name,SRC-IFCT2017,G013
GF-ING-00262,"Ginger, fresh",English,source_name,SRC-IFCT2017,G014
GF-ING-00262,Ada kesa,Assamese,regional_name,SRC-IFCT2017,G014
GF-ING-00262,Ada,Bengali,regional_name,SRC-IFCT2017,G014
GF-ING-00262,Adu,Gujarati,regional_name,SRC-IFCT2017,G014
GF-ING-00262,Adrak,Hindi,regional_name,SRC-IFCT2017,G014
GF-ING-00262,Shunti,Kannada,regional_name,SRC-IFCT2017,G014
GF-ING-00262,Adrak,Kashmiri,regional_name,SRC-IFCT2017,G014
GF-ING-00262,Sying bah,Khasi,regional_name,SRC-IFCT2017,G014
GF-ING-00262,Inji,Malayalam,regional_name,SRC-IFCT2017,G014
GF-ING-00262,Sing,Manipuri,regional_name,SRC-IFCT2017,G014
GF-ING-00262,Ale,Marathi,regional_name,SRC-IFCT2017,G014
GF-ING-00262,Aduwa,Nepali,regional_name,SRC-IFCT2017,G014
GF-ING-00262,Ada,Odia,regional_name,SRC-IFCT2017,G014
GF-ING-00262,Adrak,Punjabi,regional_name,SRC-IFCT2017,G014
GF-ING-00262,Aadrak,Sanskrit,regional_name,SRC-IFCT2017,G014
GF-ING-00262,Inji,Tamil,regional_name,SRC-IFCT2017,G014
GF-ING-00262,Allam,Telugu,regional_name,SRC-IFCT2017,G014
GF-ING-00262,Adrak.,Urdu,regional_name,SRC-IFCT2017,G014
GF-ING-00263,Mango ginger,English,source_name,SRC-IFCT2017,G015
GF-ING-00263,Aam ada,Assamese,regional_name,SRC-IFCT2017,G015
GF-ING-00263,Amada,Bengali,regional_name,SRC-IFCT2017,G015
GF-ING-00263,Amba Hardar,Gujarati,regional_name,SRC-IFCT2017,G015
GF-ING-00263,Aam adhrak,Hindi,regional_name,SRC-IFCT2017,G015
GF-ING-00263,Mavina hasi sunthi,Kannada,regional_name,SRC-IFCT2017,G015
GF-ING-00263,Adrak,Kashmiri,regional_name,SRC-IFCT2017,G015
GF-ING-00263,Sying makhir,Khasi,regional_name,SRC-IFCT2017,G015
GF-ING-00263,Mangainji,Malayalam,regional_name,SRC-IFCT2017,G015
GF-ING-00263,Amba haldi,Marathi,regional_name,SRC-IFCT2017,G015
GF-ING-00263,Aam adrak,Punjabi,regional_name,SRC-IFCT2017,G015
GF-ING-00263,Mainji,Tamil,regional_name,SRC-IFCT2017,G015
GF-ING-00263,Mamidiallam,Telugu,regional_name,SRC-IFCT2017,G015
GF-ING-00263,Aam adrak.,Urdu,regional_name,SRC-IFCT2017,G015
GF-ING-00264,Mint leaves,English,source_name,SRC-IFCT2017,G016
GF-ING-00264,Podina,Assamese,regional_name,SRC-IFCT2017,G016
GF-ING-00264,Pudina,Bengali,regional_name,SRC-IFCT2017,G016
GF-ING-00264,Mentha,English,regional_name,SRC-IFCT2017,G016
GF-ING-00264,Phudino,Gujarati,regional_name,SRC-IFCT2017,G016
GF-ING-00264,Pudina,Hindi,regional_name,SRC-IFCT2017,G016
GF-ING-00264,Pudina,Kannada,regional_name,SRC-IFCT2017,G016
GF-ING-00264,Pudinth,Kashmiri,regional_name,SRC-IFCT2017,G016
GF-ING-00264,Pudina,Khasi,regional_name,SRC-IFCT2017,G016
GF-ING-00264,Pudina,Malayalam,regional_name,SRC-IFCT2017,G016
GF-ING-00264,Nungsihidak,Manipuri,regional_name,SRC-IFCT2017,G016
GF-ING-00264,Pudina,Marathi,regional_name,SRC-IFCT2017,G016
GF-ING-00264,Baabari,Nepali,regional_name,SRC-IFCT2017,G016
GF-ING-00264,Pudina Patra,Odia,regional_name,SRC-IFCT2017,G016
GF-ING-00264,Pudina,Punjabi,regional_name,SRC-IFCT2017,G016
GF-ING-00264,Pudina,Tamil,regional_name,SRC-IFCT2017,G016
GF-ING-00264,Pudina,Telugu,regional_name,SRC-IFCT2017,G016
GF-ING-00264,Pudina.,Urdu,regional_name,SRC-IFCT2017,G016
GF-ING-00265,"Onion, big",English,source_name,SRC-IFCT2017,G017
GF-ING-00265,Piyanj,Assamese,regional_name,SRC-IFCT2017,G017
GF-ING-00265,Peyaj,Bengali,regional_name,SRC-IFCT2017,G017
GF-ING-00265,"Bulb onion, Common onion",English,regional_name,SRC-IFCT2017,G017
GF-ING-00265,Kando,Gujarati,regional_name,SRC-IFCT2017,G017
GF-ING-00265,Pyaz,Hindi,regional_name,SRC-IFCT2017,G017
GF-ING-00265,Eerulli,Kannada,regional_name,SRC-IFCT2017,G017
GF-ING-00265,Gandha,Kashmiri,regional_name,SRC-IFCT2017,G017
GF-ING-00265,Piat,Khasi,regional_name,SRC-IFCT2017,G017
GF-ING-00265,Ulli,Malayalam,regional_name,SRC-IFCT2017,G017
GF-ING-00265,Tilhou,Manipuri,regional_name,SRC-IFCT2017,G017
GF-ING-00265,Kanda,Marathi,regional_name,SRC-IFCT2017,G017
GF-ING-00265,Pyaj,Nepali,regional_name,SRC-IFCT2017,G017
GF-ING-00265,Piaja,Odia,regional_name,SRC-IFCT2017,G017
GF-ING-00265,Gandhe,Punjabi,regional_name,SRC-IFCT2017,G017
GF-ING-00265,Palaanduh,Sanskrit,regional_name,SRC-IFCT2017,G017
GF-ING-00265,Vengayam,Tamil,regional_name,SRC-IFCT2017,G017
GF-ING-00265,Neerulli/Ullipaya,Telugu,regional_name,SRC-IFCT2017,G017
GF-ING-00265,Pyaaz.,Urdu,regional_name,SRC-IFCT2017,G017
GF-ING-00266,"Onion, small",English,source_name,SRC-IFCT2017,G018
GF-ING-00266,Xoru Piyanj,Assamese,regional_name,SRC-IFCT2017,G018
GF-ING-00266,Gundhun,Bengali,regional_name,SRC-IFCT2017,G018
GF-ING-00266,"Bulb onion, Common onion",English,regional_name,SRC-IFCT2017,G018
GF-ING-00266,Dungri (nani),Gujarati,regional_name,SRC-IFCT2017,G018
GF-ING-00266,Pyaaz Kali,Hindi,regional_name,SRC-IFCT2017,G018
GF-ING-00266,Chikk Eerulli,Kannada,regional_name,SRC-IFCT2017,G018
GF-ING-00266,Praan,Kashmiri,regional_name,SRC-IFCT2017,G018
GF-ING-00266,Piat rit,Khasi,regional_name,SRC-IFCT2017,G018
GF-ING-00266,Cheriya Ulli,Malayalam,regional_name,SRC-IFCT2017,G018
GF-ING-00266,Tilhou,Manipuri,regional_name,SRC-IFCT2017,G018
GF-ING-00266,Kanda,Marathi,regional_name,SRC-IFCT2017,G018
GF-ING-00266,Chayapi,Nepali,regional_name,SRC-IFCT2017,G018
GF-ING-00266,Gandhe,Punjabi,regional_name,SRC-IFCT2017,G018
GF-ING-00266,Chinna vengayam,Tamil,regional_name,SRC-IFCT2017,G018
GF-ING-00266,Chinna ullipaya,Telugu,regional_name,SRC-IFCT2017,G018
GF-ING-00266,Pyaaz.,Urdu,regional_name,SRC-IFCT2017,G018
GF-ING-00267,Asafoetida,English,source_name,SRC-IFCT2017,G019
GF-ING-00267,Hing,Assamese,regional_name,SRC-IFCT2017,G019
GF-ING-00267,Hing,Bengali,regional_name,SRC-IFCT2017,G019
GF-ING-00267,"Food of the Gods, Jowani Badian, Hengu, Ingu, Kayam, Ting",English,regional_name,SRC-IFCT2017,G019
GF-ING-00267,Hing,Gujarati,regional_name,SRC-IFCT2017,G019
GF-ING-00267,Hing,Hindi,regional_name,SRC-IFCT2017,G019
GF-ING-00267,Hingu,Kannada,regional_name,SRC-IFCT2017,G019
GF-ING-00267,Yangu,Kashmiri,regional_name,SRC-IFCT2017,G019
GF-ING-00267,U hing,Khasi,regional_name,SRC-IFCT2017,G019
GF-ING-00267,Perungayam,Malayalam,regional_name,SRC-IFCT2017,G019
GF-ING-00267,Hing,Manipuri,regional_name,SRC-IFCT2017,G019
GF-ING-00267,Hing,Marathi,regional_name,SRC-IFCT2017,G019
GF-ING-00267,Hing,Nepali,regional_name,SRC-IFCT2017,G019
GF-ING-00267,Hingu,Odia,regional_name,SRC-IFCT2017,G019
GF-ING-00267,Hing,Punjabi,regional_name,SRC-IFCT2017,G019
GF-ING-00267,Badhika,Sanskrit,regional_name,SRC-IFCT2017,G019
GF-ING-00267,Perugayam,Tamil,regional_name,SRC-IFCT2017,G019
GF-ING-00267,Inguva,Telugu,regional_name,SRC-IFCT2017,G019
GF-ING-00267,Hing.,Urdu,regional_name,SRC-IFCT2017,G019
GF-ING-00268,"Cardamom, green",English,source_name,SRC-IFCT2017,G020
GF-ING-00268,Ilasi,Assamese,regional_name,SRC-IFCT2017,G020
GF-ING-00268,Elach,Bengali,regional_name,SRC-IFCT2017,G020
GF-ING-00268,True cardamom,English,regional_name,SRC-IFCT2017,G020
GF-ING-00268,Alechi,Gujarati,regional_name,SRC-IFCT2017,G020
GF-ING-00268,Elaychi,Hindi,regional_name,SRC-IFCT2017,G020
GF-ING-00268,Yelakki,Kannada,regional_name,SRC-IFCT2017,G020
GF-ING-00268,Aa’l budu’a aa’ l,Kashmiri,regional_name,SRC-IFCT2017,G020
GF-ING-00268,Elaishi,Khasi,regional_name,SRC-IFCT2017,G020
GF-ING-00268,Elakkai,Malayalam,regional_name,SRC-IFCT2017,G020
GF-ING-00268,Elaichi,Manipuri,regional_name,SRC-IFCT2017,G020
GF-ING-00268,Veldoda,Marathi,regional_name,SRC-IFCT2017,G020
GF-ING-00268,Alaichi,Nepali,regional_name,SRC-IFCT2017,G020
GF-ING-00268,Alaichi,Odia,regional_name,SRC-IFCT2017,G020
GF-ING-00268,Shoti elaychi,Punjabi,regional_name,SRC-IFCT2017,G020
GF-ING-00268,Ela,Sanskrit,regional_name,SRC-IFCT2017,G020
GF-ING-00268,Elakkai,Tamil,regional_name,SRC-IFCT2017,G020
GF-ING-00268,Elakkai,Telugu,regional_name,SRC-IFCT2017,G020
GF-ING-00268,Elaichi.,Urdu,regional_name,SRC-IFCT2017,G020
GF-ING-00269,"Cardamom, black",English,source_name,SRC-IFCT2017,G021
GF-ING-00269,Boro elach,Bengali,regional_name,SRC-IFCT2017,G021
GF-ING-00269,"Hill cardamom, Bengal cardamom, Greater cardamom, Indian cardamom, Nepal cardamom, Winged cardamom, Brown cardamom",English,regional_name,SRC-IFCT2017,G021
GF-ING-00269,Moti alechi,Gujarati,regional_name,SRC-IFCT2017,G021
GF-ING-00269,Ilasi,Assamese,regional_name,SRC-IFCT2017,G021
GF-ING-00269,Badi elaychi,Hindi,regional_name,SRC-IFCT2017,G021
GF-ING-00269,Yelakki,Kannada,regional_name,SRC-IFCT2017,G021
GF-ING-00269,Aa’l budu’a aa’ l,Kashmiri,regional_name,SRC-IFCT2017,G021
GF-ING-00269,Elaichi,Khasi,regional_name,SRC-IFCT2017,G021
GF-ING-00269,Elathari,Malayalam,regional_name,SRC-IFCT2017,G021
GF-ING-00269,Elaichi,Manipuri,regional_name,SRC-IFCT2017,G021
GF-ING-00269,Veldoda,Marathi,regional_name,SRC-IFCT2017,G021
GF-ING-00269,Alaichi,Nepali,regional_name,SRC-IFCT2017,G021
GF-ING-00269,Alaichi,Odia,regional_name,SRC-IFCT2017,G021
GF-ING-00269,Baddi elaychi,Punjabi,regional_name,SRC-IFCT2017,G021
GF-ING-00269,Ela,Sanskrit,regional_name,SRC-IFCT2017,G021
GF-ING-00269,Elakkai,Tamil,regional_name,SRC-IFCT2017,G021
GF-ING-00269,Elakkai,Telugu,regional_name,SRC-IFCT2017,G021
GF-ING-00269,Elaichi.,Urdu,regional_name,SRC-IFCT2017,G021
GF-ING-00270,"Chillies, red",English,source_name,SRC-IFCT2017,G022
GF-ING-00270,Sukan jolokia,Assamese,regional_name,SRC-IFCT2017,G022
GF-ING-00270,Shuckhuo Lonka,Bengali,regional_name,SRC-IFCT2017,G022
GF-ING-00270,Red chilli pepper,English,regional_name,SRC-IFCT2017,G022
GF-ING-00270,Lal marcha (sukha),Gujarati,regional_name,SRC-IFCT2017,G022
GF-ING-00270,Mirchi,Hindi,regional_name,SRC-IFCT2017,G022
GF-ING-00270,Ona Menasinakayi,Kannada,regional_name,SRC-IFCT2017,G022
GF-ING-00270,Sohmynken trykhong,Khasi,regional_name,SRC-IFCT2017,G022
GF-ING-00270,Mulaku,Malayalam,regional_name,SRC-IFCT2017,G022
GF-ING-00270,Morok Akangba,Manipuri,regional_name,SRC-IFCT2017,G022
GF-ING-00270,Mulaku,Marathi,regional_name,SRC-IFCT2017,G022
GF-ING-00270,Rato Khursani,Nepali,regional_name,SRC-IFCT2017,G022
GF-ING-00270,Lanka,Odia,regional_name,SRC-IFCT2017,G022
GF-ING-00270,Lal mircha,Punjabi,regional_name,SRC-IFCT2017,G022
GF-ING-00270,Varamilagai,Tamil,regional_name,SRC-IFCT2017,G022
GF-ING-00270,Mirapakaya,Telugu,regional_name,SRC-IFCT2017,G022
GF-ING-00270,Lal mirchi.,Urdu,regional_name,SRC-IFCT2017,G022
GF-ING-00271,Cloves,English,source_name,SRC-IFCT2017,G023
GF-ING-00271,Long,Assamese,regional_name,SRC-IFCT2017,G023
GF-ING-00271,Lobong,Bengali,regional_name,SRC-IFCT2017,G023
GF-ING-00271,Lavang,Gujarati,regional_name,SRC-IFCT2017,G023
GF-ING-00271,Lavang,Hindi,regional_name,SRC-IFCT2017,G023
GF-ING-00271,Lavanga,Kannada,regional_name,SRC-IFCT2017,G023
GF-ING-00271,Ruang,Kashmiri,regional_name,SRC-IFCT2017,G023
GF-ING-00271,U long,Khasi,regional_name,SRC-IFCT2017,G023
GF-ING-00271,Krambu,Malayalam,regional_name,SRC-IFCT2017,G023
GF-ING-00271,Long,Manipuri,regional_name,SRC-IFCT2017,G023
GF-ING-00271,Lavang,Marathi,regional_name,SRC-IFCT2017,G023
GF-ING-00271,Luwang,Nepali,regional_name,SRC-IFCT2017,G023
GF-ING-00271,Labang,Odia,regional_name,SRC-IFCT2017,G023
GF-ING-00271,Long,Punjabi,regional_name,SRC-IFCT2017,G023
GF-ING-00271,Lavanga,Sanskrit,regional_name,SRC-IFCT2017,G023
GF-ING-00271,Krambu,Tamil,regional_name,SRC-IFCT2017,G023
GF-ING-00271,Lavangu,Telugu,regional_name,SRC-IFCT2017,G023
GF-ING-00271,Long.,Urdu,regional_name,SRC-IFCT2017,G023
GF-ING-00272,Coriander seeds,English,source_name,SRC-IFCT2017,G024
GF-ING-00272,Dhoniya,Assamese,regional_name,SRC-IFCT2017,G024
GF-ING-00272,Dhone,Bengali,regional_name,SRC-IFCT2017,G024
GF-ING-00272,"Cilantro seeds, Chinese parsley seeds",English,regional_name,SRC-IFCT2017,G024
GF-ING-00272,Sukha dhana,Gujarati,regional_name,SRC-IFCT2017,G024
GF-ING-00272,Dhania,Hindi,regional_name,SRC-IFCT2017,G024
GF-ING-00272,Kothambari,Kannada,regional_name,SRC-IFCT2017,G024
GF-ING-00272,Daaniwal,Kashmiri,regional_name,SRC-IFCT2017,G024
GF-ING-00272,Symbai dhania,Khasi,regional_name,SRC-IFCT2017,G024
GF-ING-00272,Kothambalari,Malayalam,regional_name,SRC-IFCT2017,G024
GF-ING-00272,Fadhighom Maru,Manipuri,regional_name,SRC-IFCT2017,G024
GF-ING-00272,Dhane,Marathi,regional_name,SRC-IFCT2017,G024
GF-ING-00272,Dhania,Nepali,regional_name,SRC-IFCT2017,G024
GF-ING-00272,Dhania,Odia,regional_name,SRC-IFCT2017,G024
GF-ING-00272,Dhania,Punjabi,regional_name,SRC-IFCT2017,G024
GF-ING-00272,Dhanyaka,Sanskrit,regional_name,SRC-IFCT2017,G024
GF-ING-00272,Kothamalli vidhai,Tamil,regional_name,SRC-IFCT2017,G024
GF-ING-00272,Dhaniyalu,Telugu,regional_name,SRC-IFCT2017,G024
GF-ING-00272,Dhaniya.,Urdu,regional_name,SRC-IFCT2017,G024
GF-ING-00273,Cumin seeds,English,source_name,SRC-IFCT2017,G025
GF-ING-00273,Jeera,Assamese,regional_name,SRC-IFCT2017,G025
GF-ING-00273,Jire,Bengali,regional_name,SRC-IFCT2017,G025
GF-ING-00273,Jiru,Gujarati,regional_name,SRC-IFCT2017,G025
GF-ING-00273,Jira,Hindi,regional_name,SRC-IFCT2017,G025
GF-ING-00273,Jeerage,Kannada,regional_name,SRC-IFCT2017,G025
GF-ING-00273,Zyur,Kashmiri,regional_name,SRC-IFCT2017,G025
GF-ING-00273,U jeera,Khasi,regional_name,SRC-IFCT2017,G025
GF-ING-00273,Jeerakam,Malayalam,regional_name,SRC-IFCT2017,G025
GF-ING-00273,Jeera,Manipuri,regional_name,SRC-IFCT2017,G025
GF-ING-00273,Jira,Marathi,regional_name,SRC-IFCT2017,G025
GF-ING-00273,Jeera,Nepali,regional_name,SRC-IFCT2017,G025
GF-ING-00273,Jira,Odia,regional_name,SRC-IFCT2017,G025
GF-ING-00273,Jira,Punjabi,regional_name,SRC-IFCT2017,G025
GF-ING-00273,Jiraka,Sanskrit,regional_name,SRC-IFCT2017,G025
GF-ING-00273,Jeerakam,Tamil,regional_name,SRC-IFCT2017,G025
GF-ING-00273,Jeelakarra,Telugu,regional_name,SRC-IFCT2017,G025
GF-ING-00273,Jira.,Urdu,regional_name,SRC-IFCT2017,G025
GF-ING-00274,Fenugreek seeds,English,source_name,SRC-IFCT2017,G026
GF-ING-00274,Methi,Assamese,regional_name,SRC-IFCT2017,G026
GF-ING-00274,Methi,Bengali,regional_name,SRC-IFCT2017,G026
GF-ING-00274,Methi dana,Gujarati,regional_name,SRC-IFCT2017,G026
GF-ING-00274,Methi,Hindi,regional_name,SRC-IFCT2017,G026
GF-ING-00274,Menthe,Kannada,regional_name,SRC-IFCT2017,G026
GF-ING-00274,Meeth,Kashmiri,regional_name,SRC-IFCT2017,G026
GF-ING-00274,Symbai methi,Khasi,regional_name,SRC-IFCT2017,G026
GF-ING-00274,Uluva,Malayalam,regional_name,SRC-IFCT2017,G026
GF-ING-00274,Methi,Manipuri,regional_name,SRC-IFCT2017,G026
GF-ING-00274,Methi,Marathi,regional_name,SRC-IFCT2017,G026
GF-ING-00274,Methi,Nepali,regional_name,SRC-IFCT2017,G026
GF-ING-00274,Methi,Odia,regional_name,SRC-IFCT2017,G026
GF-ING-00274,Methi,Punjabi,regional_name,SRC-IFCT2017,G026
GF-ING-00274,Methe,Sanskrit,regional_name,SRC-IFCT2017,G026
GF-ING-00274,Venthayam,Tamil,regional_name,SRC-IFCT2017,G026
GF-ING-00274,Menthulu,Telugu,regional_name,SRC-IFCT2017,G026
GF-ING-00274,Methi.,Urdu,regional_name,SRC-IFCT2017,G026
GF-ING-00275,Mace,English,source_name,SRC-IFCT2017,G027
GF-ING-00275,Jayitri,Bengali,regional_name,SRC-IFCT2017,G027
GF-ING-00275,Nutmeg,English,regional_name,SRC-IFCT2017,G027
GF-ING-00275,Javantri,Gujarati,regional_name,SRC-IFCT2017,G027
GF-ING-00275,Avithri,Hindi,regional_name,SRC-IFCT2017,G027
GF-ING-00275,Jalwatur,Kannada,regional_name,SRC-IFCT2017,G027
GF-ING-00275,Jalwatur,Kashmiri,regional_name,SRC-IFCT2017,G027
GF-ING-00275,Jathipatri,Malayalam,regional_name,SRC-IFCT2017,G027
GF-ING-00275,Jaypatri,Marathi,regional_name,SRC-IFCT2017,G027
GF-ING-00275,Jayitri,Odia,regional_name,SRC-IFCT2017,G027
GF-ING-00275,Jaipatri,Punjabi,regional_name,SRC-IFCT2017,G027
GF-ING-00275,Jathipatri,Tamil,regional_name,SRC-IFCT2017,G027
GF-ING-00275,Japathri,Telugu,regional_name,SRC-IFCT2017,G027
GF-ING-00275,Javantri.,Urdu,regional_name,SRC-IFCT2017,G027
GF-ING-00276,Nutmeg,English,source_name,SRC-IFCT2017,G028
GF-ING-00276,Jaiphal,Assamese,regional_name,SRC-IFCT2017,G028
GF-ING-00276,Jayphal,Bengali,regional_name,SRC-IFCT2017,G028
GF-ING-00276,"Fragrant nutmeg, True nutmeg",English,regional_name,SRC-IFCT2017,G028
GF-ING-00276,Jayaphad,Gujarati,regional_name,SRC-IFCT2017,G028
GF-ING-00276,Jaiphal,Hindi,regional_name,SRC-IFCT2017,G028
GF-ING-00276,Jayikayi mara,Kannada,regional_name,SRC-IFCT2017,G028
GF-ING-00276,Zaaphal,Kashmiri,regional_name,SRC-IFCT2017,G028
GF-ING-00276,Jathikai,Malayalam,regional_name,SRC-IFCT2017,G028
GF-ING-00276,Jayaphala,Marathi,regional_name,SRC-IFCT2017,G028
GF-ING-00276,Jaiphal,Nepali,regional_name,SRC-IFCT2017,G028
GF-ING-00276,Jaiphal,Odia,regional_name,SRC-IFCT2017,G028
GF-ING-00276,Jaiphal,Punjabi,regional_name,SRC-IFCT2017,G028
GF-ING-00276,Jatiphala,Sanskrit,regional_name,SRC-IFCT2017,G028
GF-ING-00276,Jathikai,Tamil,regional_name,SRC-IFCT2017,G028
GF-ING-00276,Jajikaya,Telugu,regional_name,SRC-IFCT2017,G028
GF-ING-00276,Jaifal.,Urdu,regional_name,SRC-IFCT2017,G028
GF-ING-00277,Omum,English,source_name,SRC-IFCT2017,G029
GF-ING-00277,Ajwain,Assamese,regional_name,SRC-IFCT2017,G029
GF-ING-00277,Joan,Bengali,regional_name,SRC-IFCT2017,G029
GF-ING-00277,"Ajwain, Ajowan, Ajowan caraway, Ajman, Bishop`s weed, Carom",English,regional_name,SRC-IFCT2017,G029
GF-ING-00277,Ajmo,Gujarati,regional_name,SRC-IFCT2017,G029
GF-ING-00277,Ajwan,Hindi,regional_name,SRC-IFCT2017,G029
GF-ING-00277,Oma,Kannada,regional_name,SRC-IFCT2017,G029
GF-ING-00277,Jawind,Kashmiri,regional_name,SRC-IFCT2017,G029
GF-ING-00277,Paspron,Khasi,regional_name,SRC-IFCT2017,G029
GF-ING-00277,Ayamothakam,Malayalam,regional_name,SRC-IFCT2017,G029
GF-ING-00277,Onva,Marathi,regional_name,SRC-IFCT2017,G029
GF-ING-00277,Juani,Odia,regional_name,SRC-IFCT2017,G029
GF-ING-00277,Ajwain,Punjabi,regional_name,SRC-IFCT2017,G029
GF-ING-00277,Ajamoda,Sanskrit,regional_name,SRC-IFCT2017,G029
GF-ING-00277,Omum,Tamil,regional_name,SRC-IFCT2017,G029
GF-ING-00277,Vamu,Telugu,regional_name,SRC-IFCT2017,G029
GF-ING-00277,Ajwain.,Urdu,regional_name,SRC-IFCT2017,G029
GF-ING-00278,Pippali,English,source_name,SRC-IFCT2017,G030
GF-ING-00278,Pipul,Bengali,regional_name,SRC-IFCT2017,G030
GF-ING-00278,"Long pepper, Indian long pepper",English,regional_name,SRC-IFCT2017,G030
GF-ING-00278,Khus khus,Gujarati,regional_name,SRC-IFCT2017,G030
GF-ING-00278,Pipli,Hindi,regional_name,SRC-IFCT2017,G030
GF-ING-00278,Kandan Lippili,Kannada,regional_name,SRC-IFCT2017,G030
GF-ING-00278,Sohmarit khlaw,Khasi,regional_name,SRC-IFCT2017,G030
GF-ING-00278,Tippali,Malayalam,regional_name,SRC-IFCT2017,G030
GF-ING-00278,Pimpli,Marathi,regional_name,SRC-IFCT2017,G030
GF-ING-00278,Sarupippali,Odia,regional_name,SRC-IFCT2017,G030
GF-ING-00278,Javantri,Punjabi,regional_name,SRC-IFCT2017,G030
GF-ING-00278,Pippali,Sanskrit,regional_name,SRC-IFCT2017,G030
GF-ING-00278,Tippili,Tamil,regional_name,SRC-IFCT2017,G030
GF-ING-00278,Pippallu,Telugu,regional_name,SRC-IFCT2017,G030
GF-ING-00278,Pipul.,Urdu,regional_name,SRC-IFCT2017,G030
GF-ING-00279,"Pepper, black",English,source_name,SRC-IFCT2017,G031
GF-ING-00279,Kola jaluk,Assamese,regional_name,SRC-IFCT2017,G031
GF-ING-00279,Golmarichi,Bengali,regional_name,SRC-IFCT2017,G031
GF-ING-00279,Peppercorn,English,regional_name,SRC-IFCT2017,G031
GF-ING-00279,Mari,Gujarati,regional_name,SRC-IFCT2017,G031
GF-ING-00279,Kalimirchi,Hindi,regional_name,SRC-IFCT2017,G031
GF-ING-00279,Kari menasu,Kannada,regional_name,SRC-IFCT2017,G031
GF-ING-00279,Marutus,Kashmiri,regional_name,SRC-IFCT2017,G031
GF-ING-00279,Soh marit,Khasi,regional_name,SRC-IFCT2017,G031
GF-ING-00279,Kurumlaku,Malayalam,regional_name,SRC-IFCT2017,G031
GF-ING-00279,Mire,Marathi,regional_name,SRC-IFCT2017,G031
GF-ING-00279,Marich,Nepali,regional_name,SRC-IFCT2017,G031
GF-ING-00279,Golomarcho,Odia,regional_name,SRC-IFCT2017,G031
GF-ING-00279,Kalimirchi,Punjabi,regional_name,SRC-IFCT2017,G031
GF-ING-00279,"Marich ushna, hapusha",Sanskrit,regional_name,SRC-IFCT2017,G031
GF-ING-00279,Milagu,Tamil,regional_name,SRC-IFCT2017,G031
GF-ING-00279,Mirayalu,Telugu,regional_name,SRC-IFCT2017,G031
GF-ING-00279,Kaali Mirch.,Urdu,regional_name,SRC-IFCT2017,G031
GF-ING-00280,Poppy seeds,English,source_name,SRC-IFCT2017,G032
GF-ING-00280,Afoo guti,Assamese,regional_name,SRC-IFCT2017,G032
GF-ING-00280,Posta,Bengali,regional_name,SRC-IFCT2017,G032
GF-ING-00280,Aphina,Gujarati,regional_name,SRC-IFCT2017,G032
GF-ING-00280,Postdana,Hindi,regional_name,SRC-IFCT2017,G032
GF-ING-00280,Afim,Kannada,regional_name,SRC-IFCT2017,G032
GF-ING-00280,Khaskhash,Kashmiri,regional_name,SRC-IFCT2017,G032
GF-ING-00280,Afiam,Malayalam,regional_name,SRC-IFCT2017,G032
GF-ING-00280,Khaskhas,Marathi,regional_name,SRC-IFCT2017,G032
GF-ING-00280,Khus Khus,Nepali,regional_name,SRC-IFCT2017,G032
GF-ING-00280,Postak,Odia,regional_name,SRC-IFCT2017,G032
GF-ING-00280,Khas Khas,Punjabi,regional_name,SRC-IFCT2017,G032
GF-ING-00280,Khasa,Sanskrit,regional_name,SRC-IFCT2017,G032
GF-ING-00280,Khasakhasa,Tamil,regional_name,SRC-IFCT2017,G032
GF-ING-00280,Gasagasalu,Telugu,regional_name,SRC-IFCT2017,G032
GF-ING-00280,Khash Khash.,Urdu,regional_name,SRC-IFCT2017,G032
GF-ING-00281,Turmeric powder,English,source_name,SRC-IFCT2017,G033
GF-ING-00281,Halodhi,Assamese,regional_name,SRC-IFCT2017,G033
GF-ING-00281,Holud,Bengali,regional_name,SRC-IFCT2017,G033
GF-ING-00281,Haddar,Gujarati,regional_name,SRC-IFCT2017,G033
GF-ING-00281,Haldi,Hindi,regional_name,SRC-IFCT2017,G033
GF-ING-00281,Anashina,Kannada,regional_name,SRC-IFCT2017,G033
GF-ING-00281,Lader,Kashmiri,regional_name,SRC-IFCT2017,G033
GF-ING-00281,Shynrai,Khasi,regional_name,SRC-IFCT2017,G033
GF-ING-00281,Manjal,Malayalam,regional_name,SRC-IFCT2017,G033
GF-ING-00281,Yaingang,Manipuri,regional_name,SRC-IFCT2017,G033
GF-ING-00281,Halad,Marathi,regional_name,SRC-IFCT2017,G033
GF-ING-00281,Besar,Nepali,regional_name,SRC-IFCT2017,G033
GF-ING-00281,Haladi,Odia,regional_name,SRC-IFCT2017,G033
GF-ING-00281,Haldi,Punjabi,regional_name,SRC-IFCT2017,G033
GF-ING-00281,Haladi,Sanskrit,regional_name,SRC-IFCT2017,G033
GF-ING-00281,Manjal,Tamil,regional_name,SRC-IFCT2017,G033
GF-ING-00281,Pasupu,Telugu,regional_name,SRC-IFCT2017,G033
GF-ING-00281,Haldi.,Urdu,regional_name,SRC-IFCT2017,G033
GF-ING-00282,Almond,English,source_name,SRC-IFCT2017,H001
GF-ING-00282,China badam,Assamese,regional_name,SRC-IFCT2017,H001
GF-ING-00282,Badam,Bengali,regional_name,SRC-IFCT2017,H001
GF-ING-00282,Badam,Gujarati,regional_name,SRC-IFCT2017,H001
GF-ING-00282,Badam,Hindi,regional_name,SRC-IFCT2017,H001
GF-ING-00282,Badam,Kannada,regional_name,SRC-IFCT2017,H001
GF-ING-00282,Badam,Kashmiri,regional_name,SRC-IFCT2017,H001
GF-ING-00282,Almon,Khasi,regional_name,SRC-IFCT2017,H001
GF-ING-00282,Vatam kottai,Malayalam,regional_name,SRC-IFCT2017,H001
GF-ING-00282,Badam,Manipuri,regional_name,SRC-IFCT2017,H001
GF-ING-00282,Badam,Marathi,regional_name,SRC-IFCT2017,H001
GF-ING-00282,Kagji Badam,Nepali,regional_name,SRC-IFCT2017,H001
GF-ING-00282,Badam,Odia,regional_name,SRC-IFCT2017,H001
GF-ING-00282,Badam,Punjabi,regional_name,SRC-IFCT2017,H001
GF-ING-00282,Badam paruppu,Tamil,regional_name,SRC-IFCT2017,H001
GF-ING-00282,Badam Pappu,Telugu,regional_name,SRC-IFCT2017,H001
GF-ING-00282,Badam.,Urdu,regional_name,SRC-IFCT2017,H001
GF-ING-00283,"Arecanut, dried, brown",English,source_name,SRC-IFCT2017,H002
GF-ING-00283,Sufari,Assamese,regional_name,SRC-IFCT2017,H002
GF-ING-00283,Supari,Bengali,regional_name,SRC-IFCT2017,H002
GF-ING-00283,"Areca nut, Betel nut",English,regional_name,SRC-IFCT2017,H002
GF-ING-00283,Sopari,Gujarati,regional_name,SRC-IFCT2017,H002
GF-ING-00283,Supari,Hindi,regional_name,SRC-IFCT2017,H002
GF-ING-00283,Adike,Kannada,regional_name,SRC-IFCT2017,H002
GF-ING-00283,Supari,Kashmiri,regional_name,SRC-IFCT2017,H002
GF-ING-00283,Kwai tyrkhong,Khasi,regional_name,SRC-IFCT2017,H002
GF-ING-00283,Adakka,Malayalam,regional_name,SRC-IFCT2017,H002
GF-ING-00283,Kwa Maru,Manipuri,regional_name,SRC-IFCT2017,H002
GF-ING-00283,Supari,Marathi,regional_name,SRC-IFCT2017,H002
GF-ING-00283,Supari,Nepali,regional_name,SRC-IFCT2017,H002
GF-ING-00283,Gua,Odia,regional_name,SRC-IFCT2017,H002
GF-ING-00283,Supari,Punjabi,regional_name,SRC-IFCT2017,H002
GF-ING-00283,Puuga,Sanskrit,regional_name,SRC-IFCT2017,H002
GF-ING-00283,Kottai paakku,Tamil,regional_name,SRC-IFCT2017,H002
GF-ING-00283,Vakka,Telugu,regional_name,SRC-IFCT2017,H002
GF-ING-00283,Supari.,Urdu,regional_name,SRC-IFCT2017,H002
GF-ING-00284,"Arecanut, dried, red color",English,source_name,SRC-IFCT2017,H003
GF-ING-00284,Sufari,Assamese,regional_name,SRC-IFCT2017,H003
GF-ING-00284,Supari,Bengali,regional_name,SRC-IFCT2017,H003
GF-ING-00284,"Areca nut, Betel nut",English,regional_name,SRC-IFCT2017,H003
GF-ING-00284,Sopari,Gujarati,regional_name,SRC-IFCT2017,H003
GF-ING-00284,Supari,Hindi,regional_name,SRC-IFCT2017,H003
GF-ING-00284,Adike,Kannada,regional_name,SRC-IFCT2017,H003
GF-ING-00284,Supaari,Kashmiri,regional_name,SRC-IFCT2017,H003
GF-ING-00284,Kwai supari,Khasi,regional_name,SRC-IFCT2017,H003
GF-ING-00284,Adakka,Malayalam,regional_name,SRC-IFCT2017,H003
GF-ING-00284,Kwa Maru,Manipuri,regional_name,SRC-IFCT2017,H003
GF-ING-00284,Supari,Marathi,regional_name,SRC-IFCT2017,H003
GF-ING-00284,Supari,Nepali,regional_name,SRC-IFCT2017,H003
GF-ING-00284,Gua,Odia,regional_name,SRC-IFCT2017,H003
GF-ING-00284,Supari,Punjabi,regional_name,SRC-IFCT2017,H003
GF-ING-00284,Puuga,Sanskrit,regional_name,SRC-IFCT2017,H003
GF-ING-00284,Paakku,Tamil,regional_name,SRC-IFCT2017,H003
GF-ING-00284,Vakka,Telugu,regional_name,SRC-IFCT2017,H003
GF-ING-00284,Supari.,Urdu,regional_name,SRC-IFCT2017,H003
GF-ING-00285,"Arecanut, fresh",English,source_name,SRC-IFCT2017,H004
GF-ING-00285,Kesa tamul,Assamese,regional_name,SRC-IFCT2017,H004
GF-ING-00285,Supari,Bengali,regional_name,SRC-IFCT2017,H004
GF-ING-00285,"Areca nut, Betel nut",English,regional_name,SRC-IFCT2017,H004
GF-ING-00285,Sopari,Gujarati,regional_name,SRC-IFCT2017,H004
GF-ING-00285,Supari,Hindi,regional_name,SRC-IFCT2017,H004
GF-ING-00285,Adike,Kannada,regional_name,SRC-IFCT2017,H004
GF-ING-00285,Supaari,Kashmiri,regional_name,SRC-IFCT2017,H004
GF-ING-00285,Kwai im,Khasi,regional_name,SRC-IFCT2017,H004
GF-ING-00285,Adakka,Malayalam,regional_name,SRC-IFCT2017,H004
GF-ING-00285,Kwa Maru,Manipuri,regional_name,SRC-IFCT2017,H004
GF-ING-00285,Supari,Marathi,regional_name,SRC-IFCT2017,H004
GF-ING-00285,Supari,Nepali,regional_name,SRC-IFCT2017,H004
GF-ING-00285,Gua,Odia,regional_name,SRC-IFCT2017,H004
GF-ING-00285,Supari,Punjabi,regional_name,SRC-IFCT2017,H004
GF-ING-00285,Puuga,Sanskrit,regional_name,SRC-IFCT2017,H004
GF-ING-00285,Paakku,Tamil,regional_name,SRC-IFCT2017,H004
GF-ING-00285,Vakka,Telugu,regional_name,SRC-IFCT2017,H004
GF-ING-00285,Supari.,Urdu,regional_name,SRC-IFCT2017,H004
GF-ING-00286,Cashew nut,English,source_name,SRC-IFCT2017,H005
GF-ING-00286,Kaju badam,Assamese,regional_name,SRC-IFCT2017,H005
GF-ING-00286,Hijli Badam,Bengali,regional_name,SRC-IFCT2017,H005
GF-ING-00286,Kaju,Gujarati,regional_name,SRC-IFCT2017,H005
GF-ING-00286,Kaju,Hindi,regional_name,SRC-IFCT2017,H005
GF-ING-00286,Geru beeja,Kannada,regional_name,SRC-IFCT2017,H005
GF-ING-00286,Kaju,Kashmiri,regional_name,SRC-IFCT2017,H005
GF-ING-00286,Soh kashu,Khasi,regional_name,SRC-IFCT2017,H005
GF-ING-00286,Kasu andi,Malayalam,regional_name,SRC-IFCT2017,H005
GF-ING-00286,Kaju,Manipuri,regional_name,SRC-IFCT2017,H005
GF-ING-00286,Kaju,Marathi,regional_name,SRC-IFCT2017,H005
GF-ING-00286,Kaju,Nepali,regional_name,SRC-IFCT2017,H005
GF-ING-00286,Lanka ambu,Odia,regional_name,SRC-IFCT2017,H005
GF-ING-00286,Kaju,Punjabi,regional_name,SRC-IFCT2017,H005
GF-ING-00286,Mundiri paruppu,Tamil,regional_name,SRC-IFCT2017,H005
GF-ING-00286,Jeedi pappu,Telugu,regional_name,SRC-IFCT2017,H005
GF-ING-00286,Kaju.,Urdu,regional_name,SRC-IFCT2017,H005
GF-ING-00287,"Coconut, kernel, dry",English,source_name,SRC-IFCT2017,H006
GF-ING-00287,Dab narikol,Assamese,regional_name,SRC-IFCT2017,H006
GF-ING-00287,Narkel,Bengali,regional_name,SRC-IFCT2017,H006
GF-ING-00287,Kopra ni kachli,Gujarati,regional_name,SRC-IFCT2017,H006
GF-ING-00287,Nariyal,Hindi,regional_name,SRC-IFCT2017,H006
GF-ING-00287,Thengini kai,Kannada,regional_name,SRC-IFCT2017,H006
GF-ING-00287,Narjil,Kashmiri,regional_name,SRC-IFCT2017,H006
GF-ING-00287,Snep kor trykhong,Khasi,regional_name,SRC-IFCT2017,H006
GF-ING-00287,Thenga,Malayalam,regional_name,SRC-IFCT2017,H006
GF-ING-00287,Yubi Akangba,Manipuri,regional_name,SRC-IFCT2017,H006
GF-ING-00287,Narel,Marathi,regional_name,SRC-IFCT2017,H006
GF-ING-00287,Nadia,Odia,regional_name,SRC-IFCT2017,H006
GF-ING-00287,Gola,Punjabi,regional_name,SRC-IFCT2017,H006
GF-ING-00287,Kopparai,Tamil,regional_name,SRC-IFCT2017,H006
GF-ING-00287,Endu Kobbari,Telugu,regional_name,SRC-IFCT2017,H006
GF-ING-00287,Khopra.,Urdu,regional_name,SRC-IFCT2017,H006
GF-ING-00288,"Coconut, kernel, fresh",English,source_name,SRC-IFCT2017,H007
GF-ING-00288,Narikol,Assamese,regional_name,SRC-IFCT2017,H007
GF-ING-00288,Narkel,Bengali,regional_name,SRC-IFCT2017,H007
GF-ING-00288,Nariyad,Gujarati,regional_name,SRC-IFCT2017,H007
GF-ING-00288,Nariyal,Hindi,regional_name,SRC-IFCT2017,H007
GF-ING-00288,Thengina kayi,Kannada,regional_name,SRC-IFCT2017,H007
GF-ING-00288,Narjeel,Kashmiri,regional_name,SRC-IFCT2017,H007
GF-ING-00288,Snep kor im,Khasi,regional_name,SRC-IFCT2017,H007
GF-ING-00288,Karikku,Malayalam,regional_name,SRC-IFCT2017,H007
GF-ING-00288,Yubi,Manipuri,regional_name,SRC-IFCT2017,H007
GF-ING-00288,Narel,Marathi,regional_name,SRC-IFCT2017,H007
GF-ING-00288,Naribel,Nepali,regional_name,SRC-IFCT2017,H007
GF-ING-00288,Paida,Odia,regional_name,SRC-IFCT2017,H007
GF-ING-00288,Nariyal,Punjabi,regional_name,SRC-IFCT2017,H007
GF-ING-00288,Naarikela,Sanskrit,regional_name,SRC-IFCT2017,H007
GF-ING-00288,Thenkai,Tamil,regional_name,SRC-IFCT2017,H007
GF-ING-00288,Kobbari,Telugu,regional_name,SRC-IFCT2017,H007
GF-ING-00288,Nariyel.,Urdu,regional_name,SRC-IFCT2017,H007
GF-ING-00289,"Garden cress, seeds",English,source_name,SRC-IFCT2017,H008
GF-ING-00289,Soru manimunni,Assamese,regional_name,SRC-IFCT2017,H008
GF-ING-00289,Halim,Bengali,regional_name,SRC-IFCT2017,H008
GF-ING-00289,Asadiyo,Gujarati,regional_name,SRC-IFCT2017,H008
GF-ING-00289,Halim,Hindi,regional_name,SRC-IFCT2017,H008
GF-ING-00289,Allibija,Kannada,regional_name,SRC-IFCT2017,H008
GF-ING-00289,Alivirai,Malayalam,regional_name,SRC-IFCT2017,H008
GF-ING-00289,Ahiva,Marathi,regional_name,SRC-IFCT2017,H008
GF-ING-00289,Halim,Punjabi,regional_name,SRC-IFCT2017,H008
GF-ING-00289,Alivirai,Tamil,regional_name,SRC-IFCT2017,H008
GF-ING-00289,Adityala.,Telugu,regional_name,SRC-IFCT2017,H008
GF-ING-00290,"Gingelly seeds, black",English,source_name,SRC-IFCT2017,H009
GF-ING-00290,Kola til,Assamese,regional_name,SRC-IFCT2017,H009
GF-ING-00290,Til,Bengali,regional_name,SRC-IFCT2017,H009
GF-ING-00290,Sesame seeds,English,regional_name,SRC-IFCT2017,H009
GF-ING-00290,Kada tal,Gujarati,regional_name,SRC-IFCT2017,H009
GF-ING-00290,Til,Hindi,regional_name,SRC-IFCT2017,H009
GF-ING-00290,Acchellu,Kannada,regional_name,SRC-IFCT2017,H009
GF-ING-00290,Til,Kashmiri,regional_name,SRC-IFCT2017,H009
GF-ING-00290,Nei iong,Khasi,regional_name,SRC-IFCT2017,H009
GF-ING-00290,Ellu,Malayalam,regional_name,SRC-IFCT2017,H009
GF-ING-00290,Thoiding Amuba,Manipuri,regional_name,SRC-IFCT2017,H009
GF-ING-00290,Til,Marathi,regional_name,SRC-IFCT2017,H009
GF-ING-00290,Teel,Nepali,regional_name,SRC-IFCT2017,H009
GF-ING-00290,Rasi,Odia,regional_name,SRC-IFCT2017,H009
GF-ING-00290,Til,Punjabi,regional_name,SRC-IFCT2017,H009
GF-ING-00290,Til,Sanskrit,regional_name,SRC-IFCT2017,H009
GF-ING-00290,Ellu,Tamil,regional_name,SRC-IFCT2017,H009
GF-ING-00290,Nuvvulu,Telugu,regional_name,SRC-IFCT2017,H009
GF-ING-00290,Til .,Urdu,regional_name,SRC-IFCT2017,H009
GF-ING-00291,"Gingelly seeds, brown",English,source_name,SRC-IFCT2017,H010
GF-ING-00291,Matia rangar til,Assamese,regional_name,SRC-IFCT2017,H010
GF-ING-00291,Til,Bengali,regional_name,SRC-IFCT2017,H010
GF-ING-00291,Sesame seeds,English,regional_name,SRC-IFCT2017,H010
GF-ING-00291,Tal,Gujarati,regional_name,SRC-IFCT2017,H010
GF-ING-00291,Til,Hindi,regional_name,SRC-IFCT2017,H010
GF-ING-00291,Acchellu,Kannada,regional_name,SRC-IFCT2017,H010
GF-ING-00291,Til,Kashmiri,regional_name,SRC-IFCT2017,H010
GF-ING-00291,Nei,Khasi,regional_name,SRC-IFCT2017,H010
GF-ING-00291,Ellu,Malayalam,regional_name,SRC-IFCT2017,H010
GF-ING-00291,Thoiding,Manipuri,regional_name,SRC-IFCT2017,H010
GF-ING-00291,Til,Marathi,regional_name,SRC-IFCT2017,H010
GF-ING-00291,Teel,Nepali,regional_name,SRC-IFCT2017,H010
GF-ING-00291,Rasi,Odia,regional_name,SRC-IFCT2017,H010
GF-ING-00291,Til,Punjabi,regional_name,SRC-IFCT2017,H010
GF-ING-00291,Til,Sanskrit,regional_name,SRC-IFCT2017,H010
GF-ING-00291,Ellu,Tamil,regional_name,SRC-IFCT2017,H010
GF-ING-00291,Nuvvulu,Telugu,regional_name,SRC-IFCT2017,H010
GF-ING-00291,Til.,Urdu,regional_name,SRC-IFCT2017,H010
GF-ING-00292,"Gingelly seeds, white",English,source_name,SRC-IFCT2017,H011
GF-ING-00292,Boga til,Assamese,regional_name,SRC-IFCT2017,H011
GF-ING-00292,Til,Bengali,regional_name,SRC-IFCT2017,H011
GF-ING-00292,Sesame seeds,English,regional_name,SRC-IFCT2017,H011
GF-ING-00292,Safed tal,Gujarati,regional_name,SRC-IFCT2017,H011
GF-ING-00292,Til,Hindi,regional_name,SRC-IFCT2017,H011
GF-ING-00292,Acchellu,Kannada,regional_name,SRC-IFCT2017,H011
GF-ING-00292,Til,Kashmiri,regional_name,SRC-IFCT2017,H011
GF-ING-00292,Nei,Khasi,regional_name,SRC-IFCT2017,H011
GF-ING-00292,Ellu,Malayalam,regional_name,SRC-IFCT2017,H011
GF-ING-00292,Thoiding Angouba,Manipuri,regional_name,SRC-IFCT2017,H011
GF-ING-00292,Til,Marathi,regional_name,SRC-IFCT2017,H011
GF-ING-00292,Teel,Nepali,regional_name,SRC-IFCT2017,H011
GF-ING-00292,Rasi,Odia,regional_name,SRC-IFCT2017,H011
GF-ING-00292,Til,Punjabi,regional_name,SRC-IFCT2017,H011
GF-ING-00292,Til,Sanskrit,regional_name,SRC-IFCT2017,H011
GF-ING-00292,Ellu,Tamil,regional_name,SRC-IFCT2017,H011
GF-ING-00292,Nuvvulu,Telugu,regional_name,SRC-IFCT2017,H011
GF-ING-00292,Til.,Urdu,regional_name,SRC-IFCT2017,H011
GF-ING-00293,Ground nut,English,source_name,SRC-IFCT2017,H012
GF-ING-00293,Badam,Assamese,regional_name,SRC-IFCT2017,H012
GF-ING-00293,China badam,Bengali,regional_name,SRC-IFCT2017,H012
GF-ING-00293,"Peanut, Groundnut, Goober",English,regional_name,SRC-IFCT2017,H012
GF-ING-00293,Singdana,Gujarati,regional_name,SRC-IFCT2017,H012
GF-ING-00293,Moog phali,Hindi,regional_name,SRC-IFCT2017,H012
GF-ING-00293,Kadale kayi,Kannada,regional_name,SRC-IFCT2017,H012
GF-ING-00293,Moong phalli,Kashmiri,regional_name,SRC-IFCT2017,H012
GF-ING-00293,Badam,Khasi,regional_name,SRC-IFCT2017,H012
GF-ING-00293,Nilakkadalai,Malayalam,regional_name,SRC-IFCT2017,H012
GF-ING-00293,Leibak Hawai,Manipuri,regional_name,SRC-IFCT2017,H012
GF-ING-00293,Bhui mug,Marathi,regional_name,SRC-IFCT2017,H012
GF-ING-00293,China badam,Odia,regional_name,SRC-IFCT2017,H012
GF-ING-00293,Moog phali,Punjabi,regional_name,SRC-IFCT2017,H012
GF-ING-00293,Verkadalai,Tamil,regional_name,SRC-IFCT2017,H012
GF-ING-00293,Verusenaga,Telugu,regional_name,SRC-IFCT2017,H012
GF-ING-00293,Moog phali.,Urdu,regional_name,SRC-IFCT2017,H012
GF-ING-00294,Mustard seeds,English,source_name,SRC-IFCT2017,H013
GF-ING-00294,Soriyah,Assamese,regional_name,SRC-IFCT2017,H013
GF-ING-00294,Sorse,Bengali,regional_name,SRC-IFCT2017,H013
GF-ING-00294,Rai,Gujarati,regional_name,SRC-IFCT2017,H013
GF-ING-00294,Rai,Hindi,regional_name,SRC-IFCT2017,H013
GF-ING-00294,Sasuve,Kannada,regional_name,SRC-IFCT2017,H013
GF-ING-00294,Assur,Kashmiri,regional_name,SRC-IFCT2017,H013
GF-ING-00294,Symbai syrso,Khasi,regional_name,SRC-IFCT2017,H013
GF-ING-00294,Kadugu,Malayalam,regional_name,SRC-IFCT2017,H013
GF-ING-00294,Hangham Maru,Manipuri,regional_name,SRC-IFCT2017,H013
GF-ING-00294,Mohori,Marathi,regional_name,SRC-IFCT2017,H013
GF-ING-00294,Rayo,Nepali,regional_name,SRC-IFCT2017,H013
GF-ING-00294,Sorisa,Odia,regional_name,SRC-IFCT2017,H013
GF-ING-00294,Rai,Punjabi,regional_name,SRC-IFCT2017,H013
GF-ING-00294,Sarssapa,Sanskrit,regional_name,SRC-IFCT2017,H013
GF-ING-00294,Kadugu,Tamil,regional_name,SRC-IFCT2017,H013
GF-ING-00294,Avalu,Telugu,regional_name,SRC-IFCT2017,H013
GF-ING-00294,Rai.,Urdu,regional_name,SRC-IFCT2017,H013
GF-ING-00295,Linseeds,English,source_name,SRC-IFCT2017,H014
GF-ING-00295,Tishi,Bengali,regional_name,SRC-IFCT2017,H014
GF-ING-00295,"Flax seeds, Common flax",English,regional_name,SRC-IFCT2017,H014
GF-ING-00295,Adsi,Gujarati,regional_name,SRC-IFCT2017,H014
GF-ING-00295,Alsi,Hindi,regional_name,SRC-IFCT2017,H014
GF-ING-00295,Agasi,Kannada,regional_name,SRC-IFCT2017,H014
GF-ING-00295,Ailsh,Kashmiri,regional_name,SRC-IFCT2017,H014
GF-ING-00295,Cheruchana vithu,Malayalam,regional_name,SRC-IFCT2017,H014
GF-ING-00295,Jawas,Marathi,regional_name,SRC-IFCT2017,H014
GF-ING-00295,Pesi,Odia,regional_name,SRC-IFCT2017,H014
GF-ING-00295,Alsi,Punjabi,regional_name,SRC-IFCT2017,H014
GF-ING-00295,Atasii,Sanskrit,regional_name,SRC-IFCT2017,H014
GF-ING-00295,Ali vidai,Tamil,regional_name,SRC-IFCT2017,H014
GF-ING-00295,Avise ginzalu,Telugu,regional_name,SRC-IFCT2017,H014
GF-ING-00295,Alsi.,Urdu,regional_name,SRC-IFCT2017,H014
GF-ING-00296,"Niger seeds, black",English,source_name,SRC-IFCT2017,H015
GF-ING-00296,Sorguja,Assamese,regional_name,SRC-IFCT2017,H015
GF-ING-00296,Ram til,Bengali,regional_name,SRC-IFCT2017,H015
GF-ING-00296,Kada tal,Gujarati,regional_name,SRC-IFCT2017,H015
GF-ING-00296,Kala til,Hindi,regional_name,SRC-IFCT2017,H015
GF-ING-00296,Gurellu,Kannada,regional_name,SRC-IFCT2017,H015
GF-ING-00296,Bazar-Bhang,Kashmiri,regional_name,SRC-IFCT2017,H015
GF-ING-00296,Karim jeerakam,Malayalam,regional_name,SRC-IFCT2017,H015
GF-ING-00296,Karale,Marathi,regional_name,SRC-IFCT2017,H015
GF-ING-00296,Kattelu,Tamil,regional_name,SRC-IFCT2017,H015
GF-ING-00296,Valasulu.,Telugu,regional_name,SRC-IFCT2017,H015
GF-ING-00297,"Niger seeds, grey",English,source_name,SRC-IFCT2017,H016
GF-ING-00297,Sorguja,Assamese,regional_name,SRC-IFCT2017,H016
GF-ING-00297,Ram til,Bengali,regional_name,SRC-IFCT2017,H016
GF-ING-00297,Tal,Gujarati,regional_name,SRC-IFCT2017,H016
GF-ING-00297,Kala til,Hindi,regional_name,SRC-IFCT2017,H016
GF-ING-00297,Gurellu,Kannada,regional_name,SRC-IFCT2017,H016
GF-ING-00297,Bazar-Bhang,Kashmiri,regional_name,SRC-IFCT2017,H016
GF-ING-00297,Karim jeerakam,Malayalam,regional_name,SRC-IFCT2017,H016
GF-ING-00297,Karale,Marathi,regional_name,SRC-IFCT2017,H016
GF-ING-00297,Kattelu,Tamil,regional_name,SRC-IFCT2017,H016
GF-ING-00297,Valasulu.,Telugu,regional_name,SRC-IFCT2017,H016
GF-ING-00298,Pine seeds,English,source_name,SRC-IFCT2017,H017
GF-ING-00298,Pine nut,English,regional_name,SRC-IFCT2017,H017
GF-ING-00298,Chilgoza,Gujarati,regional_name,SRC-IFCT2017,H017
GF-ING-00298,Chilgoza,Hindi,regional_name,SRC-IFCT2017,H017
GF-ING-00298,Chilgoza,Kashmiri,regional_name,SRC-IFCT2017,H017
GF-ING-00298,Symbai soh kseh,Khasi,regional_name,SRC-IFCT2017,H017
GF-ING-00298,Jhurane biya,Marathi,regional_name,SRC-IFCT2017,H017
GF-ING-00298,Rhi.,Punjabi,regional_name,SRC-IFCT2017,H017
GF-ING-00299,Pistachio nuts,English,source_name,SRC-IFCT2017,H018
GF-ING-00299,Pista,Assamese,regional_name,SRC-IFCT2017,H018
GF-ING-00299,Pesta,Bengali,regional_name,SRC-IFCT2017,H018
GF-ING-00299,Pista,Gujarati,regional_name,SRC-IFCT2017,H018
GF-ING-00299,Pista,Hindi,regional_name,SRC-IFCT2017,H018
GF-ING-00299,Pista,Kannada,regional_name,SRC-IFCT2017,H018
GF-ING-00299,Pista,Kashmiri,regional_name,SRC-IFCT2017,H018
GF-ING-00299,Pista,Khasi,regional_name,SRC-IFCT2017,H018
GF-ING-00299,Pista,Malayalam,regional_name,SRC-IFCT2017,H018
GF-ING-00299,Pista,Marathi,regional_name,SRC-IFCT2017,H018
GF-ING-00299,Pista,Nepali,regional_name,SRC-IFCT2017,H018
GF-ING-00299,Pista,Odia,regional_name,SRC-IFCT2017,H018
GF-ING-00299,Pista,Punjabi,regional_name,SRC-IFCT2017,H018
GF-ING-00299,Pista,Tamil,regional_name,SRC-IFCT2017,H018
GF-ING-00299,Pista,Telugu,regional_name,SRC-IFCT2017,H018
GF-ING-00299,Pista.,Urdu,regional_name,SRC-IFCT2017,H018
GF-ING-00300,Safflower seeds,English,source_name,SRC-IFCT2017,H019
GF-ING-00300,Kusum,Bengali,regional_name,SRC-IFCT2017,H019
GF-ING-00300,Kusumbo,Gujarati,regional_name,SRC-IFCT2017,H019
GF-ING-00300,Kardi,Hindi,regional_name,SRC-IFCT2017,H019
GF-ING-00300,Kusambe,Kannada,regional_name,SRC-IFCT2017,H019
GF-ING-00300,Symbai tiew sngi,Khasi,regional_name,SRC-IFCT2017,H019
GF-ING-00300,Karadi,Malayalam,regional_name,SRC-IFCT2017,H019
GF-ING-00300,Karadi,Marathi,regional_name,SRC-IFCT2017,H019
GF-ING-00300,Sendurkan vidhai,Tamil,regional_name,SRC-IFCT2017,H019
GF-ING-00300,Kusuma ginzalu.,Telugu,regional_name,SRC-IFCT2017,H019
GF-ING-00301,Sunflower seeds,English,source_name,SRC-IFCT2017,H020
GF-ING-00301,Beli phular guti,Assamese,regional_name,SRC-IFCT2017,H020
GF-ING-00301,Suraj mukhi,Bengali,regional_name,SRC-IFCT2017,H020
GF-ING-00301,Suraj mukhi na bee,Gujarati,regional_name,SRC-IFCT2017,H020
GF-ING-00301,Surya mukhi,Hindi,regional_name,SRC-IFCT2017,H020
GF-ING-00301,Sryakanti bijagalu,Kannada,regional_name,SRC-IFCT2017,H020
GF-ING-00301,Symbai tiew sngi,Khasi,regional_name,SRC-IFCT2017,H020
GF-ING-00301,Suryakanthi,Malayalam,regional_name,SRC-IFCT2017,H020
GF-ING-00301,Numitlei Maru,Manipuri,regional_name,SRC-IFCT2017,H020
GF-ING-00301,Surya mukhi,Marathi,regional_name,SRC-IFCT2017,H020
GF-ING-00301,Surjya Mukhi Manji,Odia,regional_name,SRC-IFCT2017,H020
GF-ING-00301,Suraj mukhi,Punjabi,regional_name,SRC-IFCT2017,H020
GF-ING-00301,Suryakanthi vidhai,Tamil,regional_name,SRC-IFCT2017,H020
GF-ING-00301,Podduthirugidi puvvu ginzalu.,Telugu,regional_name,SRC-IFCT2017,H020
GF-ING-00302,Walnut,English,source_name,SRC-IFCT2017,H021
GF-ING-00302,Akhrot,Assamese,regional_name,SRC-IFCT2017,H021
GF-ING-00302,Akhrot,Bengali,regional_name,SRC-IFCT2017,H021
GF-ING-00302,Akhrot,Gujarati,regional_name,SRC-IFCT2017,H021
GF-ING-00302,Akhrot,Hindi,regional_name,SRC-IFCT2017,H021
GF-ING-00302,Akrodu,Kannada,regional_name,SRC-IFCT2017,H021
GF-ING-00302,Dhoon,Kashmiri,regional_name,SRC-IFCT2017,H021
GF-ING-00302,Walnut,Khasi,regional_name,SRC-IFCT2017,H021
GF-ING-00302,Akrottandi,Malayalam,regional_name,SRC-IFCT2017,H021
GF-ING-00302,Heijukha,Manipuri,regional_name,SRC-IFCT2017,H021
GF-ING-00302,Akhrod,Marathi,regional_name,SRC-IFCT2017,H021
GF-ING-00302,Okhar,Nepali,regional_name,SRC-IFCT2017,H021
GF-ING-00302,Akhoot,Odia,regional_name,SRC-IFCT2017,H021
GF-ING-00302,Akhrot,Punjabi,regional_name,SRC-IFCT2017,H021
GF-ING-00302,Akhrot,Tamil,regional_name,SRC-IFCT2017,H021
GF-ING-00302,Akrot kaya,Telugu,regional_name,SRC-IFCT2017,H021
GF-ING-00302,Akhrut.,Urdu,regional_name,SRC-IFCT2017,H021
GF-ING-00303,"Jaggery, cane",English,source_name,SRC-IFCT2017,I001
GF-ING-00303,Gur,Assamese,regional_name,SRC-IFCT2017,I001
GF-ING-00303,Gurh,Bengali,regional_name,SRC-IFCT2017,I001
GF-ING-00303,God,Gujarati,regional_name,SRC-IFCT2017,I001
GF-ING-00303,Gud,Hindi,regional_name,SRC-IFCT2017,I001
GF-ING-00303,Bella,Kannada,regional_name,SRC-IFCT2017,I001
GF-ING-00303,Gor,Kashmiri,regional_name,SRC-IFCT2017,I001
GF-ING-00303,Mithai Gur,Khasi,regional_name,SRC-IFCT2017,I001
GF-ING-00303,Godd,Kon,regional_name,SRC-IFCT2017,I001
GF-ING-00303,Vellam,Malayalam,regional_name,SRC-IFCT2017,I001
GF-ING-00303,Chini Anganba,Manipuri,regional_name,SRC-IFCT2017,I001
GF-ING-00303,Gul,Marathi,regional_name,SRC-IFCT2017,I001
GF-ING-00303,Guda,Odia,regional_name,SRC-IFCT2017,I001
GF-ING-00303,Gud,Punjabi,regional_name,SRC-IFCT2017,I001
GF-ING-00303,Mandavellam,Tamil,regional_name,SRC-IFCT2017,I001
GF-ING-00303,Bellam,Telugu,regional_name,SRC-IFCT2017,I001
GF-ING-00303,Gud.,Urdu,regional_name,SRC-IFCT2017,I001
GF-ING-00304,"Sugarcane, juice",English,source_name,SRC-IFCT2017,I002
GF-ING-00304,Kunhiyar,Assamese,regional_name,SRC-IFCT2017,I002
GF-ING-00304,Akher rosh,Bengali,regional_name,SRC-IFCT2017,I002
GF-ING-00304,Sherdino ras,Gujarati,regional_name,SRC-IFCT2017,I002
GF-ING-00304,Ganne-ka-ras,Hindi,regional_name,SRC-IFCT2017,I002
GF-ING-00304,Kabbina halu,Kannada,regional_name,SRC-IFCT2017,I002
GF-ING-00304,Ganne rus,Kashmiri,regional_name,SRC-IFCT2017,I002
GF-ING-00304,Soh Pai,Khasi,regional_name,SRC-IFCT2017,I002
GF-ING-00304,Karumbin neeru,Malayalam,regional_name,SRC-IFCT2017,I002
GF-ING-00304,Chuhing,Manipuri,regional_name,SRC-IFCT2017,I002
GF-ING-00304,Usacha rasa,Marathi,regional_name,SRC-IFCT2017,I002
GF-ING-00304,Aakhu Dorua,Odia,regional_name,SRC-IFCT2017,I002
GF-ING-00304,Ganne-da-ras,Punjabi,regional_name,SRC-IFCT2017,I002
GF-ING-00304,Karumbu charu,Tamil,regional_name,SRC-IFCT2017,I002
GF-ING-00304,Cheruku rasam,Telugu,regional_name,SRC-IFCT2017,I002
GF-ING-00304,Ganne-ke-ras.,Urdu,regional_name,SRC-IFCT2017,I002
GF-ING-00305,"Button mushroom, fresh",English,source_name,SRC-IFCT2017,J001
GF-ING-00305,Mushroom,Assamese,regional_name,SRC-IFCT2017,J001
GF-ING-00305,Banger chata,Bengali,regional_name,SRC-IFCT2017,J001
GF-ING-00305,"Common mushroom, Portobello mushroom",English,regional_name,SRC-IFCT2017,J001
GF-ING-00305,Biladi no top,Gujarati,regional_name,SRC-IFCT2017,J001
GF-ING-00305,Aanabay/Aanabe,Kannada,regional_name,SRC-IFCT2017,J001
GF-ING-00305,Hadder,Kashmiri,regional_name,SRC-IFCT2017,J001
GF-ING-00305,Tit budam,Khasi,regional_name,SRC-IFCT2017,J001
GF-ING-00305,Kun koon,Malayalam,regional_name,SRC-IFCT2017,J001
GF-ING-00305,Chenghum,Manipuri,regional_name,SRC-IFCT2017,J001
GF-ING-00305,Bhoochhtra,Marathi,regional_name,SRC-IFCT2017,J001
GF-ING-00305,Chatu,Odia,regional_name,SRC-IFCT2017,J001
GF-ING-00305,Khoomba,Punjabi,regional_name,SRC-IFCT2017,J001
GF-ING-00305,Kaalaan,Tamil,regional_name,SRC-IFCT2017,J001
GF-ING-00305,Putta Godugu.,Telugu,regional_name,SRC-IFCT2017,J001
GF-ING-00306,"Chicken mushroom, fresh",English,source_name,SRC-IFCT2017,J002
GF-ING-00306,Mushroom,Assamese,regional_name,SRC-IFCT2017,J002
GF-ING-00306,Banger chata,Bengali,regional_name,SRC-IFCT2017,J002
GF-ING-00306,Biladi no top,Gujarati,regional_name,SRC-IFCT2017,J002
GF-ING-00306,Aanabay/Aanabe,Kannada,regional_name,SRC-IFCT2017,J002
GF-ING-00306,Hadder,Kashmiri,regional_name,SRC-IFCT2017,J002
GF-ING-00306,Tit tyndong,Khasi,regional_name,SRC-IFCT2017,J002
GF-ING-00306,Kun koon,Malayalam,regional_name,SRC-IFCT2017,J002
GF-ING-00306,Chenghum,Manipuri,regional_name,SRC-IFCT2017,J002
GF-ING-00306,Bhoochhtra,Marathi,regional_name,SRC-IFCT2017,J002
GF-ING-00306,Chatu,Odia,regional_name,SRC-IFCT2017,J002
GF-ING-00306,Khoomba,Punjabi,regional_name,SRC-IFCT2017,J002
GF-ING-00306,Kaalaan,Tamil,regional_name,SRC-IFCT2017,J002
GF-ING-00306,Putta Godugu.,Telugu,regional_name,SRC-IFCT2017,J002
GF-ING-00307,"Shiitake mushroom, fresh",English,source_name,SRC-IFCT2017,J003
GF-ING-00307,Mushroom,Assamese,regional_name,SRC-IFCT2017,J003
GF-ING-00307,Banger chata,Bengali,regional_name,SRC-IFCT2017,J003
GF-ING-00307,Biladi no top,Gujarati,regional_name,SRC-IFCT2017,J003
GF-ING-00307,Aanabay/Aanabe,Kannada,regional_name,SRC-IFCT2017,J003
GF-ING-00307,Hadder,Kashmiri,regional_name,SRC-IFCT2017,J003
GF-ING-00307,Kun koon,Malayalam,regional_name,SRC-IFCT2017,J003
GF-ING-00307,Uyen,Manipuri,regional_name,SRC-IFCT2017,J003
GF-ING-00307,Bhoochhtra,Marathi,regional_name,SRC-IFCT2017,J003
GF-ING-00307,Chatu,Odia,regional_name,SRC-IFCT2017,J003
GF-ING-00307,Khoomba,Punjabi,regional_name,SRC-IFCT2017,J003
GF-ING-00307,Kaalaan,Tamil,regional_name,SRC-IFCT2017,J003
GF-ING-00307,Putta Godugu.,Telugu,regional_name,SRC-IFCT2017,J003
GF-ING-00308,"Oyster mushroom, dried",English,source_name,SRC-IFCT2017,J004
GF-ING-00308,Banger chata,Bengali,regional_name,SRC-IFCT2017,J004
GF-ING-00308,Biladino top,Gujarati,regional_name,SRC-IFCT2017,J004
GF-ING-00308,Aanabay/Aanabe,Kannada,regional_name,SRC-IFCT2017,J004
GF-ING-00308,Hadder,Kashmiri,regional_name,SRC-IFCT2017,J004
GF-ING-00308,Kun koon,Malayalam,regional_name,SRC-IFCT2017,J004
GF-ING-00308,Chenghum,Manipuri,regional_name,SRC-IFCT2017,J004
GF-ING-00308,Bhoochhtra,Marathi,regional_name,SRC-IFCT2017,J004
GF-ING-00308,Chatu,Odia,regional_name,SRC-IFCT2017,J004
GF-ING-00308,Khoomba,Punjabi,regional_name,SRC-IFCT2017,J004
GF-ING-00308,Kaalaan,Tamil,regional_name,SRC-IFCT2017,J004
GF-ING-00308,Putta Godugu.,Telugu,regional_name,SRC-IFCT2017,J004
GF-ING-00309,Toddy,English,source_name,SRC-IFCT2017,K001
GF-ING-00309,Tari,Assamese,regional_name,SRC-IFCT2017,K001
GF-ING-00309,Tari,Bengali,regional_name,SRC-IFCT2017,K001
GF-ING-00309,Palm wine,English,regional_name,SRC-IFCT2017,K001
GF-ING-00309,Henda,Kannada,regional_name,SRC-IFCT2017,K001
GF-ING-00309,Tadi,Gujarati,regional_name,SRC-IFCT2017,K001
GF-ING-00309,Tarai,Hindi,regional_name,SRC-IFCT2017,K001
GF-ING-00309,Kiad lieh,Khasi,regional_name,SRC-IFCT2017,K001
GF-ING-00309,", O. Tadi",Marathi,regional_name,SRC-IFCT2017,K001
GF-ING-00309,Todhi,Punjabi,regional_name,SRC-IFCT2017,K001
GF-ING-00309,", Tam., Tel. Kallu.",Malayalam,regional_name,SRC-IFCT2017,K001
GF-ING-00310,Coconut water,English,source_name,SRC-IFCT2017,K002
GF-ING-00310,Dab narikolor pani,Assamese,regional_name,SRC-IFCT2017,K002
GF-ING-00310,Daberjal,Bengali,regional_name,SRC-IFCT2017,K002
GF-ING-00310,Nariyad nu pani,Gujarati,regional_name,SRC-IFCT2017,K002
GF-ING-00310,Nariyal ka pani,Hindi,regional_name,SRC-IFCT2017,K002
GF-ING-00310,Thenga neeru,Kannada,regional_name,SRC-IFCT2017,K002
GF-ING-00310,Narji pooen,Kashmiri,regional_name,SRC-IFCT2017,K002
GF-ING-00310,Um snepkor,Khasi,regional_name,SRC-IFCT2017,K002
GF-ING-00310,Thenga vellam,Malayalam,regional_name,SRC-IFCT2017,K002
GF-ING-00310,Yubi Mahi,Manipuri,regional_name,SRC-IFCT2017,K002
GF-ING-00310,Naral pani,Marathi,regional_name,SRC-IFCT2017,K002
GF-ING-00310,Paida pani,Odia,regional_name,SRC-IFCT2017,K002
GF-ING-00310,Gola da pani,Punjabi,regional_name,SRC-IFCT2017,K002
GF-ING-00310,Ilaneer,Tamil,regional_name,SRC-IFCT2017,K002
GF-ING-00310,Kobbari neeru.,Telugu,regional_name,SRC-IFCT2017,K002
GF-ING-00311,"Milk, whole, Buffalo",English,source_name,SRC-IFCT2017,L001
GF-ING-00311,Mohor gakhir,Assamese,regional_name,SRC-IFCT2017,L001
GF-ING-00311,Dudha (Mosher),Bengali,regional_name,SRC-IFCT2017,L001
GF-ING-00311,Bhes nu dhudh,Gujarati,regional_name,SRC-IFCT2017,L001
GF-ING-00311,Bhains ka dhood,Hindi,regional_name,SRC-IFCT2017,L001
GF-ING-00311,Uemma halu,Kannada,regional_name,SRC-IFCT2017,L001
GF-ING-00311,Doodh,Kashmiri,regional_name,SRC-IFCT2017,L001
GF-ING-00311,Dud muid,Khasi,regional_name,SRC-IFCT2017,L001
GF-ING-00311,Kerbau paal,Malayalam,regional_name,SRC-IFCT2017,L001
GF-ING-00311,Eroi Sanghom,Manipuri,regional_name,SRC-IFCT2017,L001
GF-ING-00311,Doodh (Maish),Marathi,regional_name,SRC-IFCT2017,L001
GF-ING-00311,Mainsi dudha,Odia,regional_name,SRC-IFCT2017,L001
GF-ING-00311,Maz da doodh,Punjabi,regional_name,SRC-IFCT2017,L001
GF-ING-00311,Erumaipal,Tamil,regional_name,SRC-IFCT2017,L001
GF-ING-00311,Gedha/Barre palu.,Telugu,regional_name,SRC-IFCT2017,L001
GF-ING-00312,"Milk, whole, Cow",English,source_name,SRC-IFCT2017,L002
GF-ING-00312,Garoor gakhir,Assamese,regional_name,SRC-IFCT2017,L002
GF-ING-00312,Doodh (garu),Bengali,regional_name,SRC-IFCT2017,L002
GF-ING-00312,Gai nu dhudh,Gujarati,regional_name,SRC-IFCT2017,L002
GF-ING-00312,Gai ka doodh,Hindi,regional_name,SRC-IFCT2017,L002
GF-ING-00312,Hasuvina halu,Kannada,regional_name,SRC-IFCT2017,L002
GF-ING-00312,Doodh,Kashmiri,regional_name,SRC-IFCT2017,L002
GF-ING-00312,Dud masi,Khasi,regional_name,SRC-IFCT2017,L002
GF-ING-00312,San Sanghom,Manipuri,regional_name,SRC-IFCT2017,L002
GF-ING-00312,Doodh (gay),Marathi,regional_name,SRC-IFCT2017,L002
GF-ING-00312,Gai dudha,Odia,regional_name,SRC-IFCT2017,L002
GF-ING-00312,Gaan da doodh,Punjabi,regional_name,SRC-IFCT2017,L002
GF-ING-00312,Gow kshiram,Sanskrit,regional_name,SRC-IFCT2017,L002
GF-ING-00312,Pasumpaal,Tamil,regional_name,SRC-IFCT2017,L002
GF-ING-00312,Aavu paalu.,Telugu,regional_name,SRC-IFCT2017,L002
GF-ING-00313,Paneer,English,source_name,SRC-IFCT2017,L003
GF-ING-00313,Paneer,Assamese,regional_name,SRC-IFCT2017,L003
GF-ING-00313,Chena,Bengali,regional_name,SRC-IFCT2017,L003
GF-ING-00313,Cottage Cheese,English,regional_name,SRC-IFCT2017,L003
GF-ING-00313,Paneer,Gujarati,regional_name,SRC-IFCT2017,L003
GF-ING-00313,Chhena,Hindi,regional_name,SRC-IFCT2017,L003
GF-ING-00313,Tali,Kannada,regional_name,SRC-IFCT2017,L003
GF-ING-00313,Chaman,Kashmiri,regional_name,SRC-IFCT2017,L003
GF-ING-00313,Paneer,Khasi,regional_name,SRC-IFCT2017,L003
GF-ING-00313,Palkatti,Malayalam,regional_name,SRC-IFCT2017,L003
GF-ING-00313,Channa,Manipuri,regional_name,SRC-IFCT2017,L003
GF-ING-00313,Chhena,Odia,regional_name,SRC-IFCT2017,L003
GF-ING-00313,Paneer,Punjabi,regional_name,SRC-IFCT2017,L003
GF-ING-00313,Paladai,Tamil,regional_name,SRC-IFCT2017,L003
GF-ING-00313,Paalavirugudu.,Telugu,regional_name,SRC-IFCT2017,L003
GF-ING-00314,Khoa,English,source_name,SRC-IFCT2017,L004
GF-ING-00314,Khoa,Assamese,regional_name,SRC-IFCT2017,L004
GF-ING-00314,", H., Kan., Mal., P., Tel. Khoa",Bengali,regional_name,SRC-IFCT2017,L004
GF-ING-00314,Mavo,Gujarati,regional_name,SRC-IFCT2017,L004
GF-ING-00314,Khoya,Kashmiri,regional_name,SRC-IFCT2017,L004
GF-ING-00314,Malai khowa,Khasi,regional_name,SRC-IFCT2017,L004
GF-ING-00314,Khua,Odia,regional_name,SRC-IFCT2017,L004
GF-ING-00314,Khoya,Punjabi,regional_name,SRC-IFCT2017,L004
GF-ING-00314,Thirattupal.,Tamil,regional_name,SRC-IFCT2017,L004
GF-ING-00315,"Egg, poultry, whole, raw",English,source_name,SRC-IFCT2017,M001
GF-ING-00315,Koni,Assamese,regional_name,SRC-IFCT2017,M001
GF-ING-00315,Dim,Bengali,regional_name,SRC-IFCT2017,M001
GF-ING-00315,Indu,Gujarati,regional_name,SRC-IFCT2017,M001
GF-ING-00315,Anda,Hindi,regional_name,SRC-IFCT2017,M001
GF-ING-00315,Motte,Kannada,regional_name,SRC-IFCT2017,M001
GF-ING-00315,Thool,Kashmiri,regional_name,SRC-IFCT2017,M001
GF-ING-00315,Pylleng,Khasi,regional_name,SRC-IFCT2017,M001
GF-ING-00315,Tandri/Tanti,Kon,regional_name,SRC-IFCT2017,M001
GF-ING-00315,Mutta,Malayalam,regional_name,SRC-IFCT2017,M001
GF-ING-00315,Yairum,Manipuri,regional_name,SRC-IFCT2017,M001
GF-ING-00315,Ande,Marathi,regional_name,SRC-IFCT2017,M001
GF-ING-00315,Anda/Phool,Nepali,regional_name,SRC-IFCT2017,M001
GF-ING-00315,Anda,Odia,regional_name,SRC-IFCT2017,M001
GF-ING-00315,Anda,Punjabi,regional_name,SRC-IFCT2017,M001
GF-ING-00315,Muttai,Tamil,regional_name,SRC-IFCT2017,M001
GF-ING-00315,Guddu,Telugu,regional_name,SRC-IFCT2017,M001
GF-ING-00315,Anda.,Urdu,regional_name,SRC-IFCT2017,M001
GF-ING-00316,"Egg, poultry, white, raw",English,source_name,SRC-IFCT2017,M002
GF-ING-00316,Koni Boga,Assamese,regional_name,SRC-IFCT2017,M002
GF-ING-00316,Dimer Shada Ongsho,Bengali,regional_name,SRC-IFCT2017,M002
GF-ING-00316,Indu no Safed Bhaag,Gujarati,regional_name,SRC-IFCT2017,M002
GF-ING-00316,Ande ki Safedi,Hindi,regional_name,SRC-IFCT2017,M002
GF-ING-00316,Motteya Bili,Kannada,regional_name,SRC-IFCT2017,M002
GF-ING-00316,Thool Safed Hissa,Kashmiri,regional_name,SRC-IFCT2017,M002
GF-ING-00316,Pylleng Lieh,Khasi,regional_name,SRC-IFCT2017,M002
GF-ING-00316,Tantyacho Dhovo Bhag,Kon,regional_name,SRC-IFCT2017,M002
GF-ING-00316,Muttayude Vella,Malayalam,regional_name,SRC-IFCT2017,M002
GF-ING-00316,Yairum Angouba,Manipuri,regional_name,SRC-IFCT2017,M002
GF-ING-00316,Andyacha Pandhra Balak,Marathi,regional_name,SRC-IFCT2017,M002
GF-ING-00316,Andako Seto Bhag,Nepali,regional_name,SRC-IFCT2017,M002
GF-ING-00316,Andara Dhala Ansa,Odia,regional_name,SRC-IFCT2017,M002
GF-ING-00316,Ande di Safedi,Punjabi,regional_name,SRC-IFCT2017,M002
GF-ING-00316,Muttai Vellai Karu,Tamil,regional_name,SRC-IFCT2017,M002
GF-ING-00316,Guddu Tella Sona,Telugu,regional_name,SRC-IFCT2017,M002
GF-ING-00316,Ande ki Safedi.,Urdu,regional_name,SRC-IFCT2017,M002
GF-ING-00317,"Egg, poultry, yolk, raw",English,source_name,SRC-IFCT2017,M003
GF-ING-00317,Koni Halodhiya,Assamese,regional_name,SRC-IFCT2017,M003
GF-ING-00317,Dimer Kushum,Bengali,regional_name,SRC-IFCT2017,M003
GF-ING-00317,Indu ni Pili Jardi,Gujarati,regional_name,SRC-IFCT2017,M003
GF-ING-00317,Ande ki Zardi,Hindi,regional_name,SRC-IFCT2017,M003
GF-ING-00317,Motteya Haladi,Kannada,regional_name,SRC-IFCT2017,M003
GF-ING-00317,Thool Pila Hissa,Kashmiri,regional_name,SRC-IFCT2017,M003
GF-ING-00317,Pylleng Stem,Khasi,regional_name,SRC-IFCT2017,M003
GF-ING-00317,Tantyacho Holduvo Bhag,Kon,regional_name,SRC-IFCT2017,M003
GF-ING-00317,Muttayude Manja,Malayalam,regional_name,SRC-IFCT2017,M003
GF-ING-00317,Yairum Amanba,Manipuri,regional_name,SRC-IFCT2017,M003
GF-ING-00317,Andyacha Pivla Balak,Marathi,regional_name,SRC-IFCT2017,M003
GF-ING-00317,Andako Pahenlo Bhag,Nepali,regional_name,SRC-IFCT2017,M003
GF-ING-00317,Andara Haladia Ansa,Odia,regional_name,SRC-IFCT2017,M003
GF-ING-00317,Ande di Zardi,Punjabi,regional_name,SRC-IFCT2017,M003
GF-ING-00317,Muttai Manjal Karu,Tamil,regional_name,SRC-IFCT2017,M003
GF-ING-00317,Guddu Pacha Sona,Telugu,regional_name,SRC-IFCT2017,M003
GF-ING-00317,Ande ki Zardi.,Urdu,regional_name,SRC-IFCT2017,M003
GF-ING-00318,"Egg, poultry, whole, boiled",English,source_name,SRC-IFCT2017,M004
GF-ING-00318,Xijoa Koni,Assamese,regional_name,SRC-IFCT2017,M004
GF-ING-00318,Sheddho Dim,Bengali,regional_name,SRC-IFCT2017,M004
GF-ING-00318,Bafelu Indu,Gujarati,regional_name,SRC-IFCT2017,M004
GF-ING-00318,Ubla Anda,Hindi,regional_name,SRC-IFCT2017,M004
GF-ING-00318,Beyisida Motte,Kannada,regional_name,SRC-IFCT2017,M004
GF-ING-00318,Hukyun Thool,Kashmiri,regional_name,SRC-IFCT2017,M004
GF-ING-00318,Pylleng Thnam,Khasi,regional_name,SRC-IFCT2017,M004
GF-ING-00318,Ukdil'lem Tanti,Kon,regional_name,SRC-IFCT2017,M004
GF-ING-00318,Puzhungiya Mutta,Malayalam,regional_name,SRC-IFCT2017,M004
GF-ING-00318,Yairum Tathpa,Manipuri,regional_name,SRC-IFCT2017,M004
GF-ING-00318,Ukadalele Ande,Marathi,regional_name,SRC-IFCT2017,M004
GF-ING-00318,Usineko Anda,Nepali,regional_name,SRC-IFCT2017,M004
GF-ING-00318,Sijha Anda,Odia,regional_name,SRC-IFCT2017,M004
GF-ING-00318,Ublia Anda,Punjabi,regional_name,SRC-IFCT2017,M004
GF-ING-00318,Avitha Muttai,Tamil,regional_name,SRC-IFCT2017,M004
GF-ING-00318,Udikinchina Guddu,Telugu,regional_name,SRC-IFCT2017,M004
GF-ING-00318,Ubla Anda.,Urdu,regional_name,SRC-IFCT2017,M004
GF-ING-00319,"Egg, poultry, white, boiled",English,source_name,SRC-IFCT2017,M005
GF-ING-00319,Xijoa Koni Boga,Assamese,regional_name,SRC-IFCT2017,M005
GF-ING-00319,Sheddho Dimer Shada,Bengali,regional_name,SRC-IFCT2017,M005
GF-ING-00319,Bafelu Indu no Safed Bhaag,Gujarati,regional_name,SRC-IFCT2017,M005
GF-ING-00319,Ubla Safedi,Hindi,regional_name,SRC-IFCT2017,M005
GF-ING-00319,Beyisida Motteya Bili,Kannada,regional_name,SRC-IFCT2017,M005
GF-ING-00319,Hukyun Thool Safed,Kashmiri,regional_name,SRC-IFCT2017,M005
GF-ING-00319,Pylleng Lieh Thnam,Khasi,regional_name,SRC-IFCT2017,M005
GF-ING-00319,Ukdil'lem Dhovo Bhag,Kon,regional_name,SRC-IFCT2017,M005
GF-ING-00319,Puzhungiya Vella,Malayalam,regional_name,SRC-IFCT2017,M005
GF-ING-00319,Yairum Angouba Tathpa,Manipuri,regional_name,SRC-IFCT2017,M005
GF-ING-00319,Ukadlela Pandhra Balak,Marathi,regional_name,SRC-IFCT2017,M005
GF-ING-00319,Usineko Seto Bhag,Nepali,regional_name,SRC-IFCT2017,M005
GF-ING-00319,Sijha Andara Dhala Ansa,Odia,regional_name,SRC-IFCT2017,M005
GF-ING-00319,Ubli Safedi,Punjabi,regional_name,SRC-IFCT2017,M005
GF-ING-00319,Avitha Muttai Vellai,Tamil,regional_name,SRC-IFCT2017,M005
GF-ING-00319,Udikinchina Tella Sona,Telugu,regional_name,SRC-IFCT2017,M005
GF-ING-00319,Ubli Safedi.,Urdu,regional_name,SRC-IFCT2017,M005
GF-ING-00320,"Egg, poultry, yolk, boiled",English,source_name,SRC-IFCT2017,M006
GF-ING-00320,Xijoa Koni Halodhiya,Assamese,regional_name,SRC-IFCT2017,M006
GF-ING-00320,Sheddho Dimer Kushum,Bengali,regional_name,SRC-IFCT2017,M006
GF-ING-00320,Bafelu Indu ni Pili Jardi,Gujarati,regional_name,SRC-IFCT2017,M006
GF-ING-00320,Ubla Zardi,Hindi,regional_name,SRC-IFCT2017,M006
GF-ING-00320,Beyisida Motteya Haladi,Kannada,regional_name,SRC-IFCT2017,M006
GF-ING-00320,Hukyun Thool Pila,Kashmiri,regional_name,SRC-IFCT2017,M006
GF-ING-00320,Pylleng Stem Thnam,Khasi,regional_name,SRC-IFCT2017,M006
GF-ING-00320,Ukdil'lem Holduvo Bhag,Kon,regional_name,SRC-IFCT2017,M006
GF-ING-00320,Puzhungiya Manja,Malayalam,regional_name,SRC-IFCT2017,M006
GF-ING-00320,Yairum Amanba Tathpa,Manipuri,regional_name,SRC-IFCT2017,M006
GF-ING-00320,Ukadlela Pivla Balak,Marathi,regional_name,SRC-IFCT2017,M006
GF-ING-00320,Usineko Pahenlo Bhag,Nepali,regional_name,SRC-IFCT2017,M006
GF-ING-00320,Sijha Andara Haladia Ansa,Odia,regional_name,SRC-IFCT2017,M006
GF-ING-00320,Ubli Zardi,Punjabi,regional_name,SRC-IFCT2017,M006
GF-ING-00320,Avitha Muttai Manjal,Tamil,regional_name,SRC-IFCT2017,M006
GF-ING-00320,Udikinchina Pacha Sona,Telugu,regional_name,SRC-IFCT2017,M006
GF-ING-00320,Ubli Zardi.,Urdu,regional_name,SRC-IFCT2017,M006
GF-ING-00321,"Egg, poultry, omlet",English,source_name,SRC-IFCT2017,M007
GF-ING-00321,Aamlet,Hindi,regional_name,SRC-IFCT2017,M007
GF-ING-00321,Anda Bhaja,Odia,regional_name,SRC-IFCT2017,M007
GF-ING-00321,Aamlet,Punjabi,regional_name,SRC-IFCT2017,M007
GF-ING-00321,Muttai Dosai,Tamil,regional_name,SRC-IFCT2017,M007
GF-ING-00321,Aamlet.,Urdu,regional_name,SRC-IFCT2017,M007
GF-ING-00322,"Egg, country hen, whole, raw",English,source_name,SRC-IFCT2017,M008
GF-ING-00322,Ghironiya Murgir Koni,Assamese,regional_name,SRC-IFCT2017,M008
GF-ING-00322,Deshi Murgir Dim,Bengali,regional_name,SRC-IFCT2017,M008
GF-ING-00322,Desi Marghi nu Indu,Gujarati,regional_name,SRC-IFCT2017,M008
GF-ING-00322,Desi Murgi ka Anda,Hindi,regional_name,SRC-IFCT2017,M008
GF-ING-00322,Naati Koli Motte,Kannada,regional_name,SRC-IFCT2017,M008
GF-ING-00322,Desi Kokur Thool,Kashmiri,regional_name,SRC-IFCT2017,M008
GF-ING-00322,Syiar Shnong Pylleng,Khasi,regional_name,SRC-IFCT2017,M008
GF-ING-00322,Gavtti Kombiechem Tanti,Kon,regional_name,SRC-IFCT2017,M008
GF-ING-00322,Naadan Kozhi Mutta,Malayalam,regional_name,SRC-IFCT2017,M008
GF-ING-00322,Yumshan Yen Yairum,Manipuri,regional_name,SRC-IFCT2017,M008
GF-ING-00322,Gavran Kombdiche Ande,Marathi,regional_name,SRC-IFCT2017,M008
GF-ING-00322,Sthaniya Kukhura ko Anda,Nepali,regional_name,SRC-IFCT2017,M008
GF-ING-00322,Desi Kukuda Anda,Odia,regional_name,SRC-IFCT2017,M008
GF-ING-00322,Desi Murgi da Anda,Punjabi,regional_name,SRC-IFCT2017,M008
GF-ING-00322,Naattu Kozhi Muttai,Tamil,regional_name,SRC-IFCT2017,M008
GF-ING-00322,Naatu Kodi Guddu,Telugu,regional_name,SRC-IFCT2017,M008
GF-ING-00322,Desi Murghi ka Anda.,Urdu,regional_name,SRC-IFCT2017,M008
GF-ING-00323,"Egg, country hen, whole, boiled",English,source_name,SRC-IFCT2017,M009
GF-ING-00323,Xijoa Ghironiya Murgir Koni,Assamese,regional_name,SRC-IFCT2017,M009
GF-ING-00323,Sheddho Deshi Murgir Dim,Bengali,regional_name,SRC-IFCT2017,M009
GF-ING-00323,Bafelu Desi Marghi nu Indu,Gujarati,regional_name,SRC-IFCT2017,M009
GF-ING-00323,Ubla Desi Murgi ka Anda,Hindi,regional_name,SRC-IFCT2017,M009
GF-ING-00323,Beyisida Naati Koli Motte,Kannada,regional_name,SRC-IFCT2017,M009
GF-ING-00323,Hukyun Desi Kokur Thool,Kashmiri,regional_name,SRC-IFCT2017,M009
GF-ING-00323,Pylleng Syiar Shnong Thnam,Khasi,regional_name,SRC-IFCT2017,M009
GF-ING-00323,Ukdil'lem Gavtti Kombiechem Tanti,Kon,regional_name,SRC-IFCT2017,M009
GF-ING-00323,Puzhungiya Naadan Kozhi Mutta,Malayalam,regional_name,SRC-IFCT2017,M009
GF-ING-00323,Yumshan Yen Yairum Tathpa,Manipuri,regional_name,SRC-IFCT2017,M009
GF-ING-00323,Ukadlele Gavran Kombdiche Ande,Marathi,regional_name,SRC-IFCT2017,M009
GF-ING-00323,Usineko Sthaniya Kukhura ko Anda,Nepali,regional_name,SRC-IFCT2017,M009
GF-ING-00323,Sijha Desi Kukuda Anda,Odia,regional_name,SRC-IFCT2017,M009
GF-ING-00323,Ublia Desi Murgi da Anda,Punjabi,regional_name,SRC-IFCT2017,M009
GF-ING-00323,Avitha Naattu Kozhi Muttai,Tamil,regional_name,SRC-IFCT2017,M009
GF-ING-00323,Udikinchina Naatu Kodi Guddu,Telugu,regional_name,SRC-IFCT2017,M009
GF-ING-00323,Ubla Desi Murghi ka Anda.,Urdu,regional_name,SRC-IFCT2017,M009
GF-ING-00324,"Egg, country hen, omlet",English,source_name,SRC-IFCT2017,M010
GF-ING-00324,Desi Aamlet,Hindi,regional_name,SRC-IFCT2017,M010
GF-ING-00324,Desi Anda Bhaja,Odia,regional_name,SRC-IFCT2017,M010
GF-ING-00324,Desi Aamlet,Punjabi,regional_name,SRC-IFCT2017,M010
GF-ING-00324,Naattu Kozhi Muttai Dosai,Tamil,regional_name,SRC-IFCT2017,M010
GF-ING-00324,Desi Aamlet.,Urdu,regional_name,SRC-IFCT2017,M010
GF-ING-00325,"Egg, duck, whole, boiled",English,source_name,SRC-IFCT2017,M011
GF-ING-00325,Xijoa Hahor Koni,Assamese,regional_name,SRC-IFCT2017,M011
GF-ING-00325,Sheddho Haasher Dim,Bengali,regional_name,SRC-IFCT2017,M011
GF-ING-00325,Bafelu Batak nu Indu,Gujarati,regional_name,SRC-IFCT2017,M011
GF-ING-00325,Ubla Batakh ka Anda,Hindi,regional_name,SRC-IFCT2017,M011
GF-ING-00325,Beyisida Batu Motte,Kannada,regional_name,SRC-IFCT2017,M011
GF-ING-00325,Hukyun ?. Thool,Kashmiri,regional_name,SRC-IFCT2017,M011
GF-ING-00325,?. Pylleng Thnam,Khasi,regional_name,SRC-IFCT2017,M011
GF-ING-00325,Ukdil'lem ?. Tanti,Kon,regional_name,SRC-IFCT2017,M011
GF-ING-00325,Puzhungiya Thaaraavu Mutta,Malayalam,regional_name,SRC-IFCT2017,M011
GF-ING-00325,Nganu Yairum Tathpa,Manipuri,regional_name,SRC-IFCT2017,M011
GF-ING-00325,Ukadlele Badak Ande,Marathi,regional_name,SRC-IFCT2017,M011
GF-ING-00325,Usineko Haas ko Anda,Nepali,regional_name,SRC-IFCT2017,M011
GF-ING-00325,Sijha Bataka Anda,Odia,regional_name,SRC-IFCT2017,M011
GF-ING-00325,Ublia Batakh da Anda,Punjabi,regional_name,SRC-IFCT2017,M011
GF-ING-00325,Avitha Vaathu Muttai,Tamil,regional_name,SRC-IFCT2017,M011
GF-ING-00325,Udikinchina Baathu Guddu,Telugu,regional_name,SRC-IFCT2017,M011
GF-ING-00325,Ubla Batakh ka Anda.,Urdu,regional_name,SRC-IFCT2017,M011
GF-ING-00326,"Egg, duck, whole, raw",English,source_name,SRC-IFCT2017,M012
GF-ING-00326,Hahor Koni,Assamese,regional_name,SRC-IFCT2017,M012
GF-ING-00326,Haasher Dim,Bengali,regional_name,SRC-IFCT2017,M012
GF-ING-00326,Batak nu Indu,Gujarati,regional_name,SRC-IFCT2017,M012
GF-ING-00326,Batakh ka Anda,Hindi,regional_name,SRC-IFCT2017,M012
GF-ING-00326,Batu Motte,Kannada,regional_name,SRC-IFCT2017,M012
GF-ING-00326,?. Thool,Kashmiri,regional_name,SRC-IFCT2017,M012
GF-ING-00326,?. Pylleng,Khasi,regional_name,SRC-IFCT2017,M012
GF-ING-00326,?. Tanti,Kon,regional_name,SRC-IFCT2017,M012
GF-ING-00326,Thaaraavu Mutta,Malayalam,regional_name,SRC-IFCT2017,M012
GF-ING-00326,Nganu Yairum,Manipuri,regional_name,SRC-IFCT2017,M012
GF-ING-00326,Badak Ande,Marathi,regional_name,SRC-IFCT2017,M012
GF-ING-00326,Haas ko Anda,Nepali,regional_name,SRC-IFCT2017,M012
GF-ING-00326,Bataka Anda,Odia,regional_name,SRC-IFCT2017,M012
GF-ING-00326,Batakh da Anda,Punjabi,regional_name,SRC-IFCT2017,M012
GF-ING-00326,Vaathu Muttai,Tamil,regional_name,SRC-IFCT2017,M012
GF-ING-00326,Baathu Guddu,Telugu,regional_name,SRC-IFCT2017,M012
GF-ING-00326,Batakh ka Anda.,Urdu,regional_name,SRC-IFCT2017,M012
GF-ING-00327,"Egg, duck, whole, omlet",English,source_name,SRC-IFCT2017,M013
GF-ING-00327,Batakh Aamlet,Hindi,regional_name,SRC-IFCT2017,M013
GF-ING-00327,Bataka Anda Bhaja,Odia,regional_name,SRC-IFCT2017,M013
GF-ING-00327,Batakh Aamlet,Punjabi,regional_name,SRC-IFCT2017,M013
GF-ING-00327,Vaathu Muttai Dosai,Tamil,regional_name,SRC-IFCT2017,M013
GF-ING-00327,Batakh Aamlet.,Urdu,regional_name,SRC-IFCT2017,M013
GF-ING-00328,"Egg, quial, whole, raw",English,source_name,SRC-IFCT2017,M014
GF-ING-00328,?. Koni,Assamese,regional_name,SRC-IFCT2017,M014
GF-ING-00328,Bater Dim,Bengali,regional_name,SRC-IFCT2017,M014
GF-ING-00328,?. Indu,Gujarati,regional_name,SRC-IFCT2017,M014
GF-ING-00328,Bater ka Anda,Hindi,regional_name,SRC-IFCT2017,M014
GF-ING-00328,?. Motte,Kannada,regional_name,SRC-IFCT2017,M014
GF-ING-00328,?. Thool,Kashmiri,regional_name,SRC-IFCT2017,M014
GF-ING-00328,?. Pylleng,Khasi,regional_name,SRC-IFCT2017,M014
GF-ING-00328,?. Tanti,Kon,regional_name,SRC-IFCT2017,M014
GF-ING-00328,Kaada Mutta,Malayalam,regional_name,SRC-IFCT2017,M014
GF-ING-00328,?. Yairum,Manipuri,regional_name,SRC-IFCT2017,M014
GF-ING-00328,Lavari Ande,Marathi,regional_name,SRC-IFCT2017,M014
GF-ING-00328,Batai ko Anda,Nepali,regional_name,SRC-IFCT2017,M014
GF-ING-00328,Batera Anda,Odia,regional_name,SRC-IFCT2017,M014
GF-ING-00328,Bater da Anda,Punjabi,regional_name,SRC-IFCT2017,M014
GF-ING-00328,Kaadai Muttai,Tamil,regional_name,SRC-IFCT2017,M014
GF-ING-00328,Burusu Pitta Guddu,Telugu,regional_name,SRC-IFCT2017,M014
GF-ING-00328,Bater ka Anda.,Urdu,regional_name,SRC-IFCT2017,M014
GF-ING-00329,"Egg, quial, whole, boiled",English,source_name,SRC-IFCT2017,M015
GF-ING-00329,Xijoa ?. Koni,Assamese,regional_name,SRC-IFCT2017,M015
GF-ING-00329,Sheddho Bater Dim,Bengali,regional_name,SRC-IFCT2017,M015
GF-ING-00329,Bafelu ?. Indu,Gujarati,regional_name,SRC-IFCT2017,M015
GF-ING-00329,Ubla Bater ka Anda,Hindi,regional_name,SRC-IFCT2017,M015
GF-ING-00329,Beyisida ?. Motte,Kannada,regional_name,SRC-IFCT2017,M015
GF-ING-00329,Hukyun ?. Thool,Kashmiri,regional_name,SRC-IFCT2017,M015
GF-ING-00329,?. Pylleng Thnam,Khasi,regional_name,SRC-IFCT2017,M015
GF-ING-00329,Ukdil'lem ?. Tanti,Kon,regional_name,SRC-IFCT2017,M015
GF-ING-00329,Puzhungiya Kaada Mutta,Malayalam,regional_name,SRC-IFCT2017,M015
GF-ING-00329,?. Yairum Tathpa,Manipuri,regional_name,SRC-IFCT2017,M015
GF-ING-00329,Ukadlele Lavari Ande,Marathi,regional_name,SRC-IFCT2017,M015
GF-ING-00329,Usineko Batai ko Anda,Nepali,regional_name,SRC-IFCT2017,M015
GF-ING-00329,Sijha Batera Anda,Odia,regional_name,SRC-IFCT2017,M015
GF-ING-00329,Ublia Bater da Anda,Punjabi,regional_name,SRC-IFCT2017,M015
GF-ING-00329,Avitha Kaadai Muttai,Tamil,regional_name,SRC-IFCT2017,M015
GF-ING-00329,Udikinchina Burusu Pitta Guddu,Telugu,regional_name,SRC-IFCT2017,M015
GF-ING-00329,Ubla Bater ka Anda.,Urdu,regional_name,SRC-IFCT2017,M015
GF-ING-00330,"Chicken, poultry, leg, skinless",English,source_name,SRC-IFCT2017,N001
GF-ING-00330,Murgir Theng/Bhori,Assamese,regional_name,SRC-IFCT2017,N001
GF-ING-00330,Murgir Thyang/Ran,Bengali,regional_name,SRC-IFCT2017,N001
GF-ING-00330,Marghi ni Tang,Gujarati,regional_name,SRC-IFCT2017,N001
GF-ING-00330,Murga Tang/Murgi ki Raan,Hindi,regional_name,SRC-IFCT2017,N001
GF-ING-00330,Koli Kaalu,Kannada,regional_name,SRC-IFCT2017,N001
GF-ING-00330,Syiar Kjat,Khasi,regional_name,SRC-IFCT2017,N001
GF-ING-00330,Kombi Paayn/Paanv,Kon,regional_name,SRC-IFCT2017,N001
GF-ING-00330,Kozhi Kaal,Malayalam,regional_name,SRC-IFCT2017,N001
GF-ING-00330,Yen Khong,Manipuri,regional_name,SRC-IFCT2017,N001
GF-ING-00330,Kombdi Tangdi/Mandi,Marathi,regional_name,SRC-IFCT2017,N001
GF-ING-00330,Kukhura ko Khutta,Nepali,regional_name,SRC-IFCT2017,N001
GF-ING-00330,Kukuda Goda,Odia,regional_name,SRC-IFCT2017,N001
GF-ING-00330,Murge di Latt/Raan,Punjabi,regional_name,SRC-IFCT2017,N001
GF-ING-00330,Kozhi Kaal,Tamil,regional_name,SRC-IFCT2017,N001
GF-ING-00330,Kodi Kaallu,Telugu,regional_name,SRC-IFCT2017,N001
GF-ING-00330,Murgh ki Tang/Raan.,Urdu,regional_name,SRC-IFCT2017,N001
GF-ING-00331,"Chicken, poultry, thigh, skinless",English,source_name,SRC-IFCT2017,N002
GF-ING-00331,Murgir Ran,Assamese,regional_name,SRC-IFCT2017,N002
GF-ING-00331,Murgir Ran,Bengali,regional_name,SRC-IFCT2017,N002
GF-ING-00331,Marghi ni Saathal,Gujarati,regional_name,SRC-IFCT2017,N002
GF-ING-00331,Murge ki Raan/Jangh,Hindi,regional_name,SRC-IFCT2017,N002
GF-ING-00331,Koli Thode,Kannada,regional_name,SRC-IFCT2017,N002
GF-ING-00331,Syiar Lbong,Khasi,regional_name,SRC-IFCT2017,N002
GF-ING-00331,Kombiecho Mandi,Kon,regional_name,SRC-IFCT2017,N002
GF-ING-00331,Kozhi Thuda,Malayalam,regional_name,SRC-IFCT2017,N002
GF-ING-00331,Yenpham,Manipuri,regional_name,SRC-IFCT2017,N002
GF-ING-00331,Kombdichi Mandi,Marathi,regional_name,SRC-IFCT2017,N002
GF-ING-00331,Kukhura ko Tighra,Nepali,regional_name,SRC-IFCT2017,N002
GF-ING-00331,Kukuda Ran,Odia,regional_name,SRC-IFCT2017,N002
GF-ING-00331,Murge di Patt/Raan,Punjabi,regional_name,SRC-IFCT2017,N002
GF-ING-00331,Kozhi Thodai,Tamil,regional_name,SRC-IFCT2017,N002
GF-ING-00331,Kodi Thodala Mamsam,Telugu,regional_name,SRC-IFCT2017,N002
GF-ING-00331,Murgh ki Raan.,Urdu,regional_name,SRC-IFCT2017,N002
GF-ING-00332,"Chicken, poultry, breast, skinless",English,source_name,SRC-IFCT2017,N003
GF-ING-00332,Murgir Buku,Assamese,regional_name,SRC-IFCT2017,N003
GF-ING-00332,Murgir Book,Bengali,regional_name,SRC-IFCT2017,N003
GF-ING-00332,Marghi ni Chhaati,Gujarati,regional_name,SRC-IFCT2017,N003
GF-ING-00332,Murge ka Seena,Hindi,regional_name,SRC-IFCT2017,N003
GF-ING-00332,Koli Ede Mamsa,Kannada,regional_name,SRC-IFCT2017,N003
GF-ING-00332,Syiar Shadem,Khasi,regional_name,SRC-IFCT2017,N003
GF-ING-00332,Kombiechem Hadoo,Kon,regional_name,SRC-IFCT2017,N003
GF-ING-00332,Kozhi Maaridam/Nenju,Malayalam,regional_name,SRC-IFCT2017,N003
GF-ING-00332,Yen Thangbak,Manipuri,regional_name,SRC-IFCT2017,N003
GF-ING-00332,Kombdichi Chhaati,Marathi,regional_name,SRC-IFCT2017,N003
GF-ING-00332,Kukhura ko Chhati,Nepali,regional_name,SRC-IFCT2017,N003
GF-ING-00332,Kukuda Chhati,Odia,regional_name,SRC-IFCT2017,N003
GF-ING-00332,Murge da Seena,Punjabi,regional_name,SRC-IFCT2017,N003
GF-ING-00332,Kozhi Maarbu Kari,Tamil,regional_name,SRC-IFCT2017,N003
GF-ING-00332,Kodi Chaati Mamsam,Telugu,regional_name,SRC-IFCT2017,N003
GF-ING-00332,Murgh ka Seena.,Urdu,regional_name,SRC-IFCT2017,N003
GF-ING-00333,"Chicken, poultry, wing, skinless",English,source_name,SRC-IFCT2017,N004
GF-ING-00333,Murgir Pakhi,Assamese,regional_name,SRC-IFCT2017,N004
GF-ING-00333,Murgir Dana/Pakha,Bengali,regional_name,SRC-IFCT2017,N004
GF-ING-00333,Marghi ni Pankh,Gujarati,regional_name,SRC-IFCT2017,N004
GF-ING-00333,Murge ka Par/Pankh,Hindi,regional_name,SRC-IFCT2017,N004
GF-ING-00333,Koli Rekke,Kannada,regional_name,SRC-IFCT2017,N004
GF-ING-00333,Syiar Thapniang,Khasi,regional_name,SRC-IFCT2017,N004
GF-ING-00333,Kombiechem Pakhattem,Kon,regional_name,SRC-IFCT2017,N004
GF-ING-00333,Kozhi Chiraku,Malayalam,regional_name,SRC-IFCT2017,N004
GF-ING-00333,Yen Manam,Manipuri,regional_name,SRC-IFCT2017,N004
GF-ING-00333,Kombdiche Pankh,Marathi,regional_name,SRC-IFCT2017,N004
GF-ING-00333,Kukhura ko Pankheta,Nepali,regional_name,SRC-IFCT2017,N004
GF-ING-00333,Kukuda Dena,Odia,regional_name,SRC-IFCT2017,N004
GF-ING-00333,Murge da Par,Punjabi,regional_name,SRC-IFCT2017,N004
GF-ING-00333,Kozhi Irakkai,Tamil,regional_name,SRC-IFCT2017,N004
GF-ING-00333,Kodi Rekka,Telugu,regional_name,SRC-IFCT2017,N004
GF-ING-00333,Murgh ka Par.,Urdu,regional_name,SRC-IFCT2017,N004
GF-ING-00334,"Poultry, chicken, liver",English,source_name,SRC-IFCT2017,N005
GF-ING-00334,Murgir Kolija,Assamese,regional_name,SRC-IFCT2017,N005
GF-ING-00334,Murgir Mete/Kolija,Bengali,regional_name,SRC-IFCT2017,N005
GF-ING-00334,Marghi nu Kaleju,Gujarati,regional_name,SRC-IFCT2017,N005
GF-ING-00334,Murge ki Kaleji,Hindi,regional_name,SRC-IFCT2017,N005
GF-ING-00334,Koli Yakrit/Pittakosha,Kannada,regional_name,SRC-IFCT2017,N005
GF-ING-00334,Syiar Dohjem,Khasi,regional_name,SRC-IFCT2017,N005
GF-ING-00334,Kombiechem Kalliz,Kon,regional_name,SRC-IFCT2017,N005
GF-ING-00334,Kozhi Karal,Malayalam,regional_name,SRC-IFCT2017,N005
GF-ING-00334,Yen Thin,Manipuri,regional_name,SRC-IFCT2017,N005
GF-ING-00334,Kombdiche Kaleji,Marathi,regional_name,SRC-IFCT2017,N005
GF-ING-00334,Kukhura ko Kalejo,Nepali,regional_name,SRC-IFCT2017,N005
GF-ING-00334,Kukuda Kalija,Odia,regional_name,SRC-IFCT2017,N005
GF-ING-00334,Murge di Kaleji,Punjabi,regional_name,SRC-IFCT2017,N005
GF-ING-00334,Kozhi Eeral,Tamil,regional_name,SRC-IFCT2017,N005
GF-ING-00334,Kodi Kaleyam,Telugu,regional_name,SRC-IFCT2017,N005
GF-ING-00334,Murgh ki Kaleji.,Urdu,regional_name,SRC-IFCT2017,N005
GF-ING-00335,"Poultry, chicken, gizzard",English,source_name,SRC-IFCT2017,N006
GF-ING-00335,Murgir Pathri,Assamese,regional_name,SRC-IFCT2017,N006
GF-ING-00335,Murgir Gila,Bengali,regional_name,SRC-IFCT2017,N006
GF-ING-00335,Marghi ni Pathri,Gujarati,regional_name,SRC-IFCT2017,N006
GF-ING-00335,Murge ki Pathri/Sangdana,Hindi,regional_name,SRC-IFCT2017,N006
GF-ING-00335,Koli Gijjarda,Kannada,regional_name,SRC-IFCT2017,N006
GF-ING-00335,?.,Khasi,regional_name,SRC-IFCT2017,N006
GF-ING-00335,Kombiechem Pot,Kon,regional_name,SRC-IFCT2017,N006
GF-ING-00335,Kozhi Avanakkaaya,Malayalam,regional_name,SRC-IFCT2017,N006
GF-ING-00335,Yen Kok,Manipuri,regional_name,SRC-IFCT2017,N006
GF-ING-00335,Kombdiche Pot/Vajri,Marathi,regional_name,SRC-IFCT2017,N006
GF-ING-00335,Kukhura ko Jyanamara,Nepali,regional_name,SRC-IFCT2017,N006
GF-ING-00335,Kukuda Pathri,Odia,regional_name,SRC-IFCT2017,N006
GF-ING-00335,Murge di Pathri,Punjabi,regional_name,SRC-IFCT2017,N006
GF-ING-00335,Kozhi Gundaikkai,Tamil,regional_name,SRC-IFCT2017,N006
GF-ING-00335,Kodi Gizzardu,Telugu,regional_name,SRC-IFCT2017,N006
GF-ING-00335,Murgh ki Pathri.,Urdu,regional_name,SRC-IFCT2017,N006
GF-ING-00336,"Country hen, leg, with skin",English,source_name,SRC-IFCT2017,N007
GF-ING-00336,Ghironiya Murgir Theng/Bhori,Assamese,regional_name,SRC-IFCT2017,N007
GF-ING-00336,Deshi Murgir Thyang/Ran,Bengali,regional_name,SRC-IFCT2017,N007
GF-ING-00336,Desi Marghi ni Tang,Gujarati,regional_name,SRC-IFCT2017,N007
GF-ING-00336,Desi Murge ki Tang/Raan,Hindi,regional_name,SRC-IFCT2017,N007
GF-ING-00336,Naati Koli Kaalu,Kannada,regional_name,SRC-IFCT2017,N007
GF-ING-00336,Syiar Shnong Kjat,Khasi,regional_name,SRC-IFCT2017,N007
GF-ING-00336,Gavtti Kombiecho Paayn,Kon,regional_name,SRC-IFCT2017,N007
GF-ING-00336,Naadan Kozhi Kaal,Malayalam,regional_name,SRC-IFCT2017,N007
GF-ING-00336,Yumshan Yen Khong,Manipuri,regional_name,SRC-IFCT2017,N007
GF-ING-00336,Gavran Kombdichi Tangdi,Marathi,regional_name,SRC-IFCT2017,N007
GF-ING-00336,Sthaniya Kukhura ko Khutta,Nepali,regional_name,SRC-IFCT2017,N007
GF-ING-00336,Desi Kukuda Goda,Odia,regional_name,SRC-IFCT2017,N007
GF-ING-00336,Desi Murge di Latt/Raan,Punjabi,regional_name,SRC-IFCT2017,N007
GF-ING-00336,Naattu Kozhi Kaal,Tamil,regional_name,SRC-IFCT2017,N007
GF-ING-00336,Naatu Kodi Kaallu,Telugu,regional_name,SRC-IFCT2017,N007
GF-ING-00336,Desi Murgh ki Tang/Raan.,Urdu,regional_name,SRC-IFCT2017,N007
GF-ING-00337,"Country hen, thigh, with skin",English,source_name,SRC-IFCT2017,N008
GF-ING-00337,Ghironiya Murgir Ran,Assamese,regional_name,SRC-IFCT2017,N008
GF-ING-00337,Deshi Murgir Ran,Bengali,regional_name,SRC-IFCT2017,N008
GF-ING-00337,Desi Marghi ni Saathal,Gujarati,regional_name,SRC-IFCT2017,N008
GF-ING-00337,Desi Murge ki Raan/Jangh,Hindi,regional_name,SRC-IFCT2017,N008
GF-ING-00337,Naati Koli Thode,Kannada,regional_name,SRC-IFCT2017,N008
GF-ING-00337,Syiar Shnong Lbong,Khasi,regional_name,SRC-IFCT2017,N008
GF-ING-00337,Gavtti Kombiecho Mandi,Kon,regional_name,SRC-IFCT2017,N008
GF-ING-00337,Naadan Kozhi Thuda,Malayalam,regional_name,SRC-IFCT2017,N008
GF-ING-00337,Yumshan Yenpham,Manipuri,regional_name,SRC-IFCT2017,N008
GF-ING-00337,Gavran Kombdichi Mandi,Marathi,regional_name,SRC-IFCT2017,N008
GF-ING-00337,Sthaniya Kukhura ko Tighra,Nepali,regional_name,SRC-IFCT2017,N008
GF-ING-00337,Desi Kukuda Ran,Odia,regional_name,SRC-IFCT2017,N008
GF-ING-00337,Desi Murge di Patt/Raan,Punjabi,regional_name,SRC-IFCT2017,N008
GF-ING-00337,Naattu Kozhi Thodai,Tamil,regional_name,SRC-IFCT2017,N008
GF-ING-00337,Naatu Kodi Thodala Mamsam,Telugu,regional_name,SRC-IFCT2017,N008
GF-ING-00337,Desi Murgh ki Raan.,Urdu,regional_name,SRC-IFCT2017,N008
GF-ING-00338,"Country hen, breast, with skin",English,source_name,SRC-IFCT2017,N009
GF-ING-00338,Ghironiya Murgir Buku,Assamese,regional_name,SRC-IFCT2017,N009
GF-ING-00338,Deshi Murgir Book,Bengali,regional_name,SRC-IFCT2017,N009
GF-ING-00338,Desi Marghi ni Chhaati,Gujarati,regional_name,SRC-IFCT2017,N009
GF-ING-00338,Desi Murge ka Seena,Hindi,regional_name,SRC-IFCT2017,N009
GF-ING-00338,Naati Koli Ede Mamsa,Kannada,regional_name,SRC-IFCT2017,N009
GF-ING-00338,Syiar Shnong Shadem,Khasi,regional_name,SRC-IFCT2017,N009
GF-ING-00338,Gavtti Kombiechem Hadoo,Kon,regional_name,SRC-IFCT2017,N009
GF-ING-00338,Naadan Kozhi Maaridam/Nenju,Malayalam,regional_name,SRC-IFCT2017,N009
GF-ING-00338,Yumshan Yen Thangbak,Manipuri,regional_name,SRC-IFCT2017,N009
GF-ING-00338,Gavran Kombdichi Chhaati,Marathi,regional_name,SRC-IFCT2017,N009
GF-ING-00338,Sthaniya Kukhura ko Chhati,Nepali,regional_name,SRC-IFCT2017,N009
GF-ING-00338,Desi Kukuda Chhati,Odia,regional_name,SRC-IFCT2017,N009
GF-ING-00338,Desi Murge da Seena,Punjabi,regional_name,SRC-IFCT2017,N009
GF-ING-00338,Naattu Kozhi Maarbu Kari,Tamil,regional_name,SRC-IFCT2017,N009
GF-ING-00338,Naatu Kodi Chaati Mamsam,Telugu,regional_name,SRC-IFCT2017,N009
GF-ING-00338,Desi Murgh ka Seena.,Urdu,regional_name,SRC-IFCT2017,N009
GF-ING-00339,"Country hen, wing, with skin",English,source_name,SRC-IFCT2017,N010
GF-ING-00339,Ghironiya Murgir Pakhi,Assamese,regional_name,SRC-IFCT2017,N010
GF-ING-00339,Deshi Murgir Dana/Pakha,Bengali,regional_name,SRC-IFCT2017,N010
GF-ING-00339,Desi Marghi ni Pankh,Gujarati,regional_name,SRC-IFCT2017,N010
GF-ING-00339,Desi Murge ka Par/Pankh,Hindi,regional_name,SRC-IFCT2017,N010
GF-ING-00339,Naati Koli Rekke,Kannada,regional_name,SRC-IFCT2017,N010
GF-ING-00339,Syiar Shnong Thapniang,Khasi,regional_name,SRC-IFCT2017,N010
GF-ING-00339,Gavtti Kombiechem Pakhattem,Kon,regional_name,SRC-IFCT2017,N010
GF-ING-00339,Naadan Kozhi Chiraku,Malayalam,regional_name,SRC-IFCT2017,N010
GF-ING-00339,Yumshan Yen Manam,Manipuri,regional_name,SRC-IFCT2017,N010
GF-ING-00339,Gavran Kombdiche Pankh,Marathi,regional_name,SRC-IFCT2017,N010
GF-ING-00339,Sthaniya Kukhura ko Pankheta,Nepali,regional_name,SRC-IFCT2017,N010
GF-ING-00339,Desi Kukuda Dena,Odia,regional_name,SRC-IFCT2017,N010
GF-ING-00339,Desi Murge da Par,Punjabi,regional_name,SRC-IFCT2017,N010
GF-ING-00339,Naattu Kozhi Irakkai,Tamil,regional_name,SRC-IFCT2017,N010
GF-ING-00339,Naatu Kodi Rekka,Telugu,regional_name,SRC-IFCT2017,N010
GF-ING-00339,Desi Murgh ka Par.,Urdu,regional_name,SRC-IFCT2017,N010
GF-ING-00340,"Duck, meat, with skin",English,source_name,SRC-IFCT2017,N011
GF-ING-00340,Hahor Mangho,Assamese,regional_name,SRC-IFCT2017,N011
GF-ING-00340,Haasher Mangsho,Bengali,regional_name,SRC-IFCT2017,N011
GF-ING-00340,Batak nu Mas,Gujarati,regional_name,SRC-IFCT2017,N011
GF-ING-00340,Batakh ka Gosht,Hindi,regional_name,SRC-IFCT2017,N011
GF-ING-00340,Batu Mamsa,Kannada,regional_name,SRC-IFCT2017,N011
GF-ING-00340,Doh Sniang,Khasi,regional_name,SRC-IFCT2017,N011
GF-ING-00340,Badkachem Maas,Kon,regional_name,SRC-IFCT2017,N011
GF-ING-00340,Thaaraavu Irachi,Malayalam,regional_name,SRC-IFCT2017,N011
GF-ING-00340,Nganu Sha,Manipuri,regional_name,SRC-IFCT2017,N011
GF-ING-00340,Badakache Mas,Marathi,regional_name,SRC-IFCT2017,N011
GF-ING-00340,Haas ko Masu,Nepali,regional_name,SRC-IFCT2017,N011
GF-ING-00340,Bataka Mansa,Odia,regional_name,SRC-IFCT2017,N011
GF-ING-00340,Batakh da Gosht,Punjabi,regional_name,SRC-IFCT2017,N011
GF-ING-00340,Vaathu Irachi,Tamil,regional_name,SRC-IFCT2017,N011
GF-ING-00340,Baathu Mamsam,Telugu,regional_name,SRC-IFCT2017,N011
GF-ING-00340,Batakh ka Gosht.,Urdu,regional_name,SRC-IFCT2017,N011
GF-ING-00341,"Emu, meat, skinless",English,source_name,SRC-IFCT2017,N012
GF-ING-00341,Emu Gosht,Hindi,regional_name,SRC-IFCT2017,N012
GF-ING-00341,Emu Kari,Tamil,regional_name,SRC-IFCT2017,N012
GF-ING-00341,Emu Mamsam. (Names in other languages are less common or borrowed).,Telugu,regional_name,SRC-IFCT2017,N012
GF-ING-00342,"Guinea fowl, meat, with skin",English,source_name,SRC-IFCT2017,N013
GF-ING-00342,Guinea Murga Gosht,Hindi,regional_name,SRC-IFCT2017,N013
GF-ING-00342,Guinea Kozhi Kari,Tamil,regional_name,SRC-IFCT2017,N013
GF-ING-00342,Guinea Kodi Mamsam. (Names often descriptive combinations).,Telugu,regional_name,SRC-IFCT2017,N013
GF-ING-00343,"Pigeon, meat, with skin",English,source_name,SRC-IFCT2017,N014
GF-ING-00343,Paror Mangho,Assamese,regional_name,SRC-IFCT2017,N014
GF-ING-00343,Payra Mangsho,Bengali,regional_name,SRC-IFCT2017,N014
GF-ING-00343,Kabutar nu Mas,Gujarati,regional_name,SRC-IFCT2017,N014
GF-ING-00343,Kabutar ka Gosht,Hindi,regional_name,SRC-IFCT2017,N014
GF-ING-00343,Paarivaala Mamsa,Kannada,regional_name,SRC-IFCT2017,N014
GF-ING-00343,Paro Doh,Khasi,regional_name,SRC-IFCT2017,N014
GF-ING-00343,Parveachem Maas,Kon,regional_name,SRC-IFCT2017,N014
GF-ING-00343,Praavu Irachi,Malayalam,regional_name,SRC-IFCT2017,N014
GF-ING-00343,Khunu Sha,Manipuri,regional_name,SRC-IFCT2017,N014
GF-ING-00343,Kabutarache Mas,Marathi,regional_name,SRC-IFCT2017,N014
GF-ING-00343,Parewa ko Masu,Nepali,regional_name,SRC-IFCT2017,N014
GF-ING-00343,Para Mansa,Odia,regional_name,SRC-IFCT2017,N014
GF-ING-00343,Kabutar da Gosht,Punjabi,regional_name,SRC-IFCT2017,N014
GF-ING-00343,Puraa Irachi,Tamil,regional_name,SRC-IFCT2017,N014
GF-ING-00343,Paavuramu Mamsam,Telugu,regional_name,SRC-IFCT2017,N014
GF-ING-00343,Kabutar ka Gosht.,Urdu,regional_name,SRC-IFCT2017,N014
GF-ING-00344,"Quail, meat, skinless",English,source_name,SRC-IFCT2017,N015
GF-ING-00344,?. Mangho,Assamese,regional_name,SRC-IFCT2017,N015
GF-ING-00344,Bater Mangsho,Bengali,regional_name,SRC-IFCT2017,N015
GF-ING-00344,?. Mas,Gujarati,regional_name,SRC-IFCT2017,N015
GF-ING-00344,Bater ka Gosht,Hindi,regional_name,SRC-IFCT2017,N015
GF-ING-00344,?. Mamsa,Kannada,regional_name,SRC-IFCT2017,N015
GF-ING-00344,?. Doh,Khasi,regional_name,SRC-IFCT2017,N015
GF-ING-00344,?. Maas,Kon,regional_name,SRC-IFCT2017,N015
GF-ING-00344,Kaada Irachi,Malayalam,regional_name,SRC-IFCT2017,N015
GF-ING-00344,?. Sha,Manipuri,regional_name,SRC-IFCT2017,N015
GF-ING-00344,Lavari Mas,Marathi,regional_name,SRC-IFCT2017,N015
GF-ING-00344,Batai ko Masu,Nepali,regional_name,SRC-IFCT2017,N015
GF-ING-00344,Batera Mansa,Odia,regional_name,SRC-IFCT2017,N015
GF-ING-00344,Bater da Gosht,Punjabi,regional_name,SRC-IFCT2017,N015
GF-ING-00344,Kaadai Irachi,Tamil,regional_name,SRC-IFCT2017,N015
GF-ING-00344,Burusu Pitta Mamsam,Telugu,regional_name,SRC-IFCT2017,N015
GF-ING-00344,Bater ka Gosht.,Urdu,regional_name,SRC-IFCT2017,N015
GF-ING-00345,"Turkey, leg, with skin",English,source_name,SRC-IFCT2017,N016
GF-ING-00345,Turkey ki Tang/Raan,Hindi,regional_name,SRC-IFCT2017,N016
GF-ING-00345,Turkey Kaal,Tamil,regional_name,SRC-IFCT2017,N016
GF-ING-00345,Turkey Kaallu. (Often borrowed name + leg term).,Telugu,regional_name,SRC-IFCT2017,N016
GF-ING-00346,"Turkey, thigh, with skin",English,source_name,SRC-IFCT2017,N017
GF-ING-00346,Turkey ki Raan/Jangh,Hindi,regional_name,SRC-IFCT2017,N017
GF-ING-00346,Turkey Thodai,Tamil,regional_name,SRC-IFCT2017,N017
GF-ING-00346,Turkey Thodalu.,Telugu,regional_name,SRC-IFCT2017,N017
GF-ING-00347,"Turkey, breast, with skin",English,source_name,SRC-IFCT2017,N018
GF-ING-00347,Turkey ka Seena,Hindi,regional_name,SRC-IFCT2017,N018
GF-ING-00347,Turkey Maarbu Kari,Tamil,regional_name,SRC-IFCT2017,N018
GF-ING-00347,Turkey Chaati Mamsam.,Telugu,regional_name,SRC-IFCT2017,N018
GF-ING-00348,"Turkey, wing, with skin",English,source_name,SRC-IFCT2017,N019
GF-ING-00348,Turkey ka Par/Pankh,Hindi,regional_name,SRC-IFCT2017,N019
GF-ING-00348,Turkey Irakkai,Tamil,regional_name,SRC-IFCT2017,N019
GF-ING-00348,Turkey Rekka.,Telugu,regional_name,SRC-IFCT2017,N019
GF-ING-00349,"Goat, shoulder, meat",English,source_name,SRC-IFCT2017,O001
GF-ING-00349,Sagolir Kandh,Assamese,regional_name,SRC-IFCT2017,O001
GF-ING-00349,Pathar Kandh,Bengali,regional_name,SRC-IFCT2017,O001
GF-ING-00349,Bakri no Khabho,Gujarati,regional_name,SRC-IFCT2017,O001
GF-ING-00349,Bakre ka Kandha/Dast,Hindi,regional_name,SRC-IFCT2017,O001
GF-ING-00349,Aadina/Meke Bhujada Mamsa,Kannada,regional_name,SRC-IFCT2017,O001
GF-ING-00349,Blang Tyrpeng,Khasi,regional_name,SRC-IFCT2017,O001
GF-ING-00349,Bokdyaacho Khand,Kon,regional_name,SRC-IFCT2017,O001
GF-ING-00349,Aattin Chumal Irachi,Malayalam,regional_name,SRC-IFCT2017,O001
GF-ING-00349,Hameng Leikha?,Manipuri,regional_name,SRC-IFCT2017,O001
GF-ING-00349,Bakriche Khande,Marathi,regional_name,SRC-IFCT2017,O001
GF-ING-00349,Bakhrako Kaandh,Nepali,regional_name,SRC-IFCT2017,O001
GF-ING-00349,Chheli Kandha Mansa,Odia,regional_name,SRC-IFCT2017,O001
GF-ING-00349,Bakre da Modha,Punjabi,regional_name,SRC-IFCT2017,O001
GF-ING-00349,Aattu Tholpattai Kari,Tamil,regional_name,SRC-IFCT2017,O001
GF-ING-00349,Meka Bhujamu Mamsam,Telugu,regional_name,SRC-IFCT2017,O001
GF-ING-00349,Bakre ka Kandha/Shana.,Urdu,regional_name,SRC-IFCT2017,O001
GF-ING-00350,"Goat, chops",English,source_name,SRC-IFCT2017,O002
GF-ING-00350,Pathar Chaap,Bengali,regional_name,SRC-IFCT2017,O002
GF-ING-00350,Bakre ki Champ,Hindi,regional_name,SRC-IFCT2017,O002
GF-ING-00350,Bakre di Champ,Punjabi,regional_name,SRC-IFCT2017,O002
GF-ING-00350,Bakre ki Champ. (Often borrowed term 'Chop/Champ').,Urdu,regional_name,SRC-IFCT2017,O002
GF-ING-00351,"Goat, legs",English,source_name,SRC-IFCT2017,O003
GF-ING-00351,Sagolir Theng,Assamese,regional_name,SRC-IFCT2017,O003
GF-ING-00351,Pathar Thyang,Bengali,regional_name,SRC-IFCT2017,O003
GF-ING-00351,Bakri na Tang,Gujarati,regional_name,SRC-IFCT2017,O003
GF-ING-00351,Bakre ki Tangein,Hindi,regional_name,SRC-IFCT2017,O003
GF-ING-00351,Aadina/Meke Kaalugalu,Kannada,regional_name,SRC-IFCT2017,O003
GF-ING-00351,Blang Kjat,Khasi,regional_name,SRC-IFCT2017,O003
GF-ING-00351,Bokdyaachem Paayn,Kon,regional_name,SRC-IFCT2017,O003
GF-ING-00351,Aattin Kaalukal,Malayalam,regional_name,SRC-IFCT2017,O003
GF-ING-00351,Hameng Khong,Manipuri,regional_name,SRC-IFCT2017,O003
GF-ING-00351,Bakriche Paay,Marathi,regional_name,SRC-IFCT2017,O003
GF-ING-00351,Bakhrako Khutta,Nepali,regional_name,SRC-IFCT2017,O003
GF-ING-00351,Chheli Goda,Odia,regional_name,SRC-IFCT2017,O003
GF-ING-00351,Bakre di Lattein,Punjabi,regional_name,SRC-IFCT2017,O003
GF-ING-00351,Aattu Kaalgal,Tamil,regional_name,SRC-IFCT2017,O003
GF-ING-00351,Meka Kaallu,Telugu,regional_name,SRC-IFCT2017,O003
GF-ING-00351,Bakre ki Tangein.,Urdu,regional_name,SRC-IFCT2017,O003
GF-ING-00352,"Goat, brain",English,source_name,SRC-IFCT2017,O004
GF-ING-00352,Sagolir Mogoj,Assamese,regional_name,SRC-IFCT2017,O004
GF-ING-00352,Pathar Magaj,Bengali,regional_name,SRC-IFCT2017,O004
GF-ING-00352,Bakri nu Bheju,Gujarati,regional_name,SRC-IFCT2017,O004
GF-ING-00352,Bakre ka Bheja/Maghaz,Hindi,regional_name,SRC-IFCT2017,O004
GF-ING-00352,Aadina/Meke Medulu,Kannada,regional_name,SRC-IFCT2017,O004
GF-ING-00352,Blang Jynkhlieh,Khasi,regional_name,SRC-IFCT2017,O004
GF-ING-00352,Bokdyaacho Mendu,Kon,regional_name,SRC-IFCT2017,O004
GF-ING-00352,Aattin Thalacchoru,Malayalam,regional_name,SRC-IFCT2017,O004
GF-ING-00352,Hameng Kok?,Manipuri,regional_name,SRC-IFCT2017,O004
GF-ING-00352,Bakricha Mendu,Marathi,regional_name,SRC-IFCT2017,O004
GF-ING-00352,Bakhrako Gidi,Nepali,regional_name,SRC-IFCT2017,O004
GF-ING-00352,Chheli Mogoj,Odia,regional_name,SRC-IFCT2017,O004
GF-ING-00352,Bakre da Bheja,Punjabi,regional_name,SRC-IFCT2017,O004
GF-ING-00352,Aattu Moolai,Tamil,regional_name,SRC-IFCT2017,O004
GF-ING-00352,Meka Medadu,Telugu,regional_name,SRC-IFCT2017,O004
GF-ING-00352,Bakre ka Maghaz.,Urdu,regional_name,SRC-IFCT2017,O004
GF-ING-00353,"Goat, tongue",English,source_name,SRC-IFCT2017,O005
GF-ING-00353,Sagolir Jibha,Assamese,regional_name,SRC-IFCT2017,O005
GF-ING-00353,Pathar Jibh,Bengali,regional_name,SRC-IFCT2017,O005
GF-ING-00353,Bakri ni Jeebh,Gujarati,regional_name,SRC-IFCT2017,O005
GF-ING-00353,Bakre ki Zabaan/Jeebh,Hindi,regional_name,SRC-IFCT2017,O005
GF-ING-00353,Aadina/Meke Naalige,Kannada,regional_name,SRC-IFCT2017,O005
GF-ING-00353,Blang Thyndiat?,Khasi,regional_name,SRC-IFCT2017,O005
GF-ING-00353,Bokdyaachi Jeeb,Kon,regional_name,SRC-IFCT2017,O005
GF-ING-00353,Aattin Naavu,Malayalam,regional_name,SRC-IFCT2017,O005
GF-ING-00353,Hameng Lei,Manipuri,regional_name,SRC-IFCT2017,O005
GF-ING-00353,Bakrichi Jeebh,Marathi,regional_name,SRC-IFCT2017,O005
GF-ING-00353,Bakhrako Jibro,Nepali,regional_name,SRC-IFCT2017,O005
GF-ING-00353,Chheli Jibha,Odia,regional_name,SRC-IFCT2017,O005
GF-ING-00353,Bakre di Jeebh,Punjabi,regional_name,SRC-IFCT2017,O005
GF-ING-00353,Aattu Naakku,Tamil,regional_name,SRC-IFCT2017,O005
GF-ING-00353,Meka Naluka,Telugu,regional_name,SRC-IFCT2017,O005
GF-ING-00353,Bakre ki Zabaan.,Urdu,regional_name,SRC-IFCT2017,O005
GF-ING-00354,"Goat, lungs",English,source_name,SRC-IFCT2017,O006
GF-ING-00354,Sagolir Phopsa,Assamese,regional_name,SRC-IFCT2017,O006
GF-ING-00354,Pathar Phusphus,Bengali,regional_name,SRC-IFCT2017,O006
GF-ING-00354,Bakri na Fefsa,Gujarati,regional_name,SRC-IFCT2017,O006
GF-ING-00354,Bakre ke Phephde,Hindi,regional_name,SRC-IFCT2017,O006
GF-ING-00354,Aadina/Meke Shwasakosha,Kannada,regional_name,SRC-IFCT2017,O006
GF-ING-00354,Blang Tor?,Khasi,regional_name,SRC-IFCT2017,O006
GF-ING-00354,Bokdyaachem Kalsanchem?,Kon,regional_name,SRC-IFCT2017,O006
GF-ING-00354,Aattin Shwasakosham,Malayalam,regional_name,SRC-IFCT2017,O006
GF-ING-00354,Hameng Thamoimon?,Manipuri,regional_name,SRC-IFCT2017,O006
GF-ING-00354,Bakriche Phupphus,Marathi,regional_name,SRC-IFCT2017,O006
GF-ING-00354,Bakhrako Phokso,Nepali,regional_name,SRC-IFCT2017,O006
GF-ING-00354,Chheli Phusphus,Odia,regional_name,SRC-IFCT2017,O006
GF-ING-00354,Bakre de Phephde,Punjabi,regional_name,SRC-IFCT2017,O006
GF-ING-00354,Aattu Nuraiyeeral,Tamil,regional_name,SRC-IFCT2017,O006
GF-ING-00354,Meka Oopirithitthulu,Telugu,regional_name,SRC-IFCT2017,O006
GF-ING-00354,Bakre ke Phephde.,Urdu,regional_name,SRC-IFCT2017,O006
GF-ING-00355,"Goat, heart",English,source_name,SRC-IFCT2017,O007
GF-ING-00355,Sagolir Hirdaya,Assamese,regional_name,SRC-IFCT2017,O007
GF-ING-00355,Pathar Hritpinda,Bengali,regional_name,SRC-IFCT2017,O007
GF-ING-00355,Bakri nu Haiyu/Dil,Gujarati,regional_name,SRC-IFCT2017,O007
GF-ING-00355,Bakre ka Dil,Hindi,regional_name,SRC-IFCT2017,O007
GF-ING-00355,Aadina/Meke Hrudaya,Kannada,regional_name,SRC-IFCT2017,O007
GF-ING-00355,Blang Klongsnam?,Khasi,regional_name,SRC-IFCT2017,O007
GF-ING-00355,Bokdyaachem Kalliz,Kon,regional_name,SRC-IFCT2017,O007
GF-ING-00355,Aattin Hrudayam,Malayalam,regional_name,SRC-IFCT2017,O007
GF-ING-00355,Hameng Thamoi,Manipuri,regional_name,SRC-IFCT2017,O007
GF-ING-00355,Bakriche Kallij/Rudhaya,Marathi,regional_name,SRC-IFCT2017,O007
GF-ING-00355,Bakhrako Mutu,Nepali,regional_name,SRC-IFCT2017,O007
GF-ING-00355,Chheli Hritpinda,Odia,regional_name,SRC-IFCT2017,O007
GF-ING-00355,Bakre da Dil,Punjabi,regional_name,SRC-IFCT2017,O007
GF-ING-00355,Aattu Idhayam,Tamil,regional_name,SRC-IFCT2017,O007
GF-ING-00355,Meka Gunde,Telugu,regional_name,SRC-IFCT2017,O007
GF-ING-00355,Bakre ka Dil.,Urdu,regional_name,SRC-IFCT2017,O007
GF-ING-00356,"Goat, liver",English,source_name,SRC-IFCT2017,O008
GF-ING-00356,Sagolir Kolija,Assamese,regional_name,SRC-IFCT2017,O008
GF-ING-00356,Pathar Mete/Kolija,Bengali,regional_name,SRC-IFCT2017,O008
GF-ING-00356,Bakri nu Kaleju,Gujarati,regional_name,SRC-IFCT2017,O008
GF-ING-00356,Bakre ki Kaleji,Hindi,regional_name,SRC-IFCT2017,O008
GF-ING-00356,Aadina/Meke Yakrit,Kannada,regional_name,SRC-IFCT2017,O008
GF-ING-00356,Blang Dohjem,Khasi,regional_name,SRC-IFCT2017,O008
GF-ING-00356,Bokdyaachem Kalliz,Kon,regional_name,SRC-IFCT2017,O008
GF-ING-00356,Aattin Karal,Malayalam,regional_name,SRC-IFCT2017,O008
GF-ING-00356,Hameng Thin,Manipuri,regional_name,SRC-IFCT2017,O008
GF-ING-00356,Bakriche Kaleji,Marathi,regional_name,SRC-IFCT2017,O008
GF-ING-00356,Bakhrako Kalejo,Nepali,regional_name,SRC-IFCT2017,O008
GF-ING-00356,Chheli Kalija,Odia,regional_name,SRC-IFCT2017,O008
GF-ING-00356,Bakre di Kaleji,Punjabi,regional_name,SRC-IFCT2017,O008
GF-ING-00356,Aattu Eeral,Tamil,regional_name,SRC-IFCT2017,O008
GF-ING-00356,Meka Kaleyam,Telugu,regional_name,SRC-IFCT2017,O008
GF-ING-00356,Bakre ki Kaleji.,Urdu,regional_name,SRC-IFCT2017,O008
GF-ING-00357,"Goat, tripe",English,source_name,SRC-IFCT2017,O009
GF-ING-00357,Pathar Bhuri/Butt,Bengali,regional_name,SRC-IFCT2017,O009
GF-ING-00357,Bakre ki Ojri/Boti,Hindi,regional_name,SRC-IFCT2017,O009
GF-ING-00357,Aattin Kudal,Malayalam,regional_name,SRC-IFCT2017,O009
GF-ING-00357,Bakrichi Vajri,Marathi,regional_name,SRC-IFCT2017,O009
GF-ING-00357,Chheli Ojhri,Odia,regional_name,SRC-IFCT2017,O009
GF-ING-00357,Bakre di Ojri,Punjabi,regional_name,SRC-IFCT2017,O009
GF-ING-00357,Aattu Kudal,Tamil,regional_name,SRC-IFCT2017,O009
GF-ING-00357,Meka Pottikadupu,Telugu,regional_name,SRC-IFCT2017,O009
GF-ING-00357,Bakre ki Ojri.,Urdu,regional_name,SRC-IFCT2017,O009
GF-ING-00358,"Goat, spleen",English,source_name,SRC-IFCT2017,O010
GF-ING-00358,Sagolir Pliha,Assamese,regional_name,SRC-IFCT2017,O010
GF-ING-00358,Pathar Pliha,Bengali,regional_name,SRC-IFCT2017,O010
GF-ING-00358,Bakri ni Barol,Gujarati,regional_name,SRC-IFCT2017,O010
GF-ING-00358,Bakre ki Tilli,Hindi,regional_name,SRC-IFCT2017,O010
GF-ING-00358,Aadina/Meke Pliha,Kannada,regional_name,SRC-IFCT2017,O010
GF-ING-00358,?.,Khasi,regional_name,SRC-IFCT2017,O010
GF-ING-00358,Bokdyaachem Pano?,Kon,regional_name,SRC-IFCT2017,O010
GF-ING-00358,Aattin Pliha,Malayalam,regional_name,SRC-IFCT2017,O010
GF-ING-00358,Hameng Pliha?,Manipuri,regional_name,SRC-IFCT2017,O010
GF-ING-00358,Bakrichi Panthari,Marathi,regional_name,SRC-IFCT2017,O010
GF-ING-00358,Bakhrako Phiyo,Nepali,regional_name,SRC-IFCT2017,O010
GF-ING-00358,Chheli Pliha,Odia,regional_name,SRC-IFCT2017,O010
GF-ING-00358,Bakre di Tilli,Punjabi,regional_name,SRC-IFCT2017,O010
GF-ING-00358,Aattu Manneral/Suvarotti,Tamil,regional_name,SRC-IFCT2017,O010
GF-ING-00358,Meka Plihamu,Telugu,regional_name,SRC-IFCT2017,O010
GF-ING-00358,Bakre ki Tilli.,Urdu,regional_name,SRC-IFCT2017,O010
GF-ING-00359,"Goat, kidneys",English,source_name,SRC-IFCT2017,O011
GF-ING-00359,Sagolir Kankalam,Assamese,regional_name,SRC-IFCT2017,O011
GF-ING-00359,Pathar Brikko,Bengali,regional_name,SRC-IFCT2017,O011
GF-ING-00359,Bakri na Gurda,Gujarati,regional_name,SRC-IFCT2017,O011
GF-ING-00359,Bakre ke Gurde,Hindi,regional_name,SRC-IFCT2017,O011
GF-ING-00359,Aadina/Meke Mutrapinda,Kannada,regional_name,SRC-IFCT2017,O011
GF-ING-00359,Blang Nier?,Khasi,regional_name,SRC-IFCT2017,O011
GF-ING-00359,Bokdyaachem Mutpin,Kon,regional_name,SRC-IFCT2017,O011
GF-ING-00359,Aattin Vrikka,Malayalam,regional_name,SRC-IFCT2017,O011
GF-ING-00359,?.,Manipuri,regional_name,SRC-IFCT2017,O011
GF-ING-00359,Bakriche Gurde/Mutrapind,Marathi,regional_name,SRC-IFCT2017,O011
GF-ING-00359,Bakhrako Mirgaula,Nepali,regional_name,SRC-IFCT2017,O011
GF-ING-00359,Chheli Brikko,Odia,regional_name,SRC-IFCT2017,O011
GF-ING-00359,Bakre de Gurde,Punjabi,regional_name,SRC-IFCT2017,O011
GF-ING-00359,Aattu Siruneeragam,Tamil,regional_name,SRC-IFCT2017,O011
GF-ING-00359,Meka Mutrapindalu,Telugu,regional_name,SRC-IFCT2017,O011
GF-ING-00359,Bakre ke Gurde.,Urdu,regional_name,SRC-IFCT2017,O011
GF-ING-00360,"Goat, tube (small intestine)",English,source_name,SRC-IFCT2017,O012
GF-ING-00360,Pathar Nari,Bengali,regional_name,SRC-IFCT2017,O012
GF-ING-00360,Bakre ki Aant,Hindi,regional_name,SRC-IFCT2017,O012
GF-ING-00360,Aattin Kudal,Malayalam,regional_name,SRC-IFCT2017,O012
GF-ING-00360,Bakrichi Aantadi,Marathi,regional_name,SRC-IFCT2017,O012
GF-ING-00360,Chheli Anta,Odia,regional_name,SRC-IFCT2017,O012
GF-ING-00360,Bakre di Aant,Punjabi,regional_name,SRC-IFCT2017,O012
GF-ING-00360,Aattu Kudal,Tamil,regional_name,SRC-IFCT2017,O012
GF-ING-00360,Meka Karulu,Telugu,regional_name,SRC-IFCT2017,O012
GF-ING-00360,Bakre ki Aant.,Urdu,regional_name,SRC-IFCT2017,O012
GF-ING-00361,"Goat, testis",English,source_name,SRC-IFCT2017,O013
GF-ING-00361,Pathar Andakosh,Bengali,regional_name,SRC-IFCT2017,O013
GF-ING-00361,Bakre ke Kapure,Hindi,regional_name,SRC-IFCT2017,O013
GF-ING-00361,Aattin Andam,Malayalam,regional_name,SRC-IFCT2017,O013
GF-ING-00361,Bakriche Andkosh,Marathi,regional_name,SRC-IFCT2017,O013
GF-ING-00361,Chheli Andakosha,Odia,regional_name,SRC-IFCT2017,O013
GF-ING-00361,Bakre de Kapure,Punjabi,regional_name,SRC-IFCT2017,O013
GF-ING-00361,Aattu Virai,Tamil,regional_name,SRC-IFCT2017,O013
GF-ING-00361,Meka Vushanam,Telugu,regional_name,SRC-IFCT2017,O013
GF-ING-00361,Bakre ke Kapure.,Urdu,regional_name,SRC-IFCT2017,O013
GF-ING-00362,"Sheep, shoulder",English,source_name,SRC-IFCT2017,O014
GF-ING-00362,Bherar Kandh,Assamese,regional_name,SRC-IFCT2017,O014
GF-ING-00362,Bherar Kandh,Bengali,regional_name,SRC-IFCT2017,O014
GF-ING-00362,Gheta no Khabho,Gujarati,regional_name,SRC-IFCT2017,O014
GF-ING-00362,Bhed ka Kandha/Dast,Hindi,regional_name,SRC-IFCT2017,O014
GF-ING-00362,Kuri Bhujada Mamsa,Kannada,regional_name,SRC-IFCT2017,O014
GF-ING-00362,Langbrot Tyrpeng,Khasi,regional_name,SRC-IFCT2017,O014
GF-ING-00362,Sheracho Khand,Kon,regional_name,SRC-IFCT2017,O014
GF-ING-00362,Chemmariyattin Chumal Irachi,Malayalam,regional_name,SRC-IFCT2017,O014
GF-ING-00362,Mendhiche Khande,Marathi,regional_name,SRC-IFCT2017,O014
GF-ING-00362,Bheda ko Kaandh,Nepali,regional_name,SRC-IFCT2017,O014
GF-ING-00362,Mendha Kandha Mansa,Odia,regional_name,SRC-IFCT2017,O014
GF-ING-00362,Bhed da Modha,Punjabi,regional_name,SRC-IFCT2017,O014
GF-ING-00362,Semmari Aattu Tholpattai Kari,Tamil,regional_name,SRC-IFCT2017,O014
GF-ING-00362,Gorre Bhujamu Mamsam,Telugu,regional_name,SRC-IFCT2017,O014
GF-ING-00362,Bhed ka Kandha/Shana.,Urdu,regional_name,SRC-IFCT2017,O014
GF-ING-00363,"Sheep, chops",English,source_name,SRC-IFCT2017,O015
GF-ING-00363,Bherar Chaap,Bengali,regional_name,SRC-IFCT2017,O015
GF-ING-00363,Bhed ki Champ,Hindi,regional_name,SRC-IFCT2017,O015
GF-ING-00363,Bhed di Champ,Punjabi,regional_name,SRC-IFCT2017,O015
GF-ING-00363,Bhed ki Champ.,Urdu,regional_name,SRC-IFCT2017,O015
GF-ING-00364,"Sheep, leg",English,source_name,SRC-IFCT2017,O016
GF-ING-00364,Bherar Theng,Assamese,regional_name,SRC-IFCT2017,O016
GF-ING-00364,Bherar Thyang,Bengali,regional_name,SRC-IFCT2017,O016
GF-ING-00364,Gheta na Tang,Gujarati,regional_name,SRC-IFCT2017,O016
GF-ING-00364,Bhed ki Tangein,Hindi,regional_name,SRC-IFCT2017,O016
GF-ING-00364,Kuri Kaalugalu,Kannada,regional_name,SRC-IFCT2017,O016
GF-ING-00364,Langbrot Kjat,Khasi,regional_name,SRC-IFCT2017,O016
GF-ING-00364,Sherachem Paayn,Kon,regional_name,SRC-IFCT2017,O016
GF-ING-00364,Chemmariyattin Kaalukal,Malayalam,regional_name,SRC-IFCT2017,O016
GF-ING-00364,Mendhiche Paay,Marathi,regional_name,SRC-IFCT2017,O016
GF-ING-00364,Bheda ko Khutta,Nepali,regional_name,SRC-IFCT2017,O016
GF-ING-00364,Mendha Goda,Odia,regional_name,SRC-IFCT2017,O016
GF-ING-00364,Bhed di Lattein,Punjabi,regional_name,SRC-IFCT2017,O016
GF-ING-00364,Semmari Aattu Kaalgal,Tamil,regional_name,SRC-IFCT2017,O016
GF-ING-00364,Gorre Kaallu,Telugu,regional_name,SRC-IFCT2017,O016
GF-ING-00364,Bhed ki Tangein.,Urdu,regional_name,SRC-IFCT2017,O016
GF-ING-00365,"Sheep, brain",English,source_name,SRC-IFCT2017,O017
GF-ING-00365,Bherar Mogoj,Assamese,regional_name,SRC-IFCT2017,O017
GF-ING-00365,Bherar Magaj,Bengali,regional_name,SRC-IFCT2017,O017
GF-ING-00365,Gheta nu Bheju,Gujarati,regional_name,SRC-IFCT2017,O017
GF-ING-00365,Bhed ka Bheja/Maghaz,Hindi,regional_name,SRC-IFCT2017,O017
GF-ING-00365,Kuri Medulu,Kannada,regional_name,SRC-IFCT2017,O017
GF-ING-00365,Langbrot Jynkhlieh,Khasi,regional_name,SRC-IFCT2017,O017
GF-ING-00365,Sheracho Mendu,Kon,regional_name,SRC-IFCT2017,O017
GF-ING-00365,Chemmariyattin Thalacchoru,Malayalam,regional_name,SRC-IFCT2017,O017
GF-ING-00365,Mendhicha Mendu,Marathi,regional_name,SRC-IFCT2017,O017
GF-ING-00365,Bheda ko Gidi,Nepali,regional_name,SRC-IFCT2017,O017
GF-ING-00365,Mendha Mogoj,Odia,regional_name,SRC-IFCT2017,O017
GF-ING-00365,Bhed da Bheja,Punjabi,regional_name,SRC-IFCT2017,O017
GF-ING-00365,Semmari Aattu Moolai,Tamil,regional_name,SRC-IFCT2017,O017
GF-ING-00365,Gorre Medadu,Telugu,regional_name,SRC-IFCT2017,O017
GF-ING-00365,Bhed ka Maghaz.,Urdu,regional_name,SRC-IFCT2017,O017
GF-ING-00366,"Sheep, tongue",English,source_name,SRC-IFCT2017,O018
GF-ING-00366,Bherar Jibha,Assamese,regional_name,SRC-IFCT2017,O018
GF-ING-00366,Bherar Jibh,Bengali,regional_name,SRC-IFCT2017,O018
GF-ING-00366,Gheta ni Jeebh,Gujarati,regional_name,SRC-IFCT2017,O018
GF-ING-00366,Bhed ki Zabaan/Jeebh,Hindi,regional_name,SRC-IFCT2017,O018
GF-ING-00366,Kuri Naalige,Kannada,regional_name,SRC-IFCT2017,O018
GF-ING-00366,Langbrot Thyndiat?,Khasi,regional_name,SRC-IFCT2017,O018
GF-ING-00366,Sherachi Jeeb,Kon,regional_name,SRC-IFCT2017,O018
GF-ING-00366,Chemmariyattin Naavu,Malayalam,regional_name,SRC-IFCT2017,O018
GF-ING-00366,Mendhichi Jeebh,Marathi,regional_name,SRC-IFCT2017,O018
GF-ING-00366,Bheda ko Jibro,Nepali,regional_name,SRC-IFCT2017,O018
GF-ING-00366,Mendha Jibha,Odia,regional_name,SRC-IFCT2017,O018
GF-ING-00366,Bhed di Jeebh,Punjabi,regional_name,SRC-IFCT2017,O018
GF-ING-00366,Semmari Aattu Naakku,Tamil,regional_name,SRC-IFCT2017,O018
GF-ING-00366,Gorre Naluka,Telugu,regional_name,SRC-IFCT2017,O018
GF-ING-00366,Bhed ki Zabaan.,Urdu,regional_name,SRC-IFCT2017,O018
GF-ING-00367,"Sheep, lungs",English,source_name,SRC-IFCT2017,O019
GF-ING-00367,Bherar Phopsa,Assamese,regional_name,SRC-IFCT2017,O019
GF-ING-00367,Bherar Phusphus,Bengali,regional_name,SRC-IFCT2017,O019
GF-ING-00367,Gheta na Fefsa,Gujarati,regional_name,SRC-IFCT2017,O019
GF-ING-00367,Bhed ke Phephde,Hindi,regional_name,SRC-IFCT2017,O019
GF-ING-00367,Kuri Shwasakosha,Kannada,regional_name,SRC-IFCT2017,O019
GF-ING-00367,Langbrot Tor?,Khasi,regional_name,SRC-IFCT2017,O019
GF-ING-00367,Sherachem Kalsanchem?,Kon,regional_name,SRC-IFCT2017,O019
GF-ING-00367,Chemmariyattin Shwasakosham,Malayalam,regional_name,SRC-IFCT2017,O019
GF-ING-00367,Mendhiche Phupphus,Marathi,regional_name,SRC-IFCT2017,O019
GF-ING-00367,Bheda ko Phokso,Nepali,regional_name,SRC-IFCT2017,O019
GF-ING-00367,Mendha Phusphus,Odia,regional_name,SRC-IFCT2017,O019
GF-ING-00367,Bhed de Phephde,Punjabi,regional_name,SRC-IFCT2017,O019
GF-ING-00367,Semmari Aattu Nuraiyeeral,Tamil,regional_name,SRC-IFCT2017,O019
GF-ING-00367,Gorre Oopirithitthulu,Telugu,regional_name,SRC-IFCT2017,O019
GF-ING-00367,Bhed ke Phephde.,Urdu,regional_name,SRC-IFCT2017,O019
GF-ING-00368,"Sheep, heart",English,source_name,SRC-IFCT2017,O020
GF-ING-00368,Bherar Hirdaya,Assamese,regional_name,SRC-IFCT2017,O020
GF-ING-00368,Bherar Hritpinda,Bengali,regional_name,SRC-IFCT2017,O020
GF-ING-00368,Gheta nu Haiyu/Dil,Gujarati,regional_name,SRC-IFCT2017,O020
GF-ING-00368,Bhed ka Dil,Hindi,regional_name,SRC-IFCT2017,O020
GF-ING-00368,Kuri Hrudaya,Kannada,regional_name,SRC-IFCT2017,O020
GF-ING-00368,Langbrot Klongsnam?,Khasi,regional_name,SRC-IFCT2017,O020
GF-ING-00368,Sherachem Kalliz,Kon,regional_name,SRC-IFCT2017,O020
GF-ING-00368,Chemmariyattin Hrudayam,Malayalam,regional_name,SRC-IFCT2017,O020
GF-ING-00368,Mendhiche Kallij/Rudhaya,Marathi,regional_name,SRC-IFCT2017,O020
GF-ING-00368,Bheda ko Mutu,Nepali,regional_name,SRC-IFCT2017,O020
GF-ING-00368,Mendha Hritpinda,Odia,regional_name,SRC-IFCT2017,O020
GF-ING-00368,Bhed da Dil,Punjabi,regional_name,SRC-IFCT2017,O020
GF-ING-00368,Semmari Aattu Idhayam,Tamil,regional_name,SRC-IFCT2017,O020
GF-ING-00368,Gorre Gunde,Telugu,regional_name,SRC-IFCT2017,O020
GF-ING-00368,Bhed ka Dil.,Urdu,regional_name,SRC-IFCT2017,O020
GF-ING-00369,"Sheep, liver",English,source_name,SRC-IFCT2017,O021
GF-ING-00369,Bherar Kolija,Assamese,regional_name,SRC-IFCT2017,O021
GF-ING-00369,Bherar Mete/Kolija,Bengali,regional_name,SRC-IFCT2017,O021
GF-ING-00369,Gheta nu Kaleju,Gujarati,regional_name,SRC-IFCT2017,O021
GF-ING-00369,Bhed ki Kaleji,Hindi,regional_name,SRC-IFCT2017,O021
GF-ING-00369,Kuri Yakrit,Kannada,regional_name,SRC-IFCT2017,O021
GF-ING-00369,Langbrot Dohjem,Khasi,regional_name,SRC-IFCT2017,O021
GF-ING-00369,Sherachem Kalliz,Kon,regional_name,SRC-IFCT2017,O021
GF-ING-00369,Chemmariyattin Karal,Malayalam,regional_name,SRC-IFCT2017,O021
GF-ING-00369,Mendhiche Kaleji,Marathi,regional_name,SRC-IFCT2017,O021
GF-ING-00369,Bheda ko Kalejo,Nepali,regional_name,SRC-IFCT2017,O021
GF-ING-00369,Mendha Kalija,Odia,regional_name,SRC-IFCT2017,O021
GF-ING-00369,Bhed di Kaleji,Punjabi,regional_name,SRC-IFCT2017,O021
GF-ING-00369,Semmari Aattu Eeral,Tamil,regional_name,SRC-IFCT2017,O021
GF-ING-00369,Gorre Kaleyam,Telugu,regional_name,SRC-IFCT2017,O021
GF-ING-00369,Bhed ki Kaleji.,Urdu,regional_name,SRC-IFCT2017,O021
GF-ING-00370,"Sheep, tripe",English,source_name,SRC-IFCT2017,O022
GF-ING-00370,Bherar Bhuri/Butt,Bengali,regional_name,SRC-IFCT2017,O022
GF-ING-00370,Bhed ki Ojri/Boti,Hindi,regional_name,SRC-IFCT2017,O022
GF-ING-00370,Chemmariyattin Kudal,Malayalam,regional_name,SRC-IFCT2017,O022
GF-ING-00370,Mendhichi Vajri,Marathi,regional_name,SRC-IFCT2017,O022
GF-ING-00370,Mendha Ojhri,Odia,regional_name,SRC-IFCT2017,O022
GF-ING-00370,Bhed di Ojri,Punjabi,regional_name,SRC-IFCT2017,O022
GF-ING-00370,Semmari Aattu Kudal,Tamil,regional_name,SRC-IFCT2017,O022
GF-ING-00370,Gorre Pottikadupu,Telugu,regional_name,SRC-IFCT2017,O022
GF-ING-00370,Bhed ki Ojri.,Urdu,regional_name,SRC-IFCT2017,O022
GF-ING-00371,"Sheep, spleen",English,source_name,SRC-IFCT2017,O023
GF-ING-00371,Bherar Pliha,Assamese,regional_name,SRC-IFCT2017,O023
GF-ING-00371,Bherar Pliha,Bengali,regional_name,SRC-IFCT2017,O023
GF-ING-00371,Gheta ni Barol,Gujarati,regional_name,SRC-IFCT2017,O023
GF-ING-00371,Bhed ki Tilli,Hindi,regional_name,SRC-IFCT2017,O023
GF-ING-00371,Kuri Pliha,Kannada,regional_name,SRC-IFCT2017,O023
GF-ING-00371,?.,Khasi,regional_name,SRC-IFCT2017,O023
GF-ING-00371,Sherachem Pano?,Kon,regional_name,SRC-IFCT2017,O023
GF-ING-00371,Chemmariyattin Pliha,Malayalam,regional_name,SRC-IFCT2017,O023
GF-ING-00371,Mendhichi Panthari,Marathi,regional_name,SRC-IFCT2017,O023
GF-ING-00371,Bheda ko Phiyo,Nepali,regional_name,SRC-IFCT2017,O023
GF-ING-00371,Mendha Pliha,Odia,regional_name,SRC-IFCT2017,O023
GF-ING-00371,Bhed di Tilli,Punjabi,regional_name,SRC-IFCT2017,O023
GF-ING-00371,Semmari Aattu Manneral/Suvarotti,Tamil,regional_name,SRC-IFCT2017,O023
GF-ING-00371,Gorre Plihamu,Telugu,regional_name,SRC-IFCT2017,O023
GF-ING-00371,Bhed ki Tilli.,Urdu,regional_name,SRC-IFCT2017,O023
GF-ING-00372,"Sheep, kidneys",English,source_name,SRC-IFCT2017,O024
GF-ING-00372,Bherar Kankalam,Assamese,regional_name,SRC-IFCT2017,O024
GF-ING-00372,Bherar Brikko,Bengali,regional_name,SRC-IFCT2017,O024
GF-ING-00372,Gheta na Gurda,Gujarati,regional_name,SRC-IFCT2017,O024
GF-ING-00372,Bhed ke Gurde,Hindi,regional_name,SRC-IFCT2017,O024
GF-ING-00372,Kuri Mutrapinda,Kannada,regional_name,SRC-IFCT2017,O024
GF-ING-00372,Langbrot Nier?,Khasi,regional_name,SRC-IFCT2017,O024
GF-ING-00372,Sherachem Mutpin,Kon,regional_name,SRC-IFCT2017,O024
GF-ING-00372,Chemmariyattin Vrikka,Malayalam,regional_name,SRC-IFCT2017,O024
GF-ING-00372,Mendhiche Gurde/Mutrapind,Marathi,regional_name,SRC-IFCT2017,O024
GF-ING-00372,Bheda ko Mirgaula,Nepali,regional_name,SRC-IFCT2017,O024
GF-ING-00372,Mendha Brikko,Odia,regional_name,SRC-IFCT2017,O024
GF-ING-00372,Bhed de Gurde,Punjabi,regional_name,SRC-IFCT2017,O024
GF-ING-00372,Semmari Aattu Siruneeragam,Tamil,regional_name,SRC-IFCT2017,O024
GF-ING-00372,Gorre Mutrapindalu,Telugu,regional_name,SRC-IFCT2017,O024
GF-ING-00372,Bhed ke Gurde.,Urdu,regional_name,SRC-IFCT2017,O024
GF-ING-00373,"Beef, shoulder",English,source_name,SRC-IFCT2017,O025
GF-ING-00373,Goru Kandh,Bengali,regional_name,SRC-IFCT2017,O025
GF-ING-00373,Gaay ka Kandha/Dast,Hindi,regional_name,SRC-IFCT2017,O025
GF-ING-00373,Dana Bhujada Mamsa,Kannada,regional_name,SRC-IFCT2017,O025
GF-ING-00373,Masidab Tyrpeng,Khasi,regional_name,SRC-IFCT2017,O025
GF-ING-00373,Gaayicho Khand,Kon,regional_name,SRC-IFCT2017,O025
GF-ING-00373,Pothirachi Chumal,Malayalam,regional_name,SRC-IFCT2017,O025
GF-ING-00373,Gaiche Khande,Marathi,regional_name,SRC-IFCT2017,O025
GF-ING-00373,Gai ko Kaandh,Nepali,regional_name,SRC-IFCT2017,O025
GF-ING-00373,Goru Kandha Mansa,Odia,regional_name,SRC-IFCT2017,O025
GF-ING-00373,Gaaye da Modha,Punjabi,regional_name,SRC-IFCT2017,O025
GF-ING-00373,Maattu Tholpattai Kari,Tamil,regional_name,SRC-IFCT2017,O025
GF-ING-00373,Aavu Bhujamu Mamsam,Telugu,regional_name,SRC-IFCT2017,O025
GF-ING-00373,Gaay ka Kandha/Shana.,Urdu,regional_name,SRC-IFCT2017,O025
GF-ING-00374,"Beef, chops",English,source_name,SRC-IFCT2017,O026
GF-ING-00374,Gorur Chaap,Bengali,regional_name,SRC-IFCT2017,O026
GF-ING-00374,Gaay ki Champ,Hindi,regional_name,SRC-IFCT2017,O026
GF-ING-00374,Gaaye di Champ,Punjabi,regional_name,SRC-IFCT2017,O026
GF-ING-00374,Gaay ki Champ.,Urdu,regional_name,SRC-IFCT2017,O026
GF-ING-00375,"Beef, round (leg)",English,source_name,SRC-IFCT2017,O027
GF-ING-00375,Gorur Ran,Bengali,regional_name,SRC-IFCT2017,O027
GF-ING-00375,Gaay ki Raan,Hindi,regional_name,SRC-IFCT2017,O027
GF-ING-00375,Dana Thode Mamsa,Kannada,regional_name,SRC-IFCT2017,O027
GF-ING-00375,Masidab Lbong,Khasi,regional_name,SRC-IFCT2017,O027
GF-ING-00375,Gaayichi Mandi,Kon,regional_name,SRC-IFCT2017,O027
GF-ING-00375,Pothirachi Thuda,Malayalam,regional_name,SRC-IFCT2017,O027
GF-ING-00375,Gaichi Mandi,Marathi,regional_name,SRC-IFCT2017,O027
GF-ING-00375,Gai ko Tighra,Nepali,regional_name,SRC-IFCT2017,O027
GF-ING-00375,Goru Ran Mansa,Odia,regional_name,SRC-IFCT2017,O027
GF-ING-00375,Gaaye di Raan,Punjabi,regional_name,SRC-IFCT2017,O027
GF-ING-00375,Maattu Thodai Kari,Tamil,regional_name,SRC-IFCT2017,O027
GF-ING-00375,Aavu Thodala Mamsam,Telugu,regional_name,SRC-IFCT2017,O027
GF-ING-00375,Gaay ki Raan.,Urdu,regional_name,SRC-IFCT2017,O027
GF-ING-00376,"Beef, brain",English,source_name,SRC-IFCT2017,O028
GF-ING-00376,Gorur Magaj,Bengali,regional_name,SRC-IFCT2017,O028
GF-ING-00376,Gaay ka Bheja/Maghaz,Hindi,regional_name,SRC-IFCT2017,O028
GF-ING-00376,Dana Medulu,Kannada,regional_name,SRC-IFCT2017,O028
GF-ING-00376,Masidab Jynkhlieh,Khasi,regional_name,SRC-IFCT2017,O028
GF-ING-00376,Gaayicho Mendu,Kon,regional_name,SRC-IFCT2017,O028
GF-ING-00376,Pothirachi Thalacchoru,Malayalam,regional_name,SRC-IFCT2017,O028
GF-ING-00376,Gaicha Mendu,Marathi,regional_name,SRC-IFCT2017,O028
GF-ING-00376,Gai ko Gidi,Nepali,regional_name,SRC-IFCT2017,O028
GF-ING-00376,Goru Mogoj,Odia,regional_name,SRC-IFCT2017,O028
GF-ING-00376,Gaaye da Bheja,Punjabi,regional_name,SRC-IFCT2017,O028
GF-ING-00376,Maattu Moolai,Tamil,regional_name,SRC-IFCT2017,O028
GF-ING-00376,Aavu Medadu,Telugu,regional_name,SRC-IFCT2017,O028
GF-ING-00376,Gaay ka Maghaz.,Urdu,regional_name,SRC-IFCT2017,O028
GF-ING-00377,"Beef, tongue",English,source_name,SRC-IFCT2017,O029
GF-ING-00377,Gorur Jibh,Bengali,regional_name,SRC-IFCT2017,O029
GF-ING-00377,Gaay ki Zabaan/Jeebh,Hindi,regional_name,SRC-IFCT2017,O029
GF-ING-00377,Dana Naalige,Kannada,regional_name,SRC-IFCT2017,O029
GF-ING-00377,Masidab Thyndiat?,Khasi,regional_name,SRC-IFCT2017,O029
GF-ING-00377,Gaayichi Jeeb,Kon,regional_name,SRC-IFCT2017,O029
GF-ING-00377,Pothirachi Naavu,Malayalam,regional_name,SRC-IFCT2017,O029
GF-ING-00377,Gaichi Jeebh,Marathi,regional_name,SRC-IFCT2017,O029
GF-ING-00377,Gai ko Jibro,Nepali,regional_name,SRC-IFCT2017,O029
GF-ING-00377,Goru Jibha,Odia,regional_name,SRC-IFCT2017,O029
GF-ING-00377,Gaaye di Jeebh,Punjabi,regional_name,SRC-IFCT2017,O029
GF-ING-00377,Maattu Naakku,Tamil,regional_name,SRC-IFCT2017,O029
GF-ING-00377,Aavu Naluka,Telugu,regional_name,SRC-IFCT2017,O029
GF-ING-00377,Gaay ki Zabaan.,Urdu,regional_name,SRC-IFCT2017,O029
GF-ING-00378,"Beef, lungs",English,source_name,SRC-IFCT2017,O030
GF-ING-00378,Gorur Phusphus,Bengali,regional_name,SRC-IFCT2017,O030
GF-ING-00378,Gaay ke Phephde,Hindi,regional_name,SRC-IFCT2017,O030
GF-ING-00378,Dana Shwasakosha,Kannada,regional_name,SRC-IFCT2017,O030
GF-ING-00378,Masidab Tor?,Khasi,regional_name,SRC-IFCT2017,O030
GF-ING-00378,Gaayichem Kalsanchem?,Kon,regional_name,SRC-IFCT2017,O030
GF-ING-00378,Pothirachi Shwasakosham,Malayalam,regional_name,SRC-IFCT2017,O030
GF-ING-00378,Gaiche Phupphus,Marathi,regional_name,SRC-IFCT2017,O030
GF-ING-00378,Gai ko Phokso,Nepali,regional_name,SRC-IFCT2017,O030
GF-ING-00378,Goru Phusphus,Odia,regional_name,SRC-IFCT2017,O030
GF-ING-00378,Gaaye de Phephde,Punjabi,regional_name,SRC-IFCT2017,O030
GF-ING-00378,Maattu Nuraiyeeral,Tamil,regional_name,SRC-IFCT2017,O030
GF-ING-00378,Aavu Oopirithitthulu,Telugu,regional_name,SRC-IFCT2017,O030
GF-ING-00378,Gaay ke Phephde.,Urdu,regional_name,SRC-IFCT2017,O030
GF-ING-00379,"Beef, heart",English,source_name,SRC-IFCT2017,O031
GF-ING-00379,Gorur Hritpinda,Bengali,regional_name,SRC-IFCT2017,O031
GF-ING-00379,Gaay ka Dil,Hindi,regional_name,SRC-IFCT2017,O031
GF-ING-00379,Dana Hrudaya,Kannada,regional_name,SRC-IFCT2017,O031
GF-ING-00379,Masidab Klongsnam?,Khasi,regional_name,SRC-IFCT2017,O031
GF-ING-00379,Gaayichem Kalliz,Kon,regional_name,SRC-IFCT2017,O031
GF-ING-00379,Pothirachi Hrudayam,Malayalam,regional_name,SRC-IFCT2017,O031
GF-ING-00379,Gaiche Kallij/Rudhaya,Marathi,regional_name,SRC-IFCT2017,O031
GF-ING-00379,Gai ko Mutu,Nepali,regional_name,SRC-IFCT2017,O031
GF-ING-00379,Goru Hritpinda,Odia,regional_name,SRC-IFCT2017,O031
GF-ING-00379,Gaaye da Dil,Punjabi,regional_name,SRC-IFCT2017,O031
GF-ING-00379,Maattu Idhayam,Tamil,regional_name,SRC-IFCT2017,O031
GF-ING-00379,Aavu Gunde,Telugu,regional_name,SRC-IFCT2017,O031
GF-ING-00379,Gaay ka Dil.,Urdu,regional_name,SRC-IFCT2017,O031
GF-ING-00380,"Beef, liver",English,source_name,SRC-IFCT2017,O032
GF-ING-00380,Gorur Mete/Kolija,Bengali,regional_name,SRC-IFCT2017,O032
GF-ING-00380,Gaay ki Kaleji,Hindi,regional_name,SRC-IFCT2017,O032
GF-ING-00380,Dana Yakrit,Kannada,regional_name,SRC-IFCT2017,O032
GF-ING-00380,Masidab Dohjem,Khasi,regional_name,SRC-IFCT2017,O032
GF-ING-00380,Gaayichem Kalliz,Kon,regional_name,SRC-IFCT2017,O032
GF-ING-00380,Pothirachi Karal,Malayalam,regional_name,SRC-IFCT2017,O032
GF-ING-00380,Gaiche Kaleji,Marathi,regional_name,SRC-IFCT2017,O032
GF-ING-00380,Gai ko Kalejo,Nepali,regional_name,SRC-IFCT2017,O032
GF-ING-00380,Goru Kalija,Odia,regional_name,SRC-IFCT2017,O032
GF-ING-00380,Gaaye di Kaleji,Punjabi,regional_name,SRC-IFCT2017,O032
GF-ING-00380,Maattu Eeral,Tamil,regional_name,SRC-IFCT2017,O032
GF-ING-00380,Aavu Kaleyam,Telugu,regional_name,SRC-IFCT2017,O032
GF-ING-00380,Gaay ki Kaleji.,Urdu,regional_name,SRC-IFCT2017,O032
GF-ING-00381,"Beef, tripe",English,source_name,SRC-IFCT2017,O033
GF-ING-00381,Gorur Bhuri/Butt,Bengali,regional_name,SRC-IFCT2017,O033
GF-ING-00381,Gaay ki Ojri/Boti,Hindi,regional_name,SRC-IFCT2017,O033
GF-ING-00381,Pothirachi Kudal,Malayalam,regional_name,SRC-IFCT2017,O033
GF-ING-00381,Gaichi Vajri,Marathi,regional_name,SRC-IFCT2017,O033
GF-ING-00381,Goru Ojhri,Odia,regional_name,SRC-IFCT2017,O033
GF-ING-00381,Gaaye di Ojri,Punjabi,regional_name,SRC-IFCT2017,O033
GF-ING-00381,Maattu Kudal,Tamil,regional_name,SRC-IFCT2017,O033
GF-ING-00381,Aavu Pottikadupu,Telugu,regional_name,SRC-IFCT2017,O033
GF-ING-00381,Gaay ki Ojri.,Urdu,regional_name,SRC-IFCT2017,O033
GF-ING-00382,"Beef, spleen",English,source_name,SRC-IFCT2017,O034
GF-ING-00382,Gorur Pliha,Bengali,regional_name,SRC-IFCT2017,O034
GF-ING-00382,Gaay ki Tilli,Hindi,regional_name,SRC-IFCT2017,O034
GF-ING-00382,Dana Pliha,Kannada,regional_name,SRC-IFCT2017,O034
GF-ING-00382,?.,Khasi,regional_name,SRC-IFCT2017,O034
GF-ING-00382,Gaayichem Pano?,Kon,regional_name,SRC-IFCT2017,O034
GF-ING-00382,Pothirachi Pliha,Malayalam,regional_name,SRC-IFCT2017,O034
GF-ING-00382,Gaichi Panthari,Marathi,regional_name,SRC-IFCT2017,O034
GF-ING-00382,Gai ko Phiyo,Nepali,regional_name,SRC-IFCT2017,O034
GF-ING-00382,Goru Pliha,Odia,regional_name,SRC-IFCT2017,O034
GF-ING-00382,Gaaye di Tilli,Punjabi,regional_name,SRC-IFCT2017,O034
GF-ING-00382,Maattu Manneral/Suvarotti,Tamil,regional_name,SRC-IFCT2017,O034
GF-ING-00382,Aavu Plihamu,Telugu,regional_name,SRC-IFCT2017,O034
GF-ING-00382,Gaay ki Tilli.,Urdu,regional_name,SRC-IFCT2017,O034
GF-ING-00383,"Beef, kidneys",English,source_name,SRC-IFCT2017,O035
GF-ING-00383,Gorur Brikko,Bengali,regional_name,SRC-IFCT2017,O035
GF-ING-00383,Gaay ke Gurde,Hindi,regional_name,SRC-IFCT2017,O035
GF-ING-00383,Dana Mutrapinda,Kannada,regional_name,SRC-IFCT2017,O035
GF-ING-00383,Masidab Nier?,Khasi,regional_name,SRC-IFCT2017,O035
GF-ING-00383,Gaayichem Mutpin,Kon,regional_name,SRC-IFCT2017,O035
GF-ING-00383,Pothirachi Vrikka,Malayalam,regional_name,SRC-IFCT2017,O035
GF-ING-00383,Gaiche Gurde/Mutrapind,Marathi,regional_name,SRC-IFCT2017,O035
GF-ING-00383,Gai ko Mirgaula,Nepali,regional_name,SRC-IFCT2017,O035
GF-ING-00383,Goru Brikko,Odia,regional_name,SRC-IFCT2017,O035
GF-ING-00383,Gaaye de Gurde,Punjabi,regional_name,SRC-IFCT2017,O035
GF-ING-00383,Maattu Siruneeragam,Tamil,regional_name,SRC-IFCT2017,O035
GF-ING-00383,Aavu Mutrapindalu,Telugu,regional_name,SRC-IFCT2017,O035
GF-ING-00383,Gaay ke Gurde.,Urdu,regional_name,SRC-IFCT2017,O035
GF-ING-00384,"Calf, shoulder",English,source_name,SRC-IFCT2017,O036
GF-ING-00384,Bachhurer Kandh,Bengali,regional_name,SRC-IFCT2017,O036
GF-ING-00384,Bachhde ka Kandha/Dast,Hindi,regional_name,SRC-IFCT2017,O036
GF-ING-00384,Karu Bhujada Mamsa,Kannada,regional_name,SRC-IFCT2017,O036
GF-ING-00384,?. Tyrpeng,Khasi,regional_name,SRC-IFCT2017,O036
GF-ING-00384,Padkulem Khand,Kon,regional_name,SRC-IFCT2017,O036
GF-ING-00384,Kuttyirachi Chumal,Malayalam,regional_name,SRC-IFCT2017,O036
GF-ING-00384,Vasrache Khande,Marathi,regional_name,SRC-IFCT2017,O036
GF-ING-00384,Bachcha ko Kaandh,Nepali,regional_name,SRC-IFCT2017,O036
GF-ING-00384,Bachhuri Kandha Mansa,Odia,regional_name,SRC-IFCT2017,O036
GF-ING-00384,Vachhe da Modha,Punjabi,regional_name,SRC-IFCT2017,O036
GF-ING-00384,Kannukutti Tholpattai Kari,Tamil,regional_name,SRC-IFCT2017,O036
GF-ING-00384,Dooda Bhujamu Mamsam,Telugu,regional_name,SRC-IFCT2017,O036
GF-ING-00384,Bachhde ka Kandha/Shana.,Urdu,regional_name,SRC-IFCT2017,O036
GF-ING-00385,"Calf, chops",English,source_name,SRC-IFCT2017,O037
GF-ING-00385,Bachhurer Chaap,Bengali,regional_name,SRC-IFCT2017,O037
GF-ING-00385,Bachhde ki Champ,Hindi,regional_name,SRC-IFCT2017,O037
GF-ING-00385,Vachhe di Champ,Punjabi,regional_name,SRC-IFCT2017,O037
GF-ING-00385,Bachhde ki Champ.,Urdu,regional_name,SRC-IFCT2017,O037
GF-ING-00386,"Calf, round (leg)",English,source_name,SRC-IFCT2017,O038
GF-ING-00386,Bachhurer Ran,Bengali,regional_name,SRC-IFCT2017,O038
GF-ING-00386,Bachhde ki Raan,Hindi,regional_name,SRC-IFCT2017,O038
GF-ING-00386,Karu Thode Mamsa,Kannada,regional_name,SRC-IFCT2017,O038
GF-ING-00386,?. Lbong,Khasi,regional_name,SRC-IFCT2017,O038
GF-ING-00386,Padkulem Mandi,Kon,regional_name,SRC-IFCT2017,O038
GF-ING-00386,Kuttyirachi Thuda,Malayalam,regional_name,SRC-IFCT2017,O038
GF-ING-00386,Vasrachi Mandi,Marathi,regional_name,SRC-IFCT2017,O038
GF-ING-00386,Bachcha ko Tighra,Nepali,regional_name,SRC-IFCT2017,O038
GF-ING-00386,Bachhuri Ran Mansa,Odia,regional_name,SRC-IFCT2017,O038
GF-ING-00386,Vachhe di Raan,Punjabi,regional_name,SRC-IFCT2017,O038
GF-ING-00386,Kannukutti Thodai Kari,Tamil,regional_name,SRC-IFCT2017,O038
GF-ING-00386,Dooda Thodala Mamsam,Telugu,regional_name,SRC-IFCT2017,O038
GF-ING-00386,Bachhde ki Raan.,Urdu,regional_name,SRC-IFCT2017,O038
GF-ING-00387,"Calf, brain",English,source_name,SRC-IFCT2017,O039
GF-ING-00387,Bachhurer Magaj,Bengali,regional_name,SRC-IFCT2017,O039
GF-ING-00387,Bachhde ka Bheja/Maghaz,Hindi,regional_name,SRC-IFCT2017,O039
GF-ING-00387,Karu Medulu,Kannada,regional_name,SRC-IFCT2017,O039
GF-ING-00387,?. Jynkhlieh,Khasi,regional_name,SRC-IFCT2017,O039
GF-ING-00387,Padkulem Mendu,Kon,regional_name,SRC-IFCT2017,O039
GF-ING-00387,Kuttyirachi Thalacchoru,Malayalam,regional_name,SRC-IFCT2017,O039
GF-ING-00387,Vasracha Mendu,Marathi,regional_name,SRC-IFCT2017,O039
GF-ING-00387,Bachcha ko Gidi,Nepali,regional_name,SRC-IFCT2017,O039
GF-ING-00387,Bachhuri Mogoj,Odia,regional_name,SRC-IFCT2017,O039
GF-ING-00387,Vachhe da Bheja,Punjabi,regional_name,SRC-IFCT2017,O039
GF-ING-00387,Kannukutti Moolai,Tamil,regional_name,SRC-IFCT2017,O039
GF-ING-00387,Dooda Medadu,Telugu,regional_name,SRC-IFCT2017,O039
GF-ING-00387,Bachhde ka Maghaz.,Urdu,regional_name,SRC-IFCT2017,O039
GF-ING-00388,"Calf, tongue",English,source_name,SRC-IFCT2017,O040
GF-ING-00388,Bachhurer Jibh,Bengali,regional_name,SRC-IFCT2017,O040
GF-ING-00388,Bachhde ki Zabaan/Jeebh,Hindi,regional_name,SRC-IFCT2017,O040
GF-ING-00388,Karu Naalige,Kannada,regional_name,SRC-IFCT2017,O040
GF-ING-00388,?. Thyndiat?,Khasi,regional_name,SRC-IFCT2017,O040
GF-ING-00388,Padkulem Jeeb,Kon,regional_name,SRC-IFCT2017,O040
GF-ING-00388,Kuttyirachi Naavu,Malayalam,regional_name,SRC-IFCT2017,O040
GF-ING-00388,Vasrachi Jeebh,Marathi,regional_name,SRC-IFCT2017,O040
GF-ING-00388,Bachcha ko Jibro,Nepali,regional_name,SRC-IFCT2017,O040
GF-ING-00388,Bachhuri Jibha,Odia,regional_name,SRC-IFCT2017,O040
GF-ING-00388,Vachhe di Jeebh,Punjabi,regional_name,SRC-IFCT2017,O040
GF-ING-00388,Kannukutti Naakku,Tamil,regional_name,SRC-IFCT2017,O040
GF-ING-00388,Dooda Naluka,Telugu,regional_name,SRC-IFCT2017,O040
GF-ING-00388,Bachhde ki Zabaan.,Urdu,regional_name,SRC-IFCT2017,O040
GF-ING-00389,"Calf, heart",English,source_name,SRC-IFCT2017,O041
GF-ING-00389,Bachhurer Hritpinda,Bengali,regional_name,SRC-IFCT2017,O041
GF-ING-00389,Bachhde ka Dil,Hindi,regional_name,SRC-IFCT2017,O041
GF-ING-00389,Karu Hrudaya,Kannada,regional_name,SRC-IFCT2017,O041
GF-ING-00389,?. Klongsnam?,Khasi,regional_name,SRC-IFCT2017,O041
GF-ING-00389,Padkulem Kalliz,Kon,regional_name,SRC-IFCT2017,O041
GF-ING-00389,Kuttyirachi Hrudayam,Malayalam,regional_name,SRC-IFCT2017,O041
GF-ING-00389,Vasrache Kallij/Rudhaya,Marathi,regional_name,SRC-IFCT2017,O041
GF-ING-00389,Bachcha ko Mutu,Nepali,regional_name,SRC-IFCT2017,O041
GF-ING-00389,Bachhuri Hritpinda,Odia,regional_name,SRC-IFCT2017,O041
GF-ING-00389,Vachhe da Dil,Punjabi,regional_name,SRC-IFCT2017,O041
GF-ING-00389,Kannukutti Idhayam,Tamil,regional_name,SRC-IFCT2017,O041
GF-ING-00389,Dooda Gunde,Telugu,regional_name,SRC-IFCT2017,O041
GF-ING-00389,Bachhde ka Dil.,Urdu,regional_name,SRC-IFCT2017,O041
GF-ING-00390,"Calf, liver",English,source_name,SRC-IFCT2017,O042
GF-ING-00390,Bachhurer Mete/Kolija,Bengali,regional_name,SRC-IFCT2017,O042
GF-ING-00390,Bachhde ki Kaleji,Hindi,regional_name,SRC-IFCT2017,O042
GF-ING-00390,Karu Yakrit,Kannada,regional_name,SRC-IFCT2017,O042
GF-ING-00390,?. Dohjem,Khasi,regional_name,SRC-IFCT2017,O042
GF-ING-00390,Padkulem Kalliz,Kon,regional_name,SRC-IFCT2017,O042
GF-ING-00390,Kuttyirachi Karal,Malayalam,regional_name,SRC-IFCT2017,O042
GF-ING-00390,Vasrache Kaleji,Marathi,regional_name,SRC-IFCT2017,O042
GF-ING-00390,Bachcha ko Kalejo,Nepali,regional_name,SRC-IFCT2017,O042
GF-ING-00390,Bachhuri Kalija,Odia,regional_name,SRC-IFCT2017,O042
GF-ING-00390,Vachhe di Kaleji,Punjabi,regional_name,SRC-IFCT2017,O042
GF-ING-00390,Kannukutti Eeral,Tamil,regional_name,SRC-IFCT2017,O042
GF-ING-00390,Dooda Kaleyam,Telugu,regional_name,SRC-IFCT2017,O042
GF-ING-00390,Bachhde ki Kaleji.,Urdu,regional_name,SRC-IFCT2017,O042
GF-ING-00391,"Calf, spleen",English,source_name,SRC-IFCT2017,O043
GF-ING-00391,Bachhurer Pliha,Bengali,regional_name,SRC-IFCT2017,O043
GF-ING-00391,Bachhde ki Tilli,Hindi,regional_name,SRC-IFCT2017,O043
GF-ING-00391,Karu Pliha,Kannada,regional_name,SRC-IFCT2017,O043
GF-ING-00391,?.,Khasi,regional_name,SRC-IFCT2017,O043
GF-ING-00391,Padkulem Pano?,Kon,regional_name,SRC-IFCT2017,O043
GF-ING-00391,Kuttyirachi Pliha,Malayalam,regional_name,SRC-IFCT2017,O043
GF-ING-00391,Vasrachi Panthari,Marathi,regional_name,SRC-IFCT2017,O043
GF-ING-00391,Bachcha ko Phiyo,Nepali,regional_name,SRC-IFCT2017,O043
GF-ING-00391,Bachhuri Pliha,Odia,regional_name,SRC-IFCT2017,O043
GF-ING-00391,Vachhe di Tilli,Punjabi,regional_name,SRC-IFCT2017,O043
GF-ING-00391,Kannukutti Manneral/Suvarotti,Tamil,regional_name,SRC-IFCT2017,O043
GF-ING-00391,Dooda Plihamu,Telugu,regional_name,SRC-IFCT2017,O043
GF-ING-00391,Bachhde ki Tilli.,Urdu,regional_name,SRC-IFCT2017,O043
GF-ING-00392,"Calf, kidneys",English,source_name,SRC-IFCT2017,O044
GF-ING-00392,Bachhurer Brikko,Bengali,regional_name,SRC-IFCT2017,O044
GF-ING-00392,Bachhde ke Gurde,Hindi,regional_name,SRC-IFCT2017,O044
GF-ING-00392,Karu Mutrapinda,Kannada,regional_name,SRC-IFCT2017,O044
GF-ING-00392,?. Nier?,Khasi,regional_name,SRC-IFCT2017,O044
GF-ING-00392,Padkulem Mutpin,Kon,regional_name,SRC-IFCT2017,O044
GF-ING-00392,Kuttyirachi Vrikka,Malayalam,regional_name,SRC-IFCT2017,O044
GF-ING-00392,Vasrache Gurde/Mutrapind,Marathi,regional_name,SRC-IFCT2017,O044
GF-ING-00392,Bachcha ko Mirgaula,Nepali,regional_name,SRC-IFCT2017,O044
GF-ING-00392,Bachhuri Brikko,Odia,regional_name,SRC-IFCT2017,O044
GF-ING-00392,Vachhe de Gurde,Punjabi,regional_name,SRC-IFCT2017,O044
GF-ING-00392,Kannukutti Siruneeragam,Tamil,regional_name,SRC-IFCT2017,O044
GF-ING-00392,Dooda Mutrapindalu,Telugu,regional_name,SRC-IFCT2017,O044
GF-ING-00392,Bachhde ke Gurde.,Urdu,regional_name,SRC-IFCT2017,O044
GF-ING-00393,"Mithun, shoulder",English,source_name,SRC-IFCT2017,O045
GF-ING-00393,Mithunor Kandh,Assamese,regional_name,SRC-IFCT2017,O045
GF-ING-00393,Mithuner Kandh,Bengali,regional_name,SRC-IFCT2017,O045
GF-ING-00393,Mithun ka Kandha,Hindi,regional_name,SRC-IFCT2017,O045
GF-ING-00393,Mithun ko Kaandh. (Less common elsewhere).,Nepali,regional_name,SRC-IFCT2017,O045
GF-ING-00394,"Mithun, chops",English,source_name,SRC-IFCT2017,O046
GF-ING-00394,Mithuner Chaap,Bengali,regional_name,SRC-IFCT2017,O046
GF-ING-00394,Mithun ki Champ,Hindi,regional_name,SRC-IFCT2017,O046
GF-ING-00394,Mithun ko Champ.,Nepali,regional_name,SRC-IFCT2017,O046
GF-ING-00395,"Mithun, round (leg)",English,source_name,SRC-IFCT2017,O047
GF-ING-00395,Mithunor Theng/Ran,Assamese,regional_name,SRC-IFCT2017,O047
GF-ING-00395,Mithuner Ran,Bengali,regional_name,SRC-IFCT2017,O047
GF-ING-00395,Mithun ki Raan,Hindi,regional_name,SRC-IFCT2017,O047
GF-ING-00395,Mithun ko Tighra.,Nepali,regional_name,SRC-IFCT2017,O047
GF-ING-00396,"Pork, shoulder",English,source_name,SRC-IFCT2017,O048
GF-ING-00396,Gahorir Kandh,Assamese,regional_name,SRC-IFCT2017,O048
GF-ING-00396,Shukorer Kandh,Bengali,regional_name,SRC-IFCT2017,O048
GF-ING-00396,Suar no Khabho,Gujarati,regional_name,SRC-IFCT2017,O048
GF-ING-00396,Suar ka Kandha,Hindi,regional_name,SRC-IFCT2017,O048
GF-ING-00396,Handi Bhujada Mamsa,Kannada,regional_name,SRC-IFCT2017,O048
GF-ING-00396,?. Tyrpeng,Khasi,regional_name,SRC-IFCT2017,O048
GF-ING-00396,Dukracho Khand,Kon,regional_name,SRC-IFCT2017,O048
GF-ING-00396,Panni Irachi Chumal,Malayalam,regional_name,SRC-IFCT2017,O048
GF-ING-00396,Ok Leikha?,Manipuri,regional_name,SRC-IFCT2017,O048
GF-ING-00396,Dukkarache Khande,Marathi,regional_name,SRC-IFCT2017,O048
GF-ING-00396,Sungur ko Kaandh,Nepali,regional_name,SRC-IFCT2017,O048
GF-ING-00396,Ghusuri Kandha Mansa,Odia,regional_name,SRC-IFCT2017,O048
GF-ING-00396,Suar da Modha,Punjabi,regional_name,SRC-IFCT2017,O048
GF-ING-00396,Panri Tholpattai Kari,Tamil,regional_name,SRC-IFCT2017,O048
GF-ING-00396,Pandi Bhujamu Mamsam,Telugu,regional_name,SRC-IFCT2017,O048
GF-ING-00396,Suar ka Kandha.,Urdu,regional_name,SRC-IFCT2017,O048
GF-ING-00397,"Pork, chops",English,source_name,SRC-IFCT2017,O049
GF-ING-00397,Shukorer Chaap,Bengali,regional_name,SRC-IFCT2017,O049
GF-ING-00397,Suar ki Champ,Hindi,regional_name,SRC-IFCT2017,O049
GF-ING-00397,Sungur ko Champ,Nepali,regional_name,SRC-IFCT2017,O049
GF-ING-00397,Suar di Champ,Punjabi,regional_name,SRC-IFCT2017,O049
GF-ING-00397,Suar ki Champ.,Urdu,regional_name,SRC-IFCT2017,O049
GF-ING-00398,"Pork, ham",English,source_name,SRC-IFCT2017,O050
GF-ING-00398,Suar ki Raan,Hindi,regional_name,SRC-IFCT2017,O050
GF-ING-00398,Suar ki Raan.,Urdu,regional_name,SRC-IFCT2017,O050
GF-ING-00399,"Pork, lungs",English,source_name,SRC-IFCT2017,O051
GF-ING-00399,Gahorir Phopsa,Assamese,regional_name,SRC-IFCT2017,O051
GF-ING-00399,Shukorer Phusphus,Bengali,regional_name,SRC-IFCT2017,O051
GF-ING-00399,Suar na Fefsa,Gujarati,regional_name,SRC-IFCT2017,O051
GF-ING-00399,Suar ke Phephde,Hindi,regional_name,SRC-IFCT2017,O051
GF-ING-00399,Handi Shwasakosha,Kannada,regional_name,SRC-IFCT2017,O051
GF-ING-00399,?. Tor?,Khasi,regional_name,SRC-IFCT2017,O051
GF-ING-00399,Dukrachem Kalsanchem?,Kon,regional_name,SRC-IFCT2017,O051
GF-ING-00399,Panni Irachi Shwasakosham,Malayalam,regional_name,SRC-IFCT2017,O051
GF-ING-00399,Ok Thamoimon?,Manipuri,regional_name,SRC-IFCT2017,O051
GF-ING-00399,Dukkarache Phupphus,Marathi,regional_name,SRC-IFCT2017,O051
GF-ING-00399,Sungur ko Phokso,Nepali,regional_name,SRC-IFCT2017,O051
GF-ING-00399,Ghusuri Phusphus,Odia,regional_name,SRC-IFCT2017,O051
GF-ING-00399,Suar de Phephde,Punjabi,regional_name,SRC-IFCT2017,O051
GF-ING-00399,Panri Nuraiyeeral,Tamil,regional_name,SRC-IFCT2017,O051
GF-ING-00399,Pandi Oopirithitthulu,Telugu,regional_name,SRC-IFCT2017,O051
GF-ING-00399,Suar ke Phephde.,Urdu,regional_name,SRC-IFCT2017,O051
GF-ING-00400,"Pork, heart",English,source_name,SRC-IFCT2017,O052
GF-ING-00400,Gahorir Hirdaya,Assamese,regional_name,SRC-IFCT2017,O052
GF-ING-00400,Shukorer Hritpinda,Bengali,regional_name,SRC-IFCT2017,O052
GF-ING-00400,Suar nu Haiyu/Dil,Gujarati,regional_name,SRC-IFCT2017,O052
GF-ING-00400,Suar ka Dil,Hindi,regional_name,SRC-IFCT2017,O052
GF-ING-00400,Handi Hrudaya,Kannada,regional_name,SRC-IFCT2017,O052
GF-ING-00400,?. Klongsnam?,Khasi,regional_name,SRC-IFCT2017,O052
GF-ING-00400,Dukrachem Kalliz,Kon,regional_name,SRC-IFCT2017,O052
GF-ING-00400,Panni Irachi Hrudayam,Malayalam,regional_name,SRC-IFCT2017,O052
GF-ING-00400,Ok Thamoi,Manipuri,regional_name,SRC-IFCT2017,O052
GF-ING-00400,Dukkarache Kallij/Rudhaya,Marathi,regional_name,SRC-IFCT2017,O052
GF-ING-00400,Sungur ko Mutu,Nepali,regional_name,SRC-IFCT2017,O052
GF-ING-00400,Ghusuri Hritpinda,Odia,regional_name,SRC-IFCT2017,O052
GF-ING-00400,Suar da Dil,Punjabi,regional_name,SRC-IFCT2017,O052
GF-ING-00400,Panri Idhayam,Tamil,regional_name,SRC-IFCT2017,O052
GF-ING-00400,Pandi Gunde,Telugu,regional_name,SRC-IFCT2017,O052
GF-ING-00400,Suar ka Dil.,Urdu,regional_name,SRC-IFCT2017,O052
GF-ING-00401,"Pork, liver",English,source_name,SRC-IFCT2017,O053
GF-ING-00401,Gahorir Kolija,Assamese,regional_name,SRC-IFCT2017,O053
GF-ING-00401,Shukorer Mete/Kolija,Bengali,regional_name,SRC-IFCT2017,O053
GF-ING-00401,Suar nu Kaleju,Gujarati,regional_name,SRC-IFCT2017,O053
GF-ING-00401,Suar ki Kaleji,Hindi,regional_name,SRC-IFCT2017,O053
GF-ING-00401,Handi Yakrit,Kannada,regional_name,SRC-IFCT2017,O053
GF-ING-00401,?. Dohjem,Khasi,regional_name,SRC-IFCT2017,O053
GF-ING-00401,Dukrachem Kalliz,Kon,regional_name,SRC-IFCT2017,O053
GF-ING-00401,Panni Irachi Karal,Malayalam,regional_name,SRC-IFCT2017,O053
GF-ING-00401,Ok Thin,Manipuri,regional_name,SRC-IFCT2017,O053
GF-ING-00401,Dukkarache Kaleji,Marathi,regional_name,SRC-IFCT2017,O053
GF-ING-00401,Sungur ko Kalejo,Nepali,regional_name,SRC-IFCT2017,O053
GF-ING-00401,Ghusuri Kalija,Odia,regional_name,SRC-IFCT2017,O053
GF-ING-00401,Suar di Kaleji,Punjabi,regional_name,SRC-IFCT2017,O053
GF-ING-00401,Panri Eeral,Tamil,regional_name,SRC-IFCT2017,O053
GF-ING-00401,Pandi Kaleyam,Telugu,regional_name,SRC-IFCT2017,O053
GF-ING-00401,Suar ki Kaleji.,Urdu,regional_name,SRC-IFCT2017,O053
GF-ING-00402,"Pork, stomach",English,source_name,SRC-IFCT2017,O054
GF-ING-00402,Gahorir Pet,Assamese,regional_name,SRC-IFCT2017,O054
GF-ING-00402,Shukorer Pet,Bengali,regional_name,SRC-IFCT2017,O054
GF-ING-00402,Suar nu Pet,Gujarati,regional_name,SRC-IFCT2017,O054
GF-ING-00402,Suar ka Pet,Hindi,regional_name,SRC-IFCT2017,O054
GF-ING-00402,Handi Hotte,Kannada,regional_name,SRC-IFCT2017,O054
GF-ING-00402,?. Kpoh,Khasi,regional_name,SRC-IFCT2017,O054
GF-ING-00402,Dukrachem Pot,Kon,regional_name,SRC-IFCT2017,O054
GF-ING-00402,Panni Irachi Vayaru,Malayalam,regional_name,SRC-IFCT2017,O054
GF-ING-00402,Ok Puk,Manipuri,regional_name,SRC-IFCT2017,O054
GF-ING-00402,Dukkarache Pot,Marathi,regional_name,SRC-IFCT2017,O054
GF-ING-00402,Sungur ko Pet,Nepali,regional_name,SRC-IFCT2017,O054
GF-ING-00402,Ghusuri Peta,Odia,regional_name,SRC-IFCT2017,O054
GF-ING-00402,Suar da Pidh,Punjabi,regional_name,SRC-IFCT2017,O054
GF-ING-00402,Panri Vayiru,Tamil,regional_name,SRC-IFCT2017,O054
GF-ING-00402,Pandi Potta,Telugu,regional_name,SRC-IFCT2017,O054
GF-ING-00402,Suar ka Pet.,Urdu,regional_name,SRC-IFCT2017,O054
GF-ING-00403,"Pork, spleen",English,source_name,SRC-IFCT2017,O055
GF-ING-00403,Gahorir Pliha,Assamese,regional_name,SRC-IFCT2017,O055
GF-ING-00403,Shukorer Pliha,Bengali,regional_name,SRC-IFCT2017,O055
GF-ING-00403,Suar ni Barol,Gujarati,regional_name,SRC-IFCT2017,O055
GF-ING-00403,Suar ki Tilli,Hindi,regional_name,SRC-IFCT2017,O055
GF-ING-00403,Handi Pliha,Kannada,regional_name,SRC-IFCT2017,O055
GF-ING-00403,?.,Khasi,regional_name,SRC-IFCT2017,O055
GF-ING-00403,Dukrachem Pano?,Kon,regional_name,SRC-IFCT2017,O055
GF-ING-00403,Panni Irachi Pliha,Malayalam,regional_name,SRC-IFCT2017,O055
GF-ING-00403,Ok Pliha?,Manipuri,regional_name,SRC-IFCT2017,O055
GF-ING-00403,Dukkarachi Panthari,Marathi,regional_name,SRC-IFCT2017,O055
GF-ING-00403,Sungur ko Phiyo,Nepali,regional_name,SRC-IFCT2017,O055
GF-ING-00403,Ghusuri Pliha,Odia,regional_name,SRC-IFCT2017,O055
GF-ING-00403,Suar di Tilli,Punjabi,regional_name,SRC-IFCT2017,O055
GF-ING-00403,Panri Manneral,Tamil,regional_name,SRC-IFCT2017,O055
GF-ING-00403,Pandi Plihamu,Telugu,regional_name,SRC-IFCT2017,O055
GF-ING-00403,Suar ki Tilli.,Urdu,regional_name,SRC-IFCT2017,O055
GF-ING-00404,"Pork, kidneys",English,source_name,SRC-IFCT2017,O056
GF-ING-00404,Gahorir Kankalam,Assamese,regional_name,SRC-IFCT2017,O056
GF-ING-00404,Shukorer Brikko,Bengali,regional_name,SRC-IFCT2017,O056
GF-ING-00404,Suar na Gurda,Gujarati,regional_name,SRC-IFCT2017,O056
GF-ING-00404,Suar ke Gurde,Hindi,regional_name,SRC-IFCT2017,O056
GF-ING-00404,Handi Mutrapinda,Kannada,regional_name,SRC-IFCT2017,O056
GF-ING-00404,?. Nier?,Khasi,regional_name,SRC-IFCT2017,O056
GF-ING-00404,Dukrachem Mutpin,Kon,regional_name,SRC-IFCT2017,O056
GF-ING-00404,Panni Irachi Vrikka,Malayalam,regional_name,SRC-IFCT2017,O056
GF-ING-00404,?.,Manipuri,regional_name,SRC-IFCT2017,O056
GF-ING-00404,Dukkarache Gurde/Mutrapind,Marathi,regional_name,SRC-IFCT2017,O056
GF-ING-00404,Sungur ko Mirgaula,Nepali,regional_name,SRC-IFCT2017,O056
GF-ING-00404,Ghusuri Brikko,Odia,regional_name,SRC-IFCT2017,O056
GF-ING-00404,Suar de Gurde,Punjabi,regional_name,SRC-IFCT2017,O056
GF-ING-00404,Panri Siruneeragam,Tamil,regional_name,SRC-IFCT2017,O056
GF-ING-00404,Pandi Mutrapindalu,Telugu,regional_name,SRC-IFCT2017,O056
GF-ING-00404,Suar ke Gurde.,Urdu,regional_name,SRC-IFCT2017,O056
GF-ING-00405,"Pork, tube (small intestine)",English,source_name,SRC-IFCT2017,O057
GF-ING-00405,Shukorer Nari,Bengali,regional_name,SRC-IFCT2017,O057
GF-ING-00405,Suar ki Aant,Hindi,regional_name,SRC-IFCT2017,O057
GF-ING-00405,Panni Irachi Kudal,Malayalam,regional_name,SRC-IFCT2017,O057
GF-ING-00405,Dukkarachi Aantadi,Marathi,regional_name,SRC-IFCT2017,O057
GF-ING-00405,Ghusuri Anta,Odia,regional_name,SRC-IFCT2017,O057
GF-ING-00405,Suar di Aant,Punjabi,regional_name,SRC-IFCT2017,O057
GF-ING-00405,Panri Kudal,Tamil,regional_name,SRC-IFCT2017,O057
GF-ING-00405,Pandi Karulu,Telugu,regional_name,SRC-IFCT2017,O057
GF-ING-00405,Suar ki Aant.,Urdu,regional_name,SRC-IFCT2017,O057
GF-ING-00406,"Hare, shoulder",English,source_name,SRC-IFCT2017,O058
GF-ING-00406,Khargosh ka Kandha,Hindi,regional_name,SRC-IFCT2017,O058
GF-ING-00406,Khargosh da Modha,Punjabi,regional_name,SRC-IFCT2017,O058
GF-ING-00406,Muyal Tholpattai,Tamil,regional_name,SRC-IFCT2017,O058
GF-ING-00406,Khargosh ka Kandha. (Hare/Rabbit often use same term 'Khargosh'),Urdu,regional_name,SRC-IFCT2017,O058
GF-ING-00407,"Hare, chops",English,source_name,SRC-IFCT2017,O059
GF-ING-00407,Khargosh ki Champ,Hindi,regional_name,SRC-IFCT2017,O059
GF-ING-00407,Khargosh di Champ,Punjabi,regional_name,SRC-IFCT2017,O059
GF-ING-00407,Khargosh ki Champ.,Urdu,regional_name,SRC-IFCT2017,O059
GF-ING-00408,"Hare, leg",English,source_name,SRC-IFCT2017,O060
GF-ING-00408,Khargosh ki Tang,Hindi,regional_name,SRC-IFCT2017,O060
GF-ING-00408,Khargosh di Latt,Punjabi,regional_name,SRC-IFCT2017,O060
GF-ING-00408,Muyal Kaal,Tamil,regional_name,SRC-IFCT2017,O060
GF-ING-00408,Khargosh ki Tang.,Urdu,regional_name,SRC-IFCT2017,O060
GF-ING-00409,"Rabbit, shoulder",English,source_name,SRC-IFCT2017,O061
GF-ING-00409,Xoha Posur Kandh,Assamese,regional_name,SRC-IFCT2017,O061
GF-ING-00409,Shoshoker Kandh,Bengali,regional_name,SRC-IFCT2017,O061
GF-ING-00409,Sasla no Khabho,Gujarati,regional_name,SRC-IFCT2017,O061
GF-ING-00409,Khargosh ka Kandha,Hindi,regional_name,SRC-IFCT2017,O061
GF-ING-00409,Molada Bhujada Mamsa,Kannada,regional_name,SRC-IFCT2017,O061
GF-ING-00409,Muyal Chumal,Malayalam,regional_name,SRC-IFCT2017,O061
GF-ING-00409,Sasa che Khande,Marathi,regional_name,SRC-IFCT2017,O061
GF-ING-00409,Kharayo ko Kaandh,Nepali,regional_name,SRC-IFCT2017,O061
GF-ING-00409,Thekua Kandha Mansa,Odia,regional_name,SRC-IFCT2017,O061
GF-ING-00409,Khargosh da Modha,Punjabi,regional_name,SRC-IFCT2017,O061
GF-ING-00409,Muyal Tholpattai Kari,Tamil,regional_name,SRC-IFCT2017,O061
GF-ING-00409,Kundelu Bhujamu Mamsam,Telugu,regional_name,SRC-IFCT2017,O061
GF-ING-00409,Khargosh ka Kandha.,Urdu,regional_name,SRC-IFCT2017,O061
GF-ING-00410,"Rabbit, chops",English,source_name,SRC-IFCT2017,O062
GF-ING-00410,Shoshoker Chaap,Bengali,regional_name,SRC-IFCT2017,O062
GF-ING-00410,Khargosh ki Champ,Hindi,regional_name,SRC-IFCT2017,O062
GF-ING-00410,Khargosh di Champ,Punjabi,regional_name,SRC-IFCT2017,O062
GF-ING-00410,Khargosh ki Champ.,Urdu,regional_name,SRC-IFCT2017,O062
GF-ING-00411,"Rabbit, leg",English,source_name,SRC-IFCT2017,O063
GF-ING-00411,Xoha Posur Theng,Assamese,regional_name,SRC-IFCT2017,O063
GF-ING-00411,Shoshoker Thyang,Bengali,regional_name,SRC-IFCT2017,O063
GF-ING-00411,Sasla na Tang,Gujarati,regional_name,SRC-IFCT2017,O063
GF-ING-00411,Khargosh ki Tang,Hindi,regional_name,SRC-IFCT2017,O063
GF-ING-00411,Molada Kaalu,Kannada,regional_name,SRC-IFCT2017,O063
GF-ING-00411,Muyal Kaal,Malayalam,regional_name,SRC-IFCT2017,O063
GF-ING-00411,Sasa che Paay,Marathi,regional_name,SRC-IFCT2017,O063
GF-ING-00411,Kharayo ko Khutta,Nepali,regional_name,SRC-IFCT2017,O063
GF-ING-00411,Thekua Goda,Odia,regional_name,SRC-IFCT2017,O063
GF-ING-00411,Khargosh di Latt,Punjabi,regional_name,SRC-IFCT2017,O063
GF-ING-00411,Muyal Kaal,Tamil,regional_name,SRC-IFCT2017,O063
GF-ING-00411,Kundelu Kaallu,Telugu,regional_name,SRC-IFCT2017,O063
GF-ING-00411,Khargosh ki Tang.,Urdu,regional_name,SRC-IFCT2017,O063
GF-ING-00412,Allathi,English,source_name,SRC-IFCT2017,P001
GF-ING-00412,"Tenpounder, Ladyfish, Indo pacific Tarpon",English,regional_name,SRC-IFCT2017,P001
GF-ING-00412,"Valli poomeen, Vallipoomeen",Malayalam,regional_name,SRC-IFCT2017,P001
GF-ING-00412,"Shonas, Dandeli, Chirya",Marathi,regional_name,SRC-IFCT2017,P001
GF-ING-00412,Naum,Odia,regional_name,SRC-IFCT2017,P001
GF-ING-00412,"Poomeen, Ullahti, Manna, Mooran Kendai",Tamil,regional_name,SRC-IFCT2017,P001
GF-ING-00412,"Jinnagow, Jallagu",Telugu,regional_name,SRC-IFCT2017,P001
GF-ING-00412,[Place of collection: Chennai],unknown,regional_name,SRC-IFCT2017,P001
GF-ING-00413,Aluva,English,source_name,SRC-IFCT2017,P002
GF-ING-00413,"Black pomfret, Brown Pomfret, Pomfret",English,regional_name,SRC-IFCT2017,P002
GF-ING-00413,"Halwa, Adadio",Gujarati,regional_name,SRC-IFCT2017,P002
GF-ING-00413,Thondrotte,Kannada,regional_name,SRC-IFCT2017,P002
GF-ING-00413,Halwa,Kon,regional_name,SRC-IFCT2017,P002
GF-ING-00413,"Karuvolli, Karauthakoli, Avoli, Vellavoli",Malayalam,regional_name,SRC-IFCT2017,P002
GF-ING-00413,Halwa,Marathi,regional_name,SRC-IFCT2017,P002
GF-ING-00413,"Vellaivaval, Vavval, Karuvaval",Tamil,regional_name,SRC-IFCT2017,P002
GF-ING-00413,"Nallachanduva, Chanduva, Thellachanduva",Telugu,regional_name,SRC-IFCT2017,P002
GF-ING-00413,"[Place of collection: Vizag, Goa and Mumbai]",unknown,regional_name,SRC-IFCT2017,P002
GF-ING-00414,Anchovy,English,source_name,SRC-IFCT2017,P003
GF-ING-00414,"Indian anchovy, Hardenberg`s anchovy",English,regional_name,SRC-IFCT2017,P003
GF-ING-00414,Conetholi,Malayalam,regional_name,SRC-IFCT2017,P003
GF-ING-00414,Dindus,Marathi,regional_name,SRC-IFCT2017,P003
GF-ING-00414,Tamil Nethilli,Tamil,regional_name,SRC-IFCT2017,P003
GF-ING-00414,Nattoo,Telugu,regional_name,SRC-IFCT2017,P003
GF-ING-00414,[Place of collection: Chennai and Kochi],unknown,regional_name,SRC-IFCT2017,P003
GF-ING-00415,Ari fish,English,source_name,SRC-IFCT2017,P004
GF-ING-00415,Kurali,Malayalam,regional_name,SRC-IFCT2017,P004
GF-ING-00415,"Kila meen, Komu kila",Tamil,regional_name,SRC-IFCT2017,P004
GF-ING-00415,Green jobfish,English,regional_name,SRC-IFCT2017,P004
GF-ING-00415,[Place of collection: Kochi],unknown,regional_name,SRC-IFCT2017,P004
GF-ING-00416,Betki,English,source_name,SRC-IFCT2017,P005
GF-ING-00416,"Barramundi, Asian sea bass, Cockup, Cock up, Giant Sea Perch, Giant Seaperch",English,regional_name,SRC-IFCT2017,P005
GF-ING-00416,Bhekti,Bengali,regional_name,SRC-IFCT2017,P005
GF-ING-00416,"Bekti, Gariyu",Gujarati,regional_name,SRC-IFCT2017,P005
GF-ING-00416,"Keliji, Koliji",Kannada,regional_name,SRC-IFCT2017,P005
GF-ING-00416,"Narimeen, Nuddee meen, Nair meen, Nari meen",Malayalam,regional_name,SRC-IFCT2017,P005
GF-ING-00416,"Khajura, Jiteda, Khajuri, Fitadar",Marathi,regional_name,SRC-IFCT2017,P005
GF-ING-00416,"Durruah, Bekkut",Odia,regional_name,SRC-IFCT2017,P005
GF-ING-00416,"Painnee meen, Koduva, Keduwa",Tamil,regional_name,SRC-IFCT2017,P005
GF-ING-00416,"Pandu kopah, Dadhara, Pandu menu",Telugu,regional_name,SRC-IFCT2017,P005
GF-ING-00416,[Place of collection: Kolkata],unknown,regional_name,SRC-IFCT2017,P005
GF-ING-00417,Black snapper,English,source_name,SRC-IFCT2017,P006
GF-ING-00417,Kari Kuruval,Malayalam,regional_name,SRC-IFCT2017,P006
GF-ING-00417,Karutha Kuruval,Tamil,regional_name,SRC-IFCT2017,P006
GF-ING-00417,Black snapper,English,regional_name,SRC-IFCT2017,P006
GF-ING-00417,[Place of collection: Kolkata],unknown,regional_name,SRC-IFCT2017,P006
GF-ING-00418,Bombay duck,English,source_name,SRC-IFCT2017,P007
GF-ING-00418,Bummalo,English,regional_name,SRC-IFCT2017,P007
GF-ING-00418,"Nehare, Lutia, Bamaloh",Bengali,regional_name,SRC-IFCT2017,P007
GF-ING-00418,"Bumla, Gulchi",Gujarati,regional_name,SRC-IFCT2017,P007
GF-ING-00418,"Bunmalo, Bombil",Marathi,regional_name,SRC-IFCT2017,P007
GF-ING-00418,Bombil,Odia,regional_name,SRC-IFCT2017,P007
GF-ING-00418,Vangaravasi,Tamil,regional_name,SRC-IFCT2017,P007
GF-ING-00418,"Cucah sawahri, Coco mottah",Telugu,regional_name,SRC-IFCT2017,P007
GF-ING-00418,Lizardfish,Common,regional_name,SRC-IFCT2017,P007
GF-ING-00418,[Place of collection: Mumbai and Kolkata],unknown,regional_name,SRC-IFCT2017,P007
GF-ING-00419,Bommuralu,English,source_name,SRC-IFCT2017,P008
GF-ING-00419,"Kotuna, Pambu meen",Tamil,regional_name,SRC-IFCT2017,P008
GF-ING-00419,"Kotla pama, Tolli pama",Telugu,regional_name,SRC-IFCT2017,P008
GF-ING-00419,"Daggertooth pike conger, Dagger tooth pike conger",English,regional_name,SRC-IFCT2017,P008
GF-ING-00419,Eel,Common,regional_name,SRC-IFCT2017,P008
GF-ING-00419,"[Place of collection: Chennai, Goa and Vizag]",unknown,regional_name,SRC-IFCT2017,P008
GF-ING-00420,Cat fish,English,source_name,SRC-IFCT2017,P009
GF-ING-00420,Valia Etta,Malayalam,regional_name,SRC-IFCT2017,P009
GF-ING-00420,Ven Etta,Tamil,regional_name,SRC-IFCT2017,P009
GF-ING-00420,Thella Jella,Telugu,regional_name,SRC-IFCT2017,P009
GF-ING-00420,"Giant Catfish, Giant Sea Catfish",English,regional_name,SRC-IFCT2017,P009
GF-ING-00420,Marine catfish,Common,regional_name,SRC-IFCT2017,P009
GF-ING-00420,[Place of collection: Chennai],unknown,regional_name,SRC-IFCT2017,P009
GF-ING-00421,Chakla,English,source_name,SRC-IFCT2017,P010
GF-ING-00421,"Cobia, Black kingfish, Black King Fish, Butterfish, Black salmon, Ling, Lemonfish, Crabeater, Prodigal son, Black bonito",English,regional_name,SRC-IFCT2017,P010
GF-ING-00421,Modasa,Gujarati,regional_name,SRC-IFCT2017,P010
GF-ING-00421,Neimeen,Malayalam,regional_name,SRC-IFCT2017,P010
GF-ING-00421,"Muddus, Sakala, Sakla, Madusa",Marathi,regional_name,SRC-IFCT2017,P010
GF-ING-00421,"Cuddul verarl, Kadal viral",Tamil,regional_name,SRC-IFCT2017,P010
GF-ING-00421,Peddah mottah,Telugu,regional_name,SRC-IFCT2017,P010
GF-ING-00421,Perciform marine fish,Common,regional_name,SRC-IFCT2017,P010
GF-ING-00421,"[Place of collection: Mumbai, Vizag, Goa, Mandapam and Chennai]",unknown,regional_name,SRC-IFCT2017,P010
GF-ING-00422,Chappal,English,source_name,SRC-IFCT2017,P011
GF-ING-00422,"Klathi, Thol Meen",Tamil,regional_name,SRC-IFCT2017,P011
GF-ING-00422,Kommu Thoka,Telugu,regional_name,SRC-IFCT2017,P011
GF-ING-00422,Clathi,Malayalam,regional_name,SRC-IFCT2017,P011
GF-ING-00422,Phutaki,Marathi,regional_name,SRC-IFCT2017,P011
GF-ING-00422,Unicorn leatherjacket,English,regional_name,SRC-IFCT2017,P011
GF-ING-00422,Filefish,Common,regional_name,SRC-IFCT2017,P011
GF-ING-00422,[Place of collection: Goa],unknown,regional_name,SRC-IFCT2017,P011
GF-ING-00423,Chelu,English,source_name,SRC-IFCT2017,P012
GF-ING-00423,"Rainbow runner, Rainbow yellowtail, Spanish jack, Hawaiian salmon",English,regional_name,SRC-IFCT2017,P012
GF-ING-00423,"Poomeen, Chameen",Malayalam,regional_name,SRC-IFCT2017,P012
GF-ING-00423,Kulkul,Tamil,regional_name,SRC-IFCT2017,P012
GF-ING-00423,Pelagic marine fish,Common,regional_name,SRC-IFCT2017,P012
GF-ING-00423,[Place of collection: Vizag and Chennai],unknown,regional_name,SRC-IFCT2017,P012
GF-ING-00424,Chembali,English,source_name,SRC-IFCT2017,P013
GF-ING-00424,"Chemballi, Chembally",Malayalam,regional_name,SRC-IFCT2017,P013
GF-ING-00424,Vellakkara,Tamil,regional_name,SRC-IFCT2017,P013
GF-ING-00424,Rangoo,Telugu,regional_name,SRC-IFCT2017,P013
GF-ING-00424,"Five lined snapper, Blue striped snapper, Fivelines Seaperch, Gold striped Sea-perch, Five line Snapper, Fivelined Snapper",English,regional_name,SRC-IFCT2017,P013
GF-ING-00424,Snapper,Common,regional_name,SRC-IFCT2017,P013
GF-ING-00424,[Place of collection: Kochi],unknown,regional_name,SRC-IFCT2017,P013
GF-ING-00425,Eri meen,English,source_name,SRC-IFCT2017,P014
GF-ING-00425,"Eri meen, Velameen",Malayalam,regional_name,SRC-IFCT2017,P014
GF-ING-00425,"Eri meen, Nedunkala",Tamil,regional_name,SRC-IFCT2017,P014
GF-ING-00425,"Crimson jobfish, Crimson snapper, Opakapaka, Hawaiian pink snapper",English,regional_name,SRC-IFCT2017,P014
GF-ING-00425,Snapper,Common,regional_name,SRC-IFCT2017,P014
GF-ING-00425,[Place of collection: Kochi],unknown,regional_name,SRC-IFCT2017,P014
GF-ING-00426,Gobro,English,source_name,SRC-IFCT2017,P015
GF-ING-00426,"Coral Cod, Six barred Reef Cod, Thornycheek Grouper, Spinycheek Grouper, Grouper, Six barred Reef cod, Seabass, Coral Trout",English,regional_name,SRC-IFCT2017,P015
GF-ING-00426,Guri,Kannada,regional_name,SRC-IFCT2017,P015
GF-ING-00426,Gobri,Kon,regional_name,SRC-IFCT2017,P015
GF-ING-00426,"Kalawa, Varayan Kalawa",Malayalam,regional_name,SRC-IFCT2017,P015
GF-ING-00426,"Gobra, Hekaru",Marathi,regional_name,SRC-IFCT2017,P015
GF-ING-00426,Kalava,Tamil,regional_name,SRC-IFCT2017,P015
GF-ING-00426,Serranid fish,Common,regional_name,SRC-IFCT2017,P015
GF-ING-00426,[Place of collection: Mumbai and Goa],unknown,regional_name,SRC-IFCT2017,P015
GF-ING-00427,Guitar fish,English,source_name,SRC-IFCT2017,P016
GF-ING-00427,Veenna Meen,Malayalam,regional_name,SRC-IFCT2017,P016
GF-ING-00427,Padangan,Tamil,regional_name,SRC-IFCT2017,P016
GF-ING-00427,Sorra Padhangan,Telugu,regional_name,SRC-IFCT2017,P016
GF-ING-00427,Lanjav,Marathi,regional_name,SRC-IFCT2017,P016
GF-ING-00427,Papan,Gujarati,regional_name,SRC-IFCT2017,P016
GF-ING-00427,"Guitarfish, Prahli Guitarfish",English,regional_name,SRC-IFCT2017,P016
GF-ING-00427,Ray,Common,regional_name,SRC-IFCT2017,P016
GF-ING-00427,[Place of collection: Chennai],unknown,regional_name,SRC-IFCT2017,P016
GF-ING-00428,Hilsa,English,source_name,SRC-IFCT2017,P017
GF-ING-00428,"Ilish, Hilsa, River Shad, Indian Shad, Hilsa Shad",English,regional_name,SRC-IFCT2017,P017
GF-ING-00428,"Elish, Ilish",Assamese,regional_name,SRC-IFCT2017,P017
GF-ING-00428,"Ilishmach, Ilish, Hilsa, Ilisha, Hilsha",Bengali,regional_name,SRC-IFCT2017,P017
GF-ING-00428,"Chaski, Palla, Chaksi, Chakshi",Gujarati,regional_name,SRC-IFCT2017,P017
GF-ING-00428,Hilsa,Hindi,regional_name,SRC-IFCT2017,P017
GF-ING-00428,"Palasa, Paliya, Polasa, Palia, Mullasu",Kannada,regional_name,SRC-IFCT2017,P017
GF-ING-00428,"Paluva, Valava, Paliyah",Malayalam,regional_name,SRC-IFCT2017,P017
GF-ING-00428,"Palva, Chaksi, Pala, Palla",Marathi,regional_name,SRC-IFCT2017,P017
GF-ING-00428,"Ilisha, Ilish, Jodi",Odia,regional_name,SRC-IFCT2017,P017
GF-ING-00428,"Karuva ullam, Sevva, Dolum, Ullam, Oolum",Tamil,regional_name,SRC-IFCT2017,P017
GF-ING-00428,"Palasah, Polasa, Palasa, Palia",Telugu,regional_name,SRC-IFCT2017,P017
GF-ING-00428,Herring,Common,regional_name,SRC-IFCT2017,P017
GF-ING-00428,[Place of collection: Kochi],unknown,regional_name,SRC-IFCT2017,P017
GF-ING-00429,Jallal,English,source_name,SRC-IFCT2017,P018
GF-ING-00429,Jella,Telugu,regional_name,SRC-IFCT2017,P018
GF-ING-00429,Kaeluthi,Tamil,regional_name,SRC-IFCT2017,P018
GF-ING-00429,Etta,Malayalam,regional_name,SRC-IFCT2017,P018
GF-ING-00429,Kontia,Odia,regional_name,SRC-IFCT2017,P018
GF-ING-00429,Tengra,Bengali,regional_name,SRC-IFCT2017,P018
GF-ING-00429,Arius,English,regional_name,SRC-IFCT2017,P018
GF-ING-00429,Catfish,Common,regional_name,SRC-IFCT2017,P018
GF-ING-00429,[Place of collection: Vizag],unknown,regional_name,SRC-IFCT2017,P018
GF-ING-00430,Jathi vela meen,English,source_name,SRC-IFCT2017,P019
GF-ING-00430,"Pig face Bream, Silver Spotted Sea Bream, Bridled Pigface bream",English,regional_name,SRC-IFCT2017,P019
GF-ING-00430,"Pullivelameen, Kadu",Malayalam,regional_name,SRC-IFCT2017,P019
GF-ING-00430,Valamin,Tamil,regional_name,SRC-IFCT2017,P019
GF-ING-00430,Karua,Telugu,regional_name,SRC-IFCT2017,P019
GF-ING-00430,Emperor fish,Common,regional_name,SRC-IFCT2017,P019
GF-ING-00430,[Place of collection: Mumbai and Mandapam],unknown,regional_name,SRC-IFCT2017,P019
GF-ING-00431,Kadal bral,English,source_name,SRC-IFCT2017,P020
GF-ING-00431,"Kadal Varal, Kechi",Malayalam,regional_name,SRC-IFCT2017,P020
GF-ING-00431,"Palli Meen, Ooli meen",Tamil,regional_name,SRC-IFCT2017,P020
GF-ING-00431,Bathisaapa,Telugu,regional_name,SRC-IFCT2017,P020
GF-ING-00431,Arna Manji,Kannada,regional_name,SRC-IFCT2017,P020
GF-ING-00431,Chor Bombil,Marathi,regional_name,SRC-IFCT2017,P020
GF-ING-00431,Indian lizardfish,English,regional_name,SRC-IFCT2017,P020
GF-ING-00431,Lizardfish,Common,regional_name,SRC-IFCT2017,P020
GF-ING-00431,[Place of collection: Kochi],unknown,regional_name,SRC-IFCT2017,P020
GF-ING-00432,Kadali,English,source_name,SRC-IFCT2017,P021
GF-ING-00432,"Kadali, Kendai",Tamil,regional_name,SRC-IFCT2017,P021
GF-ING-00432,"Murumeen, Kerachoondan",Malayalam,regional_name,SRC-IFCT2017,P021
GF-ING-00432,"Kadali, Goli",Telugu,regional_name,SRC-IFCT2017,P021
GF-ING-00432,Redfilament Threadfin bream,English,regional_name,SRC-IFCT2017,P021
GF-ING-00432,[Place of collection: Chennai],unknown,regional_name,SRC-IFCT2017,P021
GF-ING-00433,Kalamaara,English,source_name,SRC-IFCT2017,P022
GF-ING-00433,"Indian threadfin, Monk Fish, Thread Fin, Row Ball, Bastard Mullets, Bamin, Threadfin, Indian Salmon, Giant Threadfin, Indian Threadfin",English,regional_name,SRC-IFCT2017,P022
GF-ING-00433,"Dara, Darha, Dadha",Gujarati,regional_name,SRC-IFCT2017,P022
GF-ING-00433,"Vahmeenu, Ramas",Kannada,regional_name,SRC-IFCT2017,P022
GF-ING-00433,"Thamuthi, Yeta, Wahmeen, Baameen, Norakudiyan, Bahmin",Malayalam,regional_name,SRC-IFCT2017,P022
GF-ING-00433,"Dara, Darha, Chelna",Marathi,regional_name,SRC-IFCT2017,P022
GF-ING-00433,"Thiravalai, Vellaikala, Seenakalai, Tahlunkala, Panigala, Valanakala, Kala, Battihiravalai, Kondiangalai, Kattikalai",Tamil,regional_name,SRC-IFCT2017,P022
GF-ING-00433,"Podikimaga, Budathamaga, Boddumaga, Thellamaga, Sahala, Maga-booshee",Telugu,regional_name,SRC-IFCT2017,P022
GF-ING-00433,Coastal fish,Common,regional_name,SRC-IFCT2017,P022
GF-ING-00433,[Place of collection: Goa and Vizag],unknown,regional_name,SRC-IFCT2017,P022
GF-ING-00434,Kalava,English,source_name,SRC-IFCT2017,P023
GF-ING-00434,"Kalava, Panni Kalava",Malayalam,regional_name,SRC-IFCT2017,P023
GF-ING-00434,"Kalavan, Pulli Kalava",Tamil,regional_name,SRC-IFCT2017,P023
GF-ING-00434,Bontha,Telugu,regional_name,SRC-IFCT2017,P023
GF-ING-00434,"Hekaru, Gobra",Marathi,regional_name,SRC-IFCT2017,P023
GF-ING-00434,Gopra,Kannada,regional_name,SRC-IFCT2017,P023
GF-ING-00434,"Orange spotted grouper, Estuary cod",English,regional_name,SRC-IFCT2017,P023
GF-ING-00434,[Place of collection: Mandapam],unknown,regional_name,SRC-IFCT2017,P023
GF-ING-00435,Kanamayya,English,source_name,SRC-IFCT2017,P024
GF-ING-00435,"Blubberlip snapper, Maori Snapper, Multi coloured Snapper",English,regional_name,SRC-IFCT2017,P024
GF-ING-00435,Kathupiriyan,Malayalam,regional_name,SRC-IFCT2017,P024
GF-ING-00435,Cuttu pirium,Tamil,regional_name,SRC-IFCT2017,P024
GF-ING-00435,Snapper,Common,regional_name,SRC-IFCT2017,P024
GF-ING-00435,[Place of collection: Chennai and Vizag],unknown,regional_name,SRC-IFCT2017,P024
GF-ING-00436,Kannadi paarai,English,source_name,SRC-IFCT2017,P025
GF-ING-00436,"Kannadi Paarai, Kattamparei",Tamil,regional_name,SRC-IFCT2017,P025
GF-ING-00436,"Kannadi Paarai, Vattapara",Malayalam,regional_name,SRC-IFCT2017,P025
GF-ING-00436,Badil,Telugu,regional_name,SRC-IFCT2017,P025
GF-ING-00436,Kat Bangda,Marathi,regional_name,SRC-IFCT2017,P025
GF-ING-00436,"Diamond trevally, Indian threadfish, Indian threadfin, Mirror fish, Plumed trevally",English,regional_name,SRC-IFCT2017,P025
GF-ING-00436,Coastal marine fish,Common,regional_name,SRC-IFCT2017,P025
GF-ING-00436,"[Place of collection: Mumbai, Chennai and Mandapam]",unknown,regional_name,SRC-IFCT2017,P025
GF-ING-00437,Karimeen,English,source_name,SRC-IFCT2017,P026
GF-ING-00437,"Green chromide, Pearlspot cichlid, Banded pearlspot, Striped chromide, Pearl Spot, Banded Etroplus",English,regional_name,SRC-IFCT2017,P026
GF-ING-00437,Elimeenu,Kannada,regional_name,SRC-IFCT2017,P026
GF-ING-00437,Pitul,Kashmiri,regional_name,SRC-IFCT2017,P026
GF-ING-00437,Kalunder,Kon,regional_name,SRC-IFCT2017,P026
GF-ING-00437,"Karimeen, Erumeen, Irimeen",Malayalam,regional_name,SRC-IFCT2017,P026
GF-ING-00437,Cundahle,Odia,regional_name,SRC-IFCT2017,P026
GF-ING-00437,"Seththa Kendai, Karassar, Sethakendai, Sethakandai, Palincha, Panishettai, Udupatti",Tamil,regional_name,SRC-IFCT2017,P026
GF-ING-00437,"Cashi mara, Cashimara, Duvvenachepa",Telugu,regional_name,SRC-IFCT2017,P026
GF-ING-00437,Cichlid fish,Common,regional_name,SRC-IFCT2017,P026
GF-ING-00437,[Place of collection: Kochi],unknown,regional_name,SRC-IFCT2017,P026
GF-ING-00438,Karnagawala,English,source_name,SRC-IFCT2017,P027
GF-ING-00438,Karna Gawala,Telugu,regional_name,SRC-IFCT2017,P027
GF-ING-00438,"Nethili, Poruva",Tamil,regional_name,SRC-IFCT2017,P027
GF-ING-00438,"Netholi, Kozhuva",Malayalam,regional_name,SRC-IFCT2017,P027
GF-ING-00438,Bolingei,Kannada,regional_name,SRC-IFCT2017,P027
GF-ING-00438,Broad striped anchovy,English,regional_name,SRC-IFCT2017,P027
GF-ING-00438,[Place of collection: Vizag],unknown,regional_name,SRC-IFCT2017,P027
GF-ING-00439,Kayrai,English,source_name,SRC-IFCT2017,P028
GF-ING-00439,"Yellowfin tuna, Yellow Fin Tuna",English,regional_name,SRC-IFCT2017,P028
GF-ING-00439,"Gedar, Gedara",Gujarati,regional_name,SRC-IFCT2017,P028
GF-ING-00439,Bokado,Kon,regional_name,SRC-IFCT2017,P028
GF-ING-00439,Poovan choora,Malayalam,regional_name,SRC-IFCT2017,P028
GF-ING-00439,"Kuppa, Gedar, Bugudi, Pimp",Marathi,regional_name,SRC-IFCT2017,P028
GF-ING-00439,Soccer,Tamil,regional_name,SRC-IFCT2017,P028
GF-ING-00439,Tuna,Common,regional_name,SRC-IFCT2017,P028
GF-ING-00439,[Place of collection: Chennai],unknown,regional_name,SRC-IFCT2017,P028
GF-ING-00440,Kiriyan,English,source_name,SRC-IFCT2017,P029
GF-ING-00440,"Yellowtail scad, Northern yellowtail scad, One finlet scad, Deep trevally, Omaka, Horse Mackerel",English,regional_name,SRC-IFCT2017,P029
GF-ING-00440,Gondlu,Kannada,regional_name,SRC-IFCT2017,P029
GF-ING-00440,Para,Malayalam,regional_name,SRC-IFCT2017,P029
GF-ING-00440,"Pulli Parai, Para, Warri parah, Vennai Parai, Semaparai, Parai, Thenga Parai, Komaraparai, Kilisai",Tamil,regional_name,SRC-IFCT2017,P029
GF-ING-00440,"Manjal Parai, Pulli Parai, Para",Telugu,regional_name,SRC-IFCT2017,P029
GF-ING-00440,Small inshore marine fish,Common,regional_name,SRC-IFCT2017,P029
GF-ING-00440,[Place of collection: Kochi],unknown,regional_name,SRC-IFCT2017,P029
GF-ING-00441,Kite fish,English,source_name,SRC-IFCT2017,P030
GF-ING-00441,Kozhi Thirandi,Malayalam,regional_name,SRC-IFCT2017,P030
GF-ING-00441,Kozhi Thirukkai,Tamil,regional_name,SRC-IFCT2017,P030
GF-ING-00441,Tekku Madava,Telugu,regional_name,SRC-IFCT2017,P030
GF-ING-00441,Shortfin devil ray,English,regional_name,SRC-IFCT2017,P030
GF-ING-00441,Ray,Common,regional_name,SRC-IFCT2017,P030
GF-ING-00441,[Place of collection: Kochi],unknown,regional_name,SRC-IFCT2017,P030
GF-ING-00442,Korka,English,source_name,SRC-IFCT2017,P031
GF-ING-00442,"Crescent grunter, Target Fish, Crescent Bass, Crescent Perch, Tiger Bass, Jarbua Terapon, Tiger perch, Squeaking Perch",English,regional_name,SRC-IFCT2017,P031
GF-ING-00442,"Boorgooni, Jeerpye",Bengali,regional_name,SRC-IFCT2017,P031
GF-ING-00442,"Garangeta, Naida",Gujarati,regional_name,SRC-IFCT2017,P031
GF-ING-00442,Gore,Kannada,regional_name,SRC-IFCT2017,P031
GF-ING-00442,"Kotha, Marakkeri, Keeri, Kallakeedam",Malayalam,regional_name,SRC-IFCT2017,P031
GF-ING-00442,"Naveri Hajam, Naveri",Marathi,regional_name,SRC-IFCT2017,P031
GF-ING-00442,"Gahnu, Galikooru",Odia,regional_name,SRC-IFCT2017,P031
GF-ING-00442,"Mattakkeechan, Palin keetchan, Kovakeechan, Palinkeechan, Pootankeeli, Keeli, Keechan, Chavathinnikeeli",Tamil,regional_name,SRC-IFCT2017,P031
GF-ING-00442,"Baikeeli, Kilipothu, Ganam, Samudrakili",Telugu,regional_name,SRC-IFCT2017,P031
GF-ING-00442,Grunter,Common,regional_name,SRC-IFCT2017,P031
GF-ING-00442,[Place of collection: Kochi],unknown,regional_name,SRC-IFCT2017,P031
GF-ING-00443,Kulam paarai,English,source_name,SRC-IFCT2017,P032
GF-ING-00443,"Kulam Paarai, Pulli Paarai",Tamil,regional_name,SRC-IFCT2017,P032
GF-ING-00443,Manja Paarai,Malayalam,regional_name,SRC-IFCT2017,P032
GF-ING-00443,Pulli Para,Telugu,regional_name,SRC-IFCT2017,P032
GF-ING-00443,"Yellowspotted trevally, Yellowspotted kingfish, Goldspotted trevally, Tarrum",English,regional_name,SRC-IFCT2017,P032
GF-ING-00443,Large inshore marine fish,Common,regional_name,SRC-IFCT2017,P032
GF-ING-00443,[Place of collection: Chennai],unknown,regional_name,SRC-IFCT2017,P032
GF-ING-00444,Maagaa,English,source_name,SRC-IFCT2017,P033
GF-ING-00444,"Maga, Budatha Maga",Telugu,regional_name,SRC-IFCT2017,P033
GF-ING-00444,Pozhakkala,Tamil,regional_name,SRC-IFCT2017,P033
GF-ING-00444,Sahala,Odia,regional_name,SRC-IFCT2017,P033
GF-ING-00444,Tape Machh,Bengali,regional_name,SRC-IFCT2017,P033
GF-ING-00444,Rawas,Marathi,regional_name,SRC-IFCT2017,P033
GF-ING-00444,Striped threadfin,English,regional_name,SRC-IFCT2017,P033
GF-ING-00444,Marine fish,Common,regional_name,SRC-IFCT2017,P033
GF-ING-00444,[Place of collection: Vizag],unknown,regional_name,SRC-IFCT2017,P033
GF-ING-00445,Mackerel,English,source_name,SRC-IFCT2017,P034
GF-ING-00445,"Indian mackerel, Rake Gillat Mackerel",English,regional_name,SRC-IFCT2017,P034
GF-ING-00445,Bangada,Gujarati,regional_name,SRC-IFCT2017,P034
GF-ING-00445,"Bangda, Bangadei, Bangada",Kannada,regional_name,SRC-IFCT2017,P034
GF-ING-00445,Bangada,Kon,regional_name,SRC-IFCT2017,P034
GF-ING-00445,"Ayila, Ayala, Ayla",Malayalam,regional_name,SRC-IFCT2017,P034
GF-ING-00445,"Kaulagedar, Bangada, Kaula Gedar",Marathi,regional_name,SRC-IFCT2017,P034
GF-ING-00445,Karan kita,Odia,regional_name,SRC-IFCT2017,P034
GF-ING-00445,"Kanangeluthi, Kumala, Kumla, Augalai",Tamil,regional_name,SRC-IFCT2017,P034
GF-ING-00445,"Kannangadatha, Kanagurta, Kamangadachalu",Telugu,regional_name,SRC-IFCT2017,P034
GF-ING-00445,Mackerel,Common,regional_name,SRC-IFCT2017,P034
GF-ING-00445,"[Place of collection: Chennai, Mumbai and Goa]",unknown,regional_name,SRC-IFCT2017,P034
GF-ING-00446,Manda clathi,English,source_name,SRC-IFCT2017,P035
GF-ING-00446,Manda Klathi,Tamil,regional_name,SRC-IFCT2017,P035
GF-ING-00446,Manda Klathi,Malayalam,regional_name,SRC-IFCT2017,P035
GF-ING-00446,Reticulated unicornfish,English,regional_name,SRC-IFCT2017,P035
GF-ING-00446,[Place of collection: Mandapam],unknown,regional_name,SRC-IFCT2017,P035
GF-ING-00447,Matha,English,source_name,SRC-IFCT2017,P036
GF-ING-00447,"Elongate surgeonfish, Blue lined surgeonfish",English,regional_name,SRC-IFCT2017,P036
GF-ING-00447,Pala,Malayalam,regional_name,SRC-IFCT2017,P036
GF-ING-00447,Marine tropical fish,Common,regional_name,SRC-IFCT2017,P036
GF-ING-00447,[Place of collection: Chennai and vizag],unknown,regional_name,SRC-IFCT2017,P036
GF-ING-00448,Milk fish,English,source_name,SRC-IFCT2017,P037
GF-ING-00448,"Milkfish, Milk fish, White Mullet",English,regional_name,SRC-IFCT2017,P037
GF-ING-00448,"Humeen, Hoomeenu, Hoo meenu",Kannada,regional_name,SRC-IFCT2017,P037
GF-ING-00448,Poomeen,Malayalam,regional_name,SRC-IFCT2017,P037
GF-ING-00448,"Pal kendai, Palmeen, Tulu candul, Thullu, Palai meen",Tamil,regional_name,SRC-IFCT2017,P037
GF-ING-00448,"Pallabontha, Polah bontah",Telugu,regional_name,SRC-IFCT2017,P037
GF-ING-00448,[Place of collection: Mandapam],unknown,regional_name,SRC-IFCT2017,P037
GF-ING-00449,Moon fish,English,source_name,SRC-IFCT2017,P038
GF-ING-00449,Moonfish,English,regional_name,SRC-IFCT2017,P038
GF-ING-00449,Vaniani,Gujarati,regional_name,SRC-IFCT2017,P038
GF-ING-00449,Hakkimeen,Kannada,regional_name,SRC-IFCT2017,P038
GF-ING-00449,Ambattan parah,Malayalam,regional_name,SRC-IFCT2017,P038
GF-ING-00449,"Ambutan parah, Amattikatti",Tamil,regional_name,SRC-IFCT2017,P038
GF-ING-00449,Perch fish,Common,regional_name,SRC-IFCT2017,P038
GF-ING-00449,[Place of collection: Mumbai],unknown,regional_name,SRC-IFCT2017,P038
GF-ING-00450,Mullet,English,source_name,SRC-IFCT2017,P039
GF-ING-00450,"Flathead grey mullet, Flathead Greymullet",English,regional_name,SRC-IFCT2017,P039
GF-ING-00450,Ain,Bengali,regional_name,SRC-IFCT2017,P039
GF-ING-00450,"Bhomat, Boi, Gandhia",Gujarati,regional_name,SRC-IFCT2017,P039
GF-ING-00450,Mala,Kannada,regional_name,SRC-IFCT2017,P039
GF-ING-00450,"Tirutha, Thirutha, Tiruta",Malayalam,regional_name,SRC-IFCT2017,P039
GF-ING-00450,"Boi, Mangan, Boita, Pilas, Bol, Pilsa, Sherto",Marathi,regional_name,SRC-IFCT2017,P039
GF-ING-00450,"Madavai, Kasmeen, Manla",Tamil,regional_name,SRC-IFCT2017,P039
GF-ING-00450,"Kathiparega, Kathi parenga",Telugu,regional_name,SRC-IFCT2017,P039
GF-ING-00450,Food fish,Common,regional_name,SRC-IFCT2017,P039
GF-ING-00450,"[Place of collection: Mumbai, Kochi and Chennai]",unknown,regional_name,SRC-IFCT2017,P039
GF-ING-00451,Mural,English,source_name,SRC-IFCT2017,P040
GF-ING-00451,"Houndfish, Crocodile needlefish, Giant Longtom",English,regional_name,SRC-IFCT2017,P040
GF-ING-00451,"Oola, Keran",Malayalam,regional_name,SRC-IFCT2017,P040
GF-ING-00451,Tol,Marathi,regional_name,SRC-IFCT2017,P040
GF-ING-00451,Pahmum kolah,Tamil,regional_name,SRC-IFCT2017,P040
GF-ING-00451,Wahlah kuddera,Telugu,regional_name,SRC-IFCT2017,P040
GF-ING-00451,Game fish,Common,regional_name,SRC-IFCT2017,P040
GF-ING-00451,[Place of collection: Mandapam],unknown,regional_name,SRC-IFCT2017,P040
GF-ING-00452,Myil meen,English,source_name,SRC-IFCT2017,P041
GF-ING-00452,"Indo Pacific sailfish, Peacock Fish, Sail Fish, Indian Sail Fish, Sailfish",English,regional_name,SRC-IFCT2017,P041
GF-ING-00452,"Tadmachhi, Kunga",Gujarati,regional_name,SRC-IFCT2017,P041
GF-ING-00452,"Ola meen, Olameen",Malayalam,regional_name,SRC-IFCT2017,P041
GF-ING-00452,Tadmasa,Marathi,regional_name,SRC-IFCT2017,P041
GF-ING-00452,Sailfish,Common,regional_name,SRC-IFCT2017,P041
GF-ING-00452,[Place of collection: Chennai and Mandapam],unknown,regional_name,SRC-IFCT2017,P041
GF-ING-00453,Nalla bontha,English,source_name,SRC-IFCT2017,P042
GF-ING-00453,"Wekhali, Wekhanu, Wekhru",Gujarati,regional_name,SRC-IFCT2017,P042
GF-ING-00453,"Gopra, Muni Meenu",Kannada,regional_name,SRC-IFCT2017,P042
GF-ING-00453,Gobri,Kon,regional_name,SRC-IFCT2017,P042
GF-ING-00453,Kalawa,Malayalam,regional_name,SRC-IFCT2017,P042
GF-ING-00453,"Gobra, Hekru, Hekaru",Marathi,regional_name,SRC-IFCT2017,P042
GF-ING-00453,Bhala,Odia,regional_name,SRC-IFCT2017,P042
GF-ING-00453,"Punni calawah, Kalava",Tamil,regional_name,SRC-IFCT2017,P042
GF-ING-00453,"Bontha, Kodi Punju, Bontoo",Telugu,regional_name,SRC-IFCT2017,P042
GF-ING-00453,"Giant Rock Cod, Malabar Rockcod, Brown-spotted Grouper, Estuary Rock cod, Malabar Grouper, Morgan`s Cod, Blackspot Cod, Malabar Reef Cod, Speckled Grouper., Blacksaddle Grouper, Malabar Cod, Speckled Grouper, Grouper, Greasy Grouper, Blackspotted Rockcod, Malabar Reefcod, Estuary Cod, Malabar Rock Cod",English,regional_name,SRC-IFCT2017,P042
GF-ING-00453,Large serranid fish,Common,regional_name,SRC-IFCT2017,P042
GF-ING-00453,[Place of collection: Vizag],unknown,regional_name,SRC-IFCT2017,P042
GF-ING-00454,Narba,English,source_name,SRC-IFCT2017,P043
GF-ING-00454,"Bigeye trevally, Bigeye jack, Great trevally, Six banded trevally, Dusky jack, Dusk Jack, Tille Jack",English,regional_name,SRC-IFCT2017,P043
GF-ING-00454,"Bangada, Kala Bangada",Gujarati,regional_name,SRC-IFCT2017,P043
GF-ING-00454,Gondlu,Kannada,regional_name,SRC-IFCT2017,P043
GF-ING-00454,"Maduthala, Varayan para, Kuluvel",Malayalam,regional_name,SRC-IFCT2017,P043
GF-ING-00454,Kala Bangada,Marathi,regional_name,SRC-IFCT2017,P043
GF-ING-00454,Large marine fish,Common,regional_name,SRC-IFCT2017,P043
GF-ING-00454,[Place of collection: Vizag and Mumbai],unknown,regional_name,SRC-IFCT2017,P043
GF-ING-00455,Paarai,English,source_name,SRC-IFCT2017,P044
GF-ING-00455,"Paarai, Karunkanni Paarai",Tamil,regional_name,SRC-IFCT2017,P044
GF-ING-00455,Para,Malayalam,regional_name,SRC-IFCT2017,P044
GF-ING-00455,Para,Telugu,regional_name,SRC-IFCT2017,P044
GF-ING-00455,"Blacktip trevally, Blacktip kingfish, Yellowtail kingfish",English,regional_name,SRC-IFCT2017,P044
GF-ING-00455,Large marine fish,Common,regional_name,SRC-IFCT2017,P044
GF-ING-00455,[Place of collection: Chennnai],unknown,regional_name,SRC-IFCT2017,P044
GF-ING-00456,Padayappa,English,source_name,SRC-IFCT2017,P045
GF-ING-00456,Padayappa,Malayalam,regional_name,SRC-IFCT2017,P045
GF-ING-00456,Karuppu Klathi,Tamil,regional_name,SRC-IFCT2017,P045
GF-ING-00456,"Rough triggerfish, Spotted oceanic triggerfish",English,regional_name,SRC-IFCT2017,P045
GF-ING-00456,Triggerfish,Common,regional_name,SRC-IFCT2017,P045
GF-ING-00456,[Place of collection: Kochi],unknown,regional_name,SRC-IFCT2017,P045
GF-ING-00457,Pali kora,English,source_name,SRC-IFCT2017,P046
GF-ING-00457,Palli Kora,Malayalam,regional_name,SRC-IFCT2017,P046
GF-ING-00457,Palli Korai,Tamil,regional_name,SRC-IFCT2017,P046
GF-ING-00457,Panna croaker,English,regional_name,SRC-IFCT2017,P046
GF-ING-00457,[Place of collection: Kochi],unknown,regional_name,SRC-IFCT2017,P046
GF-ING-00458,Pambada,English,source_name,SRC-IFCT2017,P047
GF-ING-00458,"Savalai hairtail, Small head hairtail, Small Headed Hairtail, Small Headed Ribbon Fish, Small headed Ribbonfish, Silver Ribbon Fish, Hair Tail, Ribbon Fish",English,regional_name,SRC-IFCT2017,P047
GF-ING-00458,Patti,Gujarati,regional_name,SRC-IFCT2017,P047
GF-ING-00458,Pambole,Kannada,regional_name,SRC-IFCT2017,P047
GF-ING-00458,Bale,Kon,regional_name,SRC-IFCT2017,P047
GF-ING-00458,"Vellasavala, Thalayan, Vellathalayan, Karupputhalayan, Karuppusavala, Vellithalayan",Malayalam,regional_name,SRC-IFCT2017,P047
GF-ING-00458,"Baia, Wagti, Bala",Marathi,regional_name,SRC-IFCT2017,P047
GF-ING-00458,"Chavalai, Karthigaivalai, Savalai, Mattachavalai, Olavalai",Tamil,regional_name,SRC-IFCT2017,P047
GF-ING-00458,"Nadippussavallu, Peddasavallu, Yellasavallu, Savala, Kothisavallu",Telugu,regional_name,SRC-IFCT2017,P047
GF-ING-00458,Snapper,Common,regional_name,SRC-IFCT2017,P047
GF-ING-00458,[Place of collection: Chennai and Kochi],unknown,regional_name,SRC-IFCT2017,P047
GF-ING-00459,Pandukopa,English,source_name,SRC-IFCT2017,P048
GF-ING-00459,Pandu Kopa,Telugu,regional_name,SRC-IFCT2017,P048
GF-ING-00459,Borogo,Odia,regional_name,SRC-IFCT2017,P048
GF-ING-00459,Bhola,Bengali,regional_name,SRC-IFCT2017,P048
GF-ING-00459,Doma,Marathi,regional_name,SRC-IFCT2017,P048
GF-ING-00459,"Larimichthys polyactis, Redlip croaker, Small yellow croaker, Little yellow croaker, Yellow corvina",English,regional_name,SRC-IFCT2017,P048
GF-ING-00459,Croaker,Common,regional_name,SRC-IFCT2017,P048
GF-ING-00459,[Place of collection: Vizag],unknown,regional_name,SRC-IFCT2017,P048
GF-ING-00460,Parava,English,source_name,SRC-IFCT2017,P049
GF-ING-00460,"False trevally, Big jawed jumper, Big jawed jumber",English,regional_name,SRC-IFCT2017,P049
GF-ING-00460,"Dhangari, Dangri, Chapla, Katli",Gujarati,regional_name,SRC-IFCT2017,P049
GF-ING-00460,"Saundala, Adai minu",Kannada,regional_name,SRC-IFCT2017,P049
GF-ING-00460,"Adavu, Parava",Malayalam,regional_name,SRC-IFCT2017,P049
GF-ING-00460,"Saundala, Pervi",Marathi,regional_name,SRC-IFCT2017,P049
GF-ING-00460,"Sudumbu, Suthumbu, Guthippu",Tamil,regional_name,SRC-IFCT2017,P049
GF-ING-00460,"Sudumbu, Sudumbala, Kuthuppu",Telugu,regional_name,SRC-IFCT2017,P049
GF-ING-00460,[Place of collection: Kochi],unknown,regional_name,SRC-IFCT2017,P049
GF-ING-00461,Parcus,English,source_name,SRC-IFCT2017,P050
GF-ING-00461,"Indian halibut, Indian Turbot",English,regional_name,SRC-IFCT2017,P050
GF-ING-00461,"Hario, Dataro",Gujarati,regional_name,SRC-IFCT2017,P050
GF-ING-00461,Box Lep,Kon,regional_name,SRC-IFCT2017,P050
GF-ING-00461,"Zhipali, Bhakas",Marathi,regional_name,SRC-IFCT2017,P050
GF-ING-00461,Erumei nakku,Tamil,regional_name,SRC-IFCT2017,P050
GF-ING-00461,Noree nalaka,Telugu,regional_name,SRC-IFCT2017,P050
GF-ING-00461,Large primitive flatfish,Common,regional_name,SRC-IFCT2017,P050
GF-ING-00461,[Place of collection: Mumbai],unknown,regional_name,SRC-IFCT2017,P050
GF-ING-00462,Parrot fish,English,source_name,SRC-IFCT2017,P051
GF-ING-00462,"Blue barred parrotfish, Blue trim parrotfish, Cream parrotfish, Globe headed parrotfish, Green blotched parrotfish, Yellow scale parrotfish, Bluechin parrotfish",English,regional_name,SRC-IFCT2017,P051
GF-ING-00462,Chandi,Malayalam,regional_name,SRC-IFCT2017,P051
GF-ING-00462,Marine fish,Common,regional_name,SRC-IFCT2017,P051
GF-ING-00462,[Place of collection: Mandapam],unknown,regional_name,SRC-IFCT2017,P051
GF-ING-00463,Perinkilichai,English,source_name,SRC-IFCT2017,P052
GF-ING-00463,Pinjalo Snapper,English,regional_name,SRC-IFCT2017,P052
GF-ING-00463,"Mette mirrei, Polei oolavai",Tamil,regional_name,SRC-IFCT2017,P052
GF-ING-00463,Snapper,Common,regional_name,SRC-IFCT2017,P052
GF-ING-00463,[Place of collection: Chennai],unknown,regional_name,SRC-IFCT2017,P052
GF-ING-00464,Phopat,English,source_name,SRC-IFCT2017,P053
GF-ING-00464,"Mahi mahi, Common dolphinfish, Common Dolphin Fish",English,regional_name,SRC-IFCT2017,P053
GF-ING-00464,Pomfret,Bengali,regional_name,SRC-IFCT2017,P053
GF-ING-00464,"Halwa, Adadio, Himra Machhi",Gujarati,regional_name,SRC-IFCT2017,P053
GF-ING-00464,Thondrotte,Kannada,regional_name,SRC-IFCT2017,P053
GF-ING-00464,"Affunose, Avoli, Karuvoli, Vellavoli",Malayalam,regional_name,SRC-IFCT2017,P053
GF-ING-00464,"Abanoos, Halwa, Himra Masa",Marathi,regional_name,SRC-IFCT2017,P053
GF-ING-00464,Baal,Odia,regional_name,SRC-IFCT2017,P053
GF-ING-00464,"Karuvaval, Vavval, Vanna, Vellaivaval, Badahlan, Koppurai kula",Tamil,regional_name,SRC-IFCT2017,P053
GF-ING-00464,"Chanduva, Nallachanduva, Thellachanduva",Telugu,regional_name,SRC-IFCT2017,P053
GF-ING-00464,Surface dwelling ray finned fish,Common,regional_name,SRC-IFCT2017,P053
GF-ING-00464,"[Place of collection: Chennai, Kochi, Vizag and Mumbai]",unknown,regional_name,SRC-IFCT2017,P053
GF-ING-00465,Piranha,English,source_name,SRC-IFCT2017,P054
GF-ING-00465,Piranha,English,regional_name,SRC-IFCT2017,P054
GF-ING-00465,[Place of collection: Kochi],unknown,regional_name,SRC-IFCT2017,P054
GF-ING-00466,"Pomfret, black",English,source_name,SRC-IFCT2017,P055
GF-ING-00466,"Black pomfret, Brown Pomfret",English,regional_name,SRC-IFCT2017,P055
GF-ING-00466,"Halwa, Adadio",Gujarati,regional_name,SRC-IFCT2017,P055
GF-ING-00466,Thondrotte,Kannada,regional_name,SRC-IFCT2017,P055
GF-ING-00466,Halwa,Kon,regional_name,SRC-IFCT2017,P055
GF-ING-00466,"Vellavoli, Karuvolli, Avoli, Karauthakoli",Malayalam,regional_name,SRC-IFCT2017,P055
GF-ING-00466,Halwa,Marathi,regional_name,SRC-IFCT2017,P055
GF-ING-00466,"Vellaivaval, Vavval, Karuvaval",Tamil,regional_name,SRC-IFCT2017,P055
GF-ING-00466,"Nallachanduva, Chanduva, Thellachanduva",Telugu,regional_name,SRC-IFCT2017,P055
GF-ING-00466,Pomfret,Common,regional_name,SRC-IFCT2017,P055
GF-ING-00466,"[Place of collection: Kochi, Chennai, Mumbai, Mandapam, Vizag and Goa]",unknown,regional_name,SRC-IFCT2017,P055
GF-ING-00467,"Pomfret, snub nose",English,source_name,SRC-IFCT2017,P056
GF-ING-00467,Snubnose Pampano,English,regional_name,SRC-IFCT2017,P056
GF-ING-00467,Peeyada,Malayalam,regional_name,SRC-IFCT2017,P056
GF-ING-00467,"Ladagoo, Katattitaka",Marathi,regional_name,SRC-IFCT2017,P056
GF-ING-00467,Kootili,Tamil,regional_name,SRC-IFCT2017,P056
GF-ING-00467,Coastal fish,Common,regional_name,SRC-IFCT2017,P056
GF-ING-00467,[Place of collection: Mumbai],unknown,regional_name,SRC-IFCT2017,P056
GF-ING-00468,"Pomfret, white",English,source_name,SRC-IFCT2017,P057
GF-ING-00468,"Silver pomfret, White pomfret",English,regional_name,SRC-IFCT2017,P057
GF-ING-00468,"Chandi, Pomfret",Bengali,regional_name,SRC-IFCT2017,P057
GF-ING-00468,Vichuda,Gujarati,regional_name,SRC-IFCT2017,P057
GF-ING-00468,"Thondrotte, Thondrette, Manji",Kannada,regional_name,SRC-IFCT2017,P057
GF-ING-00468,Surangat,Kon,regional_name,SRC-IFCT2017,P057
GF-ING-00468,"Vellavoli, Karuvolli, Avoli, Velutha-avoli",Malayalam,regional_name,SRC-IFCT2017,P057
GF-ING-00468,"Saranga, Chandava, Paplet",Marathi,regional_name,SRC-IFCT2017,P057
GF-ING-00468,"Chandee, Ghia",Odia,regional_name,SRC-IFCT2017,P057
GF-ING-00468,"Vella vavval, Karuvaval, Vavval, Vellaivaval",Tamil,regional_name,SRC-IFCT2017,P057
GF-ING-00468,"Thellachanduva, Nallachanduva, Chanduva",Telugu,regional_name,SRC-IFCT2017,P057
GF-ING-00468,Butterfish,Common,regional_name,SRC-IFCT2017,P057
GF-ING-00468,[Place of collection: Mumbai and Goa],unknown,regional_name,SRC-IFCT2017,P057
GF-ING-00469,Pranel,English,source_name,SRC-IFCT2017,P058
GF-ING-00469,"Whipfin silver biddy, Deepbody mojarra",English,regional_name,SRC-IFCT2017,P058
GF-ING-00469,Paiya,Kannada,regional_name,SRC-IFCT2017,P058
GF-ING-00469,Pranjin,Malayalam,regional_name,SRC-IFCT2017,P058
GF-ING-00469,Charbat,Marathi,regional_name,SRC-IFCT2017,P058
GF-ING-00469,Oodan,Tamil,regional_name,SRC-IFCT2017,P058
GF-ING-00469,Mojarras,Common,regional_name,SRC-IFCT2017,P058
GF-ING-00469,[Place of collection: Kochi],unknown,regional_name,SRC-IFCT2017,P058
GF-ING-00470,Pulli paarai,English,source_name,SRC-IFCT2017,P059
GF-ING-00470,"Golden trevally, Golden kingfish, Banded trevally, King trevally, Golden Toothless Trevally, Horse Mackerel",English,regional_name,SRC-IFCT2017,P059
GF-ING-00470,Gondlu,Kannada,regional_name,SRC-IFCT2017,P059
GF-ING-00470,Para,Malayalam,regional_name,SRC-IFCT2017,P059
GF-ING-00470,"Pilli parah, Pathi Parah, Para, Thenga Parai, Vennai Parai, Kilisai, Pathi parah, Komaraparai, Pulli Parai, Semaparai, Parai",Tamil,regional_name,SRC-IFCT2017,P059
GF-ING-00470,"Pulli Parai, Para, Poloosoo parah, Manjal Parai",Telugu,regional_name,SRC-IFCT2017,P059
GF-ING-00470,Large marine fish,Common,regional_name,SRC-IFCT2017,P059
GF-ING-00470,[Place of collection: Chennai],unknown,regional_name,SRC-IFCT2017,P059
GF-ING-00471,Queen fish,English,source_name,SRC-IFCT2017,P060
GF-ING-00471,"Doubledotted Queenfish, Talang Queenfish",English,regional_name,SRC-IFCT2017,P060
GF-ING-00471,Sag,Gujarati,regional_name,SRC-IFCT2017,P060
GF-ING-00471,"Palaimeenu, Diana",Kannada,regional_name,SRC-IFCT2017,P060
GF-ING-00471,Palameen,Malayalam,regional_name,SRC-IFCT2017,P060
GF-ING-00471,Dagol,Marathi,regional_name,SRC-IFCT2017,P060
GF-ING-00471,"Toal parah, Katta",Tamil,regional_name,SRC-IFCT2017,P060
GF-ING-00471,Pasupara,Telugu,regional_name,SRC-IFCT2017,P060
GF-ING-00471,Coastal fish,Common,regional_name,SRC-IFCT2017,P060
GF-ING-00471,"[Place of collection: Chennai, Kochi and Goa]",unknown,regional_name,SRC-IFCT2017,P060
GF-ING-00472,Raai fish,English,source_name,SRC-IFCT2017,P061
GF-ING-00472,"Atlantic tripletail, Brown Tripletail, Tripple Tail, Brown Tripletail",English,regional_name,SRC-IFCT2017,P061
GF-ING-00472,Katkola,Gujarati,regional_name,SRC-IFCT2017,P061
GF-ING-00472,Parrandee,Malayalam,regional_name,SRC-IFCT2017,P061
GF-ING-00472,Katkola,Marathi,regional_name,SRC-IFCT2017,P061
GF-ING-00472,Chota Bekkut,Odia,regional_name,SRC-IFCT2017,P061
GF-ING-00472,Musalli,Tamil,regional_name,SRC-IFCT2017,P061
GF-ING-00472,Warm water marine fish,Common,regional_name,SRC-IFCT2017,P061
GF-ING-00472,[Place of collection: Chennai and Vizag],unknown,regional_name,SRC-IFCT2017,P061
GF-ING-00473,Raai vanthu,English,source_name,SRC-IFCT2017,P062
GF-ING-00473,"Brown spotted reef cod, Souman, Brownspotted grouper, Brown spotted grouper, Brownspotted rockcod., Brown spotted reef cod",English,regional_name,SRC-IFCT2017,P062
GF-ING-00473,"Vekharu, Vekhala",Gujarati,regional_name,SRC-IFCT2017,P062
GF-ING-00473,Guri,Kannada,regional_name,SRC-IFCT2017,P062
GF-ING-00473,Gobri,Kon,regional_name,SRC-IFCT2017,P062
GF-ING-00473,"Pulli Kalawa, Kalava",Malayalam,regional_name,SRC-IFCT2017,P062
GF-ING-00473,"Hekru, Hekaru",Marathi,regional_name,SRC-IFCT2017,P062
GF-ING-00473,Kalava,Tamil,regional_name,SRC-IFCT2017,P062
GF-ING-00473,Grouper fish,Common,regional_name,SRC-IFCT2017,P062
GF-ING-00473,[Place of collection: Vizag],unknown,regional_name,SRC-IFCT2017,P062
GF-ING-00474,Rani,English,source_name,SRC-IFCT2017,P063
GF-ING-00474,"Rani Meen, Sankara",Tamil,regional_name,SRC-IFCT2017,P063
GF-ING-00474,"Kilimeen, Chen Kili",Malayalam,regional_name,SRC-IFCT2017,P063
GF-ING-00474,Rani,Telugu,regional_name,SRC-IFCT2017,P063
GF-ING-00474,Rani,Marathi,regional_name,SRC-IFCT2017,P063
GF-ING-00474,Rani menu,Kannada,regional_name,SRC-IFCT2017,P063
GF-ING-00474,Rani,Gujarati,regional_name,SRC-IFCT2017,P063
GF-ING-00474,"Pink perch, Threadfin bream",English,regional_name,SRC-IFCT2017,P063
GF-ING-00474,Freshwater gamefish,Common,regional_name,SRC-IFCT2017,P063
GF-ING-00474,"[Place of collection: Goa, Kochi, Chennai, Mumbai, Vizag and Mandapam]",unknown,regional_name,SRC-IFCT2017,P063
GF-ING-00475,"Ray fish, bow head, spotted",English,source_name,SRC-IFCT2017,P064
GF-ING-00475,"Bowmouth guitarfish, Shark ray, Mud skate, Bowmouthed Guitarfish",English,regional_name,SRC-IFCT2017,P064
GF-ING-00475,"Sakshi, Lanj",Marathi,regional_name,SRC-IFCT2017,P064
GF-ING-00475,Mun ultava,Tamil,regional_name,SRC-IFCT2017,P064
GF-ING-00475,"Pottila sora, Nella dindi",Telugu,regional_name,SRC-IFCT2017,P064
GF-ING-00475,Ray,Common,regional_name,SRC-IFCT2017,P064
GF-ING-00475,[Place of collection: Kochi],unknown,regional_name,SRC-IFCT2017,P064
GF-ING-00476,Red snapper,English,source_name,SRC-IFCT2017,P065
GF-ING-00476,"Mangrove red snapper, Mangrove jack, Creek red bream, Stuart evader, Dog bream, Purple sea perch, Purple seaperch, Red bass, Red bream, Red perch, Red reef bream, River roman, Rock barramundi, Yellow snapper, Silver spotted Grey Snapper, Gray Snapper, Malabar Red Snapper",English,regional_name,SRC-IFCT2017,P065
GF-ING-00476,Ratado,Gujarati,regional_name,SRC-IFCT2017,P065
GF-ING-00476,Chembali,Kannada,regional_name,SRC-IFCT2017,P065
GF-ING-00476,"Murumeen, Pahari, Chemballi",Malayalam,regional_name,SRC-IFCT2017,P065
GF-ING-00476,Tambusa,Marathi,regional_name,SRC-IFCT2017,P065
GF-ING-00476,"Paruthikanni, Patani-keeli, Karuvalai, Nethiprion, Paruthivala Meen, Chenganni, Vekkattai, Thokkal, Cheppili, Karva, Adallu, Vekkattai, Antaleyan",Tamil,regional_name,SRC-IFCT2017,P065
GF-ING-00476,"Rangu, Thundava., Rangoo, Thundava, Kaliviyya",Telugu,regional_name,SRC-IFCT2017,P065
GF-ING-00476,Snapper,Common,regional_name,SRC-IFCT2017,P065
GF-ING-00476,[Place of collection: Vizag],unknown,regional_name,SRC-IFCT2017,P065
GF-ING-00477,"Red snapper, small",English,source_name,SRC-IFCT2017,P066
GF-ING-00477,Alta-punti,Bengali,regional_name,SRC-IFCT2017,P066
GF-ING-00477,"Dorali, Ratado",Gujarati,regional_name,SRC-IFCT2017,P066
GF-ING-00477,Disco Meenu,Kannada,regional_name,SRC-IFCT2017,P066
GF-ING-00477,"Bullsai, Chemballi",Malayalam,regional_name,SRC-IFCT2017,P066
GF-ING-00477,Tambi,Marathi,regional_name,SRC-IFCT2017,P066
GF-ING-00477,Alta-punti,Odia,regional_name,SRC-IFCT2017,P066
GF-ING-00477,"Kakkasi, Paswa",Tamil,regional_name,SRC-IFCT2017,P066
GF-ING-00477,Bochelu,Telugu,regional_name,SRC-IFCT2017,P066
GF-ING-00477,"Lunar-tailed bigeye, Goggle eye, Moontail bullseye, Red Bullseye, Lunar-tailed Bullseye, Red Big Eye, Crescent Tail Bigeye, Lunar Tailed Bigeye, Dusky-finned Bullseye, Spot-finned Bull`s Eye., Moontail Bullseye, Bigeye Snapper, Black-spot Big-eye, Lunar-tailed Glasseye, Duskyfin Bulleye, Goggle-eye",English,regional_name,SRC-IFCT2017,P066
GF-ING-00477,Marine fish,Common,regional_name,SRC-IFCT2017,P066
GF-ING-00477,[Place of collection: Goa],unknown,regional_name,SRC-IFCT2017,P066
GF-ING-00478,Sadaya,English,source_name,SRC-IFCT2017,P067
GF-ING-00478,"Sadaya, Thotti Meen",Tamil,regional_name,SRC-IFCT2017,P067
GF-ING-00478,Nandan,Malayalam,regional_name,SRC-IFCT2017,P067
GF-ING-00478,"Orbicular batfish, Circular batfish, Orbiculate batfish, Round batfish, Orbic batfish",English,regional_name,SRC-IFCT2017,P067
GF-ING-00478,Aquarium fish,Common,regional_name,SRC-IFCT2017,P067
GF-ING-00478,[Place of collection: Chennai],unknown,regional_name,SRC-IFCT2017,P067
GF-ING-00479,Salmon,English,source_name,SRC-IFCT2017,P068
GF-ING-00479,Atlantic salmon,English,regional_name,SRC-IFCT2017,P068
GF-ING-00479,Ray-finned fish,Common,regional_name,SRC-IFCT2017,P068
GF-ING-00479,[Place of collection: Goa],unknown,regional_name,SRC-IFCT2017,P068
GF-ING-00480,Sangada,English,source_name,SRC-IFCT2017,P069
GF-ING-00480,Bamni,Marathi,regional_name,SRC-IFCT2017,P069
GF-ING-00480,"Kendai, Puthuputtan Kendai",Tamil,regional_name,SRC-IFCT2017,P069
GF-ING-00480,Goli,Telugu,regional_name,SRC-IFCT2017,P069
GF-ING-00480,Kerachoondan,Malayalam,regional_name,SRC-IFCT2017,P069
GF-ING-00480,Bamni,Gujarati,regional_name,SRC-IFCT2017,P069
GF-ING-00480,Japanese threadfin bream,English,regional_name,SRC-IFCT2017,P069
GF-ING-00480,Marine fish,Common,regional_name,SRC-IFCT2017,P069
GF-ING-00480,[Place of collection: Chennai],unknown,regional_name,SRC-IFCT2017,P069
GF-ING-00481,Sankata parai,English,source_name,SRC-IFCT2017,P070
GF-ING-00481,"Giant trevally, Lowly trevally, Barrier trevally, Giant kingfish, Ulua, Yellowfin Jack",English,regional_name,SRC-IFCT2017,P070
GF-ING-00481,Kuluvel,Malayalam,regional_name,SRC-IFCT2017,P070
GF-ING-00481,Jarradandree-parah,Telugu,regional_name,SRC-IFCT2017,P070
GF-ING-00481,Large marine fish,Common,regional_name,SRC-IFCT2017,P070
GF-ING-00481,[Place of collection: Chennai],unknown,regional_name,SRC-IFCT2017,P070
GF-ING-00482,Sardine,English,source_name,SRC-IFCT2017,P071
GF-ING-00482,"Indian oil sardine, Malabar Sardine",English,regional_name,SRC-IFCT2017,P071
GF-ING-00482,Tarali,Gujarati,regional_name,SRC-IFCT2017,P071
GF-ING-00482,"Baige, Buthai, Boothai, Tarli-multhi",Kannada,regional_name,SRC-IFCT2017,P071
GF-ING-00482,"Nalla Mathi, Nallamathi",Malayalam,regional_name,SRC-IFCT2017,P071
GF-ING-00482,"Haird, Kanat, Tarali, Tarli, Haid",Marathi,regional_name,SRC-IFCT2017,P071
GF-ING-00482,"Nonalai, Charlay, Paycharlay, Paichalai",Tamil,regional_name,SRC-IFCT2017,P071
GF-ING-00482,Noona-kavallu,Telugu,regional_name,SRC-IFCT2017,P071
GF-ING-00482,Ray-finned fish,Common,regional_name,SRC-IFCT2017,P071
GF-ING-00482,[Place of collection: Kolkata],unknown,regional_name,SRC-IFCT2017,P071
GF-ING-00483,Shark,English,source_name,SRC-IFCT2017,P072
GF-ING-00483,"Spot-tail shark, Sorrah shark",English,regional_name,SRC-IFCT2017,P072
GF-ING-00483,Shirat,Kannada,regional_name,SRC-IFCT2017,P072
GF-ING-00483,"Balda, Pisori",Marathi,regional_name,SRC-IFCT2017,P072
GF-ING-00483,Katta-sorrah,Tamil,regional_name,SRC-IFCT2017,P072
GF-ING-00483,Requiem shark,Common,regional_name,SRC-IFCT2017,P072
GF-ING-00483,[Place of collection: Goa and Mandapam],unknown,regional_name,SRC-IFCT2017,P072
GF-ING-00484,"Shark, hammer head",English,source_name,SRC-IFCT2017,P073
GF-ING-00484,"Sura, Komban Sura",Tamil,regional_name,SRC-IFCT2017,P073
GF-ING-00484,"Sravu, Chenkannan Sravu",Malayalam,regional_name,SRC-IFCT2017,P073
GF-ING-00484,"Sorrah, Koma Sorrah",Telugu,regional_name,SRC-IFCT2017,P073
GF-ING-00484,Haturi Hangar,Bengali,regional_name,SRC-IFCT2017,P073
GF-ING-00484,Kochia Kammad,Odia,regional_name,SRC-IFCT2017,P073
GF-ING-00484,"Kanar, Mushee",Marathi,regional_name,SRC-IFCT2017,P073
GF-ING-00484,Sappa sorrah,Kannada,regional_name,SRC-IFCT2017,P073
GF-ING-00484,Great hammerhead,English,regional_name,SRC-IFCT2017,P073
GF-ING-00484,Hammerhead shark,Common,regional_name,SRC-IFCT2017,P073
GF-ING-00484,[Place of collection: Kolkata],unknown,regional_name,SRC-IFCT2017,P073
GF-ING-00485,"Shark, spotted",English,source_name,SRC-IFCT2017,P074
GF-ING-00485,Zebra shark,English,regional_name,SRC-IFCT2017,P074
GF-ING-00485,"Shinawala, Magara, Shinvala, Musia",Gujarati,regional_name,SRC-IFCT2017,P074
GF-ING-00485,"Poochasurav, Zebra Sravu",Malayalam,regional_name,SRC-IFCT2017,P074
GF-ING-00485,"Shinvala, Mushi, Shinavla",Malayalam,regional_name,SRC-IFCT2017,P074
GF-ING-00485,"Komarasi-sorrah, Coruhgun-sorrah, Korangum Sorrah",Tamil,regional_name,SRC-IFCT2017,P074
GF-ING-00485,"Potrava, Komarasi, Orookoolti-sorrah, Pollee-makum, Komrasi, Pollee Makum, Corootoolti-sorrah",Telugu,regional_name,SRC-IFCT2017,P074
GF-ING-00485,Carpet shark,Common,regional_name,SRC-IFCT2017,P074
GF-ING-00485,[Place of collection: Kochi],unknown,regional_name,SRC-IFCT2017,P074
GF-ING-00486,Shelavu,English,source_name,SRC-IFCT2017,P075
GF-ING-00486,"Pickhandle barracuda, Banded Barracuda, Sea Pike",English,regional_name,SRC-IFCT2017,P075
GF-ING-00486,Bhungar,Gujarati,regional_name,SRC-IFCT2017,P075
GF-ING-00486,Kandai,Kannada,regional_name,SRC-IFCT2017,P075
GF-ING-00486,Cheelahoo,Malayalam,regional_name,SRC-IFCT2017,P075
GF-ING-00486,"Ghalse, Badvi, Jaban-tal, Badri",Marathi,regional_name,SRC-IFCT2017,P075
GF-ING-00486,Jellow,Telugu,regional_name,SRC-IFCT2017,P075
GF-ING-00486,"[Place of collection: Chennai, Goa, Vizag and Kochi]",unknown,regional_name,SRC-IFCT2017,P075
GF-ING-00487,Silan,English,source_name,SRC-IFCT2017,P076
GF-ING-00487,"Silond catfish, Silondia Vacha, Silong Catfish",English,regional_name,SRC-IFCT2017,P076
GF-ING-00487,"Dhain, Silan, Utti, Koch",Assamese,regional_name,SRC-IFCT2017,P076
GF-ING-00487,Silond,Bengali,regional_name,SRC-IFCT2017,P076
GF-ING-00487,Schilbid catfish,Common,regional_name,SRC-IFCT2017,P076
GF-ING-00487,[Place of collection: Kolkata],unknown,regional_name,SRC-IFCT2017,P076
GF-ING-00488,Silk fish,English,source_name,SRC-IFCT2017,P077
GF-ING-00488,Pattumeen,Malayalam,regional_name,SRC-IFCT2017,P077
GF-ING-00488,"Alfonsino, Alfonsin, Longfinned beryx, Red bream, Imperador",English,regional_name,SRC-IFCT2017,P077
GF-ING-00488,Deep oceanic fish,Common,regional_name,SRC-IFCT2017,P077
GF-ING-00488,[Place of collection: Kochi],unknown,regional_name,SRC-IFCT2017,P077
GF-ING-00489,Silver carp,English,source_name,SRC-IFCT2017,P078
GF-ING-00489,Silver carp,English,regional_name,SRC-IFCT2017,P078
GF-ING-00489,Belli-gende,Kannada,regional_name,SRC-IFCT2017,P078
GF-ING-00489,"Freshwater cyprinid fish, Asian carp",Common,regional_name,SRC-IFCT2017,P078
GF-ING-00489,[Place of collection: Kolkata],unknown,regional_name,SRC-IFCT2017,P078
GF-ING-00490,Sole fish,English,source_name,SRC-IFCT2017,P079
GF-ING-00490,Largescale tongue-sole,English,regional_name,SRC-IFCT2017,P079
GF-ING-00490,Lep,Marathi,regional_name,SRC-IFCT2017,P079
GF-ING-00490,Tonguefish,Common,regional_name,SRC-IFCT2017,P079
GF-ING-00490,[Place of collection: Vizag],unknown,regional_name,SRC-IFCT2017,P079
GF-ING-00491,Stingray,English,source_name,SRC-IFCT2017,P080
GF-ING-00491,"Common stingray, Blue Stingray",English,regional_name,SRC-IFCT2017,P080
GF-ING-00491,Thirukay,Malayalam,regional_name,SRC-IFCT2017,P080
GF-ING-00491,Stingray,Common,regional_name,SRC-IFCT2017,P080
GF-ING-00491,[Place of collection: Kolkata],unknown,regional_name,SRC-IFCT2017,P080
GF-ING-00492,Tarlava,English,source_name,SRC-IFCT2017,P081
GF-ING-00492,"Spotted sicklefish, Moon-fish, Spotted Bat-fish, Spotted Drepane",English,regional_name,SRC-IFCT2017,P081
GF-ING-00492,Chand,Gujarati,regional_name,SRC-IFCT2017,P081
GF-ING-00492,Chand,Marathi,regional_name,SRC-IFCT2017,P081
GF-ING-00492,"Therattai, Painthi",Tamil,regional_name,SRC-IFCT2017,P081
GF-ING-00492,"Thotha, Thetti",Telugu,regional_name,SRC-IFCT2017,P081
GF-ING-00492,[Place of collection: Chennai and Vizag],unknown,regional_name,SRC-IFCT2017,P081
GF-ING-00493,Tholam,English,source_name,SRC-IFCT2017,P082
GF-ING-00493,"Minstrel sweetlips, Grey Sweetlip",English,regional_name,SRC-IFCT2017,P082
GF-ING-00493,Harvil,Marathi,regional_name,SRC-IFCT2017,P082
GF-ING-00493,Gamefish,Common,regional_name,SRC-IFCT2017,P082
GF-ING-00493,[Place of collection: Chennai and Mandapam],unknown,regional_name,SRC-IFCT2017,P082
GF-ING-00494,Tilapia,English,source_name,SRC-IFCT2017,P083
GF-ING-00494,Nile tilapia,English,regional_name,SRC-IFCT2017,P083
GF-ING-00494,"Elapi, Japani kawoi",Assamese,regional_name,SRC-IFCT2017,P083
GF-ING-00494,Tilapia,Tamil,regional_name,SRC-IFCT2017,P083
GF-ING-00494,"Tilapia, Cichlid fish",Common,regional_name,SRC-IFCT2017,P083
GF-ING-00494,[Place of collection: Kolkata],unknown,regional_name,SRC-IFCT2017,P083
GF-ING-00495,Tuna,English,source_name,SRC-IFCT2017,P084
GF-ING-00495,"Mackerel tuna, Kawakawa, Little Tuna",English,regional_name,SRC-IFCT2017,P084
GF-ING-00495,Gedar,Gujarati,regional_name,SRC-IFCT2017,P084
GF-ING-00495,Bokado,Kon,regional_name,SRC-IFCT2017,P084
GF-ING-00495,Choora,Malayalam,regional_name,SRC-IFCT2017,P084
GF-ING-00495,"Chuki, Bugudi, Ohaman, Gedar, Kuppa",Marathi,regional_name,SRC-IFCT2017,P084
GF-ING-00495,"Choori-min, Suraly",Tamil,regional_name,SRC-IFCT2017,P084
GF-ING-00495,Ray-finned bony fish,Common,regional_name,SRC-IFCT2017,P084
GF-ING-00495,"[Place of collection: Chennai, Vizag, Goa, Mandapam and Kochi]",unknown,regional_name,SRC-IFCT2017,P084
GF-ING-00496,"Tuna, striped",English,source_name,SRC-IFCT2017,P085
GF-ING-00496,"Skipjack tuna, Aku, Arctic bonito, Mushmouth, Oceanic bonito, Striped tuna, Victor fish, Oceanic Skipjack",English,regional_name,SRC-IFCT2017,P085
GF-ING-00496,Gedar,Gujarati,regional_name,SRC-IFCT2017,P085
GF-ING-00496,Bokado,Kon,regional_name,SRC-IFCT2017,P085
GF-ING-00496,Choora,Malayalam,regional_name,SRC-IFCT2017,P085
GF-ING-00496,"Kuppa, Bugudi, Gedar",Marathi,regional_name,SRC-IFCT2017,P085
GF-ING-00496,Medium-sized perciform fish,Common,regional_name,SRC-IFCT2017,P085
GF-ING-00496,[Place of collection: Kochi],unknown,regional_name,SRC-IFCT2017,P085
GF-ING-00497,Valava,English,source_name,SRC-IFCT2017,P086
GF-ING-00497,"Whitefin wolf-herring, Tenpounder",English,regional_name,SRC-IFCT2017,P086
GF-ING-00497,Kiru-wahlah,Tamil,regional_name,SRC-IFCT2017,P086
GF-ING-00497,Wahlah,Telugu,regional_name,SRC-IFCT2017,P086
GF-ING-00497,Herring,Common,regional_name,SRC-IFCT2017,P086
GF-ING-00497,[Place of collection: Vizag],unknown,regional_name,SRC-IFCT2017,P086
GF-ING-00498,Vanjaram,English,source_name,SRC-IFCT2017,P087
GF-ING-00498,"Narrow-barred Spanish mackerel, Barred Seer Fish, King Seer",English,regional_name,SRC-IFCT2017,P087
GF-ING-00498,"Surmai, Chhapri",Gujarati,regional_name,SRC-IFCT2017,P087
GF-ING-00498,Thavar,Kannada,regional_name,SRC-IFCT2017,P087
GF-ING-00498,"Ayakora, Chumbum",Malayalam,regional_name,SRC-IFCT2017,P087
GF-ING-00498,"Anjai, Anjari, Surmai, Towar",Marathi,regional_name,SRC-IFCT2017,P087
GF-ING-00498,"Ah-ku-lah, Mah-wu-leachi, Mavulasi, Seela, Mah-wu-laachi, Vanjiram, Velra, Konam",Tamil,regional_name,SRC-IFCT2017,P087
GF-ING-00498,"Vanjiramu, Konema, Varimeen, Yellari, Vellikannan, Ayaokaro",Telugu,regional_name,SRC-IFCT2017,P087
GF-ING-00498,Mackerel,Common,regional_name,SRC-IFCT2017,P087
GF-ING-00498,[Place of collection: Chennai and Goa],unknown,regional_name,SRC-IFCT2017,P087
GF-ING-00499,Vela meen,English,source_name,SRC-IFCT2017,P088
GF-ING-00499,"Vela meen, Kurali",Malayalam,regional_name,SRC-IFCT2017,P088
GF-ING-00499,"Vela meen, Kila meen, Komu kila",Tamil,regional_name,SRC-IFCT2017,P088
GF-ING-00499,Green jobfish,English,regional_name,SRC-IFCT2017,P088
GF-ING-00499,Snapper,Common,regional_name,SRC-IFCT2017,P088
GF-ING-00499,[Place of collection: Mandapam],unknown,regional_name,SRC-IFCT2017,P088
GF-ING-00500,Vora,English,source_name,SRC-IFCT2017,P089
GF-ING-00500,Streaked spinefoot,English,regional_name,SRC-IFCT2017,P089
GF-ING-00500,Kunar,Marathi,regional_name,SRC-IFCT2017,P089
GF-ING-00500,Ottah,Tamil,regional_name,SRC-IFCT2017,P089
GF-ING-00500,Warahwah,Telugu,regional_name,SRC-IFCT2017,P089
GF-ING-00500,Rabbitfish,Common,regional_name,SRC-IFCT2017,P089
GF-ING-00500,[Place of collection: Chennai and Mandapam],unknown,regional_name,SRC-IFCT2017,P089
GF-ING-00501,Whale shark,English,source_name,SRC-IFCT2017,P090
GF-ING-00501,Tiger shark,English,regional_name,SRC-IFCT2017,P090
GF-ING-00501,"Bhoovar, Bhoavar, Pattari",Gujarati,regional_name,SRC-IFCT2017,P090
GF-ING-00501,"Pullia, Pilithatte",Kannada,regional_name,SRC-IFCT2017,P090
GF-ING-00501,"Valiasurav, Vorimiyaru, Kalla-sravu, Kalvari, Pulli Sravu, Kellan, Kethalan, Valiyasurav",Malayalam,regional_name,SRC-IFCT2017,P090
GF-ING-00501,Waghbeer,Marathi,regional_name,SRC-IFCT2017,P090
GF-ING-00501,Wulluven Sorrah,Tamil,regional_name,SRC-IFCT2017,P090
GF-ING-00501,"Kettalam Sorrah, Kethalam-sorrah, Kethulam, Kurangu-sorrah, Vulluvan-sorrah",Telugu,regional_name,SRC-IFCT2017,P090
GF-ING-00501,Requiem shark,Common,regional_name,SRC-IFCT2017,P090
GF-ING-00501,[Place of collection: Mandapam],unknown,regional_name,SRC-IFCT2017,P090
GF-ING-00502,Xiphinis,English,source_name,SRC-IFCT2017,P091
GF-ING-00502,"Swordfish, Broadbills, Sword Fish",English,regional_name,SRC-IFCT2017,P091
GF-ING-00502,"Kunga, Tadmachhi",Gujarati,regional_name,SRC-IFCT2017,P091
GF-ING-00502,Kuthirameen,Malayalam,regional_name,SRC-IFCT2017,P091
GF-ING-00502,Tadmasa,Marathi,regional_name,SRC-IFCT2017,P091
GF-ING-00502,"Billfish, Gamefish, Predatory fish",Common,regional_name,SRC-IFCT2017,P091
GF-ING-00502,[Place of collection: Mandapam],unknown,regional_name,SRC-IFCT2017,P091
GF-ING-00503,"Eggs, cat fish",English,source_name,SRC-IFCT2017,P092
GF-ING-00503,Pabho koni,Assamese,regional_name,SRC-IFCT2017,P092
GF-ING-00503,Pabda dim,Bengali,regional_name,SRC-IFCT2017,P092
GF-ING-00503,Pabda ande,Hindi,regional_name,SRC-IFCT2017,P092
GF-ING-00503,Pabdah anda,Odia,regional_name,SRC-IFCT2017,P092
GF-ING-00503,Butter catfish,English,regional_name,SRC-IFCT2017,P092
GF-ING-00503,Sheatfish,Common,regional_name,SRC-IFCT2017,P092
GF-ING-00503,[Place of collection: Kolkata],unknown,regional_name,SRC-IFCT2017,P092
GF-ING-00504,Crab,English,source_name,SRC-IFCT2017,Q001
GF-ING-00504,Khekora,Assamese,regional_name,SRC-IFCT2017,Q001
GF-ING-00504,Kankra,Bengali,regional_name,SRC-IFCT2017,Q001
GF-ING-00504,Karachalo,Gujarati,regional_name,SRC-IFCT2017,Q001
GF-ING-00504,Kekda,Hindi,regional_name,SRC-IFCT2017,Q001
GF-ING-00504,"Edi, Nalli",Kannada,regional_name,SRC-IFCT2017,Q001
GF-ING-00504,Kulli,Kon,regional_name,SRC-IFCT2017,Q001
GF-ING-00504,Njandu,Malayalam,regional_name,SRC-IFCT2017,Q001
GF-ING-00504,"Khekada, Chimbori",Marathi,regional_name,SRC-IFCT2017,Q001
GF-ING-00504,Kankada,Odia,regional_name,SRC-IFCT2017,Q001
GF-ING-00504,Kekra,Punjabi,regional_name,SRC-IFCT2017,Q001
GF-ING-00504,Nandu,Tamil,regional_name,SRC-IFCT2017,Q001
GF-ING-00504,"Peetha, Endrakaya",Telugu,regional_name,SRC-IFCT2017,Q001
GF-ING-00504,Kekra,Urdu,regional_name,SRC-IFCT2017,Q001
GF-ING-00504,Florida stone crab,English,regional_name,SRC-IFCT2017,Q001
GF-ING-00504,[Place of collection: Kolkata],unknown,regional_name,SRC-IFCT2017,Q001
GF-ING-00505,"Crab, sea",English,source_name,SRC-IFCT2017,Q002
GF-ING-00505,Khekora,Assamese,regional_name,SRC-IFCT2017,Q002
GF-ING-00505,Kankra,Bengali,regional_name,SRC-IFCT2017,Q002
GF-ING-00505,Karachalo,Gujarati,regional_name,SRC-IFCT2017,Q002
GF-ING-00505,Kekda,Hindi,regional_name,SRC-IFCT2017,Q002
GF-ING-00505,"Edi, Nalli",Kannada,regional_name,SRC-IFCT2017,Q002
GF-ING-00505,Kulli,Kon,regional_name,SRC-IFCT2017,Q002
GF-ING-00505,Njandu,Malayalam,regional_name,SRC-IFCT2017,Q002
GF-ING-00505,"Khekada, Chimbori",Marathi,regional_name,SRC-IFCT2017,Q002
GF-ING-00505,Kankada,Odia,regional_name,SRC-IFCT2017,Q002
GF-ING-00505,Kekra,Punjabi,regional_name,SRC-IFCT2017,Q002
GF-ING-00505,Nandu,Tamil,regional_name,SRC-IFCT2017,Q002
GF-ING-00505,"Peetha, Endrakaya",Telugu,regional_name,SRC-IFCT2017,Q002
GF-ING-00505,Kekra,Urdu,regional_name,SRC-IFCT2017,Q002
GF-ING-00505,"Three-spot swimming crab, Blood-spotted swimming crab, Red-spotted swimming crab",English,regional_name,SRC-IFCT2017,Q002
GF-ING-00505,Large crab,Common,regional_name,SRC-IFCT2017,Q002
GF-ING-00505,[Place of collection: Chennai],unknown,regional_name,SRC-IFCT2017,Q002
GF-ING-00506,"Lobster, brown",English,source_name,SRC-IFCT2017,Q003
GF-ING-00506,Koral chingri,Bengali,regional_name,SRC-IFCT2017,Q003
GF-ING-00506,Chappal jhinga,Hindi,regional_name,SRC-IFCT2017,Q003
GF-ING-00506,Kalla sigadi,Kannada,regional_name,SRC-IFCT2017,Q003
GF-ING-00506,Adipan chemmeen,Malayalam,regional_name,SRC-IFCT2017,Q003
GF-ING-00506,Phati,Marathi,regional_name,SRC-IFCT2017,Q003
GF-ING-00506,"Matta singi eral, Kal eral",Tamil,regional_name,SRC-IFCT2017,Q003
GF-ING-00506,Edu royya,Telugu,regional_name,SRC-IFCT2017,Q003
GF-ING-00506,"Flathead lobster, Bay lobster, Moreton Bay bug",English,regional_name,SRC-IFCT2017,Q003
GF-ING-00506,Slipper lobster,Common,regional_name,SRC-IFCT2017,Q003
GF-ING-00506,[Place of collection: Chennai],unknown,regional_name,SRC-IFCT2017,Q003
GF-ING-00507,"Lobster, king size",English,source_name,SRC-IFCT2017,Q004
GF-ING-00507,Koral chingri,Bengali,regional_name,SRC-IFCT2017,Q004
GF-ING-00507,Chappal jhinga,Hindi,regional_name,SRC-IFCT2017,Q004
GF-ING-00507,Kalla sigadi,Kannada,regional_name,SRC-IFCT2017,Q004
GF-ING-00507,Adipan chemmeen,Malayalam,regional_name,SRC-IFCT2017,Q004
GF-ING-00507,Phati,Marathi,regional_name,SRC-IFCT2017,Q004
GF-ING-00507,"Matta singi eral, Kal eral",Tamil,regional_name,SRC-IFCT2017,Q004
GF-ING-00507,Edu royya,Telugu,regional_name,SRC-IFCT2017,Q004
GF-ING-00507,"Flathead lobster, Bay lobster, Moreton Bay bug",English,regional_name,SRC-IFCT2017,Q004
GF-ING-00507,Slipper lobster,Common,regional_name,SRC-IFCT2017,Q004
GF-ING-00507,"[Place of collection: Chennai, Vizag, Mumbai, Kochi, Mandapam and Goa]",unknown,regional_name,SRC-IFCT2017,Q004
GF-ING-00508,Mud crab,English,source_name,SRC-IFCT2017,Q005
GF-ING-00508,Chokha kankra,Bengali,regional_name,SRC-IFCT2017,Q005
GF-ING-00508,Chikad kekda,Hindi,regional_name,SRC-IFCT2017,Q005
GF-ING-00508,Kesaru edi,Kannada,regional_name,SRC-IFCT2017,Q005
GF-ING-00508,Cheli njandu,Malayalam,regional_name,SRC-IFCT2017,Q005
GF-ING-00508,Chikhli chimbori,Marathi,regional_name,SRC-IFCT2017,Q005
GF-ING-00508,Kado kankada,Odia,regional_name,SRC-IFCT2017,Q005
GF-ING-00508,"Seru nandu, Mandu nandu",Tamil,regional_name,SRC-IFCT2017,Q005
GF-ING-00508,Buradha peetha,Telugu,regional_name,SRC-IFCT2017,Q005
GF-ING-00508,"Mangrove crab, Mud crab",English,regional_name,SRC-IFCT2017,Q005
GF-ING-00508,[Place of collection: Goa],unknown,regional_name,SRC-IFCT2017,Q005
GF-ING-00509,Oyster,English,source_name,SRC-IFCT2017,Q006
GF-ING-00509,Indian backwater oyster,English,regional_name,SRC-IFCT2017,Q006
GF-ING-00509,"Muringa, Muru",Malayalam,regional_name,SRC-IFCT2017,Q006
GF-ING-00509,"Kalungu, Ali, Patti",Tamil,regional_name,SRC-IFCT2017,Q006
GF-ING-00509,[Place of collection: Goa],unknown,regional_name,SRC-IFCT2017,Q006
GF-ING-00510,"Tiger prawns, brown",English,source_name,SRC-IFCT2017,Q007
GF-ING-00510,Misa maas,Assamese,regional_name,SRC-IFCT2017,Q007
GF-ING-00510,Chingri,Bengali,regional_name,SRC-IFCT2017,Q007
GF-ING-00510,Jinga,Gujarati,regional_name,SRC-IFCT2017,Q007
GF-ING-00510,Jhinga,Hindi,regional_name,SRC-IFCT2017,Q007
GF-ING-00510,Sigadi,Kannada,regional_name,SRC-IFCT2017,Q007
GF-ING-00510,Sungat,Kon,regional_name,SRC-IFCT2017,Q007
GF-ING-00510,Chemmeen,Malayalam,regional_name,SRC-IFCT2017,Q007
GF-ING-00510,Kolambi,Marathi,regional_name,SRC-IFCT2017,Q007
GF-ING-00510,Chingudi,Odia,regional_name,SRC-IFCT2017,Q007
GF-ING-00510,Jhinga,Punjabi,regional_name,SRC-IFCT2017,Q007
GF-ING-00510,Iraal,Tamil,regional_name,SRC-IFCT2017,Q007
GF-ING-00510,Royya,Telugu,regional_name,SRC-IFCT2017,Q007
GF-ING-00510,Jhinga,Urdu,regional_name,SRC-IFCT2017,Q007
GF-ING-00510,Marine crustacean,Common,regional_name,SRC-IFCT2017,Q007
GF-ING-00510,[Place of collection: Chennai],unknown,regional_name,SRC-IFCT2017,Q007
GF-ING-00511,"Tiger Prawns, orange",English,source_name,SRC-IFCT2017,Q008
GF-ING-00511,Misa maas,Assamese,regional_name,SRC-IFCT2017,Q008
GF-ING-00511,Bagda chingri,Bengali,regional_name,SRC-IFCT2017,Q008
GF-ING-00511,Tiger jinga,Gujarati,regional_name,SRC-IFCT2017,Q008
GF-ING-00511,Bagda jhinga,Hindi,regional_name,SRC-IFCT2017,Q008
GF-ING-00511,Hebbagani sigadi,Kannada,regional_name,SRC-IFCT2017,Q008
GF-ING-00511,Wagho sungat,Kon,regional_name,SRC-IFCT2017,Q008
GF-ING-00511,"Kara chemmeen, Naran chemmeen",Malayalam,regional_name,SRC-IFCT2017,Q008
GF-ING-00511,Bagda kolambi,Marathi,regional_name,SRC-IFCT2017,Q008
GF-ING-00511,Bagda chingudi,Odia,regional_name,SRC-IFCT2017,Q008
GF-ING-00511,Tiger jhinga,Punjabi,regional_name,SRC-IFCT2017,Q008
GF-ING-00511,Vari iraal,Tamil,regional_name,SRC-IFCT2017,Q008
GF-ING-00511,Puli royya,Telugu,regional_name,SRC-IFCT2017,Q008
GF-ING-00511,Tiger jhinga,Urdu,regional_name,SRC-IFCT2017,Q008
GF-ING-00511,"Giant tiger prawn, Asian tiger shrimp",English,regional_name,SRC-IFCT2017,Q008
GF-ING-00511,Marine crustacean,Common,regional_name,SRC-IFCT2017,Q008
GF-ING-00511,[Place of collection: Kochi],unknown,regional_name,SRC-IFCT2017,Q008
GF-ING-00512,"Clam, green shell",English,source_name,SRC-IFCT2017,R001
GF-ING-00512,"Asian green mussel, Green-lipped mussel",English,regional_name,SRC-IFCT2017,R001
GF-ING-00512,"Kallumalkai, Kadukka",Malayalam,regional_name,SRC-IFCT2017,R001
GF-ING-00512,"Mussel, Bivalve",Common,regional_name,SRC-IFCT2017,R001
GF-ING-00512,[Place of collection: Goa],unknown,regional_name,SRC-IFCT2017,R001
GF-ING-00513,"Clam, white shell, ribbed",English,source_name,SRC-IFCT2017,R002
GF-ING-00513,Jhinuk,Bengali,regional_name,SRC-IFCT2017,R002
GF-ING-00513,Kalav,Gujarati,regional_name,SRC-IFCT2017,R002
GF-ING-00513,Sippi,Hindi,regional_name,SRC-IFCT2017,R002
GF-ING-00513,"Maruvai, Tisare",Kannada,regional_name,SRC-IFCT2017,R002
GF-ING-00513,"Tisareo, Shinanyeo",Kon,regional_name,SRC-IFCT2017,R002
GF-ING-00513,Kakka,Malayalam,regional_name,SRC-IFCT2017,R002
GF-ING-00513,"Tisari, Shivlya",Marathi,regional_name,SRC-IFCT2017,R002
GF-ING-00513,Samuka,Odia,regional_name,SRC-IFCT2017,R002
GF-ING-00513,"Matti, Vari matti",Tamil,regional_name,SRC-IFCT2017,R002
GF-ING-00513,"Alu chippa, Gulla",Telugu,regional_name,SRC-IFCT2017,R002
GF-ING-00513,Asiatic Hard Clam,English,regional_name,SRC-IFCT2017,R002
GF-ING-00513,[Place of collection: Goa],unknown,regional_name,SRC-IFCT2017,R002
GF-ING-00514,Octopus,English,source_name,SRC-IFCT2017,R003
GF-ING-00514,Octopus,Bengali,regional_name,SRC-IFCT2017,R003
GF-ING-00514,Octopus,Gujarati,regional_name,SRC-IFCT2017,R003
GF-ING-00514,Ashtabahu,Hindi,regional_name,SRC-IFCT2017,R003
GF-ING-00514,"Ashtabhuja, Ane bondaas",Kannada,regional_name,SRC-IFCT2017,R003
GF-ING-00514,Octopus,Kon,regional_name,SRC-IFCT2017,R003
GF-ING-00514,Neerali,Malayalam,regional_name,SRC-IFCT2017,R003
GF-ING-00514,Ashtapad,Marathi,regional_name,SRC-IFCT2017,R003
GF-ING-00514,Octopus,Odia,regional_name,SRC-IFCT2017,R003
GF-ING-00514,Octopus,Punjabi,regional_name,SRC-IFCT2017,R003
GF-ING-00514,"Kanavai, Aktopas",Tamil,regional_name,SRC-IFCT2017,R003
GF-ING-00514,Ashtabuji,Telugu,regional_name,SRC-IFCT2017,R003
GF-ING-00514,Ashtpa,Urdu,regional_name,SRC-IFCT2017,R003
GF-ING-00514,Common octopus,English,regional_name,SRC-IFCT2017,R003
GF-ING-00514,[Place of collection: Mumbai],unknown,regional_name,SRC-IFCT2017,R003
GF-ING-00515,"Squid, black",English,source_name,SRC-IFCT2017,R004
GF-ING-00515,Kali squid,Bengali,regional_name,SRC-IFCT2017,R004
GF-ING-00515,Kala squid,Hindi,regional_name,SRC-IFCT2017,R004
GF-ING-00515,Kappu bondaas,Kannada,regional_name,SRC-IFCT2017,R004
GF-ING-00515,Karutha koonthal,Malayalam,regional_name,SRC-IFCT2017,R004
GF-ING-00515,Kali maakli,Marathi,regional_name,SRC-IFCT2017,R004
GF-ING-00515,Karuppu kanavai,Tamil,regional_name,SRC-IFCT2017,R004
GF-ING-00515,Nalla squid,Telugu,regional_name,SRC-IFCT2017,R004
GF-ING-00515,[Place of collection: Kolkata],unknown,regional_name,SRC-IFCT2017,R004
GF-ING-00516,"Squid, hard shell",English,source_name,SRC-IFCT2017,R005
GF-ING-00516,"Cuttlefish, Katol mas",Bengali,regional_name,SRC-IFCT2017,R005
GF-ING-00516,Samudra pheni,Hindi,regional_name,SRC-IFCT2017,R005
GF-ING-00516,Kallu bondaas,Kannada,regional_name,SRC-IFCT2017,R005
GF-ING-00516,Kanava,Malayalam,regional_name,SRC-IFCT2017,R005
GF-ING-00516,"Maakli, Goti maakli",Marathi,regional_name,SRC-IFCT2017,R005
GF-ING-00516,"Kanavai, Ottu kanavai",Tamil,regional_name,SRC-IFCT2017,R005
GF-ING-00516,"Cuttlefish, Samudra peni",Telugu,regional_name,SRC-IFCT2017,R005
GF-ING-00516,Pharaoh cuttlefish,English,regional_name,SRC-IFCT2017,R005
GF-ING-00516,Large cuttlefish,Common,regional_name,SRC-IFCT2017,R005
GF-ING-00516,[Place of collection: Goa],unknown,regional_name,SRC-IFCT2017,R005
GF-ING-00517,"Squid, red",English,source_name,SRC-IFCT2017,R006
GF-ING-00517,Lal squid,Bengali,regional_name,SRC-IFCT2017,R006
GF-ING-00517,Lal squid,Hindi,regional_name,SRC-IFCT2017,R006
GF-ING-00517,Kempu bondaas,Kannada,regional_name,SRC-IFCT2017,R006
GF-ING-00517,Chuvanna koonthal,Malayalam,regional_name,SRC-IFCT2017,R006
GF-ING-00517,Lal maakli,Marathi,regional_name,SRC-IFCT2017,R006
GF-ING-00517,Sivappu kanavai,Tamil,regional_name,SRC-IFCT2017,R006
GF-ING-00517,Erra squid,Telugu,regional_name,SRC-IFCT2017,R006
GF-ING-00517,[Place of collection: Chennai and Goa],unknown,regional_name,SRC-IFCT2017,R006
GF-ING-00518,"Squid, white, small",English,source_name,SRC-IFCT2017,R007
GF-ING-00518,Shada squid,Bengali,regional_name,SRC-IFCT2017,R007
GF-ING-00518,Safed squid,Hindi,regional_name,SRC-IFCT2017,R007
GF-ING-00518,Bili bondaas,Kannada,regional_name,SRC-IFCT2017,R007
GF-ING-00518,Vella koonthal,Malayalam,regional_name,SRC-IFCT2017,R007
GF-ING-00518,"Safed maakli, Choti maakli",Marathi,regional_name,SRC-IFCT2017,R007
GF-ING-00518,"Vellai kanavai, Porsi kanavai",Tamil,regional_name,SRC-IFCT2017,R007
GF-ING-00518,Tella squid,Telugu,regional_name,SRC-IFCT2017,R007
GF-ING-00518,"Indian Ocean Squid, Indian Squid",English,regional_name,SRC-IFCT2017,R007
GF-ING-00518,[Place of collection: Mumbai],unknown,regional_name,SRC-IFCT2017,R007
GF-ING-00420,Cat fish,English,source_name,SRC-IFCT2017,S001
GF-ING-00420,"Kanduli mas, Singora mas",Assamese,regional_name,SRC-IFCT2017,S001
GF-ING-00420,"Tengra, Singi",Bengali,regional_name,SRC-IFCT2017,S001
GF-ING-00420,Khago,Gujarati,regional_name,SRC-IFCT2017,S001
GF-ING-00420,"Singee, Singhara",Hindi,regional_name,SRC-IFCT2017,S001
GF-ING-00420,Thogari meenu,Kannada,regional_name,SRC-IFCT2017,S001
GF-ING-00420,"Muzhi, Etta",Malayalam,regional_name,SRC-IFCT2017,S001
GF-ING-00420,"Shingata, Shingala",Marathi,regional_name,SRC-IFCT2017,S001
GF-ING-00420,Singhai,Nepali,regional_name,SRC-IFCT2017,S001
GF-ING-00420,"Tengra, Singi",Odia,regional_name,SRC-IFCT2017,S001
GF-ING-00420,Sanghra,Punjabi,regional_name,SRC-IFCT2017,S001
GF-ING-00420,"Keluthi, Theli",Tamil,regional_name,SRC-IFCT2017,S001
GF-ING-00420,"Marpu, Jella",Telugu,regional_name,SRC-IFCT2017,S001
GF-ING-00420,Singee,Urdu,regional_name,SRC-IFCT2017,S001
GF-ING-00420,"Eel-tailed catfish, Dewfish, Freshwater catfish, Jewfish, Tandan",English,regional_name,SRC-IFCT2017,S001
GF-ING-00420,Catfish,Common,regional_name,SRC-IFCT2017,S001
GF-ING-00420,[Place of collection: Kolkata],unknown,regional_name,SRC-IFCT2017,S001
GF-ING-00519,Catla,English,source_name,SRC-IFCT2017,S002
GF-ING-00519,Major carp,English,regional_name,SRC-IFCT2017,S002
GF-ING-00519,"Baudhekra, Bhakua, Baudhekera",Assamese,regional_name,SRC-IFCT2017,S002
GF-ING-00519,"Katla, Pla Kra Ho",Bengali,regional_name,SRC-IFCT2017,S002
GF-ING-00519,"Tambra, Thambra, Bawas",Gujarati,regional_name,SRC-IFCT2017,S002
GF-ING-00519,"Catla, Bhakur, Boassa, Katla, Chepti",Hindi,regional_name,SRC-IFCT2017,S002
GF-ING-00519,Catla,Kannada,regional_name,SRC-IFCT2017,S002
GF-ING-00519,"Karakatla, Catla",Malayalam,regional_name,SRC-IFCT2017,S002
GF-ING-00519,"Tambra, Pla Kra Ho, Catla, Katala",Marathi,regional_name,SRC-IFCT2017,S002
GF-ING-00519,"Bhakur, Bahkur, Barkur",Odia,regional_name,SRC-IFCT2017,S002
GF-ING-00519,"Theil, Theila, Thaila",Punjabi,regional_name,SRC-IFCT2017,S002
GF-ING-00519,"Meen, Yamaneri Kendai, Theppu Meenu, Japan Kendai, Japankendai, Thoppa, Thoppa-meen, Theppu-meenu, Thoppu Meen, Koora Kendai, Koora-kendai, Kanavi, Thoppameenu",Tamil,regional_name,SRC-IFCT2017,S002
GF-ING-00519,"Botcha, Botchee, Bocha, Bacha, Krishnabotcha",Telugu,regional_name,SRC-IFCT2017,S002
GF-ING-00519,Asian freshwater fish,Common,regional_name,SRC-IFCT2017,S002
GF-ING-00519,[Place of collection: Kolkata],unknown,regional_name,SRC-IFCT2017,S002
GF-ING-00520,Fresh water Eel,English,source_name,SRC-IFCT2017,S003
GF-ING-00520,Kushia,Assamese,regional_name,SRC-IFCT2017,S003
GF-ING-00520,"Baan maach, Baam",Bengali,regional_name,SRC-IFCT2017,S003
GF-ING-00520,Baam machli,Hindi,regional_name,SRC-IFCT2017,S003
GF-ING-00520,Havu meenu,Kannada,regional_name,SRC-IFCT2017,S003
GF-ING-00520,"Mananjil, Mlanjil",Malayalam,regional_name,SRC-IFCT2017,S003
GF-ING-00520,"Vaam, Ahir",Marathi,regional_name,SRC-IFCT2017,S003
GF-ING-00520,Baamo,Odia,regional_name,SRC-IFCT2017,S003
GF-ING-00520,Baam,Punjabi,regional_name,SRC-IFCT2017,S003
GF-ING-00520,Vilangu meen,Tamil,regional_name,SRC-IFCT2017,S003
GF-ING-00520,"Malugu chepa, Bhamu",Telugu,regional_name,SRC-IFCT2017,S003
GF-ING-00520,Baam machli,Urdu,regional_name,SRC-IFCT2017,S003
GF-ING-00520,European eel,English,regional_name,SRC-IFCT2017,S003
GF-ING-00520,"Eel, Catadromous fish",Common,regional_name,SRC-IFCT2017,S003
GF-ING-00520,[Place of collection: Kolkata],unknown,regional_name,SRC-IFCT2017,S003
GF-ING-00521,Gold fish,English,source_name,SRC-IFCT2017,S004
GF-ING-00521,Xunali maas,Assamese,regional_name,SRC-IFCT2017,S004
GF-ING-00521,Shona maach,Bengali,regional_name,SRC-IFCT2017,S004
GF-ING-00521,Soneri machhli,Gujarati,regional_name,SRC-IFCT2017,S004
GF-ING-00521,Sunahri machli,Hindi,regional_name,SRC-IFCT2017,S004
GF-ING-00521,"Bangaru meenu, Chinna meenu",Kannada,regional_name,SRC-IFCT2017,S004
GF-ING-00521,Swarna matsyam,Malayalam,regional_name,SRC-IFCT2017,S004
GF-ING-00521,Soneri masa,Marathi,regional_name,SRC-IFCT2017,S004
GF-ING-00521,Suna machha,Odia,regional_name,SRC-IFCT2017,S004
GF-ING-00521,Sunahri machhi,Punjabi,regional_name,SRC-IFCT2017,S004
GF-ING-00521,Thanga meen,Tamil,regional_name,SRC-IFCT2017,S004
GF-ING-00521,Bangaru chepa,Telugu,regional_name,SRC-IFCT2017,S004
GF-ING-00521,Sunahri machli,Urdu,regional_name,SRC-IFCT2017,S004
GF-ING-00521,Goldfish,English,regional_name,SRC-IFCT2017,S004
GF-ING-00521,"Freshwater fish, Aquarium fish",Common,regional_name,SRC-IFCT2017,S004
GF-ING-00521,[Place of collection: Kolkata and Bangaluru],unknown,regional_name,SRC-IFCT2017,S004
GF-ING-00522,Pangas,English,source_name,SRC-IFCT2017,S005
GF-ING-00522,Pangas,Bengali,regional_name,SRC-IFCT2017,S005
GF-ING-00522,Pangas machli,Hindi,regional_name,SRC-IFCT2017,S005
GF-ING-00522,Iridescent shark,English,regional_name,SRC-IFCT2017,S005
GF-ING-00522,Shark catfish,Common,regional_name,SRC-IFCT2017,S005
GF-ING-00522,[Place of collection: Kolkata],unknown,regional_name,SRC-IFCT2017,S005
GF-ING-00523,Rohu,English,source_name,SRC-IFCT2017,S006
GF-ING-00523,"Rohu, Rui, Roho labeo",English,regional_name,SRC-IFCT2017,S006
GF-ING-00523,"Rou, Rohiti, Rohitii, Row, Rau, Rui",Assamese,regional_name,SRC-IFCT2017,S006
GF-ING-00523,"Rahu, Rui, Ruee",Bengali,regional_name,SRC-IFCT2017,S006
GF-ING-00523,"Bhobhari, Rohu",Hindi,regional_name,SRC-IFCT2017,S006
GF-ING-00523,Rohu,Kannada,regional_name,SRC-IFCT2017,S006
GF-ING-00523,"Rohitham, Rohu",Malayalam,regional_name,SRC-IFCT2017,S006
GF-ING-00523,Row,Manipuri,regional_name,SRC-IFCT2017,S006
GF-ING-00523,"Rohu, Tambada Massa, Tambada Masa, Tambada-massa",Marathi,regional_name,SRC-IFCT2017,S006
GF-ING-00523,"Rohu, Ruhu, Rohi",Odia,regional_name,SRC-IFCT2017,S006
GF-ING-00523,"Dumra, Tapra, Rohu, Dhambra",Punjabi,regional_name,SRC-IFCT2017,S006
GF-ING-00523,"Kannadi Kendai, Kennadi Kendai",Tamil,regional_name,SRC-IFCT2017,S006
GF-ING-00523,Bocha-gandumeenu,Telugu,regional_name,SRC-IFCT2017,S006
GF-ING-00523,Carp fish,Common,regional_name,SRC-IFCT2017,S006
GF-ING-00523,[Place of collection: Kolkata],unknown,regional_name,SRC-IFCT2017,S006
GF-ING-00504,Crab,English,source_name,SRC-IFCT2017,S007
GF-ING-00504,Khekora,Assamese,regional_name,SRC-IFCT2017,S007
GF-ING-00504,Kankra,Bengali,regional_name,SRC-IFCT2017,S007
GF-ING-00504,Karachalo,Gujarati,regional_name,SRC-IFCT2017,S007
GF-ING-00504,Kekda,Hindi,regional_name,SRC-IFCT2017,S007
GF-ING-00504,"Edi, Nalli",Kannada,regional_name,SRC-IFCT2017,S007
GF-ING-00504,Kulli,Kon,regional_name,SRC-IFCT2017,S007
GF-ING-00504,Njandu,Malayalam,regional_name,SRC-IFCT2017,S007
GF-ING-00504,"Khekada, Chimbori",Marathi,regional_name,SRC-IFCT2017,S007
GF-ING-00504,Kankada,Odia,regional_name,SRC-IFCT2017,S007
GF-ING-00504,Kekra,Punjabi,regional_name,SRC-IFCT2017,S007
GF-ING-00504,Nandu,Tamil,regional_name,SRC-IFCT2017,S007
GF-ING-00504,"Peetha, Endrakaya",Telugu,regional_name,SRC-IFCT2017,S007
GF-ING-00504,Kekra,Urdu,regional_name,SRC-IFCT2017,S007
GF-ING-00504,Small shore crab,Common,regional_name,SRC-IFCT2017,S007
GF-ING-00504,[Place of collection: Kolkata],unknown,regional_name,SRC-IFCT2017,S007
GF-ING-00524,"Prawns, big",English,source_name,SRC-IFCT2017,S008
GF-ING-00524,Bor misa,Assamese,regional_name,SRC-IFCT2017,S008
GF-ING-00524,Golda chingri,Bengali,regional_name,SRC-IFCT2017,S008
GF-ING-00524,Bada jhinga,Hindi,regional_name,SRC-IFCT2017,S008
GF-ING-00524,Dodda sigadi,Kannada,regional_name,SRC-IFCT2017,S008
GF-ING-00524,"Aattu konchu, Valiya chemmeen",Malayalam,regional_name,SRC-IFCT2017,S008
GF-ING-00524,Mothi kolambi,Marathi,regional_name,SRC-IFCT2017,S008
GF-ING-00524,Galda chingudi,Odia,regional_name,SRC-IFCT2017,S008
GF-ING-00524,"Aattu eral, Yera",Tamil,regional_name,SRC-IFCT2017,S008
GF-ING-00524,Gudi royya,Telugu,regional_name,SRC-IFCT2017,S008
GF-ING-00524,"Giant freshwater prawn, Giant river prawn",English,regional_name,SRC-IFCT2017,S008
GF-ING-00524,"Palaemonid freshwater prawn, Shrimp",Common,regional_name,SRC-IFCT2017,S008
GF-ING-00524,[Place of collection: Bengaluru],unknown,regional_name,SRC-IFCT2017,S008
GF-ING-00525,"Prawns, small",English,source_name,SRC-IFCT2017,S009
GF-ING-00525,Xoru misa,Assamese,regional_name,SRC-IFCT2017,S009
GF-ING-00525,Kucho chingri,Bengali,regional_name,SRC-IFCT2017,S009
GF-ING-00525,Nani jinga,Gujarati,regional_name,SRC-IFCT2017,S009
GF-ING-00525,Chhota jhinga,Hindi,regional_name,SRC-IFCT2017,S009
GF-ING-00525,Chikka sigadi,Kannada,regional_name,SRC-IFCT2017,S009
GF-ING-00525,Lhan sungat,Kon,regional_name,SRC-IFCT2017,S009
GF-ING-00525,"Kunju konchu, Cheru chemmeen",Malayalam,regional_name,SRC-IFCT2017,S009
GF-ING-00525,Lahan kolambi,Marathi,regional_name,SRC-IFCT2017,S009
GF-ING-00525,Chuna chingudi,Odia,regional_name,SRC-IFCT2017,S009
GF-ING-00525,Chhoti jhinga,Punjabi,regional_name,SRC-IFCT2017,S009
GF-ING-00525,"Kutti eral, Kooni",Tamil,regional_name,SRC-IFCT2017,S009
GF-ING-00525,Chinna royya,Telugu,regional_name,SRC-IFCT2017,S009
GF-ING-00525,Chhota jhinga,Urdu,regional_name,SRC-IFCT2017,S009
GF-ING-00525,Shrimp,Common,regional_name,SRC-IFCT2017,S009
GF-ING-00525,[Place of collection: Mumbai],unknown,regional_name,SRC-IFCT2017,S009
GF-ING-00526,Tiger prawns,English,source_name,SRC-IFCT2017,S010
GF-ING-00526,Misa maas,Assamese,regional_name,SRC-IFCT2017,S010
GF-ING-00526,Chingri,Bengali,regional_name,SRC-IFCT2017,S010
GF-ING-00526,Jinga,Gujarati,regional_name,SRC-IFCT2017,S010
GF-ING-00526,Jhinga,Hindi,regional_name,SRC-IFCT2017,S010
GF-ING-00526,Sigadi,Kannada,regional_name,SRC-IFCT2017,S010
GF-ING-00526,Sungat,Kon,regional_name,SRC-IFCT2017,S010
GF-ING-00526,"Chemmeen, Konchu",Malayalam,regional_name,SRC-IFCT2017,S010
GF-ING-00526,Kolambi,Marathi,regional_name,SRC-IFCT2017,S010
GF-ING-00526,Chingudi,Odia,regional_name,SRC-IFCT2017,S010
GF-ING-00526,Jhinga,Punjabi,regional_name,SRC-IFCT2017,S010
GF-ING-00526,Iraal,Tamil,regional_name,SRC-IFCT2017,S010
GF-ING-00526,Royya,Telugu,regional_name,SRC-IFCT2017,S010
GF-ING-00526,Jhinga,Urdu,regional_name,SRC-IFCT2017,S010
GF-ING-00526,Shrimp,Common,regional_name,SRC-IFCT2017,S010
GF-ING-00526,[Place of collection: Kolkata],unknown,regional_name,SRC-IFCT2017,S010
GF-ING-00527,Coconut oil,English,source_name,SRC-IFCT2017,T001
GF-ING-00527,Narikol tel,Assamese,regional_name,SRC-IFCT2017,T001
GF-ING-00527,Narkel tel,Bengali,regional_name,SRC-IFCT2017,T001
GF-ING-00527,Nariyel nu tel,Gujarati,regional_name,SRC-IFCT2017,T001
GF-ING-00527,Nariyal tel,Hindi,regional_name,SRC-IFCT2017,T001
GF-ING-00527,Tenginakai enne,Kannada,regional_name,SRC-IFCT2017,T001
GF-ING-00527,Narla tel,Kon,regional_name,SRC-IFCT2017,T001
GF-ING-00527,Velichenna,Malayalam,regional_name,SRC-IFCT2017,T001
GF-ING-00527,Khobrel tel,Marathi,regional_name,SRC-IFCT2017,T001
GF-ING-00527,Nariwal ko tel,Nepali,regional_name,SRC-IFCT2017,T001
GF-ING-00527,Nadia tela,Odia,regional_name,SRC-IFCT2017,T001
GF-ING-00527,Nariyal da tel,Punjabi,regional_name,SRC-IFCT2017,T001
GF-ING-00527,Narikela taila,Sanskrit,regional_name,SRC-IFCT2017,T001
GF-ING-00527,Thengai ennai,Tamil,regional_name,SRC-IFCT2017,T001
GF-ING-00527,Kobbari nune,Telugu,regional_name,SRC-IFCT2017,T001
GF-ING-00527,Nariyal ka tel,Urdu,regional_name,SRC-IFCT2017,T001
GF-ING-00528,Corn oil,English,source_name,SRC-IFCT2017,T002
GF-ING-00528,Gom dhan tel,Assamese,regional_name,SRC-IFCT2017,T002
GF-ING-00528,Bhuttar tel,Bengali,regional_name,SRC-IFCT2017,T002
GF-ING-00528,Makai nu tel,Gujarati,regional_name,SRC-IFCT2017,T002
GF-ING-00528,Makai ka tel,Hindi,regional_name,SRC-IFCT2017,T002
GF-ING-00528,Musukina jola enne,Kannada,regional_name,SRC-IFCT2017,T002
GF-ING-00528,Cholam enna,Malayalam,regional_name,SRC-IFCT2017,T002
GF-ING-00528,Makyache tel,Marathi,regional_name,SRC-IFCT2017,T002
GF-ING-00528,Makai ko tel,Nepali,regional_name,SRC-IFCT2017,T002
GF-ING-00528,Maka tela,Odia,regional_name,SRC-IFCT2017,T002
GF-ING-00528,Makki da tel,Punjabi,regional_name,SRC-IFCT2017,T002
GF-ING-00528,Makkacholam ennai,Tamil,regional_name,SRC-IFCT2017,T002
GF-ING-00528,Mokka jonna nune,Telugu,regional_name,SRC-IFCT2017,T002
GF-ING-00528,Makai ka tel,Urdu,regional_name,SRC-IFCT2017,T002
GF-ING-00529,Cotton seed oil,English,source_name,SRC-IFCT2017,T003
GF-ING-00529,Karpaser tel,Bengali,regional_name,SRC-IFCT2017,T003
GF-ING-00529,Kapasiya tel,Gujarati,regional_name,SRC-IFCT2017,T003
GF-ING-00529,"Kapas ka tel, Binola tel",Hindi,regional_name,SRC-IFCT2017,T003
GF-ING-00529,Hatthi beeja enne,Kannada,regional_name,SRC-IFCT2017,T003
GF-ING-00529,"Kapsache tel, Sarkiche tel",Marathi,regional_name,SRC-IFCT2017,T003
GF-ING-00529,Kapa tela,Odia,regional_name,SRC-IFCT2017,T003
GF-ING-00529,Vareve da tel,Punjabi,regional_name,SRC-IFCT2017,T003
GF-ING-00529,Paruthi vidhai ennai,Tamil,regional_name,SRC-IFCT2017,T003
GF-ING-00529,Prathi ginjala nune,Telugu,regional_name,SRC-IFCT2017,T003
GF-ING-00529,Binola tel,Urdu,regional_name,SRC-IFCT2017,T003
GF-ING-00530,Gingelly oil,English,source_name,SRC-IFCT2017,T004
GF-ING-00530,Til tel,Assamese,regional_name,SRC-IFCT2017,T004
GF-ING-00530,Til tel,Bengali,regional_name,SRC-IFCT2017,T004
GF-ING-00530,Tal nu tel,Gujarati,regional_name,SRC-IFCT2017,T004
GF-ING-00530,Til ka tel,Hindi,regional_name,SRC-IFCT2017,T004
GF-ING-00530,Ellenne,Kannada,regional_name,SRC-IFCT2017,T004
GF-ING-00530,Tila tel,Kon,regional_name,SRC-IFCT2017,T004
GF-ING-00530,"Nallenna, Ellenna",Malayalam,regional_name,SRC-IFCT2017,T004
GF-ING-00530,Tila che tel,Marathi,regional_name,SRC-IFCT2017,T004
GF-ING-00530,Til ko tel,Nepali,regional_name,SRC-IFCT2017,T004
GF-ING-00530,Rasi tela,Odia,regional_name,SRC-IFCT2017,T004
GF-ING-00530,Til da tel,Punjabi,regional_name,SRC-IFCT2017,T004
GF-ING-00530,Tila taila,Sanskrit,regional_name,SRC-IFCT2017,T004
GF-ING-00530,"Nallennai, Ellenai",Tamil,regional_name,SRC-IFCT2017,T004
GF-ING-00530,Nuvvula nune,Telugu,regional_name,SRC-IFCT2017,T004
GF-ING-00530,Til ka tel,Urdu,regional_name,SRC-IFCT2017,T004
GF-ING-00531,Groundnut oil,English,source_name,SRC-IFCT2017,T005
GF-ING-00531,China badam tel,Assamese,regional_name,SRC-IFCT2017,T005
GF-ING-00531,China badam tel,Bengali,regional_name,SRC-IFCT2017,T005
GF-ING-00531,"Sing tel, Magafali nu tel",Gujarati,regional_name,SRC-IFCT2017,T005
GF-ING-00531,Moongphali ka tel,Hindi,regional_name,SRC-IFCT2017,T005
GF-ING-00531,"Kadale kaayi enne, Shenga enne",Kannada,regional_name,SRC-IFCT2017,T005
GF-ING-00531,Bhui mug tel,Kon,regional_name,SRC-IFCT2017,T005
GF-ING-00531,"Kadala enna, Nilakkadala enna",Malayalam,regional_name,SRC-IFCT2017,T005
GF-ING-00531,Shengdana tel,Marathi,regional_name,SRC-IFCT2017,T005
GF-ING-00531,Mungfali tel,Nepali,regional_name,SRC-IFCT2017,T005
GF-ING-00531,China badama tela,Odia,regional_name,SRC-IFCT2017,T005
GF-ING-00531,Mungfali da tel,Punjabi,regional_name,SRC-IFCT2017,T005
GF-ING-00531,Bhuchanaka taila,Sanskrit,regional_name,SRC-IFCT2017,T005
GF-ING-00531,Kadalai ennai,Tamil,regional_name,SRC-IFCT2017,T005
GF-ING-00531,"Verusenaga nune, Pallila nune",Telugu,regional_name,SRC-IFCT2017,T005
GF-ING-00531,Moongphali ka tel,Urdu,regional_name,SRC-IFCT2017,T005
GF-ING-00532,Mustard oil,English,source_name,SRC-IFCT2017,T006
GF-ING-00532,Horiyoh tel,Assamese,regional_name,SRC-IFCT2017,T006
GF-ING-00532,Shorsher tel,Bengali,regional_name,SRC-IFCT2017,T006
GF-ING-00532,"Sarisav nu tel, Rai nu tel",Gujarati,regional_name,SRC-IFCT2017,T006
GF-ING-00532,Sarson ka tel,Hindi,regional_name,SRC-IFCT2017,T006
GF-ING-00532,Sasive enne,Kannada,regional_name,SRC-IFCT2017,T006
GF-ING-00532,Sarshaf tel,Kashmiri,regional_name,SRC-IFCT2017,T006
GF-ING-00532,Sasvanche tel,Kon,regional_name,SRC-IFCT2017,T006
GF-ING-00532,Kadugu enna,Malayalam,regional_name,SRC-IFCT2017,T006
GF-ING-00532,Mohariche tel,Marathi,regional_name,SRC-IFCT2017,T006
GF-ING-00532,Tori ko tel,Nepali,regional_name,SRC-IFCT2017,T006
GF-ING-00532,Sorisa tela,Odia,regional_name,SRC-IFCT2017,T006
GF-ING-00532,Sarhon da tel,Punjabi,regional_name,SRC-IFCT2017,T006
GF-ING-00532,Sarshapa taila,Sanskrit,regional_name,SRC-IFCT2017,T006
GF-ING-00532,Kadugu ennai,Tamil,regional_name,SRC-IFCT2017,T006
GF-ING-00532,Aava nune,Telugu,regional_name,SRC-IFCT2017,T006
GF-ING-00532,Sarson ka tel,Urdu,regional_name,SRC-IFCT2017,T006
GF-ING-00533,Palm oil,English,source_name,SRC-IFCT2017,T007
GF-ING-00533,Taaler tel,Bengali,regional_name,SRC-IFCT2017,T007
GF-ING-00533,Taad nu tel,Gujarati,regional_name,SRC-IFCT2017,T007
GF-ING-00533,Taad ka tel,Hindi,regional_name,SRC-IFCT2017,T007
GF-ING-00533,Taale enne,Kannada,regional_name,SRC-IFCT2017,T007
GF-ING-00533,Pana enna,Malayalam,regional_name,SRC-IFCT2017,T007
GF-ING-00533,Taad tel,Marathi,regional_name,SRC-IFCT2017,T007
GF-ING-00533,Tala tela,Odia,regional_name,SRC-IFCT2017,T007
GF-ING-00533,Taad da tel,Punjabi,regional_name,SRC-IFCT2017,T007
GF-ING-00533,Panai ennai,Tamil,regional_name,SRC-IFCT2017,T007
GF-ING-00533,Taati nune,Telugu,regional_name,SRC-IFCT2017,T007
GF-ING-00533,Taar ka tel,Urdu,regional_name,SRC-IFCT2017,T007
GF-ING-00534,Rice bran oil,English,source_name,SRC-IFCT2017,T008
GF-ING-00534,"Chaler kuro tel, Chaler kundo tel",Bengali,regional_name,SRC-IFCT2017,T008
GF-ING-00534,Chokha na bhusa nu tel,Gujarati,regional_name,SRC-IFCT2017,T008
GF-ING-00534,Chawal ki bhusi ka tel,Hindi,regional_name,SRC-IFCT2017,T008
GF-ING-00534,Akki tavadu enne,Kannada,regional_name,SRC-IFCT2017,T008
GF-ING-00534,Ari thavidu enna,Malayalam,regional_name,SRC-IFCT2017,T008
GF-ING-00534,Tandul kondya che tel,Marathi,regional_name,SRC-IFCT2017,T008
GF-ING-00534,"Chaula chopa tela, Chaula kunda tela",Odia,regional_name,SRC-IFCT2017,T008
GF-ING-00534,Chaul de chilke da tel,Punjabi,regional_name,SRC-IFCT2017,T008
GF-ING-00534,Arisi thavidu ennai,Tamil,regional_name,SRC-IFCT2017,T008
GF-ING-00534,Tavudu nune,Telugu,regional_name,SRC-IFCT2017,T008
GF-ING-00534,Chawal ki bhusi ka tel,Urdu,regional_name,SRC-IFCT2017,T008
GF-ING-00535,Safflower oil,English,source_name,SRC-IFCT2017,T009
GF-ING-00535,Kusum tel,Bengali,regional_name,SRC-IFCT2017,T009
GF-ING-00535,Kusumbi tel,Gujarati,regional_name,SRC-IFCT2017,T009
GF-ING-00535,Kusum ka tel,Hindi,regional_name,SRC-IFCT2017,T009
GF-ING-00535,Kusube enne,Kannada,regional_name,SRC-IFCT2017,T009
GF-ING-00535,Kardai tel,Marathi,regional_name,SRC-IFCT2017,T009
GF-ING-00535,Kusuma tela,Odia,regional_name,SRC-IFCT2017,T009
GF-ING-00535,Kusum da tel,Punjabi,regional_name,SRC-IFCT2017,T009
GF-ING-00535,Kusuma nune,Telugu,regional_name,SRC-IFCT2017,T009
GF-ING-00535,Kusum ka tel,Urdu,regional_name,SRC-IFCT2017,T009
GF-ING-00536,Safflower oil (blended),English,source_name,SRC-IFCT2017,T010
GF-ING-00537,Soyabean oil,English,source_name,SRC-IFCT2017,T011
GF-ING-00537,Soyabean tel,Bengali,regional_name,SRC-IFCT2017,T011
GF-ING-00537,Soyabean tel,Gujarati,regional_name,SRC-IFCT2017,T011
GF-ING-00537,Soyabean tel,Hindi,regional_name,SRC-IFCT2017,T011
GF-ING-00537,Soyabean enne,Kannada,regional_name,SRC-IFCT2017,T011
GF-ING-00537,Soyabean enna,Malayalam,regional_name,SRC-IFCT2017,T011
GF-ING-00537,Soyabean tel,Marathi,regional_name,SRC-IFCT2017,T011
GF-ING-00537,Soyabean tela,Odia,regional_name,SRC-IFCT2017,T011
GF-ING-00537,Soyabean tel,Punjabi,regional_name,SRC-IFCT2017,T011
GF-ING-00537,Soyabean ennai,Tamil,regional_name,SRC-IFCT2017,T011
GF-ING-00537,Soyabean nune,Telugu,regional_name,SRC-IFCT2017,T011
GF-ING-00537,Soyabean tel,Urdu,regional_name,SRC-IFCT2017,T011
GF-ING-00538,Sunflower oil,English,source_name,SRC-IFCT2017,T012
GF-ING-00538,Surjomukhi tel,Bengali,regional_name,SRC-IFCT2017,T012
GF-ING-00538,Surajmukhi nu tel,Gujarati,regional_name,SRC-IFCT2017,T012
GF-ING-00538,Surajmukhi ka tel,Hindi,regional_name,SRC-IFCT2017,T012
GF-ING-00538,Suryakanthi enne,Kannada,regional_name,SRC-IFCT2017,T012
GF-ING-00538,Suryakanthi enna,Malayalam,regional_name,SRC-IFCT2017,T012
GF-ING-00538,Suryaphul tel,Marathi,regional_name,SRC-IFCT2017,T012
GF-ING-00538,Suryamukhi tel,Nepali,regional_name,SRC-IFCT2017,T012
GF-ING-00538,Surjyamukhi tela,Odia,regional_name,SRC-IFCT2017,T012
GF-ING-00538,Surajmukhi da tel,Punjabi,regional_name,SRC-IFCT2017,T012
GF-ING-00538,Suriyakanthi ennai,Tamil,regional_name,SRC-IFCT2017,T012
GF-ING-00538,"Poddu tirugudu nune, Suryakanthi nune",Telugu,regional_name,SRC-IFCT2017,T012
GF-ING-00538,Surajmukhi ka tel,Urdu,regional_name,SRC-IFCT2017,T012
GF-ING-00539,Ghee,English,source_name,SRC-IFCT2017,T013
GF-ING-00539,Tuppa,Kannada,regional_name,SRC-IFCT2017,T013
GF-ING-00539,Touup,Kon,regional_name,SRC-IFCT2017,T013
GF-ING-00539,Neyy,Malayalam,regional_name,SRC-IFCT2017,T013
GF-ING-00539,Tup,Marathi,regional_name,SRC-IFCT2017,T013
GF-ING-00539,Ghia,Odia,regional_name,SRC-IFCT2017,T013
GF-ING-00539,Ghyo,Punjabi,regional_name,SRC-IFCT2017,T013
GF-ING-00539,Ghrita,Sanskrit,regional_name,SRC-IFCT2017,T013
GF-ING-00539,Nei,Tamil,regional_name,SRC-IFCT2017,T013
GF-ING-00539,Neyyi,Telugu,regional_name,SRC-IFCT2017,T013
GF-ING-00540,Vanaspati,English,source_name,SRC-IFCT2017,T014
GF-ING-00540,"Bonospoti, Dalda",Bengali,regional_name,SRC-IFCT2017,T014
GF-ING-00540,Dalda,Hindi,regional_name,SRC-IFCT2017,T014
GF-ING-00540,Dalda,Kannada,regional_name,SRC-IFCT2017,T014
GF-ING-00540,Dalda,Malayalam,regional_name,SRC-IFCT2017,T014
GF-ING-00540,Dalda,Marathi,regional_name,SRC-IFCT2017,T014
GF-ING-00540,"Banaspati, Dalda",Odia,regional_name,SRC-IFCT2017,T014
GF-ING-00540,"Banaspati, Dalda",Punjabi,regional_name,SRC-IFCT2017,T014
GF-ING-00540,Dalda,Tamil,regional_name,SRC-IFCT2017,T014
GF-ING-00540,Dalda,Telugu,regional_name,SRC-IFCT2017,T014
GF-ING-00540,"Banaspati, Dalda",Urdu,regional_name,SRC-IFCT2017,T014
GF-REC-00001,Hot Tea,en,source_name,SRC-INDB,INDB_RECIPE_ASC001
GF-REC-00001,Hot tea (Garam Chai),en,source_name,SRC-INDB,INDB_RECIPE_ASC001
GF-REC-00002,Instant Coffee,en,source_name,SRC-INDB,INDB_RECIPE_ASC002
GF-REC-00002,Instant coffee,en,source_name,SRC-INDB,INDB_RECIPE_ASC002
GF-REC-00003,Espreso coffee,en,source_name,SRC-INDB,INDB_RECIPE_ASC003
GF-REC-00004,Iced Tea,en,source_name,SRC-INDB,INDB_RECIPE_ASC004
GF-REC-00004,Iced tea,en,source_name,SRC-INDB,INDB_RECIPE_ASC004
GF-REC-00005,Raw Mango Panna,en,source_name,SRC-INDB,INDB_RECIPE_ASC005
GF-REC-00005,Raw mango drink (Aam panna),en,source_name,SRC-INDB,INDB_RECIPE_ASC005
GF-REC-00006,Fruit Punch ( with fresh juices ),en,source_name,SRC-INDB,INDB_RECIPE_ASC006
GF-REC-00006,Fruit Punch (with fresh juices),en,source_name,SRC-INDB,INDB_RECIPE_ASC006
GF-REC-00007,Fruit Punch ( with squashes ),en,source_name,SRC-INDB,INDB_RECIPE_ASC007
GF-REC-00007,Fruit Punch (with squashes),en,source_name,SRC-INDB,INDB_RECIPE_ASC007
GF-REC-00008,Lemonade,en,source_name,SRC-INDB,INDB_RECIPE_ASC008
GF-REC-00009,Lem-o-gin,en,source_name,SRC-INDB,INDB_RECIPE_ASC009
GF-REC-00010,Zeera Pani,en,source_name,SRC-INDB,INDB_RECIPE_ASC010
GF-REC-00010,Cumin infused water (Jeere/Zeere ka pani),en,source_name,SRC-INDB,INDB_RECIPE_ASC010
GF-REC-00011,Coco pine cooler,en,source_name,SRC-INDB,INDB_RECIPE_ASC011
GF-REC-00012,Summer Cooler,en,source_name,SRC-INDB,INDB_RECIPE_ASC012
GF-REC-00012,Summer cooler,en,source_name,SRC-INDB,INDB_RECIPE_ASC012
GF-REC-00013,Hot cocoa,en,source_name,SRC-INDB,INDB_RECIPE_ASC014
GF-REC-00014,Cold coffee with Ice cream,en,source_name,SRC-INDB,INDB_RECIPE_ASC015
GF-REC-00014,Cold coffee with ice cream,en,source_name,SRC-INDB,INDB_RECIPE_ASC015
GF-REC-00015,Banana Milkshake,en,source_name,SRC-INDB,INDB_RECIPE_ASC016
GF-REC-00015,Banana milkshake (Kele milkshake),en,source_name,SRC-INDB,INDB_RECIPE_ASC016
GF-REC-00016,Mango Milkshake,en,source_name,SRC-INDB,INDB_RECIPE_ASC017
GF-REC-00016,Mango milkshake (Aam milkshake),en,source_name,SRC-INDB,INDB_RECIPE_ASC017
GF-REC-00017,Pineapple Milkshake,en,source_name,SRC-INDB,INDB_RECIPE_ASC018
GF-REC-00017,Pineapple milkshake (Ananas milkshake),en,source_name,SRC-INDB,INDB_RECIPE_ASC018
GF-REC-00018,Orange Milkshake,en,source_name,SRC-INDB,INDB_RECIPE_ASC019
GF-REC-00018,Orange milkshake (Narangi milkshake),en,source_name,SRC-INDB,INDB_RECIPE_ASC019
GF-REC-00019,Egg Nog,en,source_name,SRC-INDB,INDB_RECIPE_ASC020
GF-REC-00019,Egg nog,en,source_name,SRC-INDB,INDB_RECIPE_ASC020
GF-REC-00020,Lassi (Sweet),en,source_name,SRC-INDB,INDB_RECIPE_ASC021
GF-REC-00020,Sweet Lassi (Meethi lassi),en,source_name,SRC-INDB,INDB_RECIPE_ASC021
GF-REC-00021,Lassi (Salted),en,source_name,SRC-INDB,INDB_RECIPE_ASC022
GF-REC-00021,Lassi (salted),en,source_name,SRC-INDB,INDB_RECIPE_ASC022
GF-REC-00022,Cheese and Chilli sandwich,en,source_name,SRC-INDB,INDB_RECIPE_ASC023
GF-REC-00022,Cheese and chilli sandwich,en,source_name,SRC-INDB,INDB_RECIPE_ASC023
GF-REC-00023,Egg Sandwich,en,source_name,SRC-INDB,INDB_RECIPE_ASC024
GF-REC-00023,Egg sandwich (Ande ka sandwich),en,source_name,SRC-INDB,INDB_RECIPE_ASC024
GF-REC-00024,Cucumber sandwich,en,source_name,SRC-INDB,INDB_RECIPE_ASC025
GF-REC-00024,Cucumber sandwich (Kheere ka sandwich),en,source_name,SRC-INDB,INDB_RECIPE_ASC025
GF-REC-00025,Cheese and Pineapple sandwich,en,source_name,SRC-INDB,INDB_RECIPE_ASC026
GF-REC-00025,Cheese and pineapple sandwich (Cheese aur ananas ka sandwich),en,source_name,SRC-INDB,INDB_RECIPE_ASC026
GF-REC-00026,Cheese and Tomato sandwich,en,source_name,SRC-INDB,INDB_RECIPE_ASC027
GF-REC-00026,Cheese and tomato sandwich (Cheese aur tamatar ke sandwich),en,source_name,SRC-INDB,INDB_RECIPE_ASC027
GF-REC-00027,Chicken sandwich,en,source_name,SRC-INDB,INDB_RECIPE_ASC028
GF-REC-00028,Peanut and Tomato sandwich,en,source_name,SRC-INDB,INDB_RECIPE_ASC029
GF-REC-00028,Peanut and tomato sandwich (Moongfali aur tamatar ka sandwich),en,source_name,SRC-INDB,INDB_RECIPE_ASC029
GF-REC-00029,Rainbow sandwich,en,source_name,SRC-INDB,INDB_RECIPE_ASC030
GF-REC-00030,Club sandwich,en,source_name,SRC-INDB,INDB_RECIPE_ASC031
GF-REC-00031,Vegetarian club sandwich,en,source_name,SRC-INDB,INDB_RECIPE_ASC032
GF-REC-00032,Pin Wheel sandwich,en,source_name,SRC-INDB,INDB_RECIPE_ASC033
GF-REC-00032,Pin wheel sandwich,en,source_name,SRC-INDB,INDB_RECIPE_ASC033
GF-REC-00033,Carrot Apple sandwich,en,source_name,SRC-INDB,INDB_RECIPE_ASC034
GF-REC-00033,Carrot apple sandwich (Gajar aur seb ka sandwich),en,source_name,SRC-INDB,INDB_RECIPE_ASC034
GF-REC-00034,Salami sandwich,en,source_name,SRC-INDB,INDB_RECIPE_ASC035
GF-REC-00035,Vegetable and mayonnaise sandwich,en,source_name,SRC-INDB,INDB_RECIPE_ASC036
GF-REC-00036,Egg and tomato sandwich,en,source_name,SRC-INDB,INDB_RECIPE_ASC037
GF-REC-00036,Egg and tomato sandwich (Ande aur tamatar ka sandwich),en,source_name,SRC-INDB,INDB_RECIPE_ASC037
GF-REC-00037,Sweet open sandwich,en,source_name,SRC-INDB,INDB_RECIPE_ASC038
GF-REC-00038,Mushroom and cheese toast sandwich,en,source_name,SRC-INDB,INDB_RECIPE_ASC039
GF-REC-00038,Mushroom and cheese sandwich (toasted),en,source_name,SRC-INDB,INDB_RECIPE_ASC039
GF-REC-00039,Tomato and cheese toasted sandwich,en,source_name,SRC-INDB,INDB_RECIPE_ASC040
GF-REC-00039,Cheese and tomato sandwich (toasted) (Cheese aur tamatar ke sandwich (toasted)),en,source_name,SRC-INDB,INDB_RECIPE_ASC040
GF-REC-00040,Pea Potato toasted sandwich,en,source_name,SRC-INDB,INDB_RECIPE_ASC041
GF-REC-00040,Pea potato sandwich (toasted) (Matar aloo ka sandwich),en,source_name,SRC-INDB,INDB_RECIPE_ASC041
GF-REC-00041,Paneer pea toasted sandwich,en,source_name,SRC-INDB,INDB_RECIPE_ASC042
GF-REC-00041,Paneer pea sandwich (toasted) (Paneer matar ka sandwich),en,source_name,SRC-INDB,INDB_RECIPE_ASC042
GF-REC-00042,Chicken toasted sandwich,en,source_name,SRC-INDB,INDB_RECIPE_ASC043
GF-REC-00042,Chicken sandwich (toasted),en,source_name,SRC-INDB,INDB_RECIPE_ASC043
GF-REC-00043,Pea keema toasted sandwich,en,source_name,SRC-INDB,INDB_RECIPE_ASC044
GF-REC-00043,Pea keema sandwich (toasted) (Matar aur keema ka sandwich),en,source_name,SRC-INDB,INDB_RECIPE_ASC044
GF-REC-00044,Classic club sandwich,en,source_name,SRC-INDB,INDB_RECIPE_ASC045
GF-REC-00045,Sesame taost,en,source_name,SRC-INDB,INDB_RECIPE_ASC046
GF-REC-00045,Sesame toast,en,source_name,SRC-INDB,INDB_RECIPE_ASC046
GF-REC-00046,Cracked Wheat porridge,en,source_name,SRC-INDB,INDB_RECIPE_ASC047
GF-REC-00046,Cracked wheat porridge (Meetha daliya),en,source_name,SRC-INDB,INDB_RECIPE_ASC047
GF-REC-00047,Semolina Porridge,en,source_name,SRC-INDB,INDB_RECIPE_ASC048
GF-REC-00047,Semolina porridge (Suji/Rava daliya),en,source_name,SRC-INDB,INDB_RECIPE_ASC048
GF-REC-00048,Oatmeal Porridge,en,source_name,SRC-INDB,INDB_RECIPE_ASC050
GF-REC-00049,Cornflakes,en,source_name,SRC-INDB,INDB_RECIPE_ASC051
GF-REC-00049,Cornflakes with milk,en,source_name,SRC-INDB,INDB_RECIPE_ASC051
GF-REC-00050,Rice Flakes,en,source_name,SRC-INDB,INDB_RECIPE_ASC052
GF-REC-00050,Rice flakes (Chiwda/Aval),en,source_name,SRC-INDB,INDB_RECIPE_ASC052
GF-REC-00051,Wheat Flakes,en,source_name,SRC-INDB,INDB_RECIPE_ASC053
GF-REC-00051,Wheat flakes,en,source_name,SRC-INDB,INDB_RECIPE_ASC053
GF-REC-00052,Murmura (puffed rice),en,source_name,SRC-INDB,INDB_RECIPE_ASC054
GF-REC-00052,Murmura (Puffed rice),en,source_name,SRC-INDB,INDB_RECIPE_ASC054
GF-REC-00053,Puffed Wheat,en,source_name,SRC-INDB,INDB_RECIPE_ASC055
GF-REC-00053,Puffed wheat (Murmure/Moori),en,source_name,SRC-INDB,INDB_RECIPE_ASC055
GF-REC-00054,Boiled Egg,en,source_name,SRC-INDB,INDB_RECIPE_ASC056
GF-REC-00054,Boiled egg (Ubla anda),en,source_name,SRC-INDB,INDB_RECIPE_ASC056
GF-REC-00055,Fried Egg,en,source_name,SRC-INDB,INDB_RECIPE_ASC057
GF-REC-00056,Poached Egg,en,source_name,SRC-INDB,INDB_RECIPE_ASC058
GF-REC-00056,Poached egg,en,source_name,SRC-INDB,INDB_RECIPE_ASC058
GF-REC-00057,Scrambled Egg,en,source_name,SRC-INDB,INDB_RECIPE_ASC059
GF-REC-00057,Scrambled egg (Ande ki bhurji),en,source_name,SRC-INDB,INDB_RECIPE_ASC059
GF-REC-00058,Baked Egg,en,source_name,SRC-INDB,INDB_RECIPE_ASC060
GF-REC-00058,Baked egg,en,source_name,SRC-INDB,INDB_RECIPE_ASC060
GF-REC-00059,Plain Omelette,en,source_name,SRC-INDB,INDB_RECIPE_ASC061
GF-REC-00059,Plain omelette/omlet,en,source_name,SRC-INDB,INDB_RECIPE_ASC061
GF-REC-00060,Stuffed Egg Omelette,en,source_name,SRC-INDB,INDB_RECIPE_ASC062
GF-REC-00060,Stuffed egg omelette/omlet,en,source_name,SRC-INDB,INDB_RECIPE_ASC062
GF-REC-00061,Pancakes,en,source_name,SRC-INDB,INDB_RECIPE_ASC063
GF-REC-00061,Pancake,en,source_name,SRC-INDB,INDB_RECIPE_ASC063
GF-REC-00062,Keema Pancake layer,en,source_name,SRC-INDB,INDB_RECIPE_ASC064
GF-REC-00062,Keema pancake,en,source_name,SRC-INDB,INDB_RECIPE_ASC064
GF-REC-00063,Vegetable pancake,en,source_name,SRC-INDB,INDB_RECIPE_ASC065
GF-REC-00064,Jam and Fruit pancake,en,source_name,SRC-INDB,INDB_RECIPE_ASC066
GF-REC-00064,Jam and fruit pancake,en,source_name,SRC-INDB,INDB_RECIPE_ASC066
GF-REC-00065,Khoa and coconut pancake,en,source_name,SRC-INDB,INDB_RECIPE_ASC067
GF-REC-00066,Brown stock,en,source_name,SRC-INDB,INDB_RECIPE_ASC068
GF-REC-00067,Vegetable stock,en,source_name,SRC-INDB,INDB_RECIPE_ASC069
GF-REC-00068,Chicken stock,en,source_name,SRC-INDB,INDB_RECIPE_ASC070
GF-REC-00069,White sauce ( Thin),en,source_name,SRC-INDB,INDB_RECIPE_ASC071
GF-REC-00069,White sauce (thin),en,source_name,SRC-INDB,INDB_RECIPE_ASC071
GF-REC-00070,White sauce (Medium),en,source_name,SRC-INDB,INDB_RECIPE_ASC072
GF-REC-00070,White sauce (medium),en,source_name,SRC-INDB,INDB_RECIPE_ASC072
GF-REC-00071,White sauce (Thick),en,source_name,SRC-INDB,INDB_RECIPE_ASC073
GF-REC-00071,White sauce (thick),en,source_name,SRC-INDB,INDB_RECIPE_ASC073
GF-REC-00072,Cheese Sauce,en,source_name,SRC-INDB,INDB_RECIPE_ASC074
GF-REC-00072,Cheese sauce,en,source_name,SRC-INDB,INDB_RECIPE_ASC074
GF-REC-00073,Egg Sauce,en,source_name,SRC-INDB,INDB_RECIPE_ASC075
GF-REC-00073,Egg sauce,en,source_name,SRC-INDB,INDB_RECIPE_ASC075
GF-REC-00074,Mushroom sauce,en,source_name,SRC-INDB,INDB_RECIPE_ASC076
GF-REC-00075,Mustard Sauce,en,source_name,SRC-INDB,INDB_RECIPE_ASC077
GF-REC-00075,Mustard sauce,en,source_name,SRC-INDB,INDB_RECIPE_ASC077
GF-REC-00076,Brown Sauce,en,source_name,SRC-INDB,INDB_RECIPE_ASC078
GF-REC-00076,Brown sauce,en,source_name,SRC-INDB,INDB_RECIPE_ASC078
GF-REC-00077,Clear Tomato Soup,en,source_name,SRC-INDB,INDB_RECIPE_ASC079
GF-REC-00077,Clear tomato soup (Tamatar ka soup),en,source_name,SRC-INDB,INDB_RECIPE_ASC079
GF-REC-00078,Lentil Soup,en,source_name,SRC-INDB,INDB_RECIPE_ASC080
GF-REC-00078,Lentil soup,en,source_name,SRC-INDB,INDB_RECIPE_ASC080
GF-REC-00079,Chicken consomme (Clear chicken soup),en,source_name,SRC-INDB,INDB_RECIPE_ASC081
GF-REC-00080,Cream of tomato soup,en,source_name,SRC-INDB,INDB_RECIPE_ASC082
GF-REC-00081,Cream of green peas,en,source_name,SRC-INDB,INDB_RECIPE_ASC083
GF-REC-00081,Cream of green peas soup,en,source_name,SRC-INDB,INDB_RECIPE_ASC083
GF-REC-00082,Cream of spinach soup,en,source_name,SRC-INDB,INDB_RECIPE_ASC084
GF-REC-00083,Cream of Mixed vegetable soup,en,source_name,SRC-INDB,INDB_RECIPE_ASC085
GF-REC-00083,Cream of mixed vegetable soup,en,source_name,SRC-INDB,INDB_RECIPE_ASC085
GF-REC-00084,Cream of Mushroom soup,en,source_name,SRC-INDB,INDB_RECIPE_ASC086
GF-REC-00084,Cream of mushroom soup,en,source_name,SRC-INDB,INDB_RECIPE_ASC086
GF-REC-00085,Chicken sweet corn soup,en,source_name,SRC-INDB,INDB_RECIPE_ASC087
GF-REC-00086,Minestrone soup,en,source_name,SRC-INDB,INDB_RECIPE_ASC088
GF-REC-00087,Egg drop soup,en,source_name,SRC-INDB,INDB_RECIPE_ASC089
GF-REC-00088,Chinese cabbage and meat ball soup,en,source_name,SRC-INDB,INDB_RECIPE_ASC090
GF-REC-00089,French Onion soup,en,source_name,SRC-INDB,INDB_RECIPE_ASC091
GF-REC-00089,French onion soup,en,source_name,SRC-INDB,INDB_RECIPE_ASC091
GF-REC-00090,Hot and Sour soup,en,source_name,SRC-INDB,INDB_RECIPE_ASC092
GF-REC-00090,Hot and sour soup,en,source_name,SRC-INDB,INDB_RECIPE_ASC092
GF-REC-00091,Talaumein soup,en,source_name,SRC-INDB,INDB_RECIPE_ASC093
GF-REC-00092,Cold cucumber soup,en,source_name,SRC-INDB,INDB_RECIPE_ASC094
GF-REC-00092,Cold cucumber soup (Thanda kheere ka soup),en,source_name,SRC-INDB,INDB_RECIPE_ASC094
GF-REC-00093,Cold summer garden soup,en,source_name,SRC-INDB,INDB_RECIPE_ASC095
GF-REC-00094,Chapatis,en,source_name,SRC-INDB,INDB_RECIPE_ASC096
GF-REC-00094,Chapati/Roti,en,source_name,SRC-INDB,INDB_RECIPE_ASC096
GF-REC-00095,Plain Parantha,en,source_name,SRC-INDB,INDB_RECIPE_ASC097
GF-REC-00095,Plain parantha/paratha,en,source_name,SRC-INDB,INDB_RECIPE_ASC097
GF-REC-00096,Potato Parantha,en,source_name,SRC-INDB,INDB_RECIPE_ASC098
GF-REC-00096,Potato parantha/paratha (Aloo ka parantha/paratha),en,source_name,SRC-INDB,INDB_RECIPE_ASC098
GF-REC-00097,Radish Parantha,en,source_name,SRC-INDB,INDB_RECIPE_ASC099
GF-REC-00097,Radish parantha/paratha (Mooli ka parantha/paratha),en,source_name,SRC-INDB,INDB_RECIPE_ASC099
GF-REC-00098,Cauliflower Parantha,en,source_name,SRC-INDB,INDB_RECIPE_ASC100
GF-REC-00098,Cauliflower parantha/paratha (Phoolgobhi ka parantha/paratha),en,source_name,SRC-INDB,INDB_RECIPE_ASC100
GF-REC-00099,Dal Parantha,en,source_name,SRC-INDB,INDB_RECIPE_ASC101
GF-REC-00099,Dal parantha/paratha,en,source_name,SRC-INDB,INDB_RECIPE_ASC101
GF-REC-00100,Sprouted Dal Parantha,en,source_name,SRC-INDB,INDB_RECIPE_ASC102
GF-REC-00100,Sprouted moong parantha/paratha,en,source_name,SRC-INDB,INDB_RECIPE_ASC102
GF-REC-00101,Pea Parantha,en,source_name,SRC-INDB,INDB_RECIPE_ASC103
GF-REC-00101,Pea parantha/paratha (Matar ka parantha/paratha),en,source_name,SRC-INDB,INDB_RECIPE_ASC103
GF-REC-00102,Keema Parantha,en,source_name,SRC-INDB,INDB_RECIPE_ASC104
GF-REC-00102,Keema parantha/paratha,en,source_name,SRC-INDB,INDB_RECIPE_ASC104
GF-REC-00103,Paneer Parantha,en,source_name,SRC-INDB,INDB_RECIPE_ASC105
GF-REC-00103,Paneer parantha/paratha,en,source_name,SRC-INDB,INDB_RECIPE_ASC105
GF-REC-00104,Besan and Spinach Parantha,en,source_name,SRC-INDB,INDB_RECIPE_ASC106
GF-REC-00104,Besan and spinach parantha/paratha (Besan aur palak ka parantha/paratha),en,source_name,SRC-INDB,INDB_RECIPE_ASC106
GF-REC-00105,Poories,en,source_name,SRC-INDB,INDB_RECIPE_ASC107
GF-REC-00105,Poori,en,source_name,SRC-INDB,INDB_RECIPE_ASC107
GF-REC-00106,Spinach poories,en,source_name,SRC-INDB,INDB_RECIPE_ASC108
GF-REC-00106,Spinach poori (Palak poori),en,source_name,SRC-INDB,INDB_RECIPE_ASC108
GF-REC-00107,Methi poories,en,source_name,SRC-INDB,INDB_RECIPE_ASC109
GF-REC-00107,Methi poori,en,source_name,SRC-INDB,INDB_RECIPE_ASC109
GF-REC-00108,Dal stuffed poories,en,source_name,SRC-INDB,INDB_RECIPE_ASC110
GF-REC-00108,Dal stuffed poori,en,source_name,SRC-INDB,INDB_RECIPE_ASC110
GF-REC-00109,Potato stuffed poories,en,source_name,SRC-INDB,INDB_RECIPE_ASC111
GF-REC-00109,Potato stuffed poori (Aloo ki poori),en,source_name,SRC-INDB,INDB_RECIPE_ASC111
GF-REC-00110,Tandoori Parantha,en,source_name,SRC-INDB,INDB_RECIPE_ASC112
GF-REC-00110,Tandoori parantha/paratha,en,source_name,SRC-INDB,INDB_RECIPE_ASC112
GF-REC-00111,BOILED RICE,en,source_name,SRC-INDB,INDB_RECIPE_ASC113
GF-REC-00111,Boiled rice (Uble chawal),en,source_name,SRC-INDB,INDB_RECIPE_ASC113
GF-REC-00112,Plain Pulao,en,source_name,SRC-INDB,INDB_RECIPE_ASC114
GF-REC-00112,Plain pulao,en,source_name,SRC-INDB,INDB_RECIPE_ASC114
GF-REC-00113,Mixed vegetable Pulao,en,source_name,SRC-INDB,INDB_RECIPE_ASC115
GF-REC-00113,Mixed vegetable pulao,en,source_name,SRC-INDB,INDB_RECIPE_ASC115
GF-REC-00114,Mushroom Pulao,en,source_name,SRC-INDB,INDB_RECIPE_ASC116
GF-REC-00114,Mushroom pulao,en,source_name,SRC-INDB,INDB_RECIPE_ASC116
GF-REC-00115,Sprouted Moong Pulao,en,source_name,SRC-INDB,INDB_RECIPE_ASC117
GF-REC-00115,Sprouted moong pulao,en,source_name,SRC-INDB,INDB_RECIPE_ASC117
GF-REC-00116,Paneer Pulao,en,source_name,SRC-INDB,INDB_RECIPE_ASC118
GF-REC-00116,Paneer pulao,en,source_name,SRC-INDB,INDB_RECIPE_ASC118
GF-REC-00117,Peanut Pulao,en,source_name,SRC-INDB,INDB_RECIPE_ASC119
GF-REC-00117,Peanut pulao,en,source_name,SRC-INDB,INDB_RECIPE_ASC119
GF-REC-00118,Navratan Pulao,en,source_name,SRC-INDB,INDB_RECIPE_ASC120
GF-REC-00118,Navratan pulao,en,source_name,SRC-INDB,INDB_RECIPE_ASC120
GF-REC-00119,Cholia Pulao,en,source_name,SRC-INDB,INDB_RECIPE_ASC121
GF-REC-00119,Green chickpeas pulao (Choliya pulao/Hare chane ka pulao),en,source_name,SRC-INDB,INDB_RECIPE_ASC121
GF-REC-00120,Mutton Biryani,en,source_name,SRC-INDB,INDB_RECIPE_ASC122
GF-REC-00120,Mutton biryani/biriyani,en,source_name,SRC-INDB,INDB_RECIPE_ASC122
GF-REC-00121,Vegetable Biryani,en,source_name,SRC-INDB,INDB_RECIPE_ASC123
GF-REC-00121,Vegetable biryani/biriyani,en,source_name,SRC-INDB,INDB_RECIPE_ASC123
GF-REC-00122,Lemon Rice,en,source_name,SRC-INDB,INDB_RECIPE_ASC124
GF-REC-00122,"Lemon rice (Pulihora, Elumichai sadam, Chitranna)",en,source_name,SRC-INDB,INDB_RECIPE_ASC124
GF-REC-00123,Sweet Rice,en,source_name,SRC-INDB,INDB_RECIPE_ASC125
GF-REC-00123,Sweet rice (Meethe chawal),en,source_name,SRC-INDB,INDB_RECIPE_ASC125
GF-REC-00124,Curd Rice,en,source_name,SRC-INDB,INDB_RECIPE_ASC126
GF-REC-00124,Curd rice (Dahi bhaat/Dahi chawal/ Perugu annam/Daddojanam/Thayir saadam),en,source_name,SRC-INDB,INDB_RECIPE_ASC126
GF-REC-00125,Tamarind Rice,en,source_name,SRC-INDB,INDB_RECIPE_ASC127
GF-REC-00125,Tamarind rice (Chintapandu pulihora/Puliyodharai/Puli sadam/Huli anna),en,source_name,SRC-INDB,INDB_RECIPE_ASC127
GF-REC-00126,Spanish Rice,en,source_name,SRC-INDB,INDB_RECIPE_ASC128
GF-REC-00126,Spanish rice,en,source_name,SRC-INDB,INDB_RECIPE_ASC128
GF-REC-00127,Chinese fried rice,en,source_name,SRC-INDB,INDB_RECIPE_ASC129
GF-REC-00128,Classic italian pasta,en,source_name,SRC-INDB,INDB_RECIPE_ASC130
GF-REC-00129,Pasta Spinach Sauce,en,source_name,SRC-INDB,INDB_RECIPE_ASC131
GF-REC-00129,Pasta spinach sauce,en,source_name,SRC-INDB,INDB_RECIPE_ASC131
GF-REC-00130,Pasta Cheese sauce,en,source_name,SRC-INDB,INDB_RECIPE_ASC132
GF-REC-00130,Pasta cheese sauce,en,source_name,SRC-INDB,INDB_RECIPE_ASC132
GF-REC-00131,Macroni cheese pie,en,source_name,SRC-INDB,INDB_RECIPE_ASC133
GF-REC-00132,Vegetable Chowmein,en,source_name,SRC-INDB,INDB_RECIPE_ASC134
GF-REC-00132,Vegetable chowmein,en,source_name,SRC-INDB,INDB_RECIPE_ASC134
GF-REC-00133,Chicken Chowmein,en,source_name,SRC-INDB,INDB_RECIPE_ASC135
GF-REC-00133,Chicken chowmein,en,source_name,SRC-INDB,INDB_RECIPE_ASC135
GF-REC-00134,Cheese noodle ring,en,source_name,SRC-INDB,INDB_RECIPE_ASC136
GF-REC-00135,Spaghetti and cheese balls in tomato sauce,en,source_name,SRC-INDB,INDB_RECIPE_ASC137
GF-REC-00136,Penne platter,en,source_name,SRC-INDB,INDB_RECIPE_ASC138
GF-REC-00137,Pasta hot pot,en,source_name,SRC-INDB,INDB_RECIPE_ASC139
GF-REC-00138,Chicken lasagne,en,source_name,SRC-INDB,INDB_RECIPE_ASC140
GF-REC-00139,Fettuccine with spinach sauce,en,source_name,SRC-INDB,INDB_RECIPE_ASC141
GF-REC-00140,Naan,en,source_name,SRC-INDB,INDB_RECIPE_ASC142
GF-REC-00141,BHATURA,en,source_name,SRC-INDB,INDB_RECIPE_ASC143
GF-REC-00141,Bhatura,en,source_name,SRC-INDB,INDB_RECIPE_ASC143
GF-REC-00142,Idli,en,source_name,SRC-INDB,INDB_RECIPE_ASC144
GF-REC-00143,Masala Dosa,en,source_name,SRC-INDB,INDB_RECIPE_ASC146
GF-REC-00143,Masala dosa,en,source_name,SRC-INDB,INDB_RECIPE_ASC146
GF-REC-00144,Rava Dosa,en,source_name,SRC-INDB,INDB_RECIPE_ASC147
GF-REC-00144,Semolina dosa (Suji/Rava dosa),en,source_name,SRC-INDB,INDB_RECIPE_ASC147
GF-REC-00145,Onion tomato Uttapam,en,source_name,SRC-INDB,INDB_RECIPE_ASC148
GF-REC-00145,Onion tomato uttapam,en,source_name,SRC-INDB,INDB_RECIPE_ASC148
GF-REC-00146,Paneer kaathi Roll,en,source_name,SRC-INDB,INDB_RECIPE_ASC149
GF-REC-00146,Paneer kaathi roll,en,source_name,SRC-INDB,INDB_RECIPE_ASC149
GF-REC-00147,Makki ki roti,en,source_name,SRC-INDB,INDB_RECIPE_ASC150
GF-REC-00148,Washed Moong dal,en,source_name,SRC-INDB,INDB_RECIPE_ASC151
GF-REC-00148,Washed moong dal (Dhuli moong ki dal),en,source_name,SRC-INDB,INDB_RECIPE_ASC151
GF-REC-00149,Washed Urad dal,en,source_name,SRC-INDB,INDB_RECIPE_ASC152
GF-REC-00149,Washed urad dal (Dhuli urad ki dal),en,source_name,SRC-INDB,INDB_RECIPE_ASC152
GF-REC-00150,Channa dal with ghia,en,source_name,SRC-INDB,INDB_RECIPE_ASC153
GF-REC-00150,Split bengal gram with bottle gourd (Channa dal with ghiya/lauki),en,source_name,SRC-INDB,INDB_RECIPE_ASC153
GF-REC-00151,Dry Washed Urad,en,source_name,SRC-INDB,INDB_RECIPE_ASC154
GF-REC-00151,Dry washed urad,en,source_name,SRC-INDB,INDB_RECIPE_ASC154
GF-REC-00152,Mixed Dal,en,source_name,SRC-INDB,INDB_RECIPE_ASC155
GF-REC-00152,Mixed dal,en,source_name,SRC-INDB,INDB_RECIPE_ASC155
GF-REC-00153,Whole Moong,en,source_name,SRC-INDB,INDB_RECIPE_ASC156
GF-REC-00153,Whole moong (Moong ki dal),en,source_name,SRC-INDB,INDB_RECIPE_ASC156
GF-REC-00154,Whole Masoor,en,source_name,SRC-INDB,INDB_RECIPE_ASC157
GF-REC-00154,Whole masoor (Masoor ki dal),en,source_name,SRC-INDB,INDB_RECIPE_ASC157
GF-REC-00155,Whole Moth,en,source_name,SRC-INDB,INDB_RECIPE_ASC158
GF-REC-00155,Whole moth (Moth ki dal),en,source_name,SRC-INDB,INDB_RECIPE_ASC158
GF-REC-00156,Whole Urad,en,source_name,SRC-INDB,INDB_RECIPE_ASC159
GF-REC-00156,Whole urad (Urad ki dal),en,source_name,SRC-INDB,INDB_RECIPE_ASC159
GF-REC-00157,Moti Mahal Dal,en,source_name,SRC-INDB,INDB_RECIPE_ASC160
GF-REC-00157,Moti mahal dal (Urad rajmah mix dal),en,source_name,SRC-INDB,INDB_RECIPE_ASC160
GF-REC-00158,Black channa curry,en,source_name,SRC-INDB,INDB_RECIPE_ASC161
GF-REC-00158,Black channa curry/Bengal gram curry (Kale chane ki curry),en,source_name,SRC-INDB,INDB_RECIPE_ASC161
GF-REC-00159,White Channa curry,en,source_name,SRC-INDB,INDB_RECIPE_ASC162
GF-REC-00159,Chickpeas curry (Safed channa curry),en,source_name,SRC-INDB,INDB_RECIPE_ASC162
GF-REC-00160,Lobia curry,en,source_name,SRC-INDB,INDB_RECIPE_ASC163
GF-REC-00161,Soyabean curry,en,source_name,SRC-INDB,INDB_RECIPE_ASC164
GF-REC-00162,Rajmah curry,en,source_name,SRC-INDB,INDB_RECIPE_ASC165
GF-REC-00162,Kidney bean curry (Rajmah curry),en,source_name,SRC-INDB,INDB_RECIPE_ASC165
GF-REC-00163,Sambar,en,source_name,SRC-INDB,INDB_RECIPE_ASC167
GF-REC-00164,Kadhi,en,source_name,SRC-INDB,INDB_RECIPE_ASC168
GF-REC-00164,Besan kadhi with pakodies,en,source_name,SRC-INDB,INDB_RECIPE_ASC168
GF-REC-00165,Khatta Channa,en,source_name,SRC-INDB,INDB_RECIPE_ASC169
GF-REC-00165,Khatta channa,en,source_name,SRC-INDB,INDB_RECIPE_ASC169
GF-REC-00166,Sprouted pulse chat,en,source_name,SRC-INDB,INDB_RECIPE_ASC170
GF-REC-00166,Sprouted moong dal chat,en,source_name,SRC-INDB,INDB_RECIPE_ASC170
GF-REC-00167,Aloo Gobhi,en,source_name,SRC-INDB,INDB_RECIPE_ASC171
GF-REC-00167,Potato cauliflower (Aloo gobhi),en,source_name,SRC-INDB,INDB_RECIPE_ASC171
GF-REC-00168,Aloo capsicum,en,source_name,SRC-INDB,INDB_RECIPE_ASC172
GF-REC-00168,Potato capsicum (Shimla mirch aloo),en,source_name,SRC-INDB,INDB_RECIPE_ASC172
GF-REC-00169,Cabbage and peas,en,source_name,SRC-INDB,INDB_RECIPE_ASC173
GF-REC-00169,Cabbage and peas (Pattagobhi aur matar),en,source_name,SRC-INDB,INDB_RECIPE_ASC173
GF-REC-00170,Gajar methi,en,source_name,SRC-INDB,INDB_RECIPE_ASC174
GF-REC-00170,Carrot and fenugreek leaves (Gajar methi),en,source_name,SRC-INDB,INDB_RECIPE_ASC174
GF-REC-00171,Alu Methi,en,source_name,SRC-INDB,INDB_RECIPE_ASC175
GF-REC-00171,Potato fenugreek (Aloo methi),en,source_name,SRC-INDB,INDB_RECIPE_ASC175
GF-REC-00172,Brinjal Bhurtha,en,source_name,SRC-INDB,INDB_RECIPE_ASC177
GF-REC-00172,Brinjal bhartha (Baingan ka bhartha),en,source_name,SRC-INDB,INDB_RECIPE_ASC177
GF-REC-00173,Dry Aloo,en,source_name,SRC-INDB,INDB_RECIPE_ASC178
GF-REC-00173,Dry potato (Sookhe aloo),en,source_name,SRC-INDB,INDB_RECIPE_ASC178
GF-REC-00174,Beans with coconut,en,source_name,SRC-INDB,INDB_RECIPE_ASC179
GF-REC-00174,Beans with coconut (Nariyal aur sem/phali; Beans thoran),en,source_name,SRC-INDB,INDB_RECIPE_ASC179
GF-REC-00175,Cauliflower with coconut,en,source_name,SRC-INDB,INDB_RECIPE_ASC180
GF-REC-00175,Cauliflower with coconut (Nariyal ke saath phoolgobhi),en,source_name,SRC-INDB,INDB_RECIPE_ASC180
GF-REC-00176,Carrot and cabbage with coconut,en,source_name,SRC-INDB,INDB_RECIPE_ASC181
GF-REC-00176,Carrot and cabbage with coconut (Nariyal ke saath pattagobhi aur gajar),en,source_name,SRC-INDB,INDB_RECIPE_ASC181
GF-REC-00177,Raw turnip with coconut,en,source_name,SRC-INDB,INDB_RECIPE_ASC182
GF-REC-00178,Raw papaya with coconut,en,source_name,SRC-INDB,INDB_RECIPE_ASC183
GF-REC-00178,Raw papaya with coconut (Papaya thoran),en,source_name,SRC-INDB,INDB_RECIPE_ASC183
GF-REC-00179,Stuffed bhindi,en,source_name,SRC-INDB,INDB_RECIPE_ASC184
GF-REC-00179,Stuffed okra (Bharwa bhindi),en,source_name,SRC-INDB,INDB_RECIPE_ASC184
GF-REC-00180,Stuffed Tinda,en,source_name,SRC-INDB,INDB_RECIPE_ASC185
GF-REC-00180,Stuffed round gourd (Bharwa tinde),en,source_name,SRC-INDB,INDB_RECIPE_ASC185
GF-REC-00181,Stuffed Capsicum,en,source_name,SRC-INDB,INDB_RECIPE_ASC186
GF-REC-00181,Stuffed capsicum (Bharwa shimla mirch),en,source_name,SRC-INDB,INDB_RECIPE_ASC186
GF-REC-00182,Stuffed Brinjal,en,source_name,SRC-INDB,INDB_RECIPE_ASC187
GF-REC-00182,Stuffed brinjal (Bharwa baingan),en,source_name,SRC-INDB,INDB_RECIPE_ASC187
GF-REC-00183,Stuffed Tomatoes,en,source_name,SRC-INDB,INDB_RECIPE_ASC189
GF-REC-00183,Stuffed tomatoes (Bharwa tamatar),en,source_name,SRC-INDB,INDB_RECIPE_ASC189
GF-REC-00184,Pea Potato Curry,en,source_name,SRC-INDB,INDB_RECIPE_ASC190
GF-REC-00184,Pea potato curry (Aloo matar),en,source_name,SRC-INDB,INDB_RECIPE_ASC190
GF-REC-00185,Pea Paneer curry,en,source_name,SRC-INDB,INDB_RECIPE_ASC191
GF-REC-00185,Pea paneer curry (Matar paneer),en,source_name,SRC-INDB,INDB_RECIPE_ASC191
GF-REC-00186,Pea Mushroom curry,en,source_name,SRC-INDB,INDB_RECIPE_ASC192
GF-REC-00186,Pea mushroom curry (Matar mushroom),en,source_name,SRC-INDB,INDB_RECIPE_ASC192
GF-REC-00187,Pea Curry,en,source_name,SRC-INDB,INDB_RECIPE_ASC193
GF-REC-00187,Pea curry (Matar ki sabzi),en,source_name,SRC-INDB,INDB_RECIPE_ASC193
GF-REC-00188,Pea Vadi curry,en,source_name,SRC-INDB,INDB_RECIPE_ASC194
GF-REC-00188,Pea vadi curry,en,source_name,SRC-INDB,INDB_RECIPE_ASC194
GF-REC-00189,Paneer Curry,en,source_name,SRC-INDB,INDB_RECIPE_ASC195
GF-REC-00189,Paneer curry,en,source_name,SRC-INDB,INDB_RECIPE_ASC195
GF-REC-00190,Kamal kakdi curry,en,source_name,SRC-INDB,INDB_RECIPE_ASC196
GF-REC-00190,Lotus stem curry (Kamal kakdi curry),en,source_name,SRC-INDB,INDB_RECIPE_ASC196
GF-REC-00191,Gravy for Kofta,en,source_name,SRC-INDB,INDB_RECIPE_ASC197
GF-REC-00191,Gravy for kofta,en,source_name,SRC-INDB,INDB_RECIPE_ASC197
GF-REC-00192,Pea Kofta curry,en,source_name,SRC-INDB,INDB_RECIPE_ASC198
GF-REC-00192,Pea kofta curry (Matar kofta curry),en,source_name,SRC-INDB,INDB_RECIPE_ASC198
GF-REC-00193,Spinach kofta curry,en,source_name,SRC-INDB,INDB_RECIPE_ASC199
GF-REC-00193,Spinach kofta curry (Palak kofta curry),en,source_name,SRC-INDB,INDB_RECIPE_ASC199
GF-REC-00194,Paneer kofta curry,en,source_name,SRC-INDB,INDB_RECIPE_ASC200
GF-REC-00195,Kamal kakri kofta curry,en,source_name,SRC-INDB,INDB_RECIPE_ASC201
GF-REC-00195,Lotus stem kofta curry (Kamal kakdi kofta curry),en,source_name,SRC-INDB,INDB_RECIPE_ASC201
GF-REC-00196,Raw Banana Kofta Curry,en,source_name,SRC-INDB,INDB_RECIPE_ASC202
GF-REC-00196,Raw banana kofta curry (Kela kofta curry),en,source_name,SRC-INDB,INDB_RECIPE_ASC202
GF-REC-00197,Cauliflower Kofta Curry,en,source_name,SRC-INDB,INDB_RECIPE_ASC203
GF-REC-00197,Cauliflower kofta curry (Phoolgobhi kofta curry),en,source_name,SRC-INDB,INDB_RECIPE_ASC203
GF-REC-00198,Cabbage Kofta Curry,en,source_name,SRC-INDB,INDB_RECIPE_ASC204
GF-REC-00198,Cabbage kofta curry (Pattagobhi kofta curry),en,source_name,SRC-INDB,INDB_RECIPE_ASC204
GF-REC-00199,Ghiya Kofta Curry,en,source_name,SRC-INDB,INDB_RECIPE_ASC205
GF-REC-00199,Ghiya/Lauki Kofta Curry,en,source_name,SRC-INDB,INDB_RECIPE_ASC205
GF-REC-00200,Spinach Paneer Kofta Curry,en,source_name,SRC-INDB,INDB_RECIPE_ASC206
GF-REC-00200,Spinach paneer kofta curry (Palak paneer kofta curry),en,source_name,SRC-INDB,INDB_RECIPE_ASC206
GF-REC-00201,Vegetarian Egg Kofta Curry,en,source_name,SRC-INDB,INDB_RECIPE_ASC207
GF-REC-00201,Vegetarian egg kofta curry,en,source_name,SRC-INDB,INDB_RECIPE_ASC207
GF-REC-00202,Baked Vegetables,en,source_name,SRC-INDB,INDB_RECIPE_ASC208
GF-REC-00202,Baked vegetables,en,source_name,SRC-INDB,INDB_RECIPE_ASC208
GF-REC-00203,Gobhi Musallam,en,source_name,SRC-INDB,INDB_RECIPE_ASC209
GF-REC-00203,Cauliflower musallam (Phoolgobhi musallam),en,source_name,SRC-INDB,INDB_RECIPE_ASC209
GF-REC-00204,Baked Vegetable with spinach,en,source_name,SRC-INDB,INDB_RECIPE_ASC210
GF-REC-00204,Baked vegetables with spinach,en,source_name,SRC-INDB,INDB_RECIPE_ASC210
GF-REC-00205,Baked potato with skin,en,source_name,SRC-INDB,INDB_RECIPE_ASC211
GF-REC-00206,Shepherd's Pie,en,source_name,SRC-INDB,INDB_RECIPE_ASC212
GF-REC-00206,Shepherd's pie (vegetarian),en,source_name,SRC-INDB,INDB_RECIPE_ASC212
GF-REC-00207,Baked brinjal in tomato sauce,en,source_name,SRC-INDB,INDB_RECIPE_ASC213
GF-REC-00208,Dum Aloo,en,source_name,SRC-INDB,INDB_RECIPE_ASC214
GF-REC-00208,Dum aloo,en,source_name,SRC-INDB,INDB_RECIPE_ASC214
GF-REC-00209,Palak Paneer,en,source_name,SRC-INDB,INDB_RECIPE_ASC215
GF-REC-00209,Spinach paneer (Palak paneer),en,source_name,SRC-INDB,INDB_RECIPE_ASC215
GF-REC-00210,Methi Chaman,en,source_name,SRC-INDB,INDB_RECIPE_ASC216
GF-REC-00210,Methi chaman,en,source_name,SRC-INDB,INDB_RECIPE_ASC216
GF-REC-00211,Sarson Ka Saag,en,source_name,SRC-INDB,INDB_RECIPE_ASC217
GF-REC-00211,Sarson ka saag,en,source_name,SRC-INDB,INDB_RECIPE_ASC217
GF-REC-00212,Kathal sabzi,en,source_name,SRC-INDB,INDB_RECIPE_ASC218
GF-REC-00212,Jackfruit sabzi (Kathal ki sabzi),en,source_name,SRC-INDB,INDB_RECIPE_ASC218
GF-REC-00213,Avial,en,source_name,SRC-INDB,INDB_RECIPE_ASC219
GF-REC-00214,Ala Yakhani,en,source_name,SRC-INDB,INDB_RECIPE_ASC220
GF-REC-00214,Al yakhani,en,source_name,SRC-INDB,INDB_RECIPE_ASC220
GF-REC-00215,Shahi Paneer,en,source_name,SRC-INDB,INDB_RECIPE_ASC221
GF-REC-00215,Shahi paneer,en,source_name,SRC-INDB,INDB_RECIPE_ASC221
GF-REC-00216,Paneer in butter sauce,en,source_name,SRC-INDB,INDB_RECIPE_ASC222
GF-REC-00217,Methi Malai Paneer,en,source_name,SRC-INDB,INDB_RECIPE_ASC223
GF-REC-00217,Methi malai paneer,en,source_name,SRC-INDB,INDB_RECIPE_ASC223
GF-REC-00218,Chilli paneer,en,source_name,SRC-INDB,INDB_RECIPE_ASC224
GF-REC-00219,Paneer Makhana korma,en,source_name,SRC-INDB,INDB_RECIPE_ASC225
GF-REC-00219,Paneer makhana korma,en,source_name,SRC-INDB,INDB_RECIPE_ASC225
GF-REC-00220,Kadai Paneer,en,source_name,SRC-INDB,INDB_RECIPE_ASC226
GF-REC-00220,Kadhai Paneer,en,source_name,SRC-INDB,INDB_RECIPE_ASC226
GF-REC-00221,Roghan Josh,en,source_name,SRC-INDB,INDB_RECIPE_ASC227
GF-REC-00221,Roghan josh,en,source_name,SRC-INDB,INDB_RECIPE_ASC227
GF-REC-00222,Palak Mutton,en,source_name,SRC-INDB,INDB_RECIPE_ASC228
GF-REC-00222,Spinach mutton (Palak mutton),en,source_name,SRC-INDB,INDB_RECIPE_ASC228
GF-REC-00223,Pea Keema Curry,en,source_name,SRC-INDB,INDB_RECIPE_ASC229
GF-REC-00223,Pea keema curry (Matar keema ki sabzi),en,source_name,SRC-INDB,INDB_RECIPE_ASC229
GF-REC-00224,Keema Kofta Curry,en,source_name,SRC-INDB,INDB_RECIPE_ASC230
GF-REC-00224,Keema kofta curry,en,source_name,SRC-INDB,INDB_RECIPE_ASC230
GF-REC-00225,Gushtaba (Kashmiri Mutton Koftas),en,source_name,SRC-INDB,INDB_RECIPE_ASC231
GF-REC-00225,Kashmiri mutton koftas (Gushtaba),en,source_name,SRC-INDB,INDB_RECIPE_ASC231
GF-REC-00226,Mutton Yakhni,en,source_name,SRC-INDB,INDB_RECIPE_ASC232
GF-REC-00226,Mutton yakhni,en,source_name,SRC-INDB,INDB_RECIPE_ASC232
GF-REC-00227,Chicken Yakhni,en,source_name,SRC-INDB,INDB_RECIPE_ASC233
GF-REC-00227,Chicken yakhni,en,source_name,SRC-INDB,INDB_RECIPE_ASC233
GF-REC-00228,Mutton Do Piaza,en,source_name,SRC-INDB,INDB_RECIPE_ASC234
GF-REC-00228,Mutton do piaza,en,source_name,SRC-INDB,INDB_RECIPE_ASC234
GF-REC-00229,Mutton Chops,en,source_name,SRC-INDB,INDB_RECIPE_ASC236
GF-REC-00229,Mutton chops,en,source_name,SRC-INDB,INDB_RECIPE_ASC236
GF-REC-00230,Shammi Kebab,en,source_name,SRC-INDB,INDB_RECIPE_ASC237
GF-REC-00230,Shammi kebab,en,source_name,SRC-INDB,INDB_RECIPE_ASC237
GF-REC-00231,Scotch Egg,en,source_name,SRC-INDB,INDB_RECIPE_ASC238
GF-REC-00231,Scotch egg,en,source_name,SRC-INDB,INDB_RECIPE_ASC238
GF-REC-00232,Chicken Curry,en,source_name,SRC-INDB,INDB_RECIPE_ASC240
GF-REC-00232,Chicken curry,en,source_name,SRC-INDB,INDB_RECIPE_ASC240
GF-REC-00233,Tandoori Chicken,en,source_name,SRC-INDB,INDB_RECIPE_ASC241
GF-REC-00233,Tandoori chicken,en,source_name,SRC-INDB,INDB_RECIPE_ASC241
GF-REC-00234,Butter Chicken,en,source_name,SRC-INDB,INDB_RECIPE_ASC242
GF-REC-00234,Butter chicken,en,source_name,SRC-INDB,INDB_RECIPE_ASC242
GF-REC-00235,Chicken Kabab,en,source_name,SRC-INDB,INDB_RECIPE_ASC243
GF-REC-00235,Chicken kebab,en,source_name,SRC-INDB,INDB_RECIPE_ASC243
GF-REC-00236,Chilli Chicken,en,source_name,SRC-INDB,INDB_RECIPE_ASC244
GF-REC-00236,Chilli chicken,en,source_name,SRC-INDB,INDB_RECIPE_ASC244
GF-REC-00237,Fried Chicken with Tomato Sauce,en,source_name,SRC-INDB,INDB_RECIPE_ASC245
GF-REC-00237,Fried chicken with tomato sauce (Fried chicken tamatar ki chutney kay saath),en,source_name,SRC-INDB,INDB_RECIPE_ASC245
GF-REC-00238,Fish Curry,en,source_name,SRC-INDB,INDB_RECIPE_ASC246
GF-REC-00238,Fish curry (Machli curry),en,source_name,SRC-INDB,INDB_RECIPE_ASC246
GF-REC-00239,Fried Fish (Indian Style),en,source_name,SRC-INDB,INDB_RECIPE_ASC247
GF-REC-00239,Fried fish (Indian style) (Tali hui machli),en,source_name,SRC-INDB,INDB_RECIPE_ASC247
GF-REC-00240,Fried Fish and Chips (English Style),en,source_name,SRC-INDB,INDB_RECIPE_ASC248
GF-REC-00240,Fried fish and Chips (English Style) (Tali hui machli aur chips),en,source_name,SRC-INDB,INDB_RECIPE_ASC248
GF-REC-00241,Tomato Fish,en,source_name,SRC-INDB,INDB_RECIPE_ASC249
GF-REC-00241,Tomato fish,en,source_name,SRC-INDB,INDB_RECIPE_ASC249
GF-REC-00242,Baked Fish with Cheese Sauce,en,source_name,SRC-INDB,INDB_RECIPE_ASC250
GF-REC-00242,Baked fish with cheese sauce,en,source_name,SRC-INDB,INDB_RECIPE_ASC250
GF-REC-00243,Fish Tikka,en,source_name,SRC-INDB,INDB_RECIPE_ASC251
GF-REC-00243,Fish tikka,en,source_name,SRC-INDB,INDB_RECIPE_ASC251
GF-REC-00244,Tandoori Fish,en,source_name,SRC-INDB,INDB_RECIPE_ASC252
GF-REC-00244,Tandoori fish,en,source_name,SRC-INDB,INDB_RECIPE_ASC252
GF-REC-00245,"Paneer, Apple and Pineapple Salad",en,source_name,SRC-INDB,INDB_RECIPE_ASC253
GF-REC-00245,"Paneer, apple and pineapple salad",en,source_name,SRC-INDB,INDB_RECIPE_ASC253
GF-REC-00246,Russian Salad,en,source_name,SRC-INDB,INDB_RECIPE_ASC254
GF-REC-00246,Russian salad,en,source_name,SRC-INDB,INDB_RECIPE_ASC254
GF-REC-00247,Pasta Salad,en,source_name,SRC-INDB,INDB_RECIPE_ASC255
GF-REC-00247,Pasta salad,en,source_name,SRC-INDB,INDB_RECIPE_ASC255
GF-REC-00248,Devilled Egg,en,source_name,SRC-INDB,INDB_RECIPE_ASC256
GF-REC-00248,Deviled egg,en,source_name,SRC-INDB,INDB_RECIPE_ASC256
GF-REC-00249,Hawain Salad,en,source_name,SRC-INDB,INDB_RECIPE_ASC257
GF-REC-00249,Hawain salad,en,source_name,SRC-INDB,INDB_RECIPE_ASC257
GF-REC-00250,Mixed Pulse and vegetable salad,en,source_name,SRC-INDB,INDB_RECIPE_ASC258
GF-REC-00250,Mixed pulse and vegetable salad,en,source_name,SRC-INDB,INDB_RECIPE_ASC258
GF-REC-00251,Sprouted Moong salad,en,source_name,SRC-INDB,INDB_RECIPE_ASC259
GF-REC-00251,Sprouted moong salad,en,source_name,SRC-INDB,INDB_RECIPE_ASC259
GF-REC-00252,Tossed Salad,en,source_name,SRC-INDB,INDB_RECIPE_ASC260
GF-REC-00252,Tossed salad,en,source_name,SRC-INDB,INDB_RECIPE_ASC260
GF-REC-00253,Mixed Vegetable salad with Curd Sauce,en,source_name,SRC-INDB,INDB_RECIPE_ASC261
GF-REC-00253,Mixed vegetable salad with curd sauce,en,source_name,SRC-INDB,INDB_RECIPE_ASC261
GF-REC-00254,Potato Salad,en,source_name,SRC-INDB,INDB_RECIPE_ASC262
GF-REC-00254,Potato salad (Aloo ka salaad),en,source_name,SRC-INDB,INDB_RECIPE_ASC262
GF-REC-00255,Waldroff Salad,en,source_name,SRC-INDB,INDB_RECIPE_ASC263
GF-REC-00255,Waldroff salad,en,source_name,SRC-INDB,INDB_RECIPE_ASC263
GF-REC-00256,Coleslaw,en,source_name,SRC-INDB,INDB_RECIPE_ASC264
GF-REC-00257,Fruit Salad,en,source_name,SRC-INDB,INDB_RECIPE_ASC265
GF-REC-00257,Fruit salad (Phalon ka salaad),en,source_name,SRC-INDB,INDB_RECIPE_ASC265
GF-REC-00258,Mayonnaise,en,source_name,SRC-INDB,INDB_RECIPE_ASC266
GF-REC-00259,Low Calorie Quick Mayonnaise,en,source_name,SRC-INDB,INDB_RECIPE_ASC267
GF-REC-00259,Low calorie quick mayonnaise,en,source_name,SRC-INDB,INDB_RECIPE_ASC267
GF-REC-00260,Thousand Island Dressing,en,source_name,SRC-INDB,INDB_RECIPE_ASC268
GF-REC-00260,Thousand island dressing,en,source_name,SRC-INDB,INDB_RECIPE_ASC268
GF-REC-00261,Tomato Onion Raita,en,source_name,SRC-INDB,INDB_RECIPE_ASC269
GF-REC-00261,Tomato onion raita (Tamatar aur pyaaz ka raita),en,source_name,SRC-INDB,INDB_RECIPE_ASC269
GF-REC-00262,Peanut Raita,en,source_name,SRC-INDB,INDB_RECIPE_ASC270
GF-REC-00262,Peanut raita (Mungfali ka raita),en,source_name,SRC-INDB,INDB_RECIPE_ASC270
GF-REC-00263,Sprouted Moong Raita,en,source_name,SRC-INDB,INDB_RECIPE_ASC271
GF-REC-00263,Sprouted moong raita,en,source_name,SRC-INDB,INDB_RECIPE_ASC271
GF-REC-00264,Lauki Raita,en,source_name,SRC-INDB,INDB_RECIPE_ASC272
GF-REC-00264,Bottle gourd raita (Ghiya/Lauki ka raita),en,source_name,SRC-INDB,INDB_RECIPE_ASC272
GF-REC-00265,Cucumber Raita,en,source_name,SRC-INDB,INDB_RECIPE_ASC273
GF-REC-00265,Cucumber raita (Kheere ka raita),en,source_name,SRC-INDB,INDB_RECIPE_ASC273
GF-REC-00266,Carrot and Spinach Raita,en,source_name,SRC-INDB,INDB_RECIPE_ASC274
GF-REC-00266,Carrot and spinach raita (Gajar aur palak ka raita),en,source_name,SRC-INDB,INDB_RECIPE_ASC274
GF-REC-00267,Mint Raita,en,source_name,SRC-INDB,INDB_RECIPE_ASC275
GF-REC-00267,Mint raita (Pudinay ka raita),en,source_name,SRC-INDB,INDB_RECIPE_ASC275
GF-REC-00268,Potato Raita,en,source_name,SRC-INDB,INDB_RECIPE_ASC276
GF-REC-00268,Potato raita (Aloo ka raita),en,source_name,SRC-INDB,INDB_RECIPE_ASC276
GF-REC-00269,Boondi Raita,en,source_name,SRC-INDB,INDB_RECIPE_ASC277
GF-REC-00269,Boondi raita,en,source_name,SRC-INDB,INDB_RECIPE_ASC277
GF-REC-00270,Sweet Raita,en,source_name,SRC-INDB,INDB_RECIPE_ASC278
GF-REC-00270,Sweet raita (Meetha raita),en,source_name,SRC-INDB,INDB_RECIPE_ASC278
GF-REC-00271,Dahi Vadas,en,source_name,SRC-INDB,INDB_RECIPE_ASC279
GF-REC-00271,Dahi vadas/Dahi bhalla,en,source_name,SRC-INDB,INDB_RECIPE_ASC279
GF-REC-00272,Gunjia,en,source_name,SRC-INDB,INDB_RECIPE_ASC280
GF-REC-00273,Saunth,en,source_name,SRC-INDB,INDB_RECIPE_ASC281
GF-REC-00273,Saunth/Sonth chutney with tamarind/imli,en,source_name,SRC-INDB,INDB_RECIPE_ASC281
GF-REC-00274,Rice Kheer,en,source_name,SRC-INDB,INDB_RECIPE_ASC282
GF-REC-00274,Rice kheer (Chawal ki kheer),en,source_name,SRC-INDB,INDB_RECIPE_ASC282
GF-REC-00275,Makhana Kheer,en,source_name,SRC-INDB,INDB_RECIPE_ASC283
GF-REC-00275,Makhana kheer,en,source_name,SRC-INDB,INDB_RECIPE_ASC283
GF-REC-00276,Vermicelli Kheer,en,source_name,SRC-INDB,INDB_RECIPE_ASC285
GF-REC-00276,Vermicelli kheer (Semiya/Seviyan ki kheer),en,source_name,SRC-INDB,INDB_RECIPE_ASC285
GF-REC-00277,Semolina Kheer,en,source_name,SRC-INDB,INDB_RECIPE_ASC286
GF-REC-00277,Semolina kheer (Suji/Rava kheer),en,source_name,SRC-INDB,INDB_RECIPE_ASC286
GF-REC-00278,Paneer Kheer,en,source_name,SRC-INDB,INDB_RECIPE_ASC287
GF-REC-00278,Paneer kheer,en,source_name,SRC-INDB,INDB_RECIPE_ASC287
GF-REC-00279,Cabbage Kheer,en,source_name,SRC-INDB,INDB_RECIPE_ASC288
GF-REC-00279,Cabbage kheer (Pattagobhi ki kheer),en,source_name,SRC-INDB,INDB_RECIPE_ASC288
GF-REC-00280,Carrot Kheer,en,source_name,SRC-INDB,INDB_RECIPE_ASC289
GF-REC-00280,Carrot kheer (Gajar ki kheer),en,source_name,SRC-INDB,INDB_RECIPE_ASC289
GF-REC-00281,Cauliflower Kheer,en,source_name,SRC-INDB,INDB_RECIPE_ASC290
GF-REC-00281,Cauliflower kheer (Phoolgobhi ki kheer),en,source_name,SRC-INDB,INDB_RECIPE_ASC290
GF-REC-00282,Moong Dal Kheer,en,source_name,SRC-INDB,INDB_RECIPE_ASC291
GF-REC-00282,Moong dal kheer,en,source_name,SRC-INDB,INDB_RECIPE_ASC291
GF-REC-00283,Phirni,en,source_name,SRC-INDB,INDB_RECIPE_ASC292
GF-REC-00284,Suji Halwa,en,source_name,SRC-INDB,INDB_RECIPE_ASC293
GF-REC-00284,Semolina halwa (Suji ka halwa),en,source_name,SRC-INDB,INDB_RECIPE_ASC293
GF-REC-00285,Shahi Suji Halwa,en,source_name,SRC-INDB,INDB_RECIPE_ASC294
GF-REC-00285,Shahi suji halwa,en,source_name,SRC-INDB,INDB_RECIPE_ASC294
GF-REC-00286,Carrot Halwa,en,source_name,SRC-INDB,INDB_RECIPE_ASC295
GF-REC-00286,Carrot halwa (Gajar ka halwa),en,source_name,SRC-INDB,INDB_RECIPE_ASC295
GF-REC-00287,Egg Halwa,en,source_name,SRC-INDB,INDB_RECIPE_ASC296
GF-REC-00287,Egg halwa (Ande ka halwa),en,source_name,SRC-INDB,INDB_RECIPE_ASC296
GF-REC-00288,Potato Halwa,en,source_name,SRC-INDB,INDB_RECIPE_ASC297
GF-REC-00288,Potato halwa (Aloo ka halwa),en,source_name,SRC-INDB,INDB_RECIPE_ASC297
GF-REC-00289,Pumpkin Halwa,en,source_name,SRC-INDB,INDB_RECIPE_ASC298
GF-REC-00289,Pumpkin halwa (Kaddu ka halwa),en,source_name,SRC-INDB,INDB_RECIPE_ASC298
GF-REC-00290,Moong Dal Halwa,en,source_name,SRC-INDB,INDB_RECIPE_ASC299
GF-REC-00290,Moong dal halwa,en,source_name,SRC-INDB,INDB_RECIPE_ASC299
GF-REC-00291,Steamed Caramel Custard,en,source_name,SRC-INDB,INDB_RECIPE_ASC300
GF-REC-00291,Caramel custard (steamed),en,source_name,SRC-INDB,INDB_RECIPE_ASC300
GF-REC-00292,Baked Custard,en,source_name,SRC-INDB,INDB_RECIPE_ASC301
GF-REC-00292,Baked custard,en,source_name,SRC-INDB,INDB_RECIPE_ASC301
GF-REC-00293,Soft Custard (stirred),en,source_name,SRC-INDB,INDB_RECIPE_ASC302
GF-REC-00294,Chocolate Ice Cream,en,source_name,SRC-INDB,INDB_RECIPE_ASC304
GF-REC-00294,Chocolate ice cream,en,source_name,SRC-INDB,INDB_RECIPE_ASC304
GF-REC-00295,Mango Ice Cream,en,source_name,SRC-INDB,INDB_RECIPE_ASC305
GF-REC-00295,Mango ice cream,en,source_name,SRC-INDB,INDB_RECIPE_ASC305
GF-REC-00296,Fruit Ice Cream,en,source_name,SRC-INDB,INDB_RECIPE_ASC307
GF-REC-00296,Fruit Ice cream (Phalon ka Ice cream),en,source_name,SRC-INDB,INDB_RECIPE_ASC307
GF-REC-00297,Caramel Ice Cream,en,source_name,SRC-INDB,INDB_RECIPE_ASC308
GF-REC-00297,Caramel ice cream,en,source_name,SRC-INDB,INDB_RECIPE_ASC308
GF-REC-00298,Lemon Souffle,en,source_name,SRC-INDB,INDB_RECIPE_ASC309
GF-REC-00298,Lemon souffle,en,source_name,SRC-INDB,INDB_RECIPE_ASC309
GF-REC-00299,Orange Souffle,en,source_name,SRC-INDB,INDB_RECIPE_ASC310
GF-REC-00299,Orange souffle,en,source_name,SRC-INDB,INDB_RECIPE_ASC310
GF-REC-00300,Vanilla Souffle,en,source_name,SRC-INDB,INDB_RECIPE_ASC311
GF-REC-00300,Vanilla souffle,en,source_name,SRC-INDB,INDB_RECIPE_ASC311
GF-REC-00301,Chocolate Souffle,en,source_name,SRC-INDB,INDB_RECIPE_ASC312
GF-REC-00301,Chocolate souffle,en,source_name,SRC-INDB,INDB_RECIPE_ASC312
GF-REC-00302,Pineapple Souffle,en,source_name,SRC-INDB,INDB_RECIPE_ASC313
GF-REC-00302,Pineapple souffle,en,source_name,SRC-INDB,INDB_RECIPE_ASC313
GF-REC-00303,Apple Mousse,en,source_name,SRC-INDB,INDB_RECIPE_ASC314
GF-REC-00303,Apple mousse,en,source_name,SRC-INDB,INDB_RECIPE_ASC314
GF-REC-00304,Rich Chocolate Mousse,en,source_name,SRC-INDB,INDB_RECIPE_ASC315
GF-REC-00304,Rich chocolate mousse,en,source_name,SRC-INDB,INDB_RECIPE_ASC315
GF-REC-00305,Mango Mousse,en,source_name,SRC-INDB,INDB_RECIPE_ASC316
GF-REC-00305,Mango mousse,en,source_name,SRC-INDB,INDB_RECIPE_ASC316
GF-REC-00306,Orange and Pineapple Cream,en,source_name,SRC-INDB,INDB_RECIPE_ASC317
GF-REC-00306,Orange and pineapple cream,en,source_name,SRC-INDB,INDB_RECIPE_ASC317
GF-REC-00307,Charlotte Rousse,en,source_name,SRC-INDB,INDB_RECIPE_ASC318
GF-REC-00307,Charlotte rousse,en,source_name,SRC-INDB,INDB_RECIPE_ASC318
GF-REC-00308,Triffle Pudding,en,source_name,SRC-INDB,INDB_RECIPE_ASC319
GF-REC-00308,Triffle pudding,en,source_name,SRC-INDB,INDB_RECIPE_ASC319
GF-REC-00309,Snow Flakes Pudding,en,source_name,SRC-INDB,INDB_RECIPE_ASC320
GF-REC-00309,Snow flakes pudding,en,source_name,SRC-INDB,INDB_RECIPE_ASC320
GF-REC-00310,Kulfi,en,source_name,SRC-INDB,INDB_RECIPE_ASC321
GF-REC-00311,Steamed Orange Pudding,en,source_name,SRC-INDB,INDB_RECIPE_ASC322
GF-REC-00311,Steamed orange pudding,en,source_name,SRC-INDB,INDB_RECIPE_ASC322
GF-REC-00312,Meringue and Rice Pudding,en,source_name,SRC-INDB,INDB_RECIPE_ASC323
GF-REC-00312,Meringue and rice pudding,en,source_name,SRC-INDB,INDB_RECIPE_ASC323
GF-REC-00313,Cheese Pudding,en,source_name,SRC-INDB,INDB_RECIPE_ASC324
GF-REC-00313,Cheese pudding,en,source_name,SRC-INDB,INDB_RECIPE_ASC324
GF-REC-00314,Chocolate Pudding,en,source_name,SRC-INDB,INDB_RECIPE_ASC325
GF-REC-00314,Chocolate pudding,en,source_name,SRC-INDB,INDB_RECIPE_ASC325
GF-REC-00315,Bread and Butter Pudding,en,source_name,SRC-INDB,INDB_RECIPE_ASC326
GF-REC-00315,Bread and butter pudding,en,source_name,SRC-INDB,INDB_RECIPE_ASC326
GF-REC-00316,Queen Of Pudding,en,source_name,SRC-INDB,INDB_RECIPE_ASC327
GF-REC-00316,Queen of pudding,en,source_name,SRC-INDB,INDB_RECIPE_ASC327
GF-REC-00317,Pineapple Upside Down Pudding,en,source_name,SRC-INDB,INDB_RECIPE_ASC328
GF-REC-00317,Pineapple upside down pudding,en,source_name,SRC-INDB,INDB_RECIPE_ASC328
GF-REC-00318,Date and Nut Pie,en,source_name,SRC-INDB,INDB_RECIPE_ASC329
GF-REC-00318,Date and nut pie,en,source_name,SRC-INDB,INDB_RECIPE_ASC329
GF-REC-00319,Stewed Apple with Custard,en,source_name,SRC-INDB,INDB_RECIPE_ASC330
GF-REC-00319,Stewed apple with custard,en,source_name,SRC-INDB,INDB_RECIPE_ASC330
GF-REC-00320,Apple Snowballs,en,source_name,SRC-INDB,INDB_RECIPE_ASC331
GF-REC-00320,Apple snowballs,en,source_name,SRC-INDB,INDB_RECIPE_ASC331
GF-REC-00321,Hot Orange Souffle,en,source_name,SRC-INDB,INDB_RECIPE_ASC332
GF-REC-00321,Hot orange souffle,en,source_name,SRC-INDB,INDB_RECIPE_ASC332
GF-REC-00322,Hot Chocolate Souffle,en,source_name,SRC-INDB,INDB_RECIPE_ASC333
GF-REC-00322,Hot chocolate souffle,en,source_name,SRC-INDB,INDB_RECIPE_ASC333
GF-REC-00323,Hot Vanilla Souffle,en,source_name,SRC-INDB,INDB_RECIPE_ASC334
GF-REC-00323,Hot vanilla souffle,en,source_name,SRC-INDB,INDB_RECIPE_ASC334
GF-REC-00324,Plain Burfi,en,source_name,SRC-INDB,INDB_RECIPE_ASC335
GF-REC-00324,Plain burfi (Burfi),en,source_name,SRC-INDB,INDB_RECIPE_ASC335
GF-REC-00325,Coconut Burfi,en,source_name,SRC-INDB,INDB_RECIPE_ASC336
GF-REC-00325,Coconut burfi (Nariyal ki burfi),en,source_name,SRC-INDB,INDB_RECIPE_ASC336
GF-REC-00326,Ghia Burfi,en,source_name,SRC-INDB,INDB_RECIPE_ASC337
GF-REC-00326,Bottle gourd burfi (Ghiya/Lauki burfi),en,source_name,SRC-INDB,INDB_RECIPE_ASC337
GF-REC-00327,Chocolate Burfi,en,source_name,SRC-INDB,INDB_RECIPE_ASC338
GF-REC-00327,Chocolate burfi,en,source_name,SRC-INDB,INDB_RECIPE_ASC338
GF-REC-00328,Kaju Burfi,en,source_name,SRC-INDB,INDB_RECIPE_ASC339
GF-REC-00328,Cashewnut burfi (Kaju burfi/Kaju katli),en,source_name,SRC-INDB,INDB_RECIPE_ASC339
GF-REC-00329,Besan Burfi,en,source_name,SRC-INDB,INDB_RECIPE_ASC340
GF-REC-00329,Gram flour burfi (Besan burfi),en,source_name,SRC-INDB,INDB_RECIPE_ASC340
GF-REC-00330,Suji Ladoo with Khoya,en,source_name,SRC-INDB,INDB_RECIPE_ASC341
GF-REC-00330,Semolina ladoo with khoya (Suji/Rava aur khoye ke ladoo ),en,source_name,SRC-INDB,INDB_RECIPE_ASC341
GF-REC-00331,Suji Ladoo with Coconut,en,source_name,SRC-INDB,INDB_RECIPE_ASC342
GF-REC-00331,Semolina ladoo with coconut (Suji/Rava aur nariyal ke ladoo ),en,source_name,SRC-INDB,INDB_RECIPE_ASC342
GF-REC-00332,Besan Ladoo,en,source_name,SRC-INDB,INDB_RECIPE_ASC343
GF-REC-00332,Gram flour ladoo (Besan ladoo),en,source_name,SRC-INDB,INDB_RECIPE_ASC343
GF-REC-00333,Til Ladoo,en,source_name,SRC-INDB,INDB_RECIPE_ASC344
GF-REC-00333,Sesame ladoo (Til ke ladoo),en,source_name,SRC-INDB,INDB_RECIPE_ASC344
GF-REC-00334,Chenna Murki,en,source_name,SRC-INDB,INDB_RECIPE_ASC345
GF-REC-00334,Chenna murki,en,source_name,SRC-INDB,INDB_RECIPE_ASC345
GF-REC-00335,Milk Cake,en,source_name,SRC-INDB,INDB_RECIPE_ASC346
GF-REC-00335,Milk cake,en,source_name,SRC-INDB,INDB_RECIPE_ASC346
GF-REC-00336,Gujia/Lavang latika,en,source_name,SRC-INDB,INDB_RECIPE_ASC347
GF-REC-00336,Ghujia/Lavang latika,en,source_name,SRC-INDB,INDB_RECIPE_ASC347
GF-REC-00337,Gulab Jamun,en,source_name,SRC-INDB,INDB_RECIPE_ASC348
GF-REC-00337,Gulab Jamun with khoya,en,source_name,SRC-INDB,INDB_RECIPE_ASC348
GF-REC-00338,Mal Pura,en,source_name,SRC-INDB,INDB_RECIPE_ASC349
GF-REC-00338,Mal pua,en,source_name,SRC-INDB,INDB_RECIPE_ASC349
GF-REC-00339,Shahi Tukre,en,source_name,SRC-INDB,INDB_RECIPE_ASC350
GF-REC-00339,Shahi tukre,en,source_name,SRC-INDB,INDB_RECIPE_ASC350
GF-REC-00340,Potato Pakoda,en,source_name,SRC-INDB,INDB_RECIPE_ASC351
GF-REC-00340,Potato pakora/pakoda (Aloo pakoda),en,source_name,SRC-INDB,INDB_RECIPE_ASC351
GF-REC-00341,Onion Pakora,en,source_name,SRC-INDB,INDB_RECIPE_ASC352
GF-REC-00341,Onion pakora/pakoda (Pyaaz ke pakode),en,source_name,SRC-INDB,INDB_RECIPE_ASC352
GF-REC-00342,Cauliflower Pakoras,en,source_name,SRC-INDB,INDB_RECIPE_ASC353
GF-REC-00342,Cauliflower pakora/pakoda (Phoolgobhi ke pakode),en,source_name,SRC-INDB,INDB_RECIPE_ASC353
GF-REC-00343,Mixed Vegetable Pakoras,en,source_name,SRC-INDB,INDB_RECIPE_ASC354
GF-REC-00343,Mixed vegetable pakora/pakoda,en,source_name,SRC-INDB,INDB_RECIPE_ASC354
GF-REC-00344,Spinach Pakoras,en,source_name,SRC-INDB,INDB_RECIPE_ASC355
GF-REC-00344,Spinach pakora/pakoda (Palak pakoda),en,source_name,SRC-INDB,INDB_RECIPE_ASC355
GF-REC-00345,Methi Pakoras,en,source_name,SRC-INDB,INDB_RECIPE_ASC356
GF-REC-00345,Methi pakora/pakoda (Methi ke pakode),en,source_name,SRC-INDB,INDB_RECIPE_ASC356
GF-REC-00346,Egg Pakoras,en,source_name,SRC-INDB,INDB_RECIPE_ASC357
GF-REC-00346,Egg pakora/pakoda (Ande ke pakode),en,source_name,SRC-INDB,INDB_RECIPE_ASC357
GF-REC-00347,Bread Pakoras,en,source_name,SRC-INDB,INDB_RECIPE_ASC358
GF-REC-00347,Bread pakora/pakoda,en,source_name,SRC-INDB,INDB_RECIPE_ASC358
GF-REC-00348,Paneer Pakoras,en,source_name,SRC-INDB,INDB_RECIPE_ASC359
GF-REC-00348,Paneer pakora/pakoda,en,source_name,SRC-INDB,INDB_RECIPE_ASC359
GF-REC-00349,Potato Bonda,en,source_name,SRC-INDB,INDB_RECIPE_ASC360
GF-REC-00349,Potato bonda (Aloo bonda),en,source_name,SRC-INDB,INDB_RECIPE_ASC360
GF-REC-00350,Samosa - Potato Filling,en,source_name,SRC-INDB,INDB_RECIPE_ASC361
GF-REC-00350,Potato samosa (Aloo ka samosa),en,source_name,SRC-INDB,INDB_RECIPE_ASC361
GF-REC-00351,Samosa - Keema Filling,en,source_name,SRC-INDB,INDB_RECIPE_ASC362
GF-REC-00351,Minced meat samosa (Keema ka samosa),en,source_name,SRC-INDB,INDB_RECIPE_ASC362
GF-REC-00352,Samosa - Paneer and Pea Filling,en,source_name,SRC-INDB,INDB_RECIPE_ASC363
GF-REC-00352,Paneer and pea samosa (Paneer matar ka samosa),en,source_name,SRC-INDB,INDB_RECIPE_ASC363
GF-REC-00353,Mathri,en,source_name,SRC-INDB,INDB_RECIPE_ASC364
GF-REC-00354,Khasta Kachori,en,source_name,SRC-INDB,INDB_RECIPE_ASC365
GF-REC-00354,Khasta kachori,en,source_name,SRC-INDB,INDB_RECIPE_ASC365
GF-REC-00355,Vegetable Cutlet,en,source_name,SRC-INDB,INDB_RECIPE_ASC366
GF-REC-00355,Vegetable cutlet,en,source_name,SRC-INDB,INDB_RECIPE_ASC366
GF-REC-00356,Chirwa Cutlet,en,source_name,SRC-INDB,INDB_RECIPE_ASC367
GF-REC-00356,Flattened rice cutlet (Chirwa cutlet/Chivda cutlet/Poha cutlet),en,source_name,SRC-INDB,INDB_RECIPE_ASC367
GF-REC-00357,Peanut Cutlet,en,source_name,SRC-INDB,INDB_RECIPE_ASC368
GF-REC-00357,Peanut cutlet (Mungfali ke cutlet),en,source_name,SRC-INDB,INDB_RECIPE_ASC368
GF-REC-00358,Fish Cutlet,en,source_name,SRC-INDB,INDB_RECIPE_ASC369
GF-REC-00358,Fish cutlet (Machli ka cutlet),en,source_name,SRC-INDB,INDB_RECIPE_ASC369
GF-REC-00359,Paneer Potato Cutlet,en,source_name,SRC-INDB,INDB_RECIPE_ASC370
GF-REC-00359,Paneer potato cutlet (Paneer aloo cutlet),en,source_name,SRC-INDB,INDB_RECIPE_ASC370
GF-REC-00360,Spinach Channa Dal Cutlet,en,source_name,SRC-INDB,INDB_RECIPE_ASC371
GF-REC-00360,Spinach chickpeas cutlet (Palak channa dal cutlet),en,source_name,SRC-INDB,INDB_RECIPE_ASC371
GF-REC-00361,Cheese Toast,en,source_name,SRC-INDB,INDB_RECIPE_ASC372
GF-REC-00361,Cheese toast,en,source_name,SRC-INDB,INDB_RECIPE_ASC372
GF-REC-00362,Vegetable Burger,en,source_name,SRC-INDB,INDB_RECIPE_ASC375
GF-REC-00362,Vegetable burger,en,source_name,SRC-INDB,INDB_RECIPE_ASC375
GF-REC-00363,Cheese Pizza,en,source_name,SRC-INDB,INDB_RECIPE_ASC376
GF-REC-00363,Cheese pizza,en,source_name,SRC-INDB,INDB_RECIPE_ASC376
GF-REC-00364,Vegetable Seekh Kebab,en,source_name,SRC-INDB,INDB_RECIPE_ASC377
GF-REC-00364,Vegetable seekh kebab,en,source_name,SRC-INDB,INDB_RECIPE_ASC377
GF-REC-00365,Masala Vada,en,source_name,SRC-INDB,INDB_RECIPE_ASC378
GF-REC-00365,Masala vada,en,source_name,SRC-INDB,INDB_RECIPE_ASC378
GF-REC-00366,Peanut Sago Vadas,en,source_name,SRC-INDB,INDB_RECIPE_ASC379
GF-REC-00366,Peanut sago vada (Sabudana mungfali vada),en,source_name,SRC-INDB,INDB_RECIPE_ASC379
GF-REC-00367,Vegetarian Scotch Egg,en,source_name,SRC-INDB,INDB_RECIPE_ASC380
GF-REC-00367,Vegeterian scotch egg,en,source_name,SRC-INDB,INDB_RECIPE_ASC380
GF-REC-00368,Paneer shaslik,en,source_name,SRC-INDB,INDB_RECIPE_ASC381
GF-REC-00368,Paneer shaslik/tikka,en,source_name,SRC-INDB,INDB_RECIPE_ASC381
GF-REC-00369,Peanut Brittle,en,source_name,SRC-INDB,INDB_RECIPE_ASC382
GF-REC-00369,Peanut brittle (Moongfali ki chikki),en,source_name,SRC-INDB,INDB_RECIPE_ASC382
GF-REC-00370,Spring Roll,en,source_name,SRC-INDB,INDB_RECIPE_ASC383
GF-REC-00370,Spring roll,en,source_name,SRC-INDB,INDB_RECIPE_ASC383
GF-REC-00371,Dry Mango Chutney,en,source_name,SRC-INDB,INDB_RECIPE_ASC384
GF-REC-00371,Dry mango chutney (Sookhe aam ki chutney),en,source_name,SRC-INDB,INDB_RECIPE_ASC384
GF-REC-00372,Peanut Chutney,en,source_name,SRC-INDB,INDB_RECIPE_ASC385
GF-REC-00372,Peanut chutney (Mungfali ki chutney),en,source_name,SRC-INDB,INDB_RECIPE_ASC385
GF-REC-00373,Coconut Chutney,en,source_name,SRC-INDB,INDB_RECIPE_ASC386
GF-REC-00373,Coconut chutney (Nariyal ki chutney),en,source_name,SRC-INDB,INDB_RECIPE_ASC386
GF-REC-00374,Mint and Coriander Chutney,en,source_name,SRC-INDB,INDB_RECIPE_ASC387
GF-REC-00374,Mint and coriander chutney (Pudinay aur dhaniye ki chutney),en,source_name,SRC-INDB,INDB_RECIPE_ASC387
GF-REC-00375,Curd Dip -1,en,source_name,SRC-INDB,INDB_RECIPE_ASC388
GF-REC-00375,Curd dip,en,source_name,SRC-INDB,INDB_RECIPE_ASC388
GF-REC-00376,Short Crust Pastry,en,source_name,SRC-INDB,INDB_RECIPE_ASC394
GF-REC-00376,Short crust pastry,en,source_name,SRC-INDB,INDB_RECIPE_ASC394
GF-REC-00377,Custard Tart,en,source_name,SRC-INDB,INDB_RECIPE_ASC395
GF-REC-00377,Custard tart,en,source_name,SRC-INDB,INDB_RECIPE_ASC395
GF-REC-00378,Lemon Tart,en,source_name,SRC-INDB,INDB_RECIPE_ASC396
GF-REC-00378,Lemon tart,en,source_name,SRC-INDB,INDB_RECIPE_ASC396
GF-REC-00379,Jam Tarts,en,source_name,SRC-INDB,INDB_RECIPE_ASC397
GF-REC-00379,Jam tart,en,source_name,SRC-INDB,INDB_RECIPE_ASC397
GF-REC-00380,Orange Cream Tart,en,source_name,SRC-INDB,INDB_RECIPE_ASC398
GF-REC-00380,Orange cream tart,en,source_name,SRC-INDB,INDB_RECIPE_ASC398
GF-REC-00381,Pineapple Tart,en,source_name,SRC-INDB,INDB_RECIPE_ASC399
GF-REC-00381,Pineapple tart,en,source_name,SRC-INDB,INDB_RECIPE_ASC399
GF-REC-00382,Cheese and Mushroom Tart,en,source_name,SRC-INDB,INDB_RECIPE_ASC400
GF-REC-00382,Cheese and mushroom tart,en,source_name,SRC-INDB,INDB_RECIPE_ASC400
GF-REC-00383,Cottage Cheese Pie,en,source_name,SRC-INDB,INDB_RECIPE_ASC401
GF-REC-00383,Cottage cheese pie,en,source_name,SRC-INDB,INDB_RECIPE_ASC401
GF-REC-00384,Minced Meat Pie,en,source_name,SRC-INDB,INDB_RECIPE_ASC402
GF-REC-00384,Minced meat pie,en,source_name,SRC-INDB,INDB_RECIPE_ASC402
GF-REC-00385,Apple Cinnamon Pie,en,source_name,SRC-INDB,INDB_RECIPE_ASC403
GF-REC-00385,Apple cinnamon pie,en,source_name,SRC-INDB,INDB_RECIPE_ASC403
GF-REC-00386,Lemon Meringue Pie,en,source_name,SRC-INDB,INDB_RECIPE_ASC404
GF-REC-00386,Lemon meringue pie,en,source_name,SRC-INDB,INDB_RECIPE_ASC404
GF-REC-00387,Chocolate Meringue Pie,en,source_name,SRC-INDB,INDB_RECIPE_ASC405
GF-REC-00387,Chocolate meringue pie,en,source_name,SRC-INDB,INDB_RECIPE_ASC405
GF-REC-00388,Choux Pastry,en,source_name,SRC-INDB,INDB_RECIPE_ASC406
GF-REC-00388,Choux pastry,en,source_name,SRC-INDB,INDB_RECIPE_ASC406
GF-REC-00389,Cream Puffs,en,source_name,SRC-INDB,INDB_RECIPE_ASC407
GF-REC-00389,Cream puffs,en,source_name,SRC-INDB,INDB_RECIPE_ASC407
GF-REC-00390,Chocolate Eclairs,en,source_name,SRC-INDB,INDB_RECIPE_ASC408
GF-REC-00390,Chocolate eclairs,en,source_name,SRC-INDB,INDB_RECIPE_ASC408
GF-REC-00391,Cheese Balls,en,source_name,SRC-INDB,INDB_RECIPE_ASC409
GF-REC-00391,Cheese balls,en,source_name,SRC-INDB,INDB_RECIPE_ASC409
GF-REC-00392,Flaky Pastry,en,source_name,SRC-INDB,INDB_RECIPE_ASC410
GF-REC-00392,Flaky pastry,en,source_name,SRC-INDB,INDB_RECIPE_ASC410
GF-REC-00393,Minced Meat Patties,en,source_name,SRC-INDB,INDB_RECIPE_ASC411
GF-REC-00393,Minced meat patties,en,source_name,SRC-INDB,INDB_RECIPE_ASC411
GF-REC-00394,Cheese Patties,en,source_name,SRC-INDB,INDB_RECIPE_ASC412
GF-REC-00394,Cheese patties,en,source_name,SRC-INDB,INDB_RECIPE_ASC412
GF-REC-00395,Hot Cheese Souffle,en,source_name,SRC-INDB,INDB_RECIPE_ASC413
GF-REC-00395,Hot cheese souffle,en,source_name,SRC-INDB,INDB_RECIPE_ASC413
GF-REC-00396,Hot Potato Souffle,en,source_name,SRC-INDB,INDB_RECIPE_ASC414
GF-REC-00396,Hot potato souffle,en,source_name,SRC-INDB,INDB_RECIPE_ASC414
GF-REC-00397,Hot Fish Souffle,en,source_name,SRC-INDB,INDB_RECIPE_ASC415
GF-REC-00397,Hot fish souffle,en,source_name,SRC-INDB,INDB_RECIPE_ASC415
GF-REC-00398,Hot Spinach Souffle,en,source_name,SRC-INDB,INDB_RECIPE_ASC416
GF-REC-00398,Hot spinach souffle,en,source_name,SRC-INDB,INDB_RECIPE_ASC416
GF-REC-00399,Plain Cream Cake,en,source_name,SRC-INDB,INDB_RECIPE_ASC417
GF-REC-00399,Plain cream cake,en,source_name,SRC-INDB,INDB_RECIPE_ASC417
GF-REC-00400,Apple cake,en,source_name,SRC-INDB,INDB_RECIPE_ASC418
GF-REC-00400,Apple cake (Seb ka cake),en,source_name,SRC-INDB,INDB_RECIPE_ASC418
GF-REC-00401,Marble Cake,en,source_name,SRC-INDB,INDB_RECIPE_ASC419
GF-REC-00401,Marble cake,en,source_name,SRC-INDB,INDB_RECIPE_ASC419
GF-REC-00402,Chocolate cake,en,source_name,SRC-INDB,INDB_RECIPE_ASC420
GF-REC-00403,Orange Cake,en,source_name,SRC-INDB,INDB_RECIPE_ASC421
GF-REC-00403,Orange cake,en,source_name,SRC-INDB,INDB_RECIPE_ASC421
GF-REC-00404,Fruit Loaf,en,source_name,SRC-INDB,INDB_RECIPE_ASC422
GF-REC-00405,Banana Cake,en,source_name,SRC-INDB,INDB_RECIPE_ASC423
GF-REC-00405,Banana cake (Kele ka cake),en,source_name,SRC-INDB,INDB_RECIPE_ASC423
GF-REC-00406,Chocolate Chiffon Cake,en,source_name,SRC-INDB,INDB_RECIPE_ASC424
GF-REC-00406,Chocolate chiffon cake,en,source_name,SRC-INDB,INDB_RECIPE_ASC424
GF-REC-00407,Christmas Cake,en,source_name,SRC-INDB,INDB_RECIPE_ASC425
GF-REC-00407,Christmas cake,en,source_name,SRC-INDB,INDB_RECIPE_ASC425
GF-REC-00408,Strawberry and Vanilla Cake with Butter Icing,en,source_name,SRC-INDB,INDB_RECIPE_ASC426
GF-REC-00408,Strawberry and vanilla cake with butter icing,en,source_name,SRC-INDB,INDB_RECIPE_ASC426
GF-REC-00409,Eggless Cake,en,source_name,SRC-INDB,INDB_RECIPE_ASC427
GF-REC-00409,Eggless cake,en,source_name,SRC-INDB,INDB_RECIPE_ASC427
GF-REC-00410,Sponge Cake,en,source_name,SRC-INDB,INDB_RECIPE_ASC428
GF-REC-00410,Sponge cake,en,source_name,SRC-INDB,INDB_RECIPE_ASC428
GF-REC-00411,Swiss Roll,en,source_name,SRC-INDB,INDB_RECIPE_ASC429
GF-REC-00411,Swiss roll,en,source_name,SRC-INDB,INDB_RECIPE_ASC429
GF-REC-00412,Pineapple Pastry,en,source_name,SRC-INDB,INDB_RECIPE_ASC430
GF-REC-00412,Pineapple pastry,en,source_name,SRC-INDB,INDB_RECIPE_ASC430
GF-REC-00413,Black Forest Pastry,en,source_name,SRC-INDB,INDB_RECIPE_ASC431
GF-REC-00413,Black forest pastry,en,source_name,SRC-INDB,INDB_RECIPE_ASC431
GF-REC-00414,Coconut Finger,en,source_name,SRC-INDB,INDB_RECIPE_ASC432
GF-REC-00414,Coconut finger,en,source_name,SRC-INDB,INDB_RECIPE_ASC432
GF-REC-00415,Pineapple Cake,en,source_name,SRC-INDB,INDB_RECIPE_ASC433
GF-REC-00415,Pineapple cake,en,source_name,SRC-INDB,INDB_RECIPE_ASC433
GF-REC-00416,Glace Icing,en,source_name,SRC-INDB,INDB_RECIPE_ASC434
GF-REC-00416,Glace icing,en,source_name,SRC-INDB,INDB_RECIPE_ASC434
GF-REC-00417,Royal Icing,en,source_name,SRC-INDB,INDB_RECIPE_ASC436
GF-REC-00417,Royal icing,en,source_name,SRC-INDB,INDB_RECIPE_ASC436
GF-REC-00418,American Frosting,en,source_name,SRC-INDB,INDB_RECIPE_ASC437
GF-REC-00418,American frosting,en,source_name,SRC-INDB,INDB_RECIPE_ASC437
GF-REC-00419,Gum Icing,en,source_name,SRC-INDB,INDB_RECIPE_ASC438
GF-REC-00419,Gum icing,en,source_name,SRC-INDB,INDB_RECIPE_ASC438
GF-REC-00420,Chocolate Walnut Cookies,en,source_name,SRC-INDB,INDB_RECIPE_ASC439
GF-REC-00420,Chocolate walnut cookies (Chocolate aur akhrot ke cookies),en,source_name,SRC-INDB,INDB_RECIPE_ASC439
GF-REC-00421,Chocolate Chip Cookies,en,source_name,SRC-INDB,INDB_RECIPE_ASC440
GF-REC-00421,Chocolate chip cookies,en,source_name,SRC-INDB,INDB_RECIPE_ASC440
GF-REC-00422,Sweet Plain Biscuit,en,source_name,SRC-INDB,INDB_RECIPE_ASC441
GF-REC-00422,Sweet plain biscuit,en,source_name,SRC-INDB,INDB_RECIPE_ASC441
GF-REC-00423,Chocolate Biscuit,en,source_name,SRC-INDB,INDB_RECIPE_ASC442
GF-REC-00423,Chocolate biscuit,en,source_name,SRC-INDB,INDB_RECIPE_ASC442
GF-REC-00424,Coconut Biscuit,en,source_name,SRC-INDB,INDB_RECIPE_ASC443
GF-REC-00424,Coconut biscuit (Nariyal ke biscuit),en,source_name,SRC-INDB,INDB_RECIPE_ASC443
GF-REC-00425,Sweet And Salty Biscuit,en,source_name,SRC-INDB,INDB_RECIPE_ASC444
GF-REC-00425,Sweet and salty biscuit (Meethay aur namkeen biscuit),en,source_name,SRC-INDB,INDB_RECIPE_ASC444
GF-REC-00426,Peanut Biscuit,en,source_name,SRC-INDB,INDB_RECIPE_ASC445
GF-REC-00426,Peanut biscuit,en,source_name,SRC-INDB,INDB_RECIPE_ASC445
GF-REC-00427,Pin Wheel Biscuit,en,source_name,SRC-INDB,INDB_RECIPE_ASC446
GF-REC-00427,Pin wheel biscuit,en,source_name,SRC-INDB,INDB_RECIPE_ASC446
GF-REC-00428,Kesar Biscuit,en,source_name,SRC-INDB,INDB_RECIPE_ASC447
GF-REC-00428,Saffron biscuit (Kesar biscuit),en,source_name,SRC-INDB,INDB_RECIPE_ASC447
GF-REC-00429,Masala Biscuit,en,source_name,SRC-INDB,INDB_RECIPE_ASC448
GF-REC-00429,Masala biscuit,en,source_name,SRC-INDB,INDB_RECIPE_ASC448
GF-REC-00430,Ice Box Cookies,en,source_name,SRC-INDB,INDB_RECIPE_ASC449
GF-REC-00430,Ice box cookies,en,source_name,SRC-INDB,INDB_RECIPE_ASC449
GF-REC-00431,Ginger Bread Man,en,source_name,SRC-INDB,INDB_RECIPE_ASC450
GF-REC-00431,Ginger bread man,en,source_name,SRC-INDB,INDB_RECIPE_ASC450
GF-REC-00432,Danish Cookies,en,source_name,SRC-INDB,INDB_RECIPE_ASC451
GF-REC-00432,Danish cookies,en,source_name,SRC-INDB,INDB_RECIPE_ASC451
GF-REC-00433,Short Bread Cookies,en,source_name,SRC-INDB,INDB_RECIPE_ASC452
GF-REC-00433,Short bread cookies,en,source_name,SRC-INDB,INDB_RECIPE_ASC452
GF-REC-00434,Coffee Biscuit,en,source_name,SRC-INDB,INDB_RECIPE_ASC453
GF-REC-00434,Coffee biscuit,en,source_name,SRC-INDB,INDB_RECIPE_ASC453
GF-REC-00435,Melting Moments,en,source_name,SRC-INDB,INDB_RECIPE_ASC454
GF-REC-00435,Melting moments,en,source_name,SRC-INDB,INDB_RECIPE_ASC454
GF-REC-00436,Ginger Biscuit,en,source_name,SRC-INDB,INDB_RECIPE_ASC455
GF-REC-00436,Ginger biscuit (Adarak ke biscuit),en,source_name,SRC-INDB,INDB_RECIPE_ASC455
GF-REC-00437,Soyabean Muthias,en,source_name,SRC-INDB,INDB_RECIPE_ASC456
GF-REC-00437,Soyabean muthias,en,source_name,SRC-INDB,INDB_RECIPE_ASC456
GF-REC-00438,Soyabean Tikki,en,source_name,SRC-INDB,INDB_RECIPE_ASC457
GF-REC-00438,Soyabean tikki,en,source_name,SRC-INDB,INDB_RECIPE_ASC457
GF-REC-00439,Soyabean Namakparas,en,source_name,SRC-INDB,INDB_RECIPE_ASC458
GF-REC-00439,Soyabean namak paras,en,source_name,SRC-INDB,INDB_RECIPE_ASC458
GF-REC-00440,Peanut Burfi,en,source_name,SRC-INDB,INDB_RECIPE_ASC459
GF-REC-00440,Peanut burfi (Moongfali ki burfi),en,source_name,SRC-INDB,INDB_RECIPE_ASC459
GF-REC-00441,Spinach Peanut Namakpara,en,source_name,SRC-INDB,INDB_RECIPE_ASC460
GF-REC-00441,Spinach peanut namak paras (Palak moongfali namak paras),en,source_name,SRC-INDB,INDB_RECIPE_ASC460
GF-REC-00442,Besan suji Cheela,en,source_name,SRC-INDB,INDB_RECIPE_ASC461
GF-REC-00442,Gram flour and semolina chilla/cheela/savory pancake (Besan suji chilla/cheela),en,source_name,SRC-INDB,INDB_RECIPE_ASC461
GF-REC-00443,Rice Moong Dal Cheela,en,source_name,SRC-INDB,INDB_RECIPE_ASC462
GF-REC-00443,Rice moong dal cheela (Chawal aur moong dal ka cheela),en,source_name,SRC-INDB,INDB_RECIPE_ASC462
GF-REC-00444,Channa Dal Sweet Rice,en,source_name,SRC-INDB,INDB_RECIPE_ASC463
GF-REC-00444,Split bengal gram sweet rice (Channa dal sweet rice),en,source_name,SRC-INDB,INDB_RECIPE_ASC463
GF-REC-00445,Sweet Poori,en,source_name,SRC-INDB,INDB_RECIPE_ASC464
GF-REC-00445,Sweet poori (Meethi poori),en,source_name,SRC-INDB,INDB_RECIPE_ASC464
GF-REC-00446,Wheat Flour and Dal Burfi,en,source_name,SRC-INDB,INDB_RECIPE_ASC465
GF-REC-00446,Wheat flour and moong dal burfi (Atta aur moong dal ki burfi),en,source_name,SRC-INDB,INDB_RECIPE_ASC465
GF-REC-00447,Spinach Burfi,en,source_name,SRC-INDB,INDB_RECIPE_ASC466
GF-REC-00447,Spinach burfi (Palak burfi),en,source_name,SRC-INDB,INDB_RECIPE_ASC466
GF-REC-00448,Sweet Channa Dal Roti,en,source_name,SRC-INDB,INDB_RECIPE_ASC467
GF-REC-00448,Sweet split chickpea roti (Sweet channa dal roti/Puranpoli),en,source_name,SRC-INDB,INDB_RECIPE_ASC467
GF-REC-00449,Sprouted Moong daliya,en,source_name,SRC-INDB,INDB_RECIPE_ASC468
GF-REC-00449,Sprouted moong daliya,en,source_name,SRC-INDB,INDB_RECIPE_ASC468
GF-REC-00450,Sprouted Moong Poha,en,source_name,SRC-INDB,INDB_RECIPE_ASC469
GF-REC-00450,Sprouted moong poha,en,source_name,SRC-INDB,INDB_RECIPE_ASC469
GF-REC-00451,Bajra Ladoo,en,source_name,SRC-INDB,INDB_RECIPE_ASC470
GF-REC-00451,Pearl millet ladoo (Bajra ladoo),en,source_name,SRC-INDB,INDB_RECIPE_ASC470
GF-REC-00452,Paushtik Ladoo,en,source_name,SRC-INDB,INDB_RECIPE_ASC471
GF-REC-00452,Paushtik ladoo,en,source_name,SRC-INDB,INDB_RECIPE_ASC471
GF-REC-00453,Paushtik Roti,en,source_name,SRC-INDB,INDB_RECIPE_ASC472
GF-REC-00453,Paushtik roti,en,source_name,SRC-INDB,INDB_RECIPE_ASC472
GF-REC-00454,Suji Carrot Vadas,en,source_name,SRC-INDB,INDB_RECIPE_ASC473
GF-REC-00454,Semolina carrot vada (Suji gajar vada),en,source_name,SRC-INDB,INDB_RECIPE_ASC473
GF-REC-00455,Dhokla,en,source_name,SRC-INDB,INDB_RECIPE_ASC474
GF-REC-00456,Channa Murmura Premix,en,source_name,SRC-INDB,INDB_RECIPE_ASC475
GF-REC-00456,Channa murmura premix,en,source_name,SRC-INDB,INDB_RECIPE_ASC475
GF-REC-00457,Dalia Moong Dal Premix,en,source_name,SRC-INDB,INDB_RECIPE_ASC476
GF-REC-00457,Cracked wheat and green gram dal premix (Dalia moong dal premix),en,source_name,SRC-INDB,INDB_RECIPE_ASC476
GF-REC-00458,Rice Flakes and Roasted Channa,en,source_name,SRC-INDB,INDB_RECIPE_ASC477
GF-REC-00458,Rice flakes and roasted channa,en,source_name,SRC-INDB,INDB_RECIPE_ASC477
GF-REC-00459,Spinach Soup in Milk,en,source_name,SRC-INDB,INDB_RECIPE_ASC479
GF-REC-00459,Spinach soup in milk,en,source_name,SRC-INDB,INDB_RECIPE_ASC479
GF-REC-00460,Vegetable Soup,en,source_name,SRC-INDB,INDB_RECIPE_ASC480
GF-REC-00460,Vegetable soup,en,source_name,SRC-INDB,INDB_RECIPE_ASC480
GF-REC-00461,Mashed Banana with Milk,en,source_name,SRC-INDB,INDB_RECIPE_ASC481
GF-REC-00461,Mashed banana with milk,en,source_name,SRC-INDB,INDB_RECIPE_ASC481
GF-REC-00462,Poha With Curd,en,source_name,SRC-INDB,INDB_RECIPE_ASC484
GF-REC-00462,Poha with curd (Poha aur dahi),en,source_name,SRC-INDB,INDB_RECIPE_ASC484
GF-REC-00463,Potato With Curd,en,source_name,SRC-INDB,INDB_RECIPE_ASC485
GF-REC-00463,Potato with curd,en,source_name,SRC-INDB,INDB_RECIPE_ASC485
GF-REC-00464,Sweet Dalia,en,source_name,SRC-INDB,INDB_RECIPE_ASC486
GF-REC-00464,Sweet wheat porridge (Sweet dalia),en,source_name,SRC-INDB,INDB_RECIPE_ASC486
GF-REC-00465,Vegetable Khichri,en,source_name,SRC-INDB,INDB_RECIPE_ASC487
GF-REC-00465,Vegetable khichdi/khichri,en,source_name,SRC-INDB,INDB_RECIPE_ASC487
GF-REC-00466,Moong Dal Mixture,en,source_name,SRC-INDB,INDB_RECIPE_ASC489
GF-REC-00466,Moong dal mixture,en,source_name,SRC-INDB,INDB_RECIPE_ASC489
GF-REC-00467,Dalia Khichri,en,source_name,SRC-INDB,INDB_RECIPE_ASC490
GF-REC-00467,Cracked wheat khichri/khichdi (Dalia khichri/khichdi),en,source_name,SRC-INDB,INDB_RECIPE_ASC490
GF-REC-00468,Stewed apple,en,source_name,SRC-INDB,INDB_RECIPE_ASC492
GF-REC-00469,Lemon squash,en,source_name,SRC-INDB,INDB_RECIPE_ASC493
GF-REC-00469,Lemon squash (Nimbu ka squash),en,source_name,SRC-INDB,INDB_RECIPE_ASC493
GF-REC-00470,Orange squash,en,source_name,SRC-INDB,INDB_RECIPE_ASC494
GF-REC-00470,Orange squash (Santre ka squash),en,source_name,SRC-INDB,INDB_RECIPE_ASC494
GF-REC-00471,Lichi squash,en,source_name,SRC-INDB,INDB_RECIPE_ASC495
GF-REC-00472,Mango squash,en,source_name,SRC-INDB,INDB_RECIPE_ASC496
GF-REC-00472,Mango squash (Aam ka squash),en,source_name,SRC-INDB,INDB_RECIPE_ASC496
GF-REC-00473,Pineapple squash,en,source_name,SRC-INDB,INDB_RECIPE_ASC497
GF-REC-00473,Pineapple squash (Ananas ka squash),en,source_name,SRC-INDB,INDB_RECIPE_ASC497
GF-REC-00474,Lemon and Ginger squash,en,source_name,SRC-INDB,INDB_RECIPE_ASC498
GF-REC-00474,Lemon and ginger squash (Nimbu aur adrak ka squash),en,source_name,SRC-INDB,INDB_RECIPE_ASC498
GF-REC-00475,Apple Jam,en,source_name,SRC-INDB,INDB_RECIPE_ASC499
GF-REC-00475,Apple jam (Seb ka murabba),en,source_name,SRC-INDB,INDB_RECIPE_ASC499
GF-REC-00476,Plum Jam,en,source_name,SRC-INDB,INDB_RECIPE_ASC500
GF-REC-00476,Plum jam (Aloo bukhara jam),en,source_name,SRC-INDB,INDB_RECIPE_ASC500
GF-REC-00477,Pineapple Jam,en,source_name,SRC-INDB,INDB_RECIPE_ASC501
GF-REC-00477,Pineapple jam,en,source_name,SRC-INDB,INDB_RECIPE_ASC501
GF-REC-00478,Guava Jelly,en,source_name,SRC-INDB,INDB_RECIPE_ASC502
GF-REC-00478,Guava jelly (Amrood ki jelly),en,source_name,SRC-INDB,INDB_RECIPE_ASC502
GF-REC-00479,Orange Marmalade,en,source_name,SRC-INDB,INDB_RECIPE_ASC503
GF-REC-00479,Orange marmalade (Santray ka murabba),en,source_name,SRC-INDB,INDB_RECIPE_ASC503
GF-REC-00480,Carrot Murabba,en,source_name,SRC-INDB,INDB_RECIPE_ASC504
GF-REC-00480,Carrot murabba (Gajar ka murabba),en,source_name,SRC-INDB,INDB_RECIPE_ASC504
GF-REC-00481,Amla Murabba,en,source_name,SRC-INDB,INDB_RECIPE_ASC505
GF-REC-00481,Gooseberry marmalade (Amla murabba),en,source_name,SRC-INDB,INDB_RECIPE_ASC505
GF-REC-00482,Ginger Candy,en,source_name,SRC-INDB,INDB_RECIPE_ASC506
GF-REC-00482,Ginger candy (Adrak ki candy),en,source_name,SRC-INDB,INDB_RECIPE_ASC506
GF-REC-00483,Mango Pickle (1),en,source_name,SRC-INDB,INDB_RECIPE_ASC507
GF-REC-00483,Mango pickle (Aam ka achaar),en,source_name,SRC-INDB,INDB_RECIPE_ASC507
GF-REC-00484,Mixed Vegetable Pickle (1),en,source_name,SRC-INDB,INDB_RECIPE_ASC509
GF-REC-00484,Mixed vegetable pickle (Sabziyoon ka achaar),en,source_name,SRC-INDB,INDB_RECIPE_ASC509
GF-REC-00485,Sweet Lemon Pickle,en,source_name,SRC-INDB,INDB_RECIPE_ASC511
GF-REC-00485,Sweet lemon pickle (Neembu ka meetha achaar),en,source_name,SRC-INDB,INDB_RECIPE_ASC511
GF-REC-00486,Plum Chutney,en,source_name,SRC-INDB,INDB_RECIPE_ASC512
GF-REC-00486,Plum chutney (Aloo bukhara ki chutney),en,source_name,SRC-INDB,INDB_RECIPE_ASC512
GF-REC-00487,Raw Mango Chutney,en,source_name,SRC-INDB,INDB_RECIPE_ASC513
GF-REC-00487,Raw mango chutney (Kachhe aam/Kairi ki chutney),en,source_name,SRC-INDB,INDB_RECIPE_ASC513
GF-REC-00488,Tomato Sauce,en,source_name,SRC-INDB,INDB_RECIPE_ASC514
GF-REC-00488,Tomato sauce,en,source_name,SRC-INDB,INDB_RECIPE_ASC514
GF-REC-00489,Tomato Puree,en,source_name,SRC-INDB,INDB_RECIPE_ASC515
GF-REC-00489,Tomato puree,en,source_name,SRC-INDB,INDB_RECIPE_ASC515
GF-REC-00490,Garam Masala,en,source_name,SRC-INDB,INDB_RECIPE_BFP001
GF-REC-00490,Garam masala,en,source_name,SRC-INDB,INDB_RECIPE_BFP001
GF-REC-00491,Chat Masala,en,source_name,SRC-INDB,INDB_RECIPE_BFP002
GF-REC-00491,Chat masala,en,source_name,SRC-INDB,INDB_RECIPE_BFP002
GF-REC-00492,Kashmiri Masala,en,source_name,SRC-INDB,INDB_RECIPE_BFP003
GF-REC-00492,Kashmiri masala,en,source_name,SRC-INDB,INDB_RECIPE_BFP003
GF-REC-00493,Rasam Powder,en,source_name,SRC-INDB,INDB_RECIPE_BFP004
GF-REC-00493,Rasam powder (Rasam masala),en,source_name,SRC-INDB,INDB_RECIPE_BFP004
GF-REC-00494,Sambar Powder,en,source_name,SRC-INDB,INDB_RECIPE_BFP005
GF-REC-00494,Sambar powder (Sambar masala),en,source_name,SRC-INDB,INDB_RECIPE_BFP005
GF-REC-00495,Kashmiri Tea (Kehwa),en,source_name,SRC-INDB,INDB_RECIPE_BFP007
GF-REC-00495,Kashmiri tea (Kehwa),en,source_name,SRC-INDB,INDB_RECIPE_BFP007
GF-REC-00496,Steeped Hot Coffee,en,source_name,SRC-INDB,INDB_RECIPE_BFP008
GF-REC-00496,Steeped hot coffee,en,source_name,SRC-INDB,INDB_RECIPE_BFP008
GF-REC-00497,HOT CHOCOLATE,en,source_name,SRC-INDB,INDB_RECIPE_BFP011
GF-REC-00497,Hot chocolate,en,source_name,SRC-INDB,INDB_RECIPE_BFP011
GF-REC-00498,COLD COFFEE (WITH CREAM),en,source_name,SRC-INDB,INDB_RECIPE_BFP013
GF-REC-00498,Cold coffee (with cream),en,source_name,SRC-INDB,INDB_RECIPE_BFP013
GF-REC-00499,(Banana) MILKSHAKE WITH ICE CREAM,en,source_name,SRC-INDB,INDB_RECIPE_BFP015
GF-REC-00499,Banana milkshake with ice cream (Kele ka milkshake ice cream ke saath),en,source_name,SRC-INDB,INDB_RECIPE_BFP015
GF-REC-00500,FLAVOURED MILKSHAKE,en,source_name,SRC-INDB,INDB_RECIPE_BFP019
GF-REC-00500,Flavoured milkshake,en,source_name,SRC-INDB,INDB_RECIPE_BFP019
GF-REC-00501,JAL JEERA,en,source_name,SRC-INDB,INDB_RECIPE_BFP024
GF-REC-00501,Jal jeera,en,source_name,SRC-INDB,INDB_RECIPE_BFP024
GF-REC-00502,GINGO,en,source_name,SRC-INDB,INDB_RECIPE_BFP026
GF-REC-00502,Gingo,en,source_name,SRC-INDB,INDB_RECIPE_BFP026
GF-REC-00503,MINTADE,en,source_name,SRC-INDB,INDB_RECIPE_BFP027
GF-REC-00503,Mintade,en,source_name,SRC-INDB,INDB_RECIPE_BFP027
GF-REC-00504,CANJEE,en,source_name,SRC-INDB,INDB_RECIPE_BFP029
GF-REC-00504,Canjee,en,source_name,SRC-INDB,INDB_RECIPE_BFP029
GF-REC-00505,CAULIFLOWER CANJEE,en,source_name,SRC-INDB,INDB_RECIPE_BFP030
GF-REC-00505,Cauliflower canjee (Phoolgobhi ki canjee),en,source_name,SRC-INDB,INDB_RECIPE_BFP030
GF-REC-00506,POTATO CANJEE,en,source_name,SRC-INDB,INDB_RECIPE_BFP031
GF-REC-00506,Potato canjee (Aloo canjee),en,source_name,SRC-INDB,INDB_RECIPE_BFP031
GF-REC-00507,VERMICELLI PORRIDGE,en,source_name,SRC-INDB,INDB_RECIPE_BFP036
GF-REC-00507,Vermicelli porridge (Semiya/Seviyan porridge),en,source_name,SRC-INDB,INDB_RECIPE_BFP036
GF-REC-00508,SEMOLINA (SUJI) UPMA,en,source_name,SRC-INDB,INDB_RECIPE_BFP039
GF-REC-00508,Semolina upma (Suji/Rava upma),en,source_name,SRC-INDB,INDB_RECIPE_BFP039
GF-REC-00509,VERMICELLI UPMA,en,source_name,SRC-INDB,INDB_RECIPE_BFP040
GF-REC-00509,Vermicelli upma (Semiya/Seviyan upma),en,source_name,SRC-INDB,INDB_RECIPE_BFP040
GF-REC-00510,RICE UPMA,en,source_name,SRC-INDB,INDB_RECIPE_BFP041
GF-REC-00510,Rice upma,en,source_name,SRC-INDB,INDB_RECIPE_BFP041
GF-REC-00511,BREAD UPMA,en,source_name,SRC-INDB,INDB_RECIPE_BFP042
GF-REC-00511,Bread upma,en,source_name,SRC-INDB,INDB_RECIPE_BFP042
GF-REC-00512,VEGETABLE UPMA,en,source_name,SRC-INDB,INDB_RECIPE_BFP043
GF-REC-00512,Vegetable upma,en,source_name,SRC-INDB,INDB_RECIPE_BFP043
GF-REC-00513,Poha,en,source_name,SRC-INDB,INDB_RECIPE_BFP044
GF-REC-00514,VEGETABLE POHA,en,source_name,SRC-INDB,INDB_RECIPE_BFP045
GF-REC-00514,Vegetable poha,en,source_name,SRC-INDB,INDB_RECIPE_BFP045
GF-REC-00515,MOONG DAL STUFFED CHEELA,en,source_name,SRC-INDB,INDB_RECIPE_BFP046
GF-REC-00515,Moong dal stuffed cheela/chilla (Moong dal ka cheela/chilla),en,source_name,SRC-INDB,INDB_RECIPE_BFP046
GF-REC-00516,PANEER STUFFED CHEELA,en,source_name,SRC-INDB,INDB_RECIPE_BFP047
GF-REC-00516,Paneer stuffed cheela/chilla,en,source_name,SRC-INDB,INDB_RECIPE_BFP047
GF-REC-00517,EGG BHUJIA,en,source_name,SRC-INDB,INDB_RECIPE_BFP052
GF-REC-00517,Indian style egg bhujia (Anda bhujia (Indian style)),en,source_name,SRC-INDB,INDB_RECIPE_BFP052
GF-REC-00518,FRENCH OMELETTE,en,source_name,SRC-INDB,INDB_RECIPE_BFP054
GF-REC-00518,French omelette/omlet,en,source_name,SRC-INDB,INDB_RECIPE_BFP054
GF-REC-00519,PUFFY OMELETTE,en,source_name,SRC-INDB,INDB_RECIPE_BFP055
GF-REC-00519,Puffy omelette/omlet,en,source_name,SRC-INDB,INDB_RECIPE_BFP055
GF-REC-00520,ORANGE OMELETTE,en,source_name,SRC-INDB,INDB_RECIPE_BFP056
GF-REC-00520,Orange omelette/omlet,en,source_name,SRC-INDB,INDB_RECIPE_BFP056
GF-REC-00521,CHEESE AND MUSHROOM OMELETTE,en,source_name,SRC-INDB,INDB_RECIPE_BFP057
GF-REC-00521,Cheese and mushroom omelette/omlet,en,source_name,SRC-INDB,INDB_RECIPE_BFP057
GF-REC-00522,SPANISH OMELETTE,en,source_name,SRC-INDB,INDB_RECIPE_BFP058
GF-REC-00522,Spanish omelette/omlet,en,source_name,SRC-INDB,INDB_RECIPE_BFP058
GF-REC-00523,MIXED STOCK,en,source_name,SRC-INDB,INDB_RECIPE_BFP059
GF-REC-00523,Mixed stock,en,source_name,SRC-INDB,INDB_RECIPE_BFP059
GF-REC-00524,MEAT STOCK,en,source_name,SRC-INDB,INDB_RECIPE_BFP060
GF-REC-00524,Meat stock,en,source_name,SRC-INDB,INDB_RECIPE_BFP060
GF-REC-00525,WHITE STOCK,en,source_name,SRC-INDB,INDB_RECIPE_BFP062
GF-REC-00525,White stock,en,source_name,SRC-INDB,INDB_RECIPE_BFP062
GF-REC-00526,MEAT CONSOMME,en,source_name,SRC-INDB,INDB_RECIPE_BFP065
GF-REC-00526,Meat consomme (with mutton),en,source_name,SRC-INDB,INDB_RECIPE_BFP065
GF-REC-00527,CONSOMME AU JULIENNE,en,source_name,SRC-INDB,INDB_RECIPE_BFP066
GF-REC-00527,Consomme au julienne,en,source_name,SRC-INDB,INDB_RECIPE_BFP066
GF-REC-00528,CONSOMME AU VERMICELLI,en,source_name,SRC-INDB,INDB_RECIPE_BFP067
GF-REC-00528,Consomme au vermicelli,en,source_name,SRC-INDB,INDB_RECIPE_BFP067
GF-REC-00529,GREEN PEA SOUP,en,source_name,SRC-INDB,INDB_RECIPE_BFP072
GF-REC-00529,Green pea soup (Matar ka soup),en,source_name,SRC-INDB,INDB_RECIPE_BFP072
GF-REC-00530,SPINACH SOUP,en,source_name,SRC-INDB,INDB_RECIPE_BFP073
GF-REC-00530,Spinach soup (Palak ka soup),en,source_name,SRC-INDB,INDB_RECIPE_BFP073
GF-REC-00531,MIXED VEGETABLE SOUP,en,source_name,SRC-INDB,INDB_RECIPE_BFP074
GF-REC-00531,Mixed vegetable soup,en,source_name,SRC-INDB,INDB_RECIPE_BFP074
GF-REC-00532,CHEESE SOUP,en,source_name,SRC-INDB,INDB_RECIPE_BFP075
GF-REC-00532,Cheese soup,en,source_name,SRC-INDB,INDB_RECIPE_BFP075
GF-REC-00533,MULLIGATAWNY SOUP,en,source_name,SRC-INDB,INDB_RECIPE_BFP076
GF-REC-00533,Mulligatawny soup,en,source_name,SRC-INDB,INDB_RECIPE_BFP076
GF-REC-00534,CREAM OF CARROT SOUP,en,source_name,SRC-INDB,INDB_RECIPE_BFP079
GF-REC-00534,Cream of carrot soup,en,source_name,SRC-INDB,INDB_RECIPE_BFP079
GF-REC-00535,CREAM OF BROCCOLI SOUP,en,source_name,SRC-INDB,INDB_RECIPE_BFP080
GF-REC-00535,Cream of broccoli soup,en,source_name,SRC-INDB,INDB_RECIPE_BFP080
GF-REC-00536,CREAM OF POTATO SOUP,en,source_name,SRC-INDB,INDB_RECIPE_BFP082
GF-REC-00536,Cream of potato soup,en,source_name,SRC-INDB,INDB_RECIPE_BFP082
GF-REC-00537,ALMOND SOUP,en,source_name,SRC-INDB,INDB_RECIPE_BFP087
GF-REC-00537,Almond soup (Badam ka soup),en,source_name,SRC-INDB,INDB_RECIPE_BFP087
GF-REC-00538,COLD CUCUMBER CREAM SOUP,en,source_name,SRC-INDB,INDB_RECIPE_BFP088
GF-REC-00538,Cold cucumber cream soup,en,source_name,SRC-INDB,INDB_RECIPE_BFP088
GF-REC-00539,COLD TOMATO SOUP,en,source_name,SRC-INDB,INDB_RECIPE_BFP089
GF-REC-00539,Cold tomato soup,en,source_name,SRC-INDB,INDB_RECIPE_BFP089
GF-REC-00540,CHICKEN STEW,en,source_name,SRC-INDB,INDB_RECIPE_BFP090
GF-REC-00540,Chicken stew,en,source_name,SRC-INDB,INDB_RECIPE_BFP090
GF-REC-00541,VEG PANEER STEW,en,source_name,SRC-INDB,INDB_RECIPE_BFP091
GF-REC-00541,Veg paneer stew,en,source_name,SRC-INDB,INDB_RECIPE_BFP091
GF-REC-00542,TARTARE SAUCE,en,source_name,SRC-INDB,INDB_RECIPE_BFP095
GF-REC-00542,Tartare sauce,en,source_name,SRC-INDB,INDB_RECIPE_BFP095
GF-REC-00543,BARBEQUE SAUCE,en,source_name,SRC-INDB,INDB_RECIPE_BFP096
GF-REC-00543,Barbeque sauce,en,source_name,SRC-INDB,INDB_RECIPE_BFP096
GF-REC-00544,BREAD SAUCE,en,source_name,SRC-INDB,INDB_RECIPE_BFP097
GF-REC-00544,Bread sauce,en,source_name,SRC-INDB,INDB_RECIPE_BFP097
GF-REC-00545,ONION-GREEN CHILLI PARATHA,en,source_name,SRC-INDB,INDB_RECIPE_BFP108
GF-REC-00545,Onion-green chilli parantha/paratha (Pyaaz aur hari mirch ka parantha/paratha),en,source_name,SRC-INDB,INDB_RECIPE_BFP108
GF-REC-00546,METHI PARATHA,en,source_name,SRC-INDB,INDB_RECIPE_BFP110
GF-REC-00546,Methi parantha/paratha,en,source_name,SRC-INDB,INDB_RECIPE_BFP110
GF-REC-00547,BATHUA POORIS,en,source_name,SRC-INDB,INDB_RECIPE_BFP114
GF-REC-00547,Bathua poori,en,source_name,SRC-INDB,INDB_RECIPE_BFP114
GF-REC-00548,BESAN POORIS,en,source_name,SRC-INDB,INDB_RECIPE_BFP115
GF-REC-00548,Gram flour poori (Besan poori),en,source_name,SRC-INDB,INDB_RECIPE_BFP115
GF-REC-00549,BEETROOT POORIS,en,source_name,SRC-INDB,INDB_RECIPE_BFP116
GF-REC-00549,Beetroot poori (Chukandar ki poori),en,source_name,SRC-INDB,INDB_RECIPE_BFP116
GF-REC-00550,PEAS POORIS,en,source_name,SRC-INDB,INDB_RECIPE_BFP117
GF-REC-00550,Peas poori (Matar ki poori),en,source_name,SRC-INDB,INDB_RECIPE_BFP117
GF-REC-00551,PEAS KACHORIS,en,source_name,SRC-INDB,INDB_RECIPE_BFP118
GF-REC-00551,Peas kachori (Matar kachori),en,source_name,SRC-INDB,INDB_RECIPE_BFP118
GF-REC-00552,PIZZA,en,source_name,SRC-INDB,INDB_RECIPE_BFP122
GF-REC-00552,Pizza,en,source_name,SRC-INDB,INDB_RECIPE_BFP122
GF-REC-00553,BACON AND MUSHROOM PANCAKES,en,source_name,SRC-INDB,INDB_RECIPE_BFP124
GF-REC-00553,Bacon and mushroom pancake,en,source_name,SRC-INDB,INDB_RECIPE_BFP124
GF-REC-00554,CHEESE AND TOMATO PANCAKES,en,source_name,SRC-INDB,INDB_RECIPE_BFP125
GF-REC-00554,Cheese and tomato pancake,en,source_name,SRC-INDB,INDB_RECIPE_BFP125
GF-REC-00555,MINCED MEAT PANCAKES,en,source_name,SRC-INDB,INDB_RECIPE_BFP127
GF-REC-00555,Minced meat pancake (with chicken),en,source_name,SRC-INDB,INDB_RECIPE_BFP127
GF-REC-00556,VANGI BHAT,en,source_name,SRC-INDB,INDB_RECIPE_BFP132
GF-REC-00556,Eggplant/Brinjal rice (Vangi bhat),en,source_name,SRC-INDB,INDB_RECIPE_BFP132
GF-REC-00557,KASHMIRI 'TAHAR',en,source_name,SRC-INDB,INDB_RECIPE_BFP133
GF-REC-00557,Kashmiri 'tahar',en,source_name,SRC-INDB,INDB_RECIPE_BFP133
GF-REC-00558,ZEERA PULAO,en,source_name,SRC-INDB,INDB_RECIPE_BFP134
GF-REC-00558,Cumin pulao (Jeera/Zeera pulao),en,source_name,SRC-INDB,INDB_RECIPE_BFP134
GF-REC-00559,PEAS PULAO,en,source_name,SRC-INDB,INDB_RECIPE_BFP136
GF-REC-00559,Peas pulao (Matar pulao),en,source_name,SRC-INDB,INDB_RECIPE_BFP136
GF-REC-00560,CHANNA DAL AND VEGETABLE PULAO,en,source_name,SRC-INDB,INDB_RECIPE_BFP137
GF-REC-00560,Split bengal gram dal and vegetable pulao (Channa dal and vegetable pulao),en,source_name,SRC-INDB,INDB_RECIPE_BFP137
GF-REC-00561,BLACK CHANNA PULAO,en,source_name,SRC-INDB,INDB_RECIPE_BFP138
GF-REC-00561,Black channa pulao/ Bengal gram pulao (Kale chane ka pulao),en,source_name,SRC-INDB,INDB_RECIPE_BFP138
GF-REC-00562,MUTTON PULAO,en,source_name,SRC-INDB,INDB_RECIPE_BFP141
GF-REC-00562,Mutton pulao,en,source_name,SRC-INDB,INDB_RECIPE_BFP141
GF-REC-00563,CHICKEN PULAO,en,source_name,SRC-INDB,INDB_RECIPE_BFP142
GF-REC-00563,Chicken pulao,en,source_name,SRC-INDB,INDB_RECIPE_BFP142
GF-REC-00564,MEXICAN RICE,en,source_name,SRC-INDB,INDB_RECIPE_BFP143
GF-REC-00564,Mexican rice,en,source_name,SRC-INDB,INDB_RECIPE_BFP143
GF-REC-00565,PLAIN KHITCHDI,en,source_name,SRC-INDB,INDB_RECIPE_BFP144
GF-REC-00565,Plain khitchdi (Plain khichri/khichdi),en,source_name,SRC-INDB,INDB_RECIPE_BFP144
GF-REC-00566,INSTANT IDLI,en,source_name,SRC-INDB,INDB_RECIPE_BFP147
GF-REC-00566,Instant idli (with semolina),en,source_name,SRC-INDB,INDB_RECIPE_BFP147
GF-REC-00567,PLAIN DOSA,en,source_name,SRC-INDB,INDB_RECIPE_BFP148
GF-REC-00567,Plain dosa,en,source_name,SRC-INDB,INDB_RECIPE_BFP148
GF-REC-00568,MASALA DOSA MIXED VEGETABLE FILLINGS,en,source_name,SRC-INDB,INDB_RECIPE_BFP150
GF-REC-00568,Masala dosa mixed vegetable fillings,en,source_name,SRC-INDB,INDB_RECIPE_BFP150
GF-REC-00569,MASALA DOSA PANEER FILLINGS,en,source_name,SRC-INDB,INDB_RECIPE_BFP151
GF-REC-00569,Masala dosa paneer fillings,en,source_name,SRC-INDB,INDB_RECIPE_BFP151
GF-REC-00570,UTTAPAM,en,source_name,SRC-INDB,INDB_RECIPE_BFP152
GF-REC-00570,Uttapam,en,source_name,SRC-INDB,INDB_RECIPE_BFP152
GF-REC-00571,APPAM,en,source_name,SRC-INDB,INDB_RECIPE_BFP153
GF-REC-00571,Appam,en,source_name,SRC-INDB,INDB_RECIPE_BFP153
GF-REC-00572,BEANS AND MACARONI,en,source_name,SRC-INDB,INDB_RECIPE_BFP154
GF-REC-00572,Beans and macaroni,en,source_name,SRC-INDB,INDB_RECIPE_BFP154
GF-REC-00573,SPAGHETTI BOLOGNESE,en,source_name,SRC-INDB,INDB_RECIPE_BFP155
GF-REC-00573,Spaghetti bolognese,en,source_name,SRC-INDB,INDB_RECIPE_BFP155
GF-REC-00574,MEAT AND MACARONI CASSEROLE,en,source_name,SRC-INDB,INDB_RECIPE_BFP157
GF-REC-00574,Meat and macaroni casserole,en,source_name,SRC-INDB,INDB_RECIPE_BFP157
GF-REC-00575,SPAGHETTI WITH MEAT BALLS AND TOMATO SAUCE,en,source_name,SRC-INDB,INDB_RECIPE_BFP158
GF-REC-00575,Spaghetti with meat balls and tomato sauce,en,source_name,SRC-INDB,INDB_RECIPE_BFP158
GF-REC-00576,SPAGHETTI WITH PANEER BALLS AND TOMATO SAUCE,en,source_name,SRC-INDB,INDB_RECIPE_BFP159
GF-REC-00576,Spaghetti with paneer balls and tomato sauce,en,source_name,SRC-INDB,INDB_RECIPE_BFP159
GF-REC-00577,LASAGNE WITH MEAT SAUCE,en,source_name,SRC-INDB,INDB_RECIPE_BFP161
GF-REC-00577,Lasagne with meat sauce,en,source_name,SRC-INDB,INDB_RECIPE_BFP161
GF-REC-00578,LASAGNE WITH VEGETABLES,en,source_name,SRC-INDB,INDB_RECIPE_BFP162
GF-REC-00578,Lasagne with vegetables,en,source_name,SRC-INDB,INDB_RECIPE_BFP162
GF-REC-00579,GREEN CHILLI SAUCE,en,source_name,SRC-INDB,INDB_RECIPE_BFP163
GF-REC-00579,Green chilli sauce,en,source_name,SRC-INDB,INDB_RECIPE_BFP163
GF-REC-00580,HOME MADE PLAIN NOODLES,en,source_name,SRC-INDB,INDB_RECIPE_BFP164
GF-REC-00580,Home made plain noodles,en,source_name,SRC-INDB,INDB_RECIPE_BFP164
GF-REC-00581,HOME MADE EGG NOODLES,en,source_name,SRC-INDB,INDB_RECIPE_BFP165
GF-REC-00581,Home made egg noodles,en,source_name,SRC-INDB,INDB_RECIPE_BFP165
GF-REC-00582,DAL MOONG,en,source_name,SRC-INDB,INDB_RECIPE_BFP166
GF-REC-00582,Dal moong,en,source_name,SRC-INDB,INDB_RECIPE_BFP166
GF-REC-00583,CUMIN SEEDS BAGHAR,en,source_name,SRC-INDB,INDB_RECIPE_BFP167
GF-REC-00583,Cumin seeds baghar (Jeera baghar/tadka),en,source_name,SRC-INDB,INDB_RECIPE_BFP167
GF-REC-00584,ONION TOMATO BAGHAR,en,source_name,SRC-INDB,INDB_RECIPE_BFP168
GF-REC-00584,Onion tomato baghar (Pyaaz tamatar ka tadka),en,source_name,SRC-INDB,INDB_RECIPE_BFP168
GF-REC-00585,MUSTARD SEED BAGHAR,en,source_name,SRC-INDB,INDB_RECIPE_BFP169
GF-REC-00585,Mustard seeds baghar (Mustard seed tadka),en,source_name,SRC-INDB,INDB_RECIPE_BFP169
GF-REC-00586,SOUR LENTILS,en,source_name,SRC-INDB,INDB_RECIPE_BFP170
GF-REC-00586,Sour lentils (Khatti dal),en,source_name,SRC-INDB,INDB_RECIPE_BFP170
GF-REC-00587,URAD SPECIAL DEHUSKED,en,source_name,SRC-INDB,INDB_RECIPE_BFP171
GF-REC-00587,Urad special dehusked,en,source_name,SRC-INDB,INDB_RECIPE_BFP171
GF-REC-00588,ARHAR WITH SPINACH,en,source_name,SRC-INDB,INDB_RECIPE_BFP172
GF-REC-00588,Arhar with spinach (Arhar dal aur palak),en,source_name,SRC-INDB,INDB_RECIPE_BFP172
GF-REC-00589,MOONG DAL WITH VADI,en,source_name,SRC-INDB,INDB_RECIPE_BFP174
GF-REC-00589,Moong dal with vadi,en,source_name,SRC-INDB,INDB_RECIPE_BFP174
GF-REC-00590,RASAM WITH TAMARIND,en,source_name,SRC-INDB,INDB_RECIPE_BFP176
GF-REC-00590,Rasam with tamarind (Puli rasam/ Chintapandu rasam/ Charu/Saaru),en,source_name,SRC-INDB,INDB_RECIPE_BFP176
GF-REC-00591,RASAM WITH LEMON,en,source_name,SRC-INDB,INDB_RECIPE_BFP177
GF-REC-00591,Rasam with lemon (Nimmakaya rasam/Nimmakaya charu/Elumichai rasam/Nimbe hannina saaru),en,source_name,SRC-INDB,INDB_RECIPE_BFP177
GF-REC-00592,GREEN GRAM WHOLE,en,source_name,SRC-INDB,INDB_RECIPE_BFP178
GF-REC-00592,Green gram whole with baghar (Sabut moong dal with tadka),en,source_name,SRC-INDB,INDB_RECIPE_BFP178
GF-REC-00593,URAD SABUT SPECIAL,en,source_name,SRC-INDB,INDB_RECIPE_BFP179
GF-REC-00593,Urad sabut special,en,source_name,SRC-INDB,INDB_RECIPE_BFP179
GF-REC-00594,KABULI CHANNA CURRY,en,source_name,SRC-INDB,INDB_RECIPE_BFP185
GF-REC-00594,Kabuli channa curry,en,source_name,SRC-INDB,INDB_RECIPE_BFP185
GF-REC-00595,BESAN GATTE CURRY,en,source_name,SRC-INDB,INDB_RECIPE_BFP187
GF-REC-00595,Besan gatte curry,en,source_name,SRC-INDB,INDB_RECIPE_BFP187
GF-REC-00596,DRY MASALA CHOPS,en,source_name,SRC-INDB,INDB_RECIPE_BFP190
GF-REC-00596,Dry masala chops,en,source_name,SRC-INDB,INDB_RECIPE_BFP190
GF-REC-00597,MUTTON KORMA,en,source_name,SRC-INDB,INDB_RECIPE_BFP194
GF-REC-00597,Mutton korma,en,source_name,SRC-INDB,INDB_RECIPE_BFP194
GF-REC-00598,SHAHI KEEMA KOFTA CURRY,en,source_name,SRC-INDB,INDB_RECIPE_BFP196
GF-REC-00598,Shahi keema kofta curry,en,source_name,SRC-INDB,INDB_RECIPE_BFP196
GF-REC-00599,MINCED MEAT BALL CURRY,en,source_name,SRC-INDB,INDB_RECIPE_BFP197
GF-REC-00599,Minced meat ball curry,en,source_name,SRC-INDB,INDB_RECIPE_BFP197
GF-REC-00600,BOTI KEBAB,en,source_name,SRC-INDB,INDB_RECIPE_BFP198
GF-REC-00600,Boti kebab,en,source_name,SRC-INDB,INDB_RECIPE_BFP198
GF-REC-00601,MUTTON SEEKH KEBAB,en,source_name,SRC-INDB,INDB_RECIPE_BFP199
GF-REC-00601,Mutton seekh kebab,en,source_name,SRC-INDB,INDB_RECIPE_BFP199
GF-REC-00602,NARGISI KOFTA,en,source_name,SRC-INDB,INDB_RECIPE_BFP201
GF-REC-00602,Indian lamb and egg curry (Nargisi kofta),en,source_name,SRC-INDB,INDB_RECIPE_BFP201
GF-REC-00603,NUTRINUGGET SWEET AND SOUR,en,source_name,SRC-INDB,INDB_RECIPE_BFP203
GF-REC-00603,Soya chunks sweet and sour (Nutrinugget sweet and sour),en,source_name,SRC-INDB,INDB_RECIPE_BFP203
GF-REC-00604,NUTRINUGGET KORMA,en,source_name,SRC-INDB,INDB_RECIPE_BFP204
GF-REC-00604,Soya chunks korma (Nutrinugget korma),en,source_name,SRC-INDB,INDB_RECIPE_BFP204
GF-REC-00605,MUSHROOM MATAR,en,source_name,SRC-INDB,INDB_RECIPE_BFP205
GF-REC-00605,Mushroom matar,en,source_name,SRC-INDB,INDB_RECIPE_BFP205
GF-REC-00606,NUTRINUGGET MATAR,en,source_name,SRC-INDB,INDB_RECIPE_BFP206
GF-REC-00606,Soya chunks and peas (Nutrinugget matar),en,source_name,SRC-INDB,INDB_RECIPE_BFP206
GF-REC-00607,VEGETABLE YAKANI,en,source_name,SRC-INDB,INDB_RECIPE_BFP207
GF-REC-00607,Vegetable yakhni,en,source_name,SRC-INDB,INDB_RECIPE_BFP207
GF-REC-00608,PALAK MUSHROOM,en,source_name,SRC-INDB,INDB_RECIPE_BFP208
GF-REC-00608,Spinach mushroom (Palak mushroom),en,source_name,SRC-INDB,INDB_RECIPE_BFP208
GF-REC-00609,VEGETARIAN NARGISI KOFTA CURRY,en,source_name,SRC-INDB,INDB_RECIPE_BFP210
GF-REC-00609,Vegetarian nargisi kofta curry,en,source_name,SRC-INDB,INDB_RECIPE_BFP210
GF-REC-00610,ROAST CHICKEN,en,source_name,SRC-INDB,INDB_RECIPE_BFP212
GF-REC-00610,Roast chicken,en,source_name,SRC-INDB,INDB_RECIPE_BFP212
GF-REC-00611,SHAHI CHICKEN MASALA,en,source_name,SRC-INDB,INDB_RECIPE_BFP214
GF-REC-00611,Shahi chicken masala,en,source_name,SRC-INDB,INDB_RECIPE_BFP214
GF-REC-00612,TOMATO CHICKEN,en,source_name,SRC-INDB,INDB_RECIPE_BFP216
GF-REC-00612,Tomato chicken,en,source_name,SRC-INDB,INDB_RECIPE_BFP216
GF-REC-00613,CREAMY CHICKEN,en,source_name,SRC-INDB,INDB_RECIPE_BFP217
GF-REC-00613,Creamy chicken,en,source_name,SRC-INDB,INDB_RECIPE_BFP217
GF-REC-00614,BROCCOLI CHICKEN ALA KING,en,source_name,SRC-INDB,INDB_RECIPE_BFP218
GF-REC-00614,Broccoli chicken ala king,en,source_name,SRC-INDB,INDB_RECIPE_BFP218
GF-REC-00615,GINGER CHICKEN,en,source_name,SRC-INDB,INDB_RECIPE_BFP220
GF-REC-00615,Ginger chicken,en,source_name,SRC-INDB,INDB_RECIPE_BFP220
GF-REC-00616,CHICKEN SWEET AND SOUR,en,source_name,SRC-INDB,INDB_RECIPE_BFP221
GF-REC-00616,Chicken sweet and sour,en,source_name,SRC-INDB,INDB_RECIPE_BFP221
GF-REC-00617,CHICKEN KORMA,en,source_name,SRC-INDB,INDB_RECIPE_BFP222
GF-REC-00617,Chicken korma,en,source_name,SRC-INDB,INDB_RECIPE_BFP222
GF-REC-00618,BENGAL FISH CURRY,en,source_name,SRC-INDB,INDB_RECIPE_BFP223
GF-REC-00618,Bengal fish curry (Bengali machli curry),en,source_name,SRC-INDB,INDB_RECIPE_BFP223
GF-REC-00619,FISH FINGER,en,source_name,SRC-INDB,INDB_RECIPE_BFP226
GF-REC-00619,Fish finger,en,source_name,SRC-INDB,INDB_RECIPE_BFP226
GF-REC-00620,FISH IN COCONUT MILK,en,source_name,SRC-INDB,INDB_RECIPE_BFP229
GF-REC-00620,Fish in coconut milk (Nariyal ke doodh ke saath machli),en,source_name,SRC-INDB,INDB_RECIPE_BFP229
GF-REC-00621,PRAWN CURRY,en,source_name,SRC-INDB,INDB_RECIPE_BFP230
GF-REC-00621,Prawn curry (with coconut) (Jhinga curry),en,source_name,SRC-INDB,INDB_RECIPE_BFP230
GF-REC-00622,BAKED STUFFED FISH,en,source_name,SRC-INDB,INDB_RECIPE_BFP231
GF-REC-00622,Baked stuffed fish,en,source_name,SRC-INDB,INDB_RECIPE_BFP231
GF-REC-00623,FISH PIE,en,source_name,SRC-INDB,INDB_RECIPE_BFP232
GF-REC-00623,Fish pie,en,source_name,SRC-INDB,INDB_RECIPE_BFP232
GF-REC-00624,CRISPY BAKED FISH,en,source_name,SRC-INDB,INDB_RECIPE_BFP233
GF-REC-00624,Crispy baked fish,en,source_name,SRC-INDB,INDB_RECIPE_BFP233
GF-REC-00625,FISH SOUFFLE,en,source_name,SRC-INDB,INDB_RECIPE_BFP234
GF-REC-00625,Fish souffle,en,source_name,SRC-INDB,INDB_RECIPE_BFP234
GF-REC-00626,POTATO CURRY,en,source_name,SRC-INDB,INDB_RECIPE_BFP239
GF-REC-00626,Potato curry (Aloo ki sabzi),en,source_name,SRC-INDB,INDB_RECIPE_BFP239
GF-REC-00627,EGG CURRY,en,source_name,SRC-INDB,INDB_RECIPE_BFP240
GF-REC-00627,Egg curry (Anda curry),en,source_name,SRC-INDB,INDB_RECIPE_BFP240
GF-REC-00628,VEGETABLE CURRY WITH COCONUT,en,source_name,SRC-INDB,INDB_RECIPE_BFP241
GF-REC-00628,Vegetable curry with coconut,en,source_name,SRC-INDB,INDB_RECIPE_BFP241
GF-REC-00629,DAHI ALOO,en,source_name,SRC-INDB,INDB_RECIPE_BFP242
GF-REC-00629,Curd with potatoes (Dahi aloo),en,source_name,SRC-INDB,INDB_RECIPE_BFP242
GF-REC-00630,POTATO KOFTA CURRY,en,source_name,SRC-INDB,INDB_RECIPE_BFP246
GF-REC-00630,Potato kofta curry (Aloo kofta curry),en,source_name,SRC-INDB,INDB_RECIPE_BFP246
GF-REC-00631,YAM KOFTA,en,source_name,SRC-INDB,INDB_RECIPE_BFP249
GF-REC-00631,Yam kofta curry (Zimikand/Suran kofta curry),en,source_name,SRC-INDB,INDB_RECIPE_BFP249
GF-REC-00632,JACK FRUIT KOFTA,en,source_name,SRC-INDB,INDB_RECIPE_BFP250
GF-REC-00632,Jackfruit kofta curry (Kathal ka kofta curry),en,source_name,SRC-INDB,INDB_RECIPE_BFP250
GF-REC-00633,PALAK ALOO,en,source_name,SRC-INDB,INDB_RECIPE_BFP257
GF-REC-00633,Spinach and potato (Palak aloo),en,source_name,SRC-INDB,INDB_RECIPE_BFP257
GF-REC-00634,MOOLI BHUJIA,en,source_name,SRC-INDB,INDB_RECIPE_BFP258
GF-REC-00634,Mooli bhujia,en,source_name,SRC-INDB,INDB_RECIPE_BFP258
GF-REC-00635,BATHUA BHUJIA,en,source_name,SRC-INDB,INDB_RECIPE_BFP259
GF-REC-00635,Bathua bhujia,en,source_name,SRC-INDB,INDB_RECIPE_BFP259
GF-REC-00636,CABBAGE ROLLS (Dry),en,source_name,SRC-INDB,INDB_RECIPE_BFP261
GF-REC-00636,Cabbage rolls (dry) ((Pattagobhi rolls) (dry)),en,source_name,SRC-INDB,INDB_RECIPE_BFP261
GF-REC-00637,CABBAGE ROLLS (Curried),en,source_name,SRC-INDB,INDB_RECIPE_BFP262
GF-REC-00637,Cabbage rolls (curry) ((Pattagobhi rolls)(curry)),en,source_name,SRC-INDB,INDB_RECIPE_BFP262
GF-REC-00638,DRY ARBI,en,source_name,SRC-INDB,INDB_RECIPE_BFP263
GF-REC-00638,Dry arbi (Sookhi arbi),en,source_name,SRC-INDB,INDB_RECIPE_BFP263
GF-REC-00639,MASALA ARBI,en,source_name,SRC-INDB,INDB_RECIPE_BFP264
GF-REC-00639,Masala arbi,en,source_name,SRC-INDB,INDB_RECIPE_BFP264
GF-REC-00640,MATAR BAINGAN BHARTA,en,source_name,SRC-INDB,INDB_RECIPE_BFP266
GF-REC-00640,Peas brinjal bhartha (Matar baingan bhartha),en,source_name,SRC-INDB,INDB_RECIPE_BFP266
GF-REC-00641,BHINDI SABZI (LADY'S FINGERS),en,source_name,SRC-INDB,INDB_RECIPE_BFP269
GF-REC-00641,Okra/Lady's fingers fry (Bhindi sabzi/sabji/subji),en,source_name,SRC-INDB,INDB_RECIPE_BFP269
GF-REC-00642,CRISPY BHINDI (LADY'S FINGERS),en,source_name,SRC-INDB,INDB_RECIPE_BFP270
GF-REC-00642,Crispy okra/Crispy lady's fingers (Karare bhindi),en,source_name,SRC-INDB,INDB_RECIPE_BFP270
GF-REC-00643,BEANS FOOGATH,en,source_name,SRC-INDB,INDB_RECIPE_BFP272
GF-REC-00643,Beans foogath,en,source_name,SRC-INDB,INDB_RECIPE_BFP272
GF-REC-00644,STUFFED KARELA (WET),en,source_name,SRC-INDB,INDB_RECIPE_BFP273
GF-REC-00644,Stuffed bittergourd (wet) (Bharwa karele),en,source_name,SRC-INDB,INDB_RECIPE_BFP273
GF-REC-00645,KATHAL/JACKFRUIT (DRY),en,source_name,SRC-INDB,INDB_RECIPE_BFP274
GF-REC-00645,Jackfruit/Kathal (dry),en,source_name,SRC-INDB,INDB_RECIPE_BFP274
GF-REC-00646,Zimikand/Yam (DRY),en,source_name,SRC-INDB,INDB_RECIPE_BFP275
GF-REC-00646,Yam fried (Zimikand/Suran fried),en,source_name,SRC-INDB,INDB_RECIPE_BFP275
GF-REC-00647,"CAULIFLOWER, PEA AND POTATO Bhujia",en,source_name,SRC-INDB,INDB_RECIPE_BFP276
GF-REC-00647,"Cauliflower, pea and potato bhujia (Phoolgobhi, matar aur aloo bhujia)",en,source_name,SRC-INDB,INDB_RECIPE_BFP276
GF-REC-00648,VEGETABLE JALFREZI,en,source_name,SRC-INDB,INDB_RECIPE_BFP277
GF-REC-00648,Vegetable jalfrezi,en,source_name,SRC-INDB,INDB_RECIPE_BFP277
GF-REC-00649,VEGETABLES STIR FRY,en,source_name,SRC-INDB,INDB_RECIPE_BFP278
GF-REC-00649,Vegetables stir fry,en,source_name,SRC-INDB,INDB_RECIPE_BFP278
GF-REC-00650,BROCCOLI DELIGHT,en,source_name,SRC-INDB,INDB_RECIPE_BFP279
GF-REC-00650,Broccoli delight,en,source_name,SRC-INDB,INDB_RECIPE_BFP279
GF-REC-00651,DHANSAK,en,source_name,SRC-INDB,INDB_RECIPE_BFP280
GF-REC-00651,Dhansak (vegetarian),en,source_name,SRC-INDB,INDB_RECIPE_BFP280
GF-REC-00652,CAULIFLOWER BASKET,en,source_name,SRC-INDB,INDB_RECIPE_BFP282
GF-REC-00652,Cauliflower basket,en,source_name,SRC-INDB,INDB_RECIPE_BFP282
GF-REC-00653,STUFFED VEGETABLE GOURD/GHIA,en,source_name,SRC-INDB,INDB_RECIPE_BFP284
GF-REC-00653,Stuffed bottle gourd (Stuffed ghiya/lauki),en,source_name,SRC-INDB,INDB_RECIPE_BFP284
GF-REC-00654,DUCHEESE POTATO,en,source_name,SRC-INDB,INDB_RECIPE_BFP286
GF-REC-00654,Ducheese potato,en,source_name,SRC-INDB,INDB_RECIPE_BFP286
GF-REC-00655,ROAST POTATOES,en,source_name,SRC-INDB,INDB_RECIPE_BFP287
GF-REC-00655,Roast potatoes,en,source_name,SRC-INDB,INDB_RECIPE_BFP287
GF-REC-00656,STUFFED BAKED POTATOES,en,source_name,SRC-INDB,INDB_RECIPE_BFP288
GF-REC-00656,Stuffed baked potatoes,en,source_name,SRC-INDB,INDB_RECIPE_BFP288
GF-REC-00657,POTATO NESTS,en,source_name,SRC-INDB,INDB_RECIPE_BFP289
GF-REC-00657,Potato nests,en,source_name,SRC-INDB,INDB_RECIPE_BFP289
GF-REC-00658,PARSLEY POTATO,en,source_name,SRC-INDB,INDB_RECIPE_BFP290
GF-REC-00658,Parsley potato,en,source_name,SRC-INDB,INDB_RECIPE_BFP290
GF-REC-00659,CREAMED SPINACH AND MUSHROOMS,en,source_name,SRC-INDB,INDB_RECIPE_BFP291
GF-REC-00659,Creamed spinach and mushroom,en,source_name,SRC-INDB,INDB_RECIPE_BFP291
GF-REC-00660,FRICASSEE OF MUSHROOM,en,source_name,SRC-INDB,INDB_RECIPE_BFP292
GF-REC-00660,Fricassee of Mushroom,en,source_name,SRC-INDB,INDB_RECIPE_BFP292
GF-REC-00661,CAULIFLOWER AU GRATIN,en,source_name,SRC-INDB,INDB_RECIPE_BFP293
GF-REC-00661,Cauliflower au gratin,en,source_name,SRC-INDB,INDB_RECIPE_BFP293
GF-REC-00662,VEGETABLE AND CHEESE PIE,en,source_name,SRC-INDB,INDB_RECIPE_BFP294
GF-REC-00662,Vegetable and cheese pie,en,source_name,SRC-INDB,INDB_RECIPE_BFP294
GF-REC-00663,SPINACH SOUFFLE,en,source_name,SRC-INDB,INDB_RECIPE_BFP296
GF-REC-00663,Spinach souffle,en,source_name,SRC-INDB,INDB_RECIPE_BFP296
GF-REC-00664,BEETROOT AND EGG SALAD,en,source_name,SRC-INDB,INDB_RECIPE_BFP299
GF-REC-00664,Beetroot and egg salad (Chukandar aur ande ka salad),en,source_name,SRC-INDB,INDB_RECIPE_BFP299
GF-REC-00665,SOUR CREAM POTATO SALAD,en,source_name,SRC-INDB,INDB_RECIPE_BFP300
GF-REC-00665,Sour cream potato salad,en,source_name,SRC-INDB,INDB_RECIPE_BFP300
GF-REC-00666,TOSSED GREEN SALAD,en,source_name,SRC-INDB,INDB_RECIPE_BFP301
GF-REC-00666,Tossed green salad,en,source_name,SRC-INDB,INDB_RECIPE_BFP301
GF-REC-00667,SPRING BASKET SALAD,en,source_name,SRC-INDB,INDB_RECIPE_BFP302
GF-REC-00667,Spring basket salad,en,source_name,SRC-INDB,INDB_RECIPE_BFP302
GF-REC-00668,CUCUMBER AND YOGURT SALAD,en,source_name,SRC-INDB,INDB_RECIPE_BFP303
GF-REC-00668,Cucumber and yogurt salad (Kheere aur dahi ka salad),en,source_name,SRC-INDB,INDB_RECIPE_BFP303
GF-REC-00669,CHICKEN AND TOMATO TOWERS,en,source_name,SRC-INDB,INDB_RECIPE_BFP305
GF-REC-00669,Chicken and tomato towers,en,source_name,SRC-INDB,INDB_RECIPE_BFP305
GF-REC-00670,JELLIED SUNSHINE FRUIT SALAD,en,source_name,SRC-INDB,INDB_RECIPE_BFP306
GF-REC-00670,Jellied sunshine fruit salad,en,source_name,SRC-INDB,INDB_RECIPE_BFP306
GF-REC-00671,TOMATO ASPIC,en,source_name,SRC-INDB,INDB_RECIPE_BFP307
GF-REC-00671,Tomato aspic,en,source_name,SRC-INDB,INDB_RECIPE_BFP307
GF-REC-00672,FROZEN FROSTY FRUIT SALAD,en,source_name,SRC-INDB,INDB_RECIPE_BFP308
GF-REC-00672,Frozen frosty fruit salad (Phalon ka salaad),en,source_name,SRC-INDB,INDB_RECIPE_BFP308
GF-REC-00673,FRENCH DRESSING,en,source_name,SRC-INDB,INDB_RECIPE_BFP310
GF-REC-00673,French dressing,en,source_name,SRC-INDB,INDB_RECIPE_BFP310
GF-REC-00674,MAYONNAISE WITHOUT EGGS,en,source_name,SRC-INDB,INDB_RECIPE_BFP312
GF-REC-00674,Mayonnaise without eggs,en,source_name,SRC-INDB,INDB_RECIPE_BFP312
GF-REC-00675,CURD DRESSING,en,source_name,SRC-INDB,INDB_RECIPE_BFP313
GF-REC-00675,Curd dressing,en,source_name,SRC-INDB,INDB_RECIPE_BFP313
GF-REC-00676,CARROT RAITA,en,source_name,SRC-INDB,INDB_RECIPE_BFP316
GF-REC-00676,Carrot raita (Gajar ka raita),en,source_name,SRC-INDB,INDB_RECIPE_BFP316
GF-REC-00677,PUMPKIN RAITA,en,source_name,SRC-INDB,INDB_RECIPE_BFP318
GF-REC-00677,Pumpkin raita (Kaddu ka raita),en,source_name,SRC-INDB,INDB_RECIPE_BFP318
GF-REC-00678,MINT AND PEANUT RAITA,en,source_name,SRC-INDB,INDB_RECIPE_BFP320
GF-REC-00678,Mint and peanut raita (Pudinay aur moongfali ka raita),en,source_name,SRC-INDB,INDB_RECIPE_BFP320
GF-REC-00679,SPINACH RAITA,en,source_name,SRC-INDB,INDB_RECIPE_BFP321
GF-REC-00679,Spinach raita (Palak ka raita),en,source_name,SRC-INDB,INDB_RECIPE_BFP321
GF-REC-00680,BATHUA RAITA,en,source_name,SRC-INDB,INDB_RECIPE_BFP322
GF-REC-00680,Bathua raita,en,source_name,SRC-INDB,INDB_RECIPE_BFP322
GF-REC-00681,PINEAPPLE RAITA,en,source_name,SRC-INDB,INDB_RECIPE_BFP325
GF-REC-00681,Pineapple raita (Ananas ka raita),en,source_name,SRC-INDB,INDB_RECIPE_BFP325
GF-REC-00682,BANANA RAITA,en,source_name,SRC-INDB,INDB_RECIPE_BFP326
GF-REC-00682,Banana raita (Kele ka raita),en,source_name,SRC-INDB,INDB_RECIPE_BFP326
GF-REC-00683,MANGO RAITA,en,source_name,SRC-INDB,INDB_RECIPE_BFP327
GF-REC-00683,Mango raita (Aam ka raita),en,source_name,SRC-INDB,INDB_RECIPE_BFP327
GF-REC-00684,GUAVA RAITA,en,source_name,SRC-INDB,INDB_RECIPE_BFP328
GF-REC-00684,Guava raita (Amarood ka raita),en,source_name,SRC-INDB,INDB_RECIPE_BFP328
GF-REC-00685,GRAPES RAITA,en,source_name,SRC-INDB,INDB_RECIPE_BFP329
GF-REC-00685,Grapes raita (Angoor ka raita),en,source_name,SRC-INDB,INDB_RECIPE_BFP329
GF-REC-00686,LAUKI KHEER,en,source_name,SRC-INDB,INDB_RECIPE_BFP334
GF-REC-00686,Bottle gourd kheer (Ghiya/Lauki kheer),en,source_name,SRC-INDB,INDB_RECIPE_BFP334
GF-REC-00687,PUMPKIN KHEER,en,source_name,SRC-INDB,INDB_RECIPE_BFP336
GF-REC-00687,Pumpkin kheer (Kaddu ki kheer),en,source_name,SRC-INDB,INDB_RECIPE_BFP336
GF-REC-00688,APPLE KHEER,en,source_name,SRC-INDB,INDB_RECIPE_BFP338
GF-REC-00688,Apple kheer (Seb ki kheer),en,source_name,SRC-INDB,INDB_RECIPE_BFP338
GF-REC-00689,CARAMEL CUSTARD,en,source_name,SRC-INDB,INDB_RECIPE_BFP345
GF-REC-00689,Caramel custard (baked),en,source_name,SRC-INDB,INDB_RECIPE_BFP345
GF-REC-00690,VANILLA ICE CREAM WITHOUT EGG,en,source_name,SRC-INDB,INDB_RECIPE_BFP346
GF-REC-00690,Vanilla ice cream without egg,en,source_name,SRC-INDB,INDB_RECIPE_BFP346
GF-REC-00691,VANILLA ICE CREAM WITH EGG,en,source_name,SRC-INDB,INDB_RECIPE_BFP347
GF-REC-00691,Vanilla ice cream with egg,en,source_name,SRC-INDB,INDB_RECIPE_BFP347
GF-REC-00692,STRAWBERRY ICE CREAM,en,source_name,SRC-INDB,INDB_RECIPE_BFP348
GF-REC-00692,Strawberry ice cream,en,source_name,SRC-INDB,INDB_RECIPE_BFP348
GF-REC-00693,CHOCOCHIP ICE CREAM,en,source_name,SRC-INDB,INDB_RECIPE_BFP350
GF-REC-00693,Chocochip ice cream,en,source_name,SRC-INDB,INDB_RECIPE_BFP350
GF-REC-00694,CHOCONUT ICE CREAM,en,source_name,SRC-INDB,INDB_RECIPE_BFP351
GF-REC-00694,Choconut ice cream,en,source_name,SRC-INDB,INDB_RECIPE_BFP351
GF-REC-00695,PEAR CHOCOLATE SUNDAY,en,source_name,SRC-INDB,INDB_RECIPE_BFP352
GF-REC-00695,Pear chocholate sunday,en,source_name,SRC-INDB,INDB_RECIPE_BFP352
GF-REC-00696,CHOCOLATE SAUCE,en,source_name,SRC-INDB,INDB_RECIPE_BFP353
GF-REC-00696,Chocolate sauce,en,source_name,SRC-INDB,INDB_RECIPE_BFP353
GF-REC-00697,COFFEE ICE CREAM,en,source_name,SRC-INDB,INDB_RECIPE_BFP354
GF-REC-00697,Coffee ice cream,en,source_name,SRC-INDB,INDB_RECIPE_BFP354
GF-REC-00698,COFFEE PEAR ALASKA,en,source_name,SRC-INDB,INDB_RECIPE_BFP355
GF-REC-00698,Coffee pear alaska,en,source_name,SRC-INDB,INDB_RECIPE_BFP355
GF-REC-00699,CRUNCHY BUTTERSCOTCH,en,source_name,SRC-INDB,INDB_RECIPE_BFP356
GF-REC-00699,Crunchy butterscotch,en,source_name,SRC-INDB,INDB_RECIPE_BFP356
GF-REC-00700,PEACH MELBA ICE CREAM,en,source_name,SRC-INDB,INDB_RECIPE_BFP358
GF-REC-00700,Peach melba ice cream,en,source_name,SRC-INDB,INDB_RECIPE_BFP358
GF-REC-00701,VANILLA ICE CREAM WITH APPLES IN HOT CHERRY SAUCE,en,source_name,SRC-INDB,INDB_RECIPE_BFP359
GF-REC-00701,Vanilla ice cream with apples in hot cherry sauce,en,source_name,SRC-INDB,INDB_RECIPE_BFP359
GF-REC-00702,HOT CHERRY SAUCE,en,source_name,SRC-INDB,INDB_RECIPE_BFP360
GF-REC-00702,Hot cherry sauce,en,source_name,SRC-INDB,INDB_RECIPE_BFP360
GF-REC-00703,GRAPE AND ORANGE WHIP,en,source_name,SRC-INDB,INDB_RECIPE_BFP361
GF-REC-00703,Grape and orange whip,en,source_name,SRC-INDB,INDB_RECIPE_BFP361
GF-REC-00704,HONEY BANANA CREAM,en,source_name,SRC-INDB,INDB_RECIPE_BFP362
GF-REC-00704,Honey banana cream,en,source_name,SRC-INDB,INDB_RECIPE_BFP362
GF-REC-00705,RASPBERRY BAVARIAN CREAM,en,source_name,SRC-INDB,INDB_RECIPE_BFP363
GF-REC-00705,Raspberry bavarian cream,en,source_name,SRC-INDB,INDB_RECIPE_BFP363
GF-REC-00706,FRUIT DELIGHT,en,source_name,SRC-INDB,INDB_RECIPE_BFP364
GF-REC-00706,Fruit delight,en,source_name,SRC-INDB,INDB_RECIPE_BFP364
GF-REC-00707,CREAMY CHOCOLATE MOUSSE,en,source_name,SRC-INDB,INDB_RECIPE_BFP365
GF-REC-00707,Creamy chocolate mousse,en,source_name,SRC-INDB,INDB_RECIPE_BFP365
GF-REC-00708,COLD LEMON SOUFFLE,en,source_name,SRC-INDB,INDB_RECIPE_BFP366
GF-REC-00708,Cold lemon souffle,en,source_name,SRC-INDB,INDB_RECIPE_BFP366
GF-REC-00709,COLD ORANGE SOUFFLE,en,source_name,SRC-INDB,INDB_RECIPE_BFP367
GF-REC-00709,Cold orange souffle,en,source_name,SRC-INDB,INDB_RECIPE_BFP367
GF-REC-00710,COLD PINEAPPLE SOUFFLE,en,source_name,SRC-INDB,INDB_RECIPE_BFP368
GF-REC-00710,Cold pineapple souffle,en,source_name,SRC-INDB,INDB_RECIPE_BFP368
GF-REC-00711,COLD VANILLA SOUFFLE,en,source_name,SRC-INDB,INDB_RECIPE_BFP369
GF-REC-00711,Cold vanilla souffle,en,source_name,SRC-INDB,INDB_RECIPE_BFP369
GF-REC-00712,COLD CHOCOLATE SOUFFLE,en,source_name,SRC-INDB,INDB_RECIPE_BFP370
GF-REC-00712,Cold chocolate souffle,en,source_name,SRC-INDB,INDB_RECIPE_BFP370
GF-REC-00713,STEWED FRUIT,en,source_name,SRC-INDB,INDB_RECIPE_BFP371
GF-REC-00713,Stewed fruit (with pear),en,source_name,SRC-INDB,INDB_RECIPE_BFP371
GF-REC-00714,APRICOT FOOL,en,source_name,SRC-INDB,INDB_RECIPE_BFP372
GF-REC-00714,Apricot fool,en,source_name,SRC-INDB,INDB_RECIPE_BFP372
GF-REC-00715,PAVLOVA,en,source_name,SRC-INDB,INDB_RECIPE_BFP373
GF-REC-00715,Pavlova,en,source_name,SRC-INDB,INDB_RECIPE_BFP373
GF-REC-00716,APPLE CRUMB PUDDING,en,source_name,SRC-INDB,INDB_RECIPE_BFP379
GF-REC-00716,Apple crumb pudding,en,source_name,SRC-INDB,INDB_RECIPE_BFP379
GF-REC-00717,STEAMED CAKE WITH CHOCOLATE SAUCE,en,source_name,SRC-INDB,INDB_RECIPE_BFP380
GF-REC-00717,Steamed cake with chocolate sauce,en,source_name,SRC-INDB,INDB_RECIPE_BFP380
GF-REC-00718,HOT LEMON SOUFFLE,en,source_name,SRC-INDB,INDB_RECIPE_BFP382
GF-REC-00718,Hot lemon souffle,en,source_name,SRC-INDB,INDB_RECIPE_BFP382
GF-REC-00719,GULAB JAMUN WITH MILK POWDER,en,source_name,SRC-INDB,INDB_RECIPE_BFP386
GF-REC-00719,Gulab jamun with milk powder,en,source_name,SRC-INDB,INDB_RECIPE_BFP386
GF-REC-00720,CHUM CHUM,en,source_name,SRC-INDB,INDB_RECIPE_BFP388
GF-REC-00720,Chum chum,en,source_name,SRC-INDB,INDB_RECIPE_BFP388
GF-REC-00721,DIL BAHAR,en,source_name,SRC-INDB,INDB_RECIPE_BFP389
GF-REC-00721,Dil bahar,en,source_name,SRC-INDB,INDB_RECIPE_BFP389
GF-REC-00722,RASBHARIS,en,source_name,SRC-INDB,INDB_RECIPE_BFP390
GF-REC-00722,Rasbhari,en,source_name,SRC-INDB,INDB_RECIPE_BFP390
GF-REC-00723,RAJBOGHS,en,source_name,SRC-INDB,INDB_RECIPE_BFP391
GF-REC-00723,Rajbogh,en,source_name,SRC-INDB,INDB_RECIPE_BFP391
GF-REC-00724,RASGULLAS,en,source_name,SRC-INDB,INDB_RECIPE_BFP392
GF-REC-00724,Rasgulla,en,source_name,SRC-INDB,INDB_RECIPE_BFP392
GF-REC-00725,RASMALAI,en,source_name,SRC-INDB,INDB_RECIPE_BFP393
GF-REC-00725,Rasmalai,en,source_name,SRC-INDB,INDB_RECIPE_BFP393
GF-REC-00726,KHOA COCONUT BURFI,en,source_name,SRC-INDB,INDB_RECIPE_BFP396
GF-REC-00726,Khoa coconut burfi,en,source_name,SRC-INDB,INDB_RECIPE_BFP396
GF-REC-00727,DANEDAR BURFI,en,source_name,SRC-INDB,INDB_RECIPE_BFP397
GF-REC-00727,Danedar burfi,en,source_name,SRC-INDB,INDB_RECIPE_BFP397
GF-REC-00728,SEMOLINA BURFI,en,source_name,SRC-INDB,INDB_RECIPE_BFP401
GF-REC-00728,Semolina burfi (Suji/Rava burfi),en,source_name,SRC-INDB,INDB_RECIPE_BFP401
GF-REC-00729,PUMPKIN COCONUT BURFI,en,source_name,SRC-INDB,INDB_RECIPE_BFP403
GF-REC-00729,Pumpkin coconut burfi (Kaddu aur nariyal ki burfi),en,source_name,SRC-INDB,INDB_RECIPE_BFP403
GF-REC-00730,KHOA LADDOO,en,source_name,SRC-INDB,INDB_RECIPE_BFP404
GF-REC-00730,Khoa ladoo,en,source_name,SRC-INDB,INDB_RECIPE_BFP404
GF-REC-00731,ATTA BESAN LADDOO,en,source_name,SRC-INDB,INDB_RECIPE_BFP406
GF-REC-00731,Wheat and gram flour ladoo (Atta besan ladoo),en,source_name,SRC-INDB,INDB_RECIPE_BFP406
GF-REC-00732,SUJI LADDOO WITH NUTS,en,source_name,SRC-INDB,INDB_RECIPE_BFP407
GF-REC-00732,Semolina ladoo with nuts (Suji/Rava ladoo with nuts),en,source_name,SRC-INDB,INDB_RECIPE_BFP407
GF-REC-00733,TIL AND CHANNA CHIKKI,en,source_name,SRC-INDB,INDB_RECIPE_BFP412
GF-REC-00733,Sesame chickpeas brittle (Til aur channe ki chikki),en,source_name,SRC-INDB,INDB_RECIPE_BFP412
GF-REC-00734,MURMURA CHIKKI,en,source_name,SRC-INDB,INDB_RECIPE_BFP413
GF-REC-00734,Murmura chikki,en,source_name,SRC-INDB,INDB_RECIPE_BFP413
GF-REC-00735,MASALA ONION PAKORAS,en,source_name,SRC-INDB,INDB_RECIPE_BFP415
GF-REC-00735,Masala onion pakora/pakoda (Pyaaz ke pakode),en,source_name,SRC-INDB,INDB_RECIPE_BFP415
GF-REC-00736,MASALA GREEN CHILLI PAKORAS,en,source_name,SRC-INDB,INDB_RECIPE_BFP416
GF-REC-00736,Masala green chilli pakora/pakoda (Hari mirch kay pakode),en,source_name,SRC-INDB,INDB_RECIPE_BFP416
GF-REC-00737,CHICKEN PAKORAS,en,source_name,SRC-INDB,INDB_RECIPE_BFP420
GF-REC-00737,Chicken pakora/pakoda,en,source_name,SRC-INDB,INDB_RECIPE_BFP420
GF-REC-00738,FISH PAKORAS,en,source_name,SRC-INDB,INDB_RECIPE_BFP421
GF-REC-00738,Fish pakora/pakoda,en,source_name,SRC-INDB,INDB_RECIPE_BFP421
GF-REC-00739,PANEER CUTLET,en,source_name,SRC-INDB,INDB_RECIPE_BFP424
GF-REC-00739,Paneer cutlet,en,source_name,SRC-INDB,INDB_RECIPE_BFP424
GF-REC-00740,SAGO CUTLET/VADAS,en,source_name,SRC-INDB,INDB_RECIPE_BFP425
GF-REC-00740,Sago cutlet/vadas (Sabudana cutlet/vadas),en,source_name,SRC-INDB,INDB_RECIPE_BFP425
GF-REC-00741,POUSHTIK CUTLET,en,source_name,SRC-INDB,INDB_RECIPE_BFP427
GF-REC-00741,Poshtik cutlet,en,source_name,SRC-INDB,INDB_RECIPE_BFP427
GF-REC-00742,EGG CUTLET,en,source_name,SRC-INDB,INDB_RECIPE_BFP428
GF-REC-00742,Egg cutlet (Anda cutlet),en,source_name,SRC-INDB,INDB_RECIPE_BFP428
GF-REC-00743,MINCED MEAT CUTLET,en,source_name,SRC-INDB,INDB_RECIPE_BFP430
GF-REC-00743,Minced meat cutlet,en,source_name,SRC-INDB,INDB_RECIPE_BFP430
GF-REC-00744,VEGETABLE SAMOSAS,en,source_name,SRC-INDB,INDB_RECIPE_BFP431
GF-REC-00744,Vegetable samosa,en,source_name,SRC-INDB,INDB_RECIPE_BFP431
GF-REC-00745,PLAIN URAD DAL VADA,en,source_name,SRC-INDB,INDB_RECIPE_BFP436
GF-REC-00745,Plain urad dal vada (Uzunne vada/Minapa garelu/Ulundu vadai/Medu vada),en,source_name,SRC-INDB,INDB_RECIPE_BFP436
GF-REC-00746,MASALA URAD DAL VADA,en,source_name,SRC-INDB,INDB_RECIPE_BFP437
GF-REC-00746,Masala urad dal vada,en,source_name,SRC-INDB,INDB_RECIPE_BFP437
GF-REC-00747,KHAMAN (DHOKLA),en,source_name,SRC-INDB,INDB_RECIPE_BFP439
GF-REC-00747,Khaman (dhokla),en,source_name,SRC-INDB,INDB_RECIPE_BFP439
GF-REC-00748,INSTANT DHOKLA,en,source_name,SRC-INDB,INDB_RECIPE_BFP440
GF-REC-00748,Instant dhokla,en,source_name,SRC-INDB,INDB_RECIPE_BFP440
GF-REC-00749,TOMATO GINGER CHUTNEY,en,source_name,SRC-INDB,INDB_RECIPE_BFP442
GF-REC-00749,Tomato ginger chutney (Tamatar adarak ki chutney),en,source_name,SRC-INDB,INDB_RECIPE_BFP442
GF-REC-00750,MINT TOMATO CHUTNEY,en,source_name,SRC-INDB,INDB_RECIPE_BFP443
GF-REC-00750,Mint tomato chutney (Pudinay aur tamatar ki chutney),en,source_name,SRC-INDB,INDB_RECIPE_BFP443
GF-REC-00751,CORIANDER TOMATO CHUTNEY,en,source_name,SRC-INDB,INDB_RECIPE_BFP444
GF-REC-00751,Coriander chutney (Hare dhaniye ki chutney),en,source_name,SRC-INDB,INDB_RECIPE_BFP444
GF-REC-00752,AMLA CHUTNEY,en,source_name,SRC-INDB,INDB_RECIPE_BFP445
GF-REC-00752,Gooseberry chutney (Amla chutney),en,source_name,SRC-INDB,INDB_RECIPE_BFP445
GF-REC-00753,WALNUT CHUTNEY,en,source_name,SRC-INDB,INDB_RECIPE_BFP446
GF-REC-00753,Walnut chutney (Akhrot ki chutney),en,source_name,SRC-INDB,INDB_RECIPE_BFP446
GF-REC-00754,SONTH CHUTNEY,en,source_name,SRC-INDB,INDB_RECIPE_BFP447
GF-REC-00754,Saunth/Sonth chutney with ginger,en,source_name,SRC-INDB,INDB_RECIPE_BFP447
GF-REC-00755,GUN POWDER CHUTNEY,en,source_name,SRC-INDB,INDB_RECIPE_BFP448
GF-REC-00755,Gun powder chutney,en,source_name,SRC-INDB,INDB_RECIPE_BFP448
GF-REC-00756,DESSICATED COCONUT CHUTNEY,en,source_name,SRC-INDB,INDB_RECIPE_BFP450
GF-REC-00756,Dessicated coconut chutney (Sookhe kase nariyal ki chutney),en,source_name,SRC-INDB,INDB_RECIPE_BFP450
GF-REC-00757,CURD MINT DIP,en,source_name,SRC-INDB,INDB_RECIPE_BFP451
GF-REC-00757,Curd mint dip,en,source_name,SRC-INDB,INDB_RECIPE_BFP451
GF-REC-00758,CURD VEGETABLE DIP,en,source_name,SRC-INDB,INDB_RECIPE_BFP452
GF-REC-00758,Curd vegetable dip,en,source_name,SRC-INDB,INDB_RECIPE_BFP452
GF-REC-00759,MAYONNAISE VEGETABLE DIP,en,source_name,SRC-INDB,INDB_RECIPE_BFP453
GF-REC-00759,Mayonnaise vegetable dip,en,source_name,SRC-INDB,INDB_RECIPE_BFP453
GF-REC-00760,TOMATO AND CUCUMBER SANDWICHES,en,source_name,SRC-INDB,INDB_RECIPE_BFP455
GF-REC-00760,Tomato and cucumber sandwich (Tamatar aur kheere ka sandwich),en,source_name,SRC-INDB,INDB_RECIPE_BFP455
GF-REC-00761,TOMATO GRILLED SANDWICHES,en,source_name,SRC-INDB,INDB_RECIPE_BFP456
GF-REC-00761,Tomato sandwich (grilled),en,source_name,SRC-INDB,INDB_RECIPE_BFP456
GF-REC-00762,FRENCH TOASTED SANDWICHES,en,source_name,SRC-INDB,INDB_RECIPE_BFP457
GF-REC-00762,French sandwich (toasted),en,source_name,SRC-INDB,INDB_RECIPE_BFP457
GF-REC-00763,PEANUT BUTTER CUCUMBER SANDWICHES,en,source_name,SRC-INDB,INDB_RECIPE_BFP458
GF-REC-00763,Peanut butter cucumber sandwich,en,source_name,SRC-INDB,INDB_RECIPE_BFP458
GF-REC-00764,MINT AND PEANUT SANDWICHES,en,source_name,SRC-INDB,INDB_RECIPE_BFP459
GF-REC-00764,Mint and peanut sandwich,en,source_name,SRC-INDB,INDB_RECIPE_BFP459
GF-REC-00765,SPICY CHUTNEY SANDWICH,en,source_name,SRC-INDB,INDB_RECIPE_BFP460
GF-REC-00765,Spicy chutney sandwich,en,source_name,SRC-INDB,INDB_RECIPE_BFP460
GF-REC-00766,CHICKEN WALNUT SANDWICHES,en,source_name,SRC-INDB,INDB_RECIPE_BFP461
GF-REC-00766,Chicken walnut sandwich (Chicken aur akhrot ke sandwich),en,source_name,SRC-INDB,INDB_RECIPE_BFP461
GF-REC-00767,ROLLED SANDWICHES,en,source_name,SRC-INDB,INDB_RECIPE_BFP463
GF-REC-00767,Rolled sandwich,en,source_name,SRC-INDB,INDB_RECIPE_BFP463
GF-REC-00768,RIBBON SANDWICH,en,source_name,SRC-INDB,INDB_RECIPE_BFP466
GF-REC-00768,Ribbon sandwich,en,source_name,SRC-INDB,INDB_RECIPE_BFP466
GF-REC-00769,CHECKER BOARD SANDWICH,en,source_name,SRC-INDB,INDB_RECIPE_BFP467
GF-REC-00769,Checker board sandwich,en,source_name,SRC-INDB,INDB_RECIPE_BFP467
GF-REC-00770,SUBMARINE SANDWICHES,en,source_name,SRC-INDB,INDB_RECIPE_BFP468
GF-REC-00770,Submarine sandwich,en,source_name,SRC-INDB,INDB_RECIPE_BFP468
GF-REC-00771,CHEESE OPEN SANDWICHES,en,source_name,SRC-INDB,INDB_RECIPE_BFP470
GF-REC-00771,Cheese open sandwich,en,source_name,SRC-INDB,INDB_RECIPE_BFP470
GF-REC-00772,SUNSET AND SUNRISE OPEN SANDWICHES,en,source_name,SRC-INDB,INDB_RECIPE_BFP471
GF-REC-00772,Sunset and sunrise open sandwich,en,source_name,SRC-INDB,INDB_RECIPE_BFP471
GF-REC-00773,DANISH LUNCHEON SANDWICHES,en,source_name,SRC-INDB,INDB_RECIPE_BFP472
GF-REC-00773,Danish luncheon sandwich,en,source_name,SRC-INDB,INDB_RECIPE_BFP472
GF-REC-00774,CHICKEN AND CORN OPEN SANDWICHES,en,source_name,SRC-INDB,INDB_RECIPE_BFP473
GF-REC-00774,Chicken and corn open sandwich,en,source_name,SRC-INDB,INDB_RECIPE_BFP473
GF-REC-00775,CHOCOLATE SPONGE,en,source_name,SRC-INDB,INDB_RECIPE_BFP476
GF-REC-00775,Chocolate sponge cake,en,source_name,SRC-INDB,INDB_RECIPE_BFP476
GF-REC-00776,CHOCOLATE SWISS ROLL,en,source_name,SRC-INDB,INDB_RECIPE_BFP478
GF-REC-00776,Chocolate swiss roll,en,source_name,SRC-INDB,INDB_RECIPE_BFP478
GF-REC-00777,LEMON CURD FILLING,en,source_name,SRC-INDB,INDB_RECIPE_BFP479
GF-REC-00777,Lemon curd filling,en,source_name,SRC-INDB,INDB_RECIPE_BFP479
GF-REC-00778,JAM FILLING,en,source_name,SRC-INDB,INDB_RECIPE_BFP480
GF-REC-00778,Jam filling,en,source_name,SRC-INDB,INDB_RECIPE_BFP480
GF-REC-00779,CHOCOLATE PASTRY,en,source_name,SRC-INDB,INDB_RECIPE_BFP482
GF-REC-00779,Chocolate pastry,en,source_name,SRC-INDB,INDB_RECIPE_BFP482
GF-REC-00780,ASSORTED PASTRY,en,source_name,SRC-INDB,INDB_RECIPE_BFP483
GF-REC-00780,Assorted pastry,en,source_name,SRC-INDB,INDB_RECIPE_BFP483
GF-REC-00781,ORANGE GATEAU,en,source_name,SRC-INDB,INDB_RECIPE_BFP484
GF-REC-00781,Orange gateau,en,source_name,SRC-INDB,INDB_RECIPE_BFP484
GF-REC-00782,BLACK FOREST GATEAU,en,source_name,SRC-INDB,INDB_RECIPE_BFP485
GF-REC-00782,Black forest gateau,en,source_name,SRC-INDB,INDB_RECIPE_BFP485
GF-REC-00783,LEMON CAKE,en,source_name,SRC-INDB,INDB_RECIPE_BFP489
GF-REC-00783,Lemon cake,en,source_name,SRC-INDB,INDB_RECIPE_BFP489
GF-REC-00784,DUNDEE CAKE,en,source_name,SRC-INDB,INDB_RECIPE_BFP491
GF-REC-00784,Dundee cake,en,source_name,SRC-INDB,INDB_RECIPE_BFP491
GF-REC-00785,VICTORIAN SANDWICH CAKE,en,source_name,SRC-INDB,INDB_RECIPE_BFP492
GF-REC-00785,Victorian sandwich cake,en,source_name,SRC-INDB,INDB_RECIPE_BFP492
GF-REC-00786,CHOCOLATE EGGLESS CAKE,en,source_name,SRC-INDB,INDB_RECIPE_BFP495
GF-REC-00786,Chocolate eggless cake,en,source_name,SRC-INDB,INDB_RECIPE_BFP495
GF-REC-00787,ORANGE EGGLESS CAKE,en,source_name,SRC-INDB,INDB_RECIPE_BFP496
GF-REC-00787,Orange eggless cake,en,source_name,SRC-INDB,INDB_RECIPE_BFP496
GF-REC-00788,CHOCOLATE GLACE ICING,en,source_name,SRC-INDB,INDB_RECIPE_BFP498
GF-REC-00788,Chocolate glace icing,en,source_name,SRC-INDB,INDB_RECIPE_BFP498
GF-REC-00789,BUTTER ICING,en,source_name,SRC-INDB,INDB_RECIPE_BFP499
GF-REC-00789,Butter icing,en,source_name,SRC-INDB,INDB_RECIPE_BFP499
GF-REC-00790,CHOCOLATE BUTTER ICING,en,source_name,SRC-INDB,INDB_RECIPE_BFP500
GF-REC-00790,Chocolate butter icing,en,source_name,SRC-INDB,INDB_RECIPE_BFP500
GF-REC-00791,ALMOND BISCCUIT,en,source_name,SRC-INDB,INDB_RECIPE_BFP502
GF-REC-00791,Almond biscuit (Badam ke biscuit),en,source_name,SRC-INDB,INDB_RECIPE_BFP502
GF-REC-00792,ORANGE BISCUITS,en,source_name,SRC-INDB,INDB_RECIPE_BFP505
GF-REC-00792,Orange biscuit,en,source_name,SRC-INDB,INDB_RECIPE_BFP505
GF-REC-00793,GINGERMAN BISCUIT,en,source_name,SRC-INDB,INDB_RECIPE_BFP506
GF-REC-00793,Gingerman biscuit,en,source_name,SRC-INDB,INDB_RECIPE_BFP506
GF-REC-00794,COFFEE DROPS,en,source_name,SRC-INDB,INDB_RECIPE_BFP507
GF-REC-00794,Coffee drops,en,source_name,SRC-INDB,INDB_RECIPE_BFP507
GF-REC-00795,CHRISTMAS BISCUITS,en,source_name,SRC-INDB,INDB_RECIPE_BFP508
GF-REC-00795,Christmas biscuit,en,source_name,SRC-INDB,INDB_RECIPE_BFP508
GF-REC-00796,CHRISTMAS WREATH BISCUIT,en,source_name,SRC-INDB,INDB_RECIPE_BFP509
GF-REC-00796,Christmas wreath biscuit,en,source_name,SRC-INDB,INDB_RECIPE_BFP509
GF-REC-00797,CHRISTMAS BELL BISCUITS,en,source_name,SRC-INDB,INDB_RECIPE_BFP510
GF-REC-00797,Christmas bell biscuit,en,source_name,SRC-INDB,INDB_RECIPE_BFP510
GF-REC-00798,CHRISTMAS STAR BISCUIT,en,source_name,SRC-INDB,INDB_RECIPE_BFP511
GF-REC-00798,Christmas star biscuit,en,source_name,SRC-INDB,INDB_RECIPE_BFP511
GF-REC-00799,CHRISTMAS TREE BISCUIT,en,source_name,SRC-INDB,INDB_RECIPE_BFP512
GF-REC-00799,Christmas tree biscuit,en,source_name,SRC-INDB,INDB_RECIPE_BFP512
GF-REC-00800,CHOCOLATE CREAM SHELLS,en,source_name,SRC-INDB,INDB_RECIPE_BFP513
GF-REC-00800,Chocolate cream shells,en,source_name,SRC-INDB,INDB_RECIPE_BFP513
GF-REC-00801,JELLY BISCUIT,en,source_name,SRC-INDB,INDB_RECIPE_BFP516
GF-REC-00801,Jelly biscuit,en,source_name,SRC-INDB,INDB_RECIPE_BFP516
GF-REC-00802,CHERRY AND WALNUT COOKIES,en,source_name,SRC-INDB,INDB_RECIPE_BFP517
GF-REC-00802,Cherry and walnut cookies,en,source_name,SRC-INDB,INDB_RECIPE_BFP517
GF-REC-00803,CHEESE STRAWS,en,source_name,SRC-INDB,INDB_RECIPE_BFP518
GF-REC-00803,Cheese straws,en,source_name,SRC-INDB,INDB_RECIPE_BFP518
GF-REC-00804,BUTTERFLY BISCUITS,en,source_name,SRC-INDB,INDB_RECIPE_BFP519
GF-REC-00804,Butterfly biscuit,en,source_name,SRC-INDB,INDB_RECIPE_BFP519
GF-REC-00805,FLAN PASTRY,en,source_name,SRC-INDB,INDB_RECIPE_BFP521
GF-REC-00805,Flan pastry,en,source_name,SRC-INDB,INDB_RECIPE_BFP521
GF-REC-00806,FRUIT FLAN,en,source_name,SRC-INDB,INDB_RECIPE_BFP522
GF-REC-00806,Fruit flan,en,source_name,SRC-INDB,INDB_RECIPE_BFP522
GF-REC-00807,ORANGE CREAM FLAN,en,source_name,SRC-INDB,INDB_RECIPE_BFP523
GF-REC-00807,Orange cream flan,en,source_name,SRC-INDB,INDB_RECIPE_BFP523
GF-REC-00808,FRUIT PUREE TARTS,en,source_name,SRC-INDB,INDB_RECIPE_BFP527
GF-REC-00808,Fruit puree tart,en,source_name,SRC-INDB,INDB_RECIPE_BFP527
GF-REC-00809,APPLE BANANA PIE,en,source_name,SRC-INDB,INDB_RECIPE_BFP529
GF-REC-00809,Apple banana pie,en,source_name,SRC-INDB,INDB_RECIPE_BFP529
GF-REC-00810,LEMON CHIFFON PIE,en,source_name,SRC-INDB,INDB_RECIPE_BFP531
GF-REC-00810,Lemon chiffon pie,en,source_name,SRC-INDB,INDB_RECIPE_BFP531
GF-REC-00811,ORANGE CHIFFON PIE,en,source_name,SRC-INDB,INDB_RECIPE_BFP532
GF-REC-00811,Orange chiffon pie,en,source_name,SRC-INDB,INDB_RECIPE_BFP532
GF-REC-00812,CREAM BUNS,en,source_name,SRC-INDB,INDB_RECIPE_BFP534
GF-REC-00812,Cream buns,en,source_name,SRC-INDB,INDB_RECIPE_BFP534
GF-REC-00813,SAVOURY PUFFS,en,source_name,SRC-INDB,INDB_RECIPE_BFP535
GF-REC-00813,Savoury puffs,en,source_name,SRC-INDB,INDB_RECIPE_BFP535
GF-REC-00814,CHOUX SWANS,en,source_name,SRC-INDB,INDB_RECIPE_BFP536
GF-REC-00814,Choux swans,en,source_name,SRC-INDB,INDB_RECIPE_BFP536
GF-REC-00815,POTATO AIGRETTES,en,source_name,SRC-INDB,INDB_RECIPE_BFP539
GF-REC-00815,Potato aigrettes,en,source_name,SRC-INDB,INDB_RECIPE_BFP539
GF-REC-00816,CREAM HORNS,en,source_name,SRC-INDB,INDB_RECIPE_BFP541
GF-REC-00816,Cream horns,en,source_name,SRC-INDB,INDB_RECIPE_BFP541
GF-REC-00817,SAVOURY CHEESE HORNS,en,source_name,SRC-INDB,INDB_RECIPE_BFP542
GF-REC-00817,Savoury cheese horns,en,source_name,SRC-INDB,INDB_RECIPE_BFP542
GF-REC-00818,PANEER PATTIES,en,source_name,SRC-INDB,INDB_RECIPE_BFP544
GF-REC-00818,Paneer patties,en,source_name,SRC-INDB,INDB_RECIPE_BFP544
GF-REC-00819,VEGETABLE PATTIES,en,source_name,SRC-INDB,INDB_RECIPE_BFP545
GF-REC-00819,Vegetable patties,en,source_name,SRC-INDB,INDB_RECIPE_BFP545
GF-REC-00820,BAJRA INFANT FOOD,en,source_name,SRC-INDB,INDB_RECIPE_BFP546
GF-REC-00820,Pearl millet infant food (Bajra shishu aahaar),en,source_name,SRC-INDB,INDB_RECIPE_BFP546
GF-REC-00821,SAJINA,en,source_name,SRC-INDB,INDB_RECIPE_BFP547
GF-REC-00821,Sajina,en,source_name,SRC-INDB,INDB_RECIPE_BFP547
GF-REC-00822,CEREAL MIX,en,source_name,SRC-INDB,INDB_RECIPE_BFP548
GF-REC-00822,Cereal mix,en,source_name,SRC-INDB,INDB_RECIPE_BFP548
GF-REC-00823,PULSE MIX,en,source_name,SRC-INDB,INDB_RECIPE_BFP549
GF-REC-00823,Pulse mix,en,source_name,SRC-INDB,INDB_RECIPE_BFP549
GF-REC-00824,SHISHU AHAR,en,source_name,SRC-INDB,INDB_RECIPE_BFP550
GF-REC-00824,Shishu ahar,en,source_name,SRC-INDB,INDB_RECIPE_BFP550
GF-REC-00825,CEREAL PULSE MIX WITH AMYLASE RICE FLOUR,en,source_name,SRC-INDB,INDB_RECIPE_BFP552
GF-REC-00825,Cereal pulse mix with amylase rice flour,en,source_name,SRC-INDB,INDB_RECIPE_BFP552
GF-REC-00826,BANANA GROUNDNUT FOOD,en,source_name,SRC-INDB,INDB_RECIPE_BFP553
GF-REC-00826,Banana groundnut paste/puree,en,source_name,SRC-INDB,INDB_RECIPE_BFP553
GF-REC-00827,RICE DAL PORRIDGE,en,source_name,SRC-INDB,INDB_RECIPE_BFP554
GF-REC-00827,Rice dal porridge (Chawal dal ki khichdi/khichri),en,source_name,SRC-INDB,INDB_RECIPE_BFP554
GF-REC-00828,DAL SUJI PORRIDGE,en,source_name,SRC-INDB,INDB_RECIPE_BFP555
GF-REC-00828,Lentils and semolina porridge (Dal suji porridge/daliya),en,source_name,SRC-INDB,INDB_RECIPE_BFP555
GF-REC-00829,SPINACH KHICHRI,en,source_name,SRC-INDB,INDB_RECIPE_BFP556
GF-REC-00829,Spinach khichri (Palak khichri/khichdi),en,source_name,SRC-INDB,INDB_RECIPE_BFP556
GF-REC-00830,VEGETABLE MIX,en,source_name,SRC-INDB,INDB_RECIPE_BFP557
GF-REC-00830,Vegetable mix,en,source_name,SRC-INDB,INDB_RECIPE_BFP557
GF-REC-00831,DAL WHEAT PORRIDGE,en,source_name,SRC-INDB,INDB_RECIPE_BFP558
GF-REC-00831,Lentils and wheat porridge (Dal wheat porridge/daliya ),en,source_name,SRC-INDB,INDB_RECIPE_BFP558
GF-REC-00832,MAIZE PORRIDGE,en,source_name,SRC-INDB,INDB_RECIPE_BFP559
GF-REC-00832,Maize porridge,en,source_name,SRC-INDB,INDB_RECIPE_BFP559
GF-REC-00833,SPINACH PEANUT BURFI,en,source_name,SRC-INDB,INDB_RECIPE_BFP560
GF-REC-00833,Spinach peanut burfi (Palak aur mungfali ki burfi),en,source_name,SRC-INDB,INDB_RECIPE_BFP560
GF-REC-00834,CHANNA DAL BURFI,en,source_name,SRC-INDB,INDB_RECIPE_BFP561
GF-REC-00834,Split bengal gram burfi/fudge (Channa dal burfi),en,source_name,SRC-INDB,INDB_RECIPE_BFP561
GF-REC-00835,SWEET BESAN ROUNDS,en,source_name,SRC-INDB,INDB_RECIPE_BFP563
GF-REC-00835,Chickpea flour cookies (Sweet besan rounds/cookies),en,source_name,SRC-INDB,INDB_RECIPE_BFP563
GF-REC-00836,BAJRA MATHRI,en,source_name,SRC-INDB,INDB_RECIPE_BFP564
GF-REC-00836,Pearl millet mathri (Bajra mathri),en,source_name,SRC-INDB,INDB_RECIPE_BFP564
GF-REC-00837,TIL BISCUITS,en,source_name,SRC-INDB,INDB_RECIPE_BFP565
GF-REC-00837,Sesame biscuit (Til ke biscuit),en,source_name,SRC-INDB,INDB_RECIPE_BFP565
GF-REC-00838,FERMENTED BENGAL GRAM VADA,en,source_name,SRC-INDB,INDB_RECIPE_BFP566
GF-REC-00838,Fermented bengal gram vada (Khameerikrit/Ufna hua channa dal ka vada),en,source_name,SRC-INDB,INDB_RECIPE_BFP566
GF-REC-00839,POSHTIK NAMAK PARAS,en,source_name,SRC-INDB,INDB_RECIPE_BFP568
GF-REC-00839,Poshtik namak paras,en,source_name,SRC-INDB,INDB_RECIPE_BFP568
GF-REC-00840,SOYA CHIKKI,en,source_name,SRC-INDB,INDB_RECIPE_BFP569
GF-REC-00840,Soya chikki,en,source_name,SRC-INDB,INDB_RECIPE_BFP569
GF-REC-00841,BESAN BAHTHUA CHEELA,en,source_name,SRC-INDB,INDB_RECIPE_BFP570
GF-REC-00841,Besan bathua chilla/cheela,en,source_name,SRC-INDB,INDB_RECIPE_BFP570
GF-REC-00842,ATTA NUTS LADOOS,en,source_name,SRC-INDB,INDB_RECIPE_BFP571
GF-REC-00842,Wheat flour and nuts ladoos (Atta nuts ladoos),en,source_name,SRC-INDB,INDB_RECIPE_BFP571
GF-REC-00843,BESAN SUJI DHOKLA,en,source_name,SRC-INDB,INDB_RECIPE_BFP573
GF-REC-00843,Gram flour and semolina dhokla (Besan suji dhokla),en,source_name,SRC-INDB,INDB_RECIPE_BFP573
GF-REC-00844,ATTA DAL BURFI,en,source_name,SRC-INDB,INDB_RECIPE_BFP574
GF-REC-00844,Atta dal burfi,en,source_name,SRC-INDB,INDB_RECIPE_BFP574
GF-REC-00845,SOYA ROTI,en,source_name,SRC-INDB,INDB_RECIPE_BFP575
GF-REC-00845,Soya roti,en,source_name,SRC-INDB,INDB_RECIPE_BFP575
GF-REC-00846,POSHTIK KHICHRI,en,source_name,SRC-INDB,INDB_RECIPE_BFP576
GF-REC-00846,Poshtik khichdi/khichri,en,source_name,SRC-INDB,INDB_RECIPE_BFP576
GF-REC-00847,NAMKEEN DALIYA,en,source_name,SRC-INDB,INDB_RECIPE_BFP577
GF-REC-00847,Namkeen daliya,en,source_name,SRC-INDB,INDB_RECIPE_BFP577
GF-REC-00848,SPROUTS UPMA,en,source_name,SRC-INDB,INDB_RECIPE_BFP578
GF-REC-00848,Sprouts upma,en,source_name,SRC-INDB,INDB_RECIPE_BFP578
GF-REC-00849,SUJI IDLI,en,source_name,SRC-INDB,INDB_RECIPE_BFP579
GF-REC-00849,Semolina idli (Suji/Rava idli),en,source_name,SRC-INDB,INDB_RECIPE_BFP579
GF-REC-00850,PAUSHTIK CHEELA,en,source_name,SRC-INDB,INDB_RECIPE_BFP580
GF-REC-00850,Poshtik chilla/cheela,en,source_name,SRC-INDB,INDB_RECIPE_BFP580
GF-REC-00851,APPLE JELLY,en,source_name,SRC-INDB,INDB_RECIPE_BFP583
GF-REC-00851,Apple jelly (Seb ki jelly),en,source_name,SRC-INDB,INDB_RECIPE_BFP583
GF-REC-00852,MARMALADES,en,source_name,SRC-INDB,INDB_RECIPE_BFP585
GF-REC-00852,Marmalade (Murabba),en,source_name,SRC-INDB,INDB_RECIPE_BFP585
GF-REC-00853,PLUM SQUASH,en,source_name,SRC-INDB,INDB_RECIPE_BFP589
GF-REC-00853,Plum squash (Aloo bukhara squash),en,source_name,SRC-INDB,INDB_RECIPE_BFP589
GF-REC-00854,LEMON GREEN CHILLI PICKLE,en,source_name,SRC-INDB,INDB_RECIPE_BFP595
GF-REC-00854,Lemon green chilli pickle (Nimboo aur hari mirch ka achaar),en,source_name,SRC-INDB,INDB_RECIPE_BFP595
GF-REC-00855,BRINJAL PICKLE,en,source_name,SRC-INDB,INDB_RECIPE_BFP597
GF-REC-00855,Brinjal pickle (Baingan ka achaar),en,source_name,SRC-INDB,INDB_RECIPE_BFP597
GF-REC-00856,SWEET AND SOUR TOMATO PICKLE,en,source_name,SRC-INDB,INDB_RECIPE_BFP598
GF-REC-00856,Sweet and sour tomato pickle (Khatta meetha tamatar ka achaar),en,source_name,SRC-INDB,INDB_RECIPE_BFP598
GF-REC-00857,JHATPAT ACHAR,en,source_name,SRC-INDB,INDB_RECIPE_BFP599
GF-REC-00857,Jhatpat achar with carrot (Jhatpat achaar gajar ke saath),en,source_name,SRC-INDB,INDB_RECIPE_BFP599
GF-REC-00858,TOMATO CHUTNEY,en,source_name,SRC-INDB,INDB_RECIPE_BFP601
GF-REC-00858,Tomato chutney (Tamatar ki chutney),en,source_name,SRC-INDB,INDB_RECIPE_BFP601
GF-REC-00859,TOMATO KETCHUP,en,source_name,SRC-INDB,INDB_RECIPE_BFP602
GF-REC-00859,Tomato ketchup,en,source_name,SRC-INDB,INDB_RECIPE_BFP602
GF-REC-00860,STUFFED KARELA (DRY),en,source_name,SRC-INDB,INDB_RECIPE_BFP604
GF-REC-00860,Stuffed bittergourd (dry) (Bharwa karela),en,source_name,SRC-INDB,INDB_RECIPE_BFP604
GF-REC-00861,Cauliflower/ potato canjee,en,source_name,SRC-INDB,INDB_RECIPE_BFP605
GF-REC-00861,Cauliflower potato canjee,en,source_name,SRC-INDB,INDB_RECIPE_BFP605
GF-REC-00862,CREAMED SPINACH,en,source_name,SRC-INDB,INDB_RECIPE_BFP606
GF-REC-00862,Creamed spinach,en,source_name,SRC-INDB,INDB_RECIPE_BFP606
GF-REC-00863,(Mango) MILKSHAKE WITH ICE CREAM,en,source_name,SRC-INDB,INDB_RECIPE_BFP607
GF-REC-00863,Mango milkshake with ice cream (Aam milkshake ice cream ke saath),en,source_name,SRC-INDB,INDB_RECIPE_BFP607
GF-REC-00864,(Pineapple) MILKSHAKE WITH ICE CREAM,en,source_name,SRC-INDB,INDB_RECIPE_BFP608
GF-REC-00864,Pineapple milkshake with ice cream (Ananas milkshake ice cream ke saath),en,source_name,SRC-INDB,INDB_RECIPE_BFP608
GF-REC-00865,(Orange) MILKSHAKE WITH ICE CREAM,en,source_name,SRC-INDB,INDB_RECIPE_BFP609
GF-REC-00865,Orange milkshake with ice cream (Narangi milkshake ice cream ke saath),en,source_name,SRC-INDB,INDB_RECIPE_BFP609
GF-REC-00866,Wood apple juice,en,source_name,SRC-INDB,INDB_RECIPE_OSR001
GF-REC-00866,Woodapple juice (Bel ka sharbat),en,source_name,SRC-INDB,INDB_RECIPE_OSR001
GF-REC-00867,Sattu drink,en,source_name,SRC-INDB,INDB_RECIPE_OSR002
GF-REC-00868,Apple and Honey Sorbet,en,source_name,SRC-INDB,INDB_RECIPE_OSR004
GF-REC-00868,Apple and honey sorbet (Seb aur shehad ka sharbat),en,source_name,SRC-INDB,INDB_RECIPE_OSR004
GF-REC-00869,Thandai,en,source_name,SRC-INDB,INDB_RECIPE_OSR005
GF-REC-00870,Cucumber sharbat,en,source_name,SRC-INDB,INDB_RECIPE_OSR006
GF-REC-00870,Cucumber sharbat (Kheere ka sharbat),en,source_name,SRC-INDB,INDB_RECIPE_OSR006
GF-REC-00871,Apple oats chia seed smoothie,en,source_name,SRC-INDB,INDB_RECIPE_OSR007
GF-REC-00872,Nannari sharbat,en,source_name,SRC-INDB,INDB_RECIPE_OSR008
GF-REC-00873,Thari kanji,en,source_name,SRC-INDB,INDB_RECIPE_OSR009
GF-REC-00873,Semolina milk drink (Thari kanji),en,source_name,SRC-INDB,INDB_RECIPE_OSR009
GF-REC-00874,Kesariya doodh/ saffron milk,en,source_name,SRC-INDB,INDB_RECIPE_OSR010
GF-REC-00874,Saffron milk (Kesariya doodh),en,source_name,SRC-INDB,INDB_RECIPE_OSR010
GF-REC-00875,Chak-hao Kheer (black rice kheer),en,source_name,SRC-INDB,INDB_RECIPE_OSR011
GF-REC-00875,Black rice kheer (Chak-hao kheer),en,source_name,SRC-INDB,INDB_RECIPE_OSR011
GF-REC-00876,Coconut kheer,en,source_name,SRC-INDB,INDB_RECIPE_OSR012
GF-REC-00876,Coconut kheer (Nariyal ki kheer),en,source_name,SRC-INDB,INDB_RECIPE_OSR012
GF-REC-00877,Apple sago payasam,en,source_name,SRC-INDB,INDB_RECIPE_OSR013
GF-REC-00877,Apple sago payasam (Seb aur sabudana ki kheer),en,source_name,SRC-INDB,INDB_RECIPE_OSR013
GF-REC-00878,Kesari bath,en,source_name,SRC-INDB,INDB_RECIPE_OSR014
GF-REC-00879,Putharekulu,en,source_name,SRC-INDB,INDB_RECIPE_OSR015
GF-REC-00880,Mango malpua,en,source_name,SRC-INDB,INDB_RECIPE_OSR016
GF-REC-00881,Mango vanilla custard,en,source_name,SRC-INDB,INDB_RECIPE_OSR017
GF-REC-00882,Kiwi granola pudding,en,source_name,SRC-INDB,INDB_RECIPE_OSR018
GF-REC-00883,Oats burfi,en,source_name,SRC-INDB,INDB_RECIPE_OSR019
GF-REC-00884,Lotus seed halwa (kamal gatta),en,source_name,SRC-INDB,INDB_RECIPE_OSR020
GF-REC-00884,Lotus seed halwa (Kamal gattay ka halwa),en,source_name,SRC-INDB,INDB_RECIPE_OSR020
GF-REC-00885,Amaranth ladoo,en,source_name,SRC-INDB,INDB_RECIPE_OSR021
GF-REC-00885,Amaranth ladoo (Rajgira ladoo),en,source_name,SRC-INDB,INDB_RECIPE_OSR021
GF-REC-00886,Chhena poda,en,source_name,SRC-INDB,INDB_RECIPE_OSR022
GF-REC-00887,Sweet couscous dessert,en,source_name,SRC-INDB,INDB_RECIPE_OSR023
GF-REC-00888,Shrikhand,en,source_name,SRC-INDB,INDB_RECIPE_OSR024
GF-REC-00888,Sweetened yogurt (Shrikhand),en,source_name,SRC-INDB,INDB_RECIPE_OSR024
GF-REC-00889,Rabri,en,source_name,SRC-INDB,INDB_RECIPE_OSR025
GF-REC-00889,Thickened sweetened milk (Rabri),en,source_name,SRC-INDB,INDB_RECIPE_OSR025
GF-REC-00890,Besan halwa,en,source_name,SRC-INDB,INDB_RECIPE_OSR026
GF-REC-00890,Gram flour halwa (Besan halwa),en,source_name,SRC-INDB,INDB_RECIPE_OSR026
GF-REC-00891,Prawn sandwich,en,source_name,SRC-INDB,INDB_RECIPE_OSR027
GF-REC-00892,Watercress sandwich,en,source_name,SRC-INDB,INDB_RECIPE_OSR028
GF-REC-00893,Fish sandwich,en,source_name,SRC-INDB,INDB_RECIPE_OSR029
GF-REC-00894,Kidney bean sandwich with cottage cheese,en,source_name,SRC-INDB,INDB_RECIPE_OSR030
GF-REC-00895,Ragi biscuits,en,source_name,SRC-INDB,INDB_RECIPE_OSR031
GF-REC-00895,Finger millet biscuit (Ragi biscuit),en,source_name,SRC-INDB,INDB_RECIPE_OSR031
GF-REC-00896,Buttermilk biscuits,en,source_name,SRC-INDB,INDB_RECIPE_OSR032
GF-REC-00896,Buttermilk biscuit,en,source_name,SRC-INDB,INDB_RECIPE_OSR032
GF-REC-00897,Lemon cookies,en,source_name,SRC-INDB,INDB_RECIPE_OSR033
GF-REC-00898,Sweet potato biscuits,en,source_name,SRC-INDB,INDB_RECIPE_OSR034
GF-REC-00898,Sweet potato biscuit (Shakarkand ke biscuit),en,source_name,SRC-INDB,INDB_RECIPE_OSR034
GF-REC-00899,Raspberry Shortbread Cookies,en,source_name,SRC-INDB,INDB_RECIPE_OSR035
GF-REC-00899,Raspberry shortbread cookies,en,source_name,SRC-INDB,INDB_RECIPE_OSR035
GF-REC-00900,Pumpkin cookies,en,source_name,SRC-INDB,INDB_RECIPE_OSR036
GF-REC-00901,Greenpea cookies,en,source_name,SRC-INDB,INDB_RECIPE_OSR037
GF-REC-00902,Sunflower cookies,en,source_name,SRC-INDB,INDB_RECIPE_OSR038
GF-REC-00903,Cardamom cookies,en,source_name,SRC-INDB,INDB_RECIPE_OSR039
GF-REC-00903,Cardamom cookies (Elaichi cookies),en,source_name,SRC-INDB,INDB_RECIPE_OSR039
GF-REC-00904,Hazelnut cookies,en,source_name,SRC-INDB,INDB_RECIPE_OSR040
GF-REC-00905,Milk cookies,en,source_name,SRC-INDB,INDB_RECIPE_OSR041
GF-REC-00906,Cranberry cookies,en,source_name,SRC-INDB,INDB_RECIPE_OSR042
GF-REC-00907,Olive biscuits,en,source_name,SRC-INDB,INDB_RECIPE_OSR043
GF-REC-00907,Olive biscuit,en,source_name,SRC-INDB,INDB_RECIPE_OSR043
GF-REC-00908,Tutti frutti biscuits,en,source_name,SRC-INDB,INDB_RECIPE_OSR045
GF-REC-00908,Tutti fruitti biscuit,en,source_name,SRC-INDB,INDB_RECIPE_OSR045
GF-REC-00909,Peach blueberry preserves,en,source_name,SRC-INDB,INDB_RECIPE_OSR046
GF-REC-00910,Pear preserves,en,source_name,SRC-INDB,INDB_RECIPE_OSR047
GF-REC-00910,Pear preserves (Naashpati ka murabba),en,source_name,SRC-INDB,INDB_RECIPE_OSR047
GF-REC-00911,Starfruit preserves,en,source_name,SRC-INDB,INDB_RECIPE_OSR048
GF-REC-00912,Gooseberry pickle,en,source_name,SRC-INDB,INDB_RECIPE_OSR049
GF-REC-00912,Gooseberry pickle (Amla ka achaar),en,source_name,SRC-INDB,INDB_RECIPE_OSR049
GF-REC-00913,Lotus stem pickle,en,source_name,SRC-INDB,INDB_RECIPE_OSR050
GF-REC-00913,Lotus stem pickle (Kamal kakdi ka achar),en,source_name,SRC-INDB,INDB_RECIPE_OSR050
GF-REC-00914,Date pickle,en,source_name,SRC-INDB,INDB_RECIPE_OSR051
GF-REC-00914,Date pickle (Khajoor ka achaar),en,source_name,SRC-INDB,INDB_RECIPE_OSR051
GF-REC-00915,Garlic pickle,en,source_name,SRC-INDB,INDB_RECIPE_OSR052
GF-REC-00915,Garlic pickle (Lahasun ka achar),en,source_name,SRC-INDB,INDB_RECIPE_OSR052
GF-REC-00916,Mesu pickle,en,source_name,SRC-INDB,INDB_RECIPE_OSR053
GF-REC-00916,Fermented bamboo shoot pickle (Mesu pickle),en,source_name,SRC-INDB,INDB_RECIPE_OSR053
GF-REC-00917,Sweet peach pickle,en,source_name,SRC-INDB,INDB_RECIPE_OSR054
GF-REC-00917,Sweet peach pickle (Aadoo ka achaar),en,source_name,SRC-INDB,INDB_RECIPE_OSR054
GF-REC-00918,Pickled mustard greens,en,source_name,SRC-INDB,INDB_RECIPE_OSR055
GF-REC-00919,Small onion pickle,en,source_name,SRC-INDB,INDB_RECIPE_OSR056
GF-REC-00920,Green tomato pickle,en,source_name,SRC-INDB,INDB_RECIPE_OSR057
GF-REC-00920,Green tomato pickle (Haray tamatar ka achaar),en,source_name,SRC-INDB,INDB_RECIPE_OSR057
GF-REC-00921,Pickled cabbage,en,source_name,SRC-INDB,INDB_RECIPE_OSR058
GF-REC-00922,Coconut pickle,en,source_name,SRC-INDB,INDB_RECIPE_OSR059
GF-REC-00922,Coconut pickle (Nariyal ka aachar),en,source_name,SRC-INDB,INDB_RECIPE_OSR059
GF-REC-00923,Potato pickle,en,source_name,SRC-INDB,INDB_RECIPE_OSR060
GF-REC-00923,Potato pickle (Aloo ka achaar),en,source_name,SRC-INDB,INDB_RECIPE_OSR060
GF-REC-00924,Mango murabba candy,en,source_name,SRC-INDB,INDB_RECIPE_OSR061
GF-REC-00925,Afghani chicken,en,source_name,SRC-INDB,INDB_RECIPE_OSR062
GF-REC-00926,Fish orly,en,source_name,SRC-INDB,INDB_RECIPE_OSR063
GF-REC-00927,Hariyali fish tikka,en,source_name,SRC-INDB,INDB_RECIPE_OSR064
GF-REC-00927,Hariyali Fish Tikka,en,source_name,SRC-INDB,INDB_RECIPE_OSR064
GF-REC-00928,Chicken Manchurian,en,source_name,SRC-INDB,INDB_RECIPE_OSR065
GF-REC-00928,Chicken manchurian,en,source_name,SRC-INDB,INDB_RECIPE_OSR065
GF-REC-00929,Handi chicken,en,source_name,SRC-INDB,INDB_RECIPE_OSR066
GF-REC-00930,Lemon chicken,en,source_name,SRC-INDB,INDB_RECIPE_OSR067
GF-REC-00931,Lemon butter fish,en,source_name,SRC-INDB,INDB_RECIPE_OSR068
GF-REC-00932,Baked Eggs in Tomato Sauce,en,source_name,SRC-INDB,INDB_RECIPE_OSR069
GF-REC-00932,Baked eggs in tomato sauce,en,source_name,SRC-INDB,INDB_RECIPE_OSR069
GF-REC-00933,Egg in a Pepper,en,source_name,SRC-INDB,INDB_RECIPE_OSR070
GF-REC-00933,Egg in a pepper,en,source_name,SRC-INDB,INDB_RECIPE_OSR070
GF-REC-00934,Spinach-Mushroom Scrambled Eggs,en,source_name,SRC-INDB,INDB_RECIPE_OSR071
GF-REC-00934,Spinach mushroom scrambled egg (Palak mushroom bhurji),en,source_name,SRC-INDB,INDB_RECIPE_OSR071
GF-REC-00935,Corn Omelet,en,source_name,SRC-INDB,INDB_RECIPE_OSR072
GF-REC-00935,Corn omelette/omlet,en,source_name,SRC-INDB,INDB_RECIPE_OSR072
GF-REC-00936,Cajun Chicken,en,source_name,SRC-INDB,INDB_RECIPE_OSR073
GF-REC-00936,Cajun chicken,en,source_name,SRC-INDB,INDB_RECIPE_OSR073
GF-REC-00937,Paaner do pyaza,en,source_name,SRC-INDB,INDB_RECIPE_OSR074
GF-REC-00938,Gobi Manchurian,en,source_name,SRC-INDB,INDB_RECIPE_OSR075
GF-REC-00938,Cabbage manchurian (Pattagobhi manchurian),en,source_name,SRC-INDB,INDB_RECIPE_OSR075
GF-REC-00939,Gobi 65,en,source_name,SRC-INDB,INDB_RECIPE_OSR076
GF-REC-00940,Paneer Lababdar,en,source_name,SRC-INDB,INDB_RECIPE_OSR077
GF-REC-00940,Paneer lababdar,en,source_name,SRC-INDB,INDB_RECIPE_OSR077
GF-REC-00941,Roasted Cauliflower Steak,en,source_name,SRC-INDB,INDB_RECIPE_OSR078
GF-REC-00941,Roasted cauliflower steak,en,source_name,SRC-INDB,INDB_RECIPE_OSR078
GF-REC-00942,Sauteed Radishes with Green Beans,en,source_name,SRC-INDB,INDB_RECIPE_OSR079
GF-REC-00942,Sauteed radishes with green beans,en,source_name,SRC-INDB,INDB_RECIPE_OSR079
GF-REC-00943,Garlic chutney /poondu chutney,en,source_name,SRC-INDB,INDB_RECIPE_OSR080
GF-REC-00943,Garlic chutney/Poondu chutney (Lahasun ki chutney),en,source_name,SRC-INDB,INDB_RECIPE_OSR080
GF-REC-00944,Schezwan chutney,en,source_name,SRC-INDB,INDB_RECIPE_OSR081
GF-REC-00945,Bengal 5 Spice Blend (Panch Phoran),en,source_name,SRC-INDB,INDB_RECIPE_OSR082
GF-REC-00946,Vengaya Chutney/ onion chutney,en,source_name,SRC-INDB,INDB_RECIPE_OSR083
GF-REC-00946,Onion chutney (Pyaaz ki chutney/Vengaya chutney),en,source_name,SRC-INDB,INDB_RECIPE_OSR083
GF-REC-00947,Dates Chutney,en,source_name,SRC-INDB,INDB_RECIPE_OSR085
GF-REC-00947,Dates chutney (Khajoor ki chutney),en,source_name,SRC-INDB,INDB_RECIPE_OSR085
GF-REC-00948,Chicken salad,en,source_name,SRC-INDB,INDB_RECIPE_OSR086
GF-REC-00949,Macaroni salad,en,source_name,SRC-INDB,INDB_RECIPE_OSR087
GF-REC-00950,Cabbage raita,en,source_name,SRC-INDB,INDB_RECIPE_OSR088
GF-REC-00950,Cabbage raita (Pattagobhi raita),en,source_name,SRC-INDB,INDB_RECIPE_OSR088
GF-REC-00951,Pomegranate raita,en,source_name,SRC-INDB,INDB_RECIPE_OSR089
GF-REC-00951,Pomegranate raita (Anaar ka raita),en,source_name,SRC-INDB,INDB_RECIPE_OSR089
GF-REC-00952,Onion raita,en,source_name,SRC-INDB,INDB_RECIPE_OSR090
GF-REC-00952,Onion raita (Pyaaz ka raita),en,source_name,SRC-INDB,INDB_RECIPE_OSR090
GF-REC-00953,Green chilli raita,en,source_name,SRC-INDB,INDB_RECIPE_OSR091
GF-REC-00953,Green chilli raita (Hari mirch ka raita),en,source_name,SRC-INDB,INDB_RECIPE_OSR091
GF-REC-00954,Kale Salad,en,source_name,SRC-INDB,INDB_RECIPE_OSR092
GF-REC-00954,Kale salad,en,source_name,SRC-INDB,INDB_RECIPE_OSR092
GF-REC-00955,Spinach and Paneer Souffle,en,source_name,SRC-INDB,INDB_RECIPE_OSR093
GF-REC-00955,Spinach and paneer souffle,en,source_name,SRC-INDB,INDB_RECIPE_OSR093
GF-REC-00956,Masala Soufflé,en,source_name,SRC-INDB,INDB_RECIPE_OSR094
GF-REC-00956,Masala souffle,en,source_name,SRC-INDB,INDB_RECIPE_OSR094
GF-REC-00957,Chicken and Cheese Souffle,en,source_name,SRC-INDB,INDB_RECIPE_OSR095
GF-REC-00957,Chicken and cheese souffle,en,source_name,SRC-INDB,INDB_RECIPE_OSR095
GF-REC-00958,Tamarind chutney,en,source_name,SRC-INDB,INDB_RECIPE_OSR096
GF-REC-00958,Tamarind chutney (Chintapandu pachadi/Puli chutney),en,source_name,SRC-INDB,INDB_RECIPE_OSR096
GF-REC-00959,Pav bhaji masala,en,source_name,SRC-INDB,INDB_RECIPE_OSR097
GF-REC-00960,Green chutney,en,source_name,SRC-INDB,INDB_RECIPE_OSR098
GF-REC-00961,Sabudana-khichdi,en,source_name,SRC-INDB,INDB_RECIPE_OSR099
GF-REC-00961,Sago khitchdi/khichri (Sabudana khitchdi/khichri),en,source_name,SRC-INDB,INDB_RECIPE_OSR099
GF-REC-00962,Besan Chilla,en,source_name,SRC-INDB,INDB_RECIPE_OSR100
GF-REC-00962,Gram flour chilla/cheela (Besan chilla/cheela),en,source_name,SRC-INDB,INDB_RECIPE_OSR100
GF-REC-00963,Vegetable Namkeen Jave,en,source_name,SRC-INDB,INDB_RECIPE_OSR101
GF-REC-00963,Vegetable namkeen jave,en,source_name,SRC-INDB,INDB_RECIPE_OSR101
GF-REC-00964,Khakra,en,source_name,SRC-INDB,INDB_RECIPE_OSR102
GF-REC-00964,Khakhra,en,source_name,SRC-INDB,INDB_RECIPE_OSR102
GF-REC-00965,Pesarattu (Moong bean dosa),en,source_name,SRC-INDB,INDB_RECIPE_OSR103
GF-REC-00965,Moong bean dosa (Pesarattu),en,source_name,SRC-INDB,INDB_RECIPE_OSR103
GF-REC-00966,Methi thepla,en,source_name,SRC-INDB,INDB_RECIPE_OSR104
GF-REC-00967,Puttu,en,source_name,SRC-INDB,INDB_RECIPE_OSR105
GF-REC-00967,Rice puttu (Ari puttu),en,source_name,SRC-INDB,INDB_RECIPE_OSR105
GF-REC-00968,Khura (buckwheat pancake),en,source_name,SRC-INDB,INDB_RECIPE_OSR106
GF-REC-00968,Buckwheat pancake (Khura),en,source_name,SRC-INDB,INDB_RECIPE_OSR106
GF-REC-00969,Quinoa khichdi,en,source_name,SRC-INDB,INDB_RECIPE_OSR107
GF-REC-00969,Quinoa khichdi/khichri,en,source_name,SRC-INDB,INDB_RECIPE_OSR107
GF-REC-00970,Khakhra Chaat,en,source_name,SRC-INDB,INDB_RECIPE_OSR108
GF-REC-00970,Khakhra chaat,en,source_name,SRC-INDB,INDB_RECIPE_OSR108
GF-REC-00971,Banana Appam,en,source_name,SRC-INDB,INDB_RECIPE_OSR110
GF-REC-00971,Banana appam,en,source_name,SRC-INDB,INDB_RECIPE_OSR110
GF-REC-00972,Veg Manchurian,en,source_name,SRC-INDB,INDB_RECIPE_OSR111
GF-REC-00972,Veg manchurian,en,source_name,SRC-INDB,INDB_RECIPE_OSR111
GF-REC-00973,Pav bhaji,en,source_name,SRC-INDB,INDB_RECIPE_OSR112
GF-REC-00974,Rice murukku,en,source_name,SRC-INDB,INDB_RECIPE_OSR113
GF-REC-00975,Bhel puri,en,source_name,SRC-INDB,INDB_RECIPE_OSR114
GF-REC-00976,Rava dhokla,en,source_name,SRC-INDB,INDB_RECIPE_OSR115
GF-REC-00976,Semolina dhokla (Suji/Rava dhokla),en,source_name,SRC-INDB,INDB_RECIPE_OSR115
GF-REC-00977,Spicy corn chaat,en,source_name,SRC-INDB,INDB_RECIPE_OSR116
GF-REC-00978,Jackfruit fritters/ ponsa mulik,en,source_name,SRC-INDB,INDB_RECIPE_OSR118
GF-REC-00978,Jackfruit fritters (Ponsa mulik/Kathal ka pakora),en,source_name,SRC-INDB,INDB_RECIPE_OSR118
GF-REC-00979,Banana chips,en,source_name,SRC-INDB,INDB_RECIPE_OSR119
GF-REC-00979,Banana chips (Kele ke chips),en,source_name,SRC-INDB,INDB_RECIPE_OSR119
GF-REC-00980,Wheat cake,en,source_name,SRC-INDB,INDB_RECIPE_OSR120
GF-REC-00981,Mango cheesecake,en,source_name,SRC-INDB,INDB_RECIPE_OSR121
GF-REC-00982,Carrot cake,en,source_name,SRC-INDB,INDB_RECIPE_OSR122
GF-REC-00982,Carrot cake (Gajar ka cake),en,source_name,SRC-INDB,INDB_RECIPE_OSR122
GF-REC-00983,Rava cake,en,source_name,SRC-INDB,INDB_RECIPE_OSR123
GF-REC-00983,Semolina cake (Suji/Rava cake),en,source_name,SRC-INDB,INDB_RECIPE_OSR123
GF-REC-00984,Ragi cake,en,source_name,SRC-INDB,INDB_RECIPE_OSR124
GF-REC-00984,Finger millet cake (Ragi cake),en,source_name,SRC-INDB,INDB_RECIPE_OSR124
GF-REC-00985,Honey cake,en,source_name,SRC-INDB,INDB_RECIPE_OSR125
GF-REC-00986,Almond cardamom cake,en,source_name,SRC-INDB,INDB_RECIPE_OSR126
GF-REC-00986,Almond cardamom cake (Badam elaichi cake),en,source_name,SRC-INDB,INDB_RECIPE_OSR126
GF-REC-00987,Tutti frutti cake,en,source_name,SRC-INDB,INDB_RECIPE_OSR127
GF-REC-00988,Ham and Bean soup,en,source_name,SRC-INDB,INDB_RECIPE_OSR128
GF-REC-00989,Whey soup,en,source_name,SRC-INDB,INDB_RECIPE_OSR129
GF-REC-00990,Lauki soup (Bottle gourd soup),en,source_name,SRC-INDB,INDB_RECIPE_OSR130
GF-REC-00990,Bottle gourd soup (Ghiya/Lauki soup),en,source_name,SRC-INDB,INDB_RECIPE_OSR130
GF-REC-00991,Baked potato soup,en,source_name,SRC-INDB,INDB_RECIPE_OSR131
GF-REC-00992,Pumpkin soup,en,source_name,SRC-INDB,INDB_RECIPE_OSR132
GF-REC-00993,Sweet corn soup,en,source_name,SRC-INDB,INDB_RECIPE_OSR133
GF-REC-00994,Paneer soup,en,source_name,SRC-INDB,INDB_RECIPE_OSR134
GF-REC-00995,Curried Cauliflower soup,en,source_name,SRC-INDB,INDB_RECIPE_OSR135
GF-REC-00996,Millet soup,en,source_name,SRC-INDB,INDB_RECIPE_OSR136
GF-REC-00997,Lemon coriander soup,en,source_name,SRC-INDB,INDB_RECIPE_OSR137
GF-REC-00998,Garlic soup,en,source_name,SRC-INDB,INDB_RECIPE_OSR138
GF-REC-00999,Dal makhani,en,source_name,SRC-INDB,INDB_RECIPE_OSR139
GF-REC-01000,Dalma,en,source_name,SRC-INDB,INDB_RECIPE_OSR141
GF-REC-01001,Chana Dal,en,source_name,SRC-INDB,INDB_RECIPE_OSR142
GF-REC-01001,Split bengal gram dal (Channa dal),en,source_name,SRC-INDB,INDB_RECIPE_OSR142
GF-REC-01002,Horsegram Dal (Kulthi Dal),en,source_name,SRC-INDB,INDB_RECIPE_OSR143
GF-REC-01002,Horsegram dal (Kulthi dal),en,source_name,SRC-INDB,INDB_RECIPE_OSR143
GF-REC-01003,Panchmel dal,en,source_name,SRC-INDB,INDB_RECIPE_OSR144
GF-REC-01004,Dal dhokli,en,source_name,SRC-INDB,INDB_RECIPE_OSR145
GF-REC-01005,Gujarati handvo,en,source_name,SRC-INDB,INDB_RECIPE_OSR146
GF-REC-01006,Sev,en,source_name,SRC-INDB,INDB_RECIPE_OSR147
GF-REC-01006,Sev (Omapodi/Karapusa),en,source_name,SRC-INDB,INDB_RECIPE_OSR147
GF-REC-01007,Papdi,en,source_name,SRC-INDB,INDB_RECIPE_OSR148
GF-REC-01008,Jowar dosa,en,source_name,SRC-INDB,INDB_RECIPE_OSR151
GF-REC-01009,Bread roll,en,source_name,SRC-INDB,INDB_RECIPE_OSR152
GF-REC-01010,Soya seekh kabab,en,source_name,SRC-INDB,INDB_RECIPE_OSR153
GF-REC-01010,Soya seekh kebab,en,source_name,SRC-INDB,INDB_RECIPE_OSR153
GF-REC-01011,Classic seasoned black beans,en,source_name,SRC-INDB,INDB_RECIPE_OSR154
GF-REC-01012,Maa chaane ki dal,en,source_name,SRC-INDB,INDB_RECIPE_OSR155
GF-REC-01013,Garlic chickpea soup,en,source_name,SRC-INDB,INDB_RECIPE_OSR156
GF-REC-01013,Garlic chickpea soup (Lahasun aur chane ka shoraba),en,source_name,SRC-INDB,INDB_RECIPE_OSR156
GF-REC-01014,Shepherd's pie,en,source_name,SRC-INDB,INDB_RECIPE_ASC239
GF-REC-01014,Shepherd's pie (with minced meat),en,source_name,SRC-INDB,INDB_RECIPE_ASC239
