source_record_id,recipe_name,source_serving_unit,energy_kcal_per_serving,protein_g_per_serving,carb_g_per_serving,fat_g_per_serving,fiber_g_per_serving,source,source_ref,portion_status,conversion_method
ASC001,Hot tea (Garam Chai),tea cup,33.98374938964844,0.8165000081062317,5.434999942779541,1.1200000047683716,0.0,INDB,turn0search12,green_source_defined_serving,"Use source-defined serving directly; scale by fraction when user chooses 1/2, 1/4, 2x, etc."
ASC002,Instant coffee,tea cup,104.20124816894533,2.882999897003174,16.440000534057617,3.359999895095825,0.0,INDB,turn0search12,green_source_defined_serving,"Use source-defined serving directly; scale by fraction when user chooses 1/2, 1/4, 2x, etc."
ASC003,Espreso coffee,tea cup,81.69625091552734,2.7689998149871826,10.493499755859377,3.388999938964844,0.0,INDB,turn0search12,green_source_defined_serving,"Use source-defined serving directly; scale by fraction when user chooses 1/2, 1/4, 2x, etc."
ASC004,Iced tea,tall glass,33.095001220703125,0.0894999951124191,8.644999504089355,0.0350000001490116,0.0,INDB,turn0search12,green_source_defined_serving,"Use source-defined serving directly; scale by fraction when user chooses 1/2, 1/4, 2x, etc."
ASC005,Raw mango drink (Aam panna),tall glass,96.44041442871094,0.4216375052928924,24.292449951171875,0.0707250013947486,1.6432875394821167,INDB,turn0search12,green_source_defined_serving,"Use source-defined serving directly; scale by fraction when user chooses 1/2, 1/4, 2x, etc."
ASC006,Fruit Punch (with fresh juices),tall glass,196.59661865234372,0.758525013923645,51.06184005737305,0.1769199967384338,0.3269000053405761,INDB,turn0search12,green_source_defined_serving,"Use source-defined serving directly; scale by fraction when user chooses 1/2, 1/4, 2x, etc."
ASC007,Fruit Punch (with squashes),tall glass,116.2970962524414,0.3637750148773193,30.119091033935547,0.0846699997782707,0.8458999991416931,INDB,turn0search12,green_source_defined_serving,"Use source-defined serving directly; scale by fraction when user chooses 1/2, 1/4, 2x, etc."
ASC008,Lemonade,glass,72.64044952392578,0.1216000020503997,19.133899688720703,0.0364999994635582,0.0588999986648559,INDB,turn0search12,green_source_defined_serving,"Use source-defined serving directly; scale by fraction when user chooses 1/2, 1/4, 2x, etc."
ASC009,Lem-o-gin,glass,76.76319885253906,0.288100004196167,19.806650161743164,0.1002499982714653,0.4609000086784363,INDB,turn0search12,green_source_defined_serving,"Use source-defined serving directly; scale by fraction when user chooses 1/2, 1/4, 2x, etc."
ASC010,Cumin infused water (Jeere/Zeere ka pani),glass,30.80308151245117,0.5744500160217285,6.317924976348877,0.3744249939918518,1.5708000659942627,INDB,turn0search12,green_source_defined_serving,"Use source-defined serving directly; scale by fraction when user chooses 1/2, 1/4, 2x, etc."
ASC011,Coco pine cooler,tall glass,141.54014587402344,2.398940086364746,24.71183967590332,4.321919918060303,1.1118199825286863,INDB,turn0search12,green_source_defined_serving,"Use source-defined serving directly; scale by fraction when user chooses 1/2, 1/4, 2x, etc."
ASC012,Summer cooler,tall glass,110.94645690917967,1.849552035331726,26.86810302734375,0.1751099973917007,0.9730759859085084,INDB,turn0search12,green_source_defined_serving,"Use source-defined serving directly; scale by fraction when user chooses 1/2, 1/4, 2x, etc."
ASC014,Hot cocoa,cup,172.09100341796875,6.422999858856201,17.636999130249023,8.71500015258789,0.0,INDB,turn0search12,green_source_defined_serving,"Use source-defined serving directly; scale by fraction when user chooses 1/2, 1/4, 2x, etc."
ASC015,Cold coffee with ice cream,tall glass,204.56399536132807,4.733999729156494,33.90299987792969,6.360000133514404,0.0240000002086162,INDB,turn0search12,green_source_defined_serving,"Use source-defined serving directly; scale by fraction when user chooses 1/2, 1/4, 2x, etc."
ASC016,Banana milkshake (Kele milkshake),tall glass,225.6337890625,6.368599891662598,31.597999572753903,8.19260025024414,0.8840000033378601,INDB,turn0search12,green_source_defined_serving,"Use source-defined serving directly; scale by fraction when user chooses 1/2, 1/4, 2x, etc."
ASC017,Mango milkshake (Aam milkshake),tall glass,202.2834930419922,6.138599872589111,25.70800018310547,8.339600563049316,0.9399999976158142,INDB,turn0search12,green_source_defined_serving,"Use source-defined serving directly; scale by fraction when user chooses 1/2, 1/4, 2x, etc."
ASC018,Pineapple milkshake (Ananas milkshake),tall glass,203.09100341796875,6.047999858856201,27.79199981689453,8.124000549316406,0.0,INDB,turn0search12,green_source_defined_serving,"Use source-defined serving directly; scale by fraction when user chooses 1/2, 1/4, 2x, etc."
ASC019,Orange milkshake (Narangi milkshake),tall glass,183.4409942626953,5.958000183105469,22.707000732421875,8.064000129699707,0.0,INDB,turn0search12,green_source_defined_serving,"Use source-defined serving directly; scale by fraction when user chooses 1/2, 1/4, 2x, etc."
ASC020,Egg nog,tall glass,294.8243103027344,14.496099472045898,24.720199584960938,15.510199546813965,0.0599500015377998,INDB,turn0search12,green_source_defined_serving,"Use source-defined serving directly; scale by fraction when user chooses 1/2, 1/4, 2x, etc."
ASC021,Sweet Lassi (Meethi lassi),tall glass,157.8000030517578,5.699999809265137,28.799999237060547,3.0,0.0,INDB,turn0search12,green_source_defined_serving,"Use source-defined serving directly; scale by fraction when user chooses 1/2, 1/4, 2x, etc."
ASC022,Lassi (salted),tall glass,79.76121520996094,5.734774589538574,7.856550216674805,3.041599988937378,0.0758749991655349,INDB,turn0search12,green_source_defined_serving,"Use source-defined serving directly; scale by fraction when user chooses 1/2, 1/4, 2x, etc."
ASC023,Cheese and chilli sandwich ,triangle,121.59893035888672,3.788549900054932,15.276299476623535,5.452600002288818,1.158900022506714,INDB,turn0search12,green_source_defined_serving,"Use source-defined serving directly; scale by fraction when user chooses 1/2, 1/4, 2x, etc."
ASC024,Egg sandwich (Ande ka sandwich),triangle,145.12322998046875,4.41254997253418,14.7972993850708,8.017350196838379,0.9528999924659728,INDB,turn0search12,green_source_defined_serving,"Use source-defined serving directly; scale by fraction when user chooses 1/2, 1/4, 2x, etc."
ASC025,Cucumber sandwich (Kheere ka sandwich),triangle,114.57322692871094,2.91504979133606,15.652299880981444,4.85860013961792,1.4879000186920166,INDB,turn0search12,green_source_defined_serving,"Use source-defined serving directly; scale by fraction when user chooses 1/2, 1/4, 2x, etc."
ASC026,Cheese and pineapple sandwich (Cheese aur ananas ka sandwich),triangle,143.6757354736328,4.569550037384033,16.224300384521484,7.134600162506104,1.2989000082015991,INDB,turn0search12,green_source_defined_serving,"Use source-defined serving directly; scale by fraction when user chooses 1/2, 1/4, 2x, etc."
ASC027,Cheese and tomato sandwich (Cheese aur tamatar ke sandwich),triangle,141.73385620117188,4.612549781799316,15.682299613952637,7.149849891662598,1.1504000425338743,INDB,turn0search12,green_source_defined_serving,"Use source-defined serving directly; scale by fraction when user chooses 1/2, 1/4, 2x, etc."
ASC028,Chicken sandwich,triangle,147.5313262939453,7.644799709320068,14.782299995422363,6.843600273132324,0.9528999924659728,INDB,turn0search12,green_source_defined_serving,"Use source-defined serving directly; scale by fraction when user chooses 1/2, 1/4, 2x, etc."
ASC029,Peanut and tomato sandwich (Moongfali aur tamatar ka sandwich),triangle,177.04185485839844,5.78879976272583,17.341049194335938,9.803600311279297,2.4479000568389893,INDB,turn0search12,green_source_defined_serving,"Use source-defined serving directly; scale by fraction when user chooses 1/2, 1/4, 2x, etc."
ASC030,Rainbow sandwich,triangle,130.443359375,3.704819917678833,16.38673210144043,5.9970526695251465,1.0056650638580322,INDB,turn0search12,green_source_defined_serving,"Use source-defined serving directly; scale by fraction when user chooses 1/2, 1/4, 2x, etc."
ASC031,Club sandwich ,triangle,206.79112243652344,6.423774719238281,16.26427459716797,13.288050651550291,1.5889500379562378,INDB,turn0search12,green_source_defined_serving,"Use source-defined serving directly; scale by fraction when user chooses 1/2, 1/4, 2x, etc."
ASC032,Vegetarian club sandwich,triangle,164.36537170410156,4.517775058746338,16.313274383544922,9.389050483703612,1.704450011253357,INDB,turn0search12,green_source_defined_serving,"Use source-defined serving directly; scale by fraction when user chooses 1/2, 1/4, 2x, etc."
ASC033,Pin wheel sandwich,triangle,86.83636474609375,2.443774938583374,3.9036498069763184,6.950550079345703,0.2589499950408935,INDB,turn0search12,green_source_defined_serving,"Use source-defined serving directly; scale by fraction when user chooses 1/2, 1/4, 2x, etc."
ASC034,Carrot apple sandwich (Gajar aur seb ka sandwich),triangle,208.2237701416016,5.151700019836426,28.246225357055664,8.873074531555176,3.555500030517578,INDB,turn0search12,green_source_defined_serving,"Use source-defined serving directly; scale by fraction when user chooses 1/2, 1/4, 2x, etc."
ASC035,Salami sandwich,triangle,189.7783203125,6.456549644470215,15.992300033569336,11.51609992980957,1.462399959564209,INDB,turn0search12,green_source_defined_serving,"Use source-defined serving directly; scale by fraction when user chooses 1/2, 1/4, 2x, etc."
ASC036,Vegetable and mayonnaise sandwich,triangle,166.83128356933594,3.055519819259644,15.846564292907717,10.517109870910645,1.605870008468628,INDB,turn0search12,green_source_defined_serving,"Use source-defined serving directly; scale by fraction when user chooses 1/2, 1/4, 2x, etc."
ASC037,Egg and tomato sandwich (Ande aur tamatar ka sandwich),triangle,132.15328979492188,4.555049896240234,15.41230010986328,6.252974987030029,1.051650047302246,INDB,turn0search12,green_source_defined_serving,"Use source-defined serving directly; scale by fraction when user chooses 1/2, 1/4, 2x, etc."
ASC038,Sweet open sandwich,triangle,144.1050262451172,2.9413998126983643,23.15379905700684,4.810800075531006,1.3904000520706177,INDB,turn0search12,green_source_defined_serving,"Use source-defined serving directly; scale by fraction when user chooses 1/2, 1/4, 2x, etc."
ASC039,Mushroom and cheese sandwich (toasted),triangle,172.2699737548828,5.897549629211426,15.917299270629885,9.853599548339844,1.7303999662399292,INDB,turn0search12,green_source_defined_serving,"Use source-defined serving directly; scale by fraction when user chooses 1/2, 1/4, 2x, etc."
ASC040,Cheese and tomato sandwich (toasted) (Cheese aur tamatar ke sandwich (toasted)),triangle,170.1189727783203,5.16754961013794,16.222299575805664,9.811100006103516,1.3479000329971311,INDB,turn0search12,green_source_defined_serving,"Use source-defined serving directly; scale by fraction when user chooses 1/2, 1/4, 2x, etc."
ASC041,Pea potato sandwich (toasted) (Matar aloo ka sandwich),toasted triangle,146.55545043945312,4.092618942260742,22.36838150024414,4.823389530181885,2.564848661422729,INDB,turn0search12,green_source_defined_serving,"Use source-defined serving directly; scale by fraction when user chooses 1/2, 1/4, 2x, etc."
ASC042,Paneer pea sandwich (toasted) (Paneer matar ka sandwich),toasted triangle,221.7926483154297,11.02061939239502,21.37638092041016,10.643389701843262,1.8808485269546509,INDB,turn0search12,green_source_defined_serving,"Use source-defined serving directly; scale by fraction when user chooses 1/2, 1/4, 2x, etc."
ASC043,Chicken sandwich (toasted),toasted triangle,143.09962463378906,10.329299926757812,16.09054946899414,4.544849872589111,1.4039000272750854,INDB,turn0search12,green_source_defined_serving,"Use source-defined serving directly; scale by fraction when user chooses 1/2, 1/4, 2x, etc."
ASC044,Pea keema sandwich (toasted) (Matar aur keema ka sandwich),toasted triangle,145.39048767089844,9.356972694396973,17.14426040649414,4.749497413635254,2.076564073562622,INDB,turn0search12,green_source_defined_serving,"Use source-defined serving directly; scale by fraction when user chooses 1/2, 1/4, 2x, etc."
ASC045,Classic club sandwich,triangle,448.8572998046875,15.05579948425293,41.32869720458984,25.84239959716797,3.629300117492676,INDB,turn0search12,green_source_defined_serving,"Use source-defined serving directly; scale by fraction when user chooses 1/2, 1/4, 2x, etc."
ASC046,Sesame toast,toasted triangle,309.1819763183594,1.1857500076293943,6.959887504577637,30.83049964904785,0.8235374689102173,INDB,turn0search12,green_source_defined_serving,"Use source-defined serving directly; scale by fraction when user chooses 1/2, 1/4, 2x, etc."
ASC047,Cracked wheat porridge (Meetha daliya),bowl,328.70751953125,10.649999618530272,35.75,16.44499969482422,2.5,INDB,turn0search12,green_source_defined_serving,"Use source-defined serving directly; scale by fraction when user chooses 1/2, 1/4, 2x, etc."
ASC048,Semolina porridge (Suji/Rava daliya),bowl,280.4862976074219,10.425999641418455,34.43600082397461,11.347999572753906,1.944000005722046,INDB,turn0search12,green_source_defined_serving,"Use source-defined serving directly; scale by fraction when user chooses 1/2, 1/4, 2x, etc."
ASC050,Oatmeal Porridge,bowl,289.9574890136719,10.329999923706056,34.88999938964844,12.81999969482422,1.559999942779541,INDB,turn0search12,green_source_defined_serving,"Use source-defined serving directly; scale by fraction when user chooses 1/2, 1/4, 2x, etc."
ASC051,Cornflakes with milk,bowl,326.1679992675781,9.984000205993652,41.555999755859375,14.232000350952148,2.1600000858306885,INDB,turn0search12,green_source_defined_serving,"Use source-defined serving directly; scale by fraction when user chooses 1/2, 1/4, 2x, etc."
ASC052,Rice flakes (Chiwda/Aval),bowl,312.583984375,10.055999755859377,43.28099822998047,11.093999862670898,1.037999987602234,INDB,turn0search12,green_source_defined_serving,"Use source-defined serving directly; scale by fraction when user chooses 1/2, 1/4, 2x, etc."
ASC053,Wheat flakes,bowl,312.583984375,10.055999755859377,43.28099822998047,11.093999862670898,1.037999987602234,INDB,turn0search12,green_source_defined_serving,"Use source-defined serving directly; scale by fraction when user chooses 1/2, 1/4, 2x, etc."
ASC054,Murmura (Puffed rice),bowl,315.02178955078125,10.0649995803833,43.560001373291016,11.23799991607666,0.7680000066757202,INDB,turn0search12,green_source_defined_serving,"Use source-defined serving directly; scale by fraction when user chooses 1/2, 1/4, 2x, etc."
ASC055,Puffed wheat (Murmure/Moori),bowl,315.02178955078125,10.0649995803833,43.560001373291016,11.23799991607666,0.7680000066757202,INDB,turn0search12,green_source_defined_serving,"Use source-defined serving directly; scale by fraction when user chooses 1/2, 1/4, 2x, etc."
ASC056,Boiled egg (Ubla anda),egg,68.4854507446289,6.690599918365479,0.181099995970726,4.588699817657471,0.165800005197525,INDB,turn0search12,green_source_defined_serving,"Use source-defined serving directly; scale by fraction when user chooses 1/2, 1/4, 2x, etc."
ASC057,Fried Egg ,egg,129.16795349121094,6.690599918365479,0.181099995970726,11.331949234008787,0.165800005197525,INDB,turn0search12,green_source_defined_serving,"Use source-defined serving directly; scale by fraction when user chooses 1/2, 1/4, 2x, etc."
ASC058,Poached egg,egg,69.3654556274414,6.706599712371826,0.2050999999046325,4.588699817657471,0.165800005197525,INDB,turn0search12,green_source_defined_serving,"Use source-defined serving directly; scale by fraction when user chooses 1/2, 1/4, 2x, etc."
ASC059,Scrambled egg (Ande ki bhurji),egg,109.17970275878906,7.20359992980957,0.9460999965667723,8.548700332641602,0.165800005197525,INDB,turn0search12,green_source_defined_serving,"Use source-defined serving directly; scale by fraction when user chooses 1/2, 1/4, 2x, etc."
ASC060,Baked egg ,egg,221.03546142578125,12.00059986114502,15.571099281311035,12.77869987487793,1.0357999801635742,INDB,turn0search12,green_source_defined_serving,"Use source-defined serving directly; scale by fraction when user chooses 1/2, 1/4, 2x, etc."
ASC061,Plain omelette/omlet,omelette,389.5476989746094,13.819600105285645,0.9221000075340272,36.80870056152344,0.165800005197525,INDB,turn0search12,green_source_defined_serving,"Use source-defined serving directly; scale by fraction when user chooses 1/2, 1/4, 2x, etc."
ASC062,Stuffed egg omelette/omlet,omelette,533.2089233398438,22.538599014282227,6.031100273132324,46.56919860839844,1.9658000469207764,INDB,turn0search12,green_source_defined_serving,"Use source-defined serving directly; scale by fraction when user chooses 1/2, 1/4, 2x, etc."
ASC063,Pancake,pancake,85.96858215332031,2.4021201133728027,8.661999702453613,4.57272481918335,0.2759999930858612,INDB,turn0search12,green_source_defined_serving,"Use source-defined serving directly; scale by fraction when user chooses 1/2, 1/4, 2x, etc."
ASC064,Keema pancake,pancake,194.5767364501953,9.942151069641112,10.551835060119627,12.413161277770996,0.9279019832611084,INDB,turn0search12,green_source_defined_serving,"Use source-defined serving directly; scale by fraction when user chooses 1/2, 1/4, 2x, etc."
ASC065,Vegetable pancake,pancake,146.6440887451172,4.528619766235352,14.333499908447266,7.700475215911865,2.9019999504089355,INDB,turn0search12,green_source_defined_serving,"Use source-defined serving directly; scale by fraction when user chooses 1/2, 1/4, 2x, etc."
ASC066,Jam and fruit pancake,pancake,106.567626953125,2.4939324855804443,13.633562088012695,4.609537601470947,0.7949999570846558,INDB,turn0search12,green_source_defined_serving,"Use source-defined serving directly; scale by fraction when user chooses 1/2, 1/4, 2x, etc."
ASC067,Khoa and coconut pancake,pancake,193.5142822265625,4.965994834899902,19.44045066833496,10.881975173950195,1.175125002861023,INDB,turn0search12,green_source_defined_serving,"Use source-defined serving directly; scale by fraction when user chooses 1/2, 1/4, 2x, etc."
ASC068,Brown stock,cup,103.6545867919922,9.47064971923828,1.2235249280929563,6.727575302124023,0.4558500051498413,INDB,turn0search12,green_source_defined_serving,"Use source-defined serving directly; scale by fraction when user chooses 1/2, 1/4, 2x, etc."
ASC069,Vegetable stock,cup,73.13308715820312,1.2450000047683716,3.986375093460083,5.723225116729736,1.5851000547409058,INDB,turn0search12,green_source_defined_serving,"Use source-defined serving directly; scale by fraction when user chooses 1/2, 1/4, 2x, etc."
ASC070,Chicken stock,cup,112.33460235595705,13.85925006866455,1.3827500343322754,5.67864990234375,0.3891500234603882,INDB,turn0search12,green_source_defined_serving,"Use source-defined serving directly; scale by fraction when user chooses 1/2, 1/4, 2x, etc."
ASC079,Clear tomato soup (Tamatar ka soup),soup bowl,318.41461181640625,19.05940055847168,13.721650123596191,48.61235046386719,7.809000015258789,INDB,turn0search12,green_source_defined_serving,"Use source-defined serving directly; scale by fraction when user chooses 1/2, 1/4, 2x, etc."
ASC080,Lentil soup,soup bowl,121.308349609375,37.57402801513672,15.353501319885254,45.457305908203125,10.018588066101074,INDB,turn0search12,green_source_defined_serving,"Use source-defined serving directly; scale by fraction when user chooses 1/2, 1/4, 2x, etc."
ASC081,Chicken consomme (Clear chicken soup),soup bowl,108.3073501586914,25.914100646972656,2.6778500080108643,27.15024948120117,3.5429000854492188,INDB,turn0search12,green_source_defined_serving,"Use source-defined serving directly; scale by fraction when user chooses 1/2, 1/4, 2x, etc."
ASC082,Cream of tomato soup,soup bowl,452.28369140625,21.318099975585938,18.16309928894043,60.64599990844727,6.359100341796875,INDB,turn0search12,green_source_defined_serving,"Use source-defined serving directly; scale by fraction when user chooses 1/2, 1/4, 2x, etc."
ASC083,Cream of green peas soup,soup bowl,522.2297973632812,29.113401412963867,27.576499938964844,60.38190078735352,12.052900314331056,INDB,turn0search12,green_source_defined_serving,"Use source-defined serving directly; scale by fraction when user chooses 1/2, 1/4, 2x, etc."
ASC084,Cream of spinach soup,soup bowl,465.117919921875,24.12172508239746,15.944491386413574,61.57588195800781,8.053511619567871,INDB,turn0search12,green_source_defined_serving,"Use source-defined serving directly; scale by fraction when user chooses 1/2, 1/4, 2x, etc."
ASC085,Cream of mixed vegetable soup,soup bowl,216.15640258789065,24.80560111999512,17.8705997467041,32.79449844360352,7.767600059509277,INDB,turn0search12,green_source_defined_serving,"Use source-defined serving directly; scale by fraction when user chooses 1/2, 1/4, 2x, etc."
ASC086,Cream of mushroom soup,soup bowl,439.8269348144531,24.90312385559082,14.035191535949709,58.13238143920898,5.011061191558838,INDB,turn0search12,green_source_defined_serving,"Use source-defined serving directly; scale by fraction when user chooses 1/2, 1/4, 2x, etc."
ASC087,Chicken sweet corn soup,soup bowl,68.46476745605469,34.99354934692383,3.94777512550354,30.443649291992188,1.1269500255584717,INDB,turn0search12,green_source_defined_serving,"Use source-defined serving directly; scale by fraction when user chooses 1/2, 1/4, 2x, etc."
ASC088,Minestrone soup,soup bowl,98.16986083984376,21.4101505279541,8.548774719238281,25.51492500305176,4.424449920654297,INDB,turn0search12,green_source_defined_serving,"Use source-defined serving directly; scale by fraction when user chooses 1/2, 1/4, 2x, etc."
ASC089,Egg drop soup,soup bowl,84.63752746582031,41.08480072021485,3.497549772262573,42.94834899902344,2.575900077819824,INDB,turn0search12,green_source_defined_serving,"Use source-defined serving directly; scale by fraction when user chooses 1/2, 1/4, 2x, etc."
ASC090,Chinese cabbage and meat ball soup,soup bowl,2254.248291015625,24.254337310791016,6.651449680328369,263.3182678222656,2.634906053543091,INDB,turn0search12,green_source_defined_serving,"Use source-defined serving directly; scale by fraction when user chooses 1/2, 1/4, 2x, etc."
ASC091,French onion soup,soup bowl,195.69065856933597,40.14400100708008,15.044499397277832,50.64529800415039,3.565800189971924,INDB,turn0search12,green_source_defined_serving,"Use source-defined serving directly; scale by fraction when user chooses 1/2, 1/4, 2x, etc."
ASC092,Hot and sour soup,soup bowl,123.8498077392578,12.247037887573242,6.978763103485107,5.157778739929199,2.3627469539642334,INDB,turn0search12,green_source_defined_serving,"Use source-defined serving directly; scale by fraction when user chooses 1/2, 1/4, 2x, etc."
ASC093,Talaumein soup,soup bowl,131.48260498046875,37.355350494384766,15.394519805908203,47.18227005004883,7.157410144805908,INDB,turn0search12,green_source_defined_serving,"Use source-defined serving directly; scale by fraction when user chooses 1/2, 1/4, 2x, etc."
ASC094,Cold cucumber soup (Thanda kheere ka soup),soup bowl,90.1298828125,5.606462478637695,8.59620189666748,3.736067056655884,1.6466785669326782,INDB,turn0search12,green_source_defined_serving,"Use source-defined serving directly; scale by fraction when user chooses 1/2, 1/4, 2x, etc."
ASC095,Cold summer garden soup,soup bowl,151.00250244140625,26.31399917602539,8.122200012207031,43.22969818115234,5.699900150299072,INDB,turn0search12,green_source_defined_serving,"Use source-defined serving directly; scale by fraction when user chooses 1/2, 1/4, 2x, etc."
ASC096,Chapati/Roti,chapati,72.83200073242188,2.115000009536743,12.833999633789062,1.2820000648498535,2.2720000743865967,INDB,turn0search12,green_source_defined_serving,"Use source-defined serving directly; scale by fraction when user chooses 1/2, 1/4, 2x, etc."
ASC097,Plain parantha/paratha,parantha,166.3126678466797,2.818666696548462,17.11199951171875,9.398999214172363,3.0293333530426025,INDB,turn0search12,green_source_defined_serving,"Use source-defined serving directly; scale by fraction when user chooses 1/2, 1/4, 2x, etc."
ASC098,Potato parantha/paratha (Aloo ka parantha/paratha),parantha,191.4344024658203,3.452496290206909,22.332578659057617,9.541991233825684,3.898180246353149,INDB,turn0search12,green_source_defined_serving,"Use source-defined serving directly; scale by fraction when user chooses 1/2, 1/4, 2x, etc."
ASC099,Radish parantha/paratha (Mooli ka parantha/paratha),parantha,183.57928466796875,3.29849624633789,20.5485782623291,9.530658721923828,4.32551383972168,INDB,turn0search12,green_source_defined_serving,"Use source-defined serving directly; scale by fraction when user chooses 1/2, 1/4, 2x, etc."
ASC100,Cauliflower parantha/paratha (Phoolgobhi ka parantha/paratha),parantha,181.3884429931641,3.795495986938477,19.188077926635746,9.641491889953612,4.7681803703308105,INDB,turn0search12,green_source_defined_serving,"Use source-defined serving directly; scale by fraction when user chooses 1/2, 1/4, 2x, etc."
ASC101,Dal parantha/paratha,parantha,205.7345733642578,5.196829319000244,23.033912658691406,10.011658668518066,4.957180500030518,INDB,turn0search12,green_source_defined_serving,"Use source-defined serving directly; scale by fraction when user chooses 1/2, 1/4, 2x, etc."
ASC102,Sprouted moong parantha/paratha,parantha,175.32427978515625,3.2918293476104736,18.64191246032715,9.530658721923828,3.4421803951263428,INDB,turn0search12,green_source_defined_serving,"Use source-defined serving directly; scale by fraction when user chooses 1/2, 1/4, 2x, etc."
ASC103,Pea parantha/paratha (Matar ka parantha/paratha),parantha,206.6826171875,6.062662601470947,23.311912536621094,9.534825325012209,6.07551383972168,INDB,turn0search12,green_source_defined_serving,"Use source-defined serving directly; scale by fraction when user chooses 1/2, 1/4, 2x, etc."
ASC104,Keema parantha/paratha,parantha,238.15760803222656,9.408495903015137,18.36191177368164,13.91399097442627,3.4421803951263428,INDB,turn0search12,green_source_defined_serving,"Use source-defined serving directly; scale by fraction when user chooses 1/2, 1/4, 2x, etc."
ASC105,Paneer parantha/paratha,parantha,223.59983825683597,6.788829326629639,20.684579849243164,12.432659149169922,3.4013471603393555,INDB,turn0search12,green_source_defined_serving,"Use source-defined serving directly; scale by fraction when user chooses 1/2, 1/4, 2x, etc."
ASC106,Besan and spinach parantha/paratha (Besan aur palak ka parantha/paratha),parantha,178.1224822998047,4.5620293617248535,17.598379135131836,9.944491386413574,3.615113496780396,INDB,turn0search12,green_source_defined_serving,"Use source-defined serving directly; scale by fraction when user chooses 1/2, 1/4, 2x, etc."
ASC107,Poori,poori,921.3056640625,1.6920000314712524,10.267199516296388,96.92959594726562,1.8176000118255613,INDB,turn0search12,green_source_defined_serving,"Use source-defined serving directly; scale by fraction when user chooses 1/2, 1/4, 2x, etc."
ASC108,Spinach poori (Palak poori),poori,923.7434692382812,1.9195001125335691,10.472200393676758,97.00789642333984,2.090400218963623,INDB,turn0search12,green_source_defined_serving,"Use source-defined serving directly; scale by fraction when user chooses 1/2, 1/4, 2x, etc."
ASC109,Methi poori,poori,923.0264892578124,1.8895000219345093,10.375699996948242,96.9853973388672,2.097400188446045,INDB,turn0search12,green_source_defined_serving,"Use source-defined serving directly; scale by fraction when user chooses 1/2, 1/4, 2x, etc."
ASC110,Dal stuffed poori,poori,932.6478271484376,2.4651825428009038,12.041372299194336,97.0290985107422,2.3334317207336426,INDB,turn0search12,green_source_defined_serving,"Use source-defined serving directly; scale by fraction when user chooses 1/2, 1/4, 2x, etc."
ASC111,Potato stuffed poori (Aloo ki poori),poori,925.8718872070312,1.8135000467300413,11.20580005645752,96.97279357910156,1.9550001621246336,INDB,turn0search12,green_source_defined_serving,"Use source-defined serving directly; scale by fraction when user chooses 1/2, 1/4, 2x, etc."
ASC112,Tandoori parantha/paratha,parantha,164.42266845703125,2.827666997909546,17.11199951171875,9.19200038909912,3.0293333530426025,INDB,turn0search12,green_source_defined_serving,"Use source-defined serving directly; scale by fraction when user chooses 1/2, 1/4, 2x, etc."
ASC113,Boiled rice (Uble chawal),plate,351.5690002441406,7.809999942779541,77.16000366210938,0.550000011920929,3.740000009536743,INDB,turn0search12,green_source_defined_serving,"Use source-defined serving directly; scale by fraction when user chooses 1/2, 1/4, 2x, etc."
ASC114,Plain pulao,plate,431.7001647949219,7.200700283050537,67.17179870605469,14.23134994506836,5.189650058746338,INDB,turn0search12,green_source_defined_serving,"Use source-defined serving directly; scale by fraction when user chooses 1/2, 1/4, 2x, etc."
ASC115,Mixed vegetable pulao,plate,495.6087646484375,11.936699867248535,76.6758041381836,14.588349342346191,11.693650245666504,INDB,turn0search12,green_source_defined_serving,"Use source-defined serving directly; scale by fraction when user chooses 1/2, 1/4, 2x, etc."
ASC116,Mushroom pulao,plate,445.4426574707031,9.04069995880127,68.16180419921875,14.441349983215332,6.744649887084961,INDB,turn0search12,green_source_defined_serving,"Use source-defined serving directly; scale by fraction when user chooses 1/2, 1/4, 2x, etc."
ASC117,Sprouted moong pulao,plate,460.8106384277344,8.925700187683105,71.3468017578125,14.716349601745604,7.279650211334228,INDB,turn0search12,green_source_defined_serving,"Use source-defined serving directly; scale by fraction when user chooses 1/2, 1/4, 2x, etc."
ASC118,Paneer pulao,plate,4875.8408203125,16.630701065063477,73.37680053710938,501.1413269042969,5.189650058746338,INDB,turn0search12,green_source_defined_serving,"Use source-defined serving directly; scale by fraction when user chooses 1/2, 1/4, 2x, etc."
ASC119,Peanut pulao ,plate,691.732177734375,19.02569961547852,75.80680084228516,34.046348571777344,10.379650115966797,INDB,turn0search12,green_source_defined_serving,"Use source-defined serving directly; scale by fraction when user chooses 1/2, 1/4, 2x, etc."
ASC120,Navratan pulao,plate,479.1868896484375,11.349349975585938,67.70862579345703,17.308673858642578,6.988399982452393,INDB,turn0search12,green_source_defined_serving,"Use source-defined serving directly; scale by fraction when user chooses 1/2, 1/4, 2x, etc."
ASC121,Green chickpeas pulao (Choliya pulao/Hare chane ka pulao),plate,620.7001342773438,17.450700759887695,98.67179870605467,17.25135040283203,11.289649963378906,INDB,turn0search12,green_source_defined_serving,"Use source-defined serving directly; scale by fraction when user chooses 1/2, 1/4, 2x, etc."
ASC122,Mutton biryani/biriyani,plate,396.4344482421875,15.329362869262695,46.7481689453125,16.052642822265625,5.018989086151123,INDB,turn0search12,green_source_defined_serving,"Use source-defined serving directly; scale by fraction when user chooses 1/2, 1/4, 2x, etc."
ASC123,Vegetable biryani/biriyani,plate,526.548095703125,9.531087875366213,55.96224212646485,28.672691345214844,9.977289199829102,INDB,turn0search12,green_source_defined_serving,"Use source-defined serving directly; scale by fraction when user chooses 1/2, 1/4, 2x, etc."
ASC124,"Lemon rice (Pulihora, Elumichai sadam, Chitranna)",plate,562.6882934570312,13.58415412902832,69.00963592529297,25.14919090270996,8.050490379333496,INDB,turn0search12,green_source_defined_serving,"Use source-defined serving directly; scale by fraction when user chooses 1/2, 1/4, 2x, etc."
ASC125,Sweet rice (Meethe chawal),plate,749.1326904296875,7.289125442504883,148.12066650390625,15.877700805664062,3.9320881366729736,INDB,turn0search12,green_source_defined_serving,"Use source-defined serving directly; scale by fraction when user chooses 1/2, 1/4, 2x, etc."
ASC126,Curd rice (Dahi bhaat/Dahi chawal/ Perugu annam/Daddojanam/Thayir saadam),plate,423.1051635742188,12.436190605163574,71.18245697021484,9.33082103729248,4.612436294555664,INDB,turn0search12,green_source_defined_serving,"Use source-defined serving directly; scale by fraction when user chooses 1/2, 1/4, 2x, etc."
ASC127,Tamarind rice (Chintapandu pulihora/Puliyodharai/Puli sadam/Huli anna),plate,476.8552551269531,9.5274019241333,83.19354248046875,10.907444953918455,6.542069911956787,INDB,turn0search12,green_source_defined_serving,"Use source-defined serving directly; scale by fraction when user chooses 1/2, 1/4, 2x, etc."
ASC128,Spanish rice,plate,357.2238464355469,9.112299919128418,67.63829803466797,4.856200218200684,6.041900157928467,INDB,turn0search12,green_source_defined_serving,"Use source-defined serving directly; scale by fraction when user chooses 1/2, 1/4, 2x, etc."
ASC129,Chinese fried rice,plate,423.648193359375,14.235087394714355,47.08414077758789,19.093475341796875,8.12584114074707,INDB,turn0search12,green_source_defined_serving,"Use source-defined serving directly; scale by fraction when user chooses 1/2, 1/4, 2x, etc."
ASC133,Macroni cheese pie,casserole dish,408.6529541015625,14.013099670410156,50.52259826660156,17.923200607299805,0.9558000564575196,INDB,turn0search12,green_source_defined_serving,"Use source-defined serving directly; scale by fraction when user chooses 1/2, 1/4, 2x, etc."
ASC134,Vegetable chowmein,plate,388.5968627929688,9.187963485717772,46.26813888549805,19.04972648620605,5.582215785980225,INDB,turn0search12,green_source_defined_serving,"Use source-defined serving directly; scale by fraction when user chooses 1/2, 1/4, 2x, etc."
ASC135,Chicken chowmein,plate,521.04150390625,21.798555374145508,45.79692840576172,28.35235977172852,5.663684844970703,INDB,turn0search12,green_source_defined_serving,"Use source-defined serving directly; scale by fraction when user chooses 1/2, 1/4, 2x, etc."
ASC136,Cheese noodle ring,plate,531.3351440429688,24.741600036621094,55.47309875488281,24.316200256347656,5.043799877166748,INDB,turn0search12,green_source_defined_serving,"Use source-defined serving directly; scale by fraction when user chooses 1/2, 1/4, 2x, etc."
ASC137,Spaghetti and cheese balls in tomato sauce,plate,4908.3828125,23.258588790893555,75.46339416503906,502.8900451660156,5.722071170806885,INDB,turn0search12,green_source_defined_serving,"Use source-defined serving directly; scale by fraction when user chooses 1/2, 1/4, 2x, etc."
ASC138,Penne platter,plate,463.902587890625,13.181600570678713,54.58060073852539,22.77569961547852,2.854300022125244,INDB,turn0search12,green_source_defined_serving,"Use source-defined serving directly; scale by fraction when user chooses 1/2, 1/4, 2x, etc."
ASC139,Pasta hot pot,plate,1040.7125244140625,48.53448486328125,96.45956420898438,53.76277542114258,6.684634208679199,INDB,turn0search12,green_source_defined_serving,"Use source-defined serving directly; scale by fraction when user chooses 1/2, 1/4, 2x, etc."
ASC140,Chicken lasagne,plate,964.6439208984376,53.77770233154297,71.5271987915039,53.30939865112305,0.5441000461578369,INDB,turn0search12,green_source_defined_serving,"Use source-defined serving directly; scale by fraction when user chooses 1/2, 1/4, 2x, etc."
ASC141,Fettuccine with spinach sauce,plate,458.8518371582031,11.02172565460205,43.28779220581055,27.80078125,2.746061086654663,INDB,turn0search12,green_source_defined_serving,"Use source-defined serving directly; scale by fraction when user chooses 1/2, 1/4, 2x, etc."
ASC142,Naan,naan,152.2957305908203,4.281033039093018,27.515981674194336,2.6518666744232178,1.0150500535964966,INDB,turn0search12,green_source_defined_serving,"Use source-defined serving directly; scale by fraction when user chooses 1/2, 1/4, 2x, etc."
ASC143,Bhatura,bhatura,1154.6060791015625,2.3732500076293945,15.624625205993652,120.18199920654295,0.5519999861717224,INDB,turn0search12,green_source_defined_serving,"Use source-defined serving directly; scale by fraction when user chooses 1/2, 1/4, 2x, etc."
ASC144,Idli,idli,34.46977615356445,1.16225004196167,7.062000274658203,0.0834999978542327,0.5787500143051147,INDB,turn0search12,green_source_defined_serving,"Use source-defined serving directly; scale by fraction when user chooses 1/2, 1/4, 2x, etc."
ASC146,Masala dosa,dosa,345.0764465332031,6.893213272094727,41.02428436279297,16.43848419189453,5.289322376251221,INDB,turn0search12,green_source_defined_serving,"Use source-defined serving directly; scale by fraction when user chooses 1/2, 1/4, 2x, etc."
ASC147,Semolina dosa (Suji/Rava dosa),dosa,166.69029235839844,5.359456539154053,24.11009407043457,5.224700450897217,2.969245672225952,INDB,turn0search12,green_source_defined_serving,"Use source-defined serving directly; scale by fraction when user chooses 1/2, 1/4, 2x, etc."
ASC148,Onion tomato uttapam,uttapam,644.3204345703125,2.658409357070923,15.780997276306152,63.17839431762695,1.7603976726531982,INDB,turn0search12,green_source_defined_serving,"Use source-defined serving directly; scale by fraction when user chooses 1/2, 1/4, 2x, etc."
ASC149,Paneer kaathi roll,kaathi roll,424.15228271484375,10.259506225585938,29.820480346679688,29.006113052368164,3.5664796829223637,INDB,turn0search12,green_source_defined_serving,"Use source-defined serving directly; scale by fraction when user chooses 1/2, 1/4, 2x, etc."
ASC150,Makki ki roti,roti,224.37310791015625,2.968600034713745,20.56319999694824,14.321999549865724,4.413000106811523,INDB,turn0search12,green_source_defined_serving,"Use source-defined serving directly; scale by fraction when user chooses 1/2, 1/4, 2x, etc."
ASC151,Washed moong dal (Dhuli moong ki dal),bowl,138.50746154785156,7.417349815368652,16.362199783325195,4.656350135803223,3.243650197982788,INDB,turn0search12,green_source_defined_serving,"Use source-defined serving directly; scale by fraction when user chooses 1/2, 1/4, 2x, etc."
ASC152,Washed urad dal (Dhuli urad ki dal),bowl,181.51795959472656,7.432350158691406,17.28969955444336,8.820850372314453,4.524650096893311,INDB,turn0search12,green_source_defined_serving,"Use source-defined serving directly; scale by fraction when user chooses 1/2, 1/4, 2x, etc."
ASC153,Split bengal gram with bottle gourd (Channa dal with ghiya/lauki),bowl,204.2539520263672,7.778188228607178,19.79983711242676,10.045326232910156,7.586491107940674,INDB,turn0search12,green_source_defined_serving,"Use source-defined serving directly; scale by fraction when user chooses 1/2, 1/4, 2x, etc."
ASC154,Dry washed urad,bowl,178.5877685546875,9.80875015258789,22.428298950195312,5.007850170135498,5.810849666595459,INDB,turn0search12,green_source_defined_serving,"Use source-defined serving directly; scale by fraction when user chooses 1/2, 1/4, 2x, etc."
ASC155,Mixed dal,bowl,184.4406890869141,7.46242618560791,17.253101348876953,9.24335479736328,4.813687801361084,INDB,turn0search12,green_source_defined_serving,"Use source-defined serving directly; scale by fraction when user chooses 1/2, 1/4, 2x, etc."
ASC156,Whole moong (Moong ki dal),bowl,183.8264617919922,7.700376033782959,17.865001678466797,8.778904914855957,6.905188083648682,INDB,turn0search12,green_source_defined_serving,"Use source-defined serving directly; scale by fraction when user chooses 1/2, 1/4, 2x, etc."
ASC157,Whole masoor (Masoor ki dal),bowl,185.0453643798828,7.802376270294189,18.399002075195312,8.619905471801758,6.7911882400512695,INDB,turn0search12,green_source_defined_serving,"Use source-defined serving directly; scale by fraction when user chooses 1/2, 1/4, 2x, etc."
ASC158,Whole moth (Moth ki dal),bowl,188.2718505859375,6.8663763999938965,19.65300178527832,8.96490478515625,6.329187870025635,INDB,turn0search12,green_source_defined_serving,"Use source-defined serving directly; scale by fraction when user chooses 1/2, 1/4, 2x, etc."
ASC159,Whole urad (Urad ki dal),bowl,182.54302978515625,7.509575843811035,17.12700080871582,8.90340518951416,7.868788242340088,INDB,turn0search12,green_source_defined_serving,"Use source-defined serving directly; scale by fraction when user chooses 1/2, 1/4, 2x, etc."
ASC160,Moti mahal dal (Urad rajmah mix dal),bowl,295.71942138671875,11.267874717712402,25.055500030517575,16.21875,9.692874908447266,INDB,turn0search12,green_source_defined_serving,"Use source-defined serving directly; scale by fraction when user chooses 1/2, 1/4, 2x, etc."
ASC161,Black channa curry/Bengal gram curry (Kale chane ki curry),bowl,168.69940185546875,6.794949054718018,16.926048278808594,7.926845073699951,9.580886840820312,INDB,turn0search12,green_source_defined_serving,"Use source-defined serving directly; scale by fraction when user chooses 1/2, 1/4, 2x, etc."
ASC162,Chickpeas curry (Safed channa curry),bowl,195.9877014160156,7.313949108123779,23.95804786682129,8.20584487915039,5.674887180328369,INDB,turn0search12,green_source_defined_serving,"Use source-defined serving directly; scale by fraction when user chooses 1/2, 1/4, 2x, etc."
ASC163,Lobia curry,bowl,178.66571044921875,7.27194881439209,21.444047927856445,6.738844871520996,5.476886749267578,INDB,turn0search12,green_source_defined_serving,"Use source-defined serving directly; scale by fraction when user chooses 1/2, 1/4, 2x, etc."
ASC164,Soyabean curry,bowl,195.802001953125,12.503949165344238,8.106049537658691,12.219844818115234,8.803887367248535,INDB,turn0search12,green_source_defined_serving,"Use source-defined serving directly; scale by fraction when user chooses 1/2, 1/4, 2x, etc."
ASC165,Kidney bean curry (Rajmah curry),bowl,172.35610961914062,7.136949062347412,19.641048431396484,6.924844741821289,6.985887050628662,INDB,turn0search12,green_source_defined_serving,"Use source-defined serving directly; scale by fraction when user chooses 1/2, 1/4, 2x, etc."
ASC167,Sambar,bowl,249.32276916503903,8.618037223815918,27.18551254272461,11.274487495422363,9.05931282043457,INDB,turn0search12,green_source_defined_serving,"Use source-defined serving directly; scale by fraction when user chooses 1/2, 1/4, 2x, etc."
ASC168,Besan kadhi with pakodies,bowl,2366.792724609375,9.648531913757324,20.91172790527344,249.90286254882807,4.7627949714660645,INDB,turn0search12,green_source_defined_serving,"Use source-defined serving directly; scale by fraction when user chooses 1/2, 1/4, 2x, etc."
ASC169,Khatta channa,bowl,318.1502380371094,9.887788772583008,33.2034912109375,16.585180282592773,8.26185417175293,INDB,turn0search12,green_source_defined_serving,"Use source-defined serving directly; scale by fraction when user chooses 1/2, 1/4, 2x, etc."
ASC170,Sprouted moong dal chat,plate,83.29520416259766,3.461999893188477,15.402999877929688,0.824999988079071,3.450000047683716,INDB,turn0search12,green_source_defined_serving,"Use source-defined serving directly; scale by fraction when user chooses 1/2, 1/4, 2x, etc."
ASC171,Potato cauliflower (Aloo gobhi),bowl,186.6069183349609,3.3349881172180176,10.528312683105469,14.280903816223145,5.304596900939941,INDB,turn0search12,green_source_defined_serving,"Use source-defined serving directly; scale by fraction when user chooses 1/2, 1/4, 2x, etc."
ASC172,Potato capsicum (Shimla mirch aloo),bowl,189.2359313964844,2.124988079071045,13.140812873840332,14.068404197692873,3.052097082138061,INDB,turn0search12,green_source_defined_serving,"Use source-defined serving directly; scale by fraction when user chooses 1/2, 1/4, 2x, etc."
ASC173,Cabbage and peas (Pattagobhi aur matar),bowl,106.20539093017578,5.385387897491455,10.366362571716309,4.397229194641113,6.626047134399414,INDB,turn0search12,green_source_defined_serving,"Use source-defined serving directly; scale by fraction when user chooses 1/2, 1/4, 2x, etc."
ASC174,Carrot and fenugreek leaves (Gajar methi),bowl,118.10655975341795,3.996438026428223,7.95616340637207,7.2615790367126465,8.447946548461914,INDB,turn0search12,green_source_defined_serving,"Use source-defined serving directly; scale by fraction when user chooses 1/2, 1/4, 2x, etc."
ASC175,Potato fenugreek (Aloo methi),bowl,276.03857421875,4.586438179016113,17.29616355895996,20.508079528808597,5.977946758270264,INDB,turn0search12,green_source_defined_serving,"Use source-defined serving directly; scale by fraction when user chooses 1/2, 1/4, 2x, etc."
ASC177,Brinjal bhartha (Baingan ka bhartha),bowl,212.1665954589844,4.495488166809082,14.328238487243652,14.598976135253906,10.66904067993164,INDB,turn0search12,green_source_defined_serving,"Use source-defined serving directly; scale by fraction when user chooses 1/2, 1/4, 2x, etc."
ASC178,Dry potato (Sookhe aloo),bowl,109.07640075683594,1.7131749391555786,15.204999923706056,4.422524929046631,1.9848999977111816,INDB,turn0search12,green_source_defined_serving,"Use source-defined serving directly; scale by fraction when user chooses 1/2, 1/4, 2x, etc."
ASC179,Beans with coconut (Nariyal aur sem/phali; Beans thoran),bowl,196.84153747558597,3.916139841079712,6.570097923278809,17.03790283203125,8.351897239685059,INDB,turn0search12,green_source_defined_serving,"Use source-defined serving directly; scale by fraction when user chooses 1/2, 1/4, 2x, etc."
ASC180,Cauliflower with coconut (Nariyal ke saath phoolgobhi),bowl,197.5585479736328,3.9461400508880615,5.97009801864624,17.28790283203125,7.88189697265625,INDB,turn0search12,green_source_defined_serving,"Use source-defined serving directly; scale by fraction when user chooses 1/2, 1/4, 2x, etc."
ASC181,Carrot and cabbage with coconut (Nariyal ke saath pattagobhi aur gajar),bowl,212.73504638671875,3.6311399936676025,9.96509838104248,17.202903747558594,9.021897315979004,INDB,turn0search12,green_source_defined_serving,"Use source-defined serving directly; scale by fraction when user chooses 1/2, 1/4, 2x, etc."
ASC182,Raw turnip with coconut ,bowl,197.6145477294922,2.696140050888061,8.640097618103027,17.147903442382812,4.171896934509277,INDB,turn0search12,green_source_defined_serving,"Use source-defined serving directly; scale by fraction when user chooses 1/2, 1/4, 2x, etc."
ASC183,Raw papaya with coconut (Papaya thoran),bowl,198.51454162597656,2.29613995552063,8.34009838104248,17.077903747558594,6.451897144317627,INDB,turn0search12,green_source_defined_serving,"Use source-defined serving directly; scale by fraction when user chooses 1/2, 1/4, 2x, etc."
ASC184,Stuffed okra (Bharwa bhindi),bowl,104.24584197998048,2.297950029373169,4.2589497566223145,8.458925247192383,4.581500053405762,INDB,turn0search12,green_source_defined_serving,"Use source-defined serving directly; scale by fraction when user chooses 1/2, 1/4, 2x, etc."
ASC185,Stuffed round gourd (Bharwa tinde),bowl,180.71798706054688,2.7393500804901123,9.981050491333008,14.26742458343506,5.222700119018555,INDB,turn0search12,green_source_defined_serving,"Use source-defined serving directly; scale by fraction when user chooses 1/2, 1/4, 2x, etc."
ASC186,Stuffed capsicum (Bharwa shimla mirch),capsicum,114.1301040649414,1.6782499551773071,10.361249923706056,7.158999919891357,2.5234999656677246,INDB,turn0search12,green_source_defined_serving,"Use source-defined serving directly; scale by fraction when user chooses 1/2, 1/4, 2x, etc."
ASC187,Stuffed brinjal (Bharwa baingan),brinjal,51.49741744995117,0.8489750027656555,2.191974878311157,4.2794623374938965,2.265749931335449,INDB,turn0search12,green_source_defined_serving,"Use source-defined serving directly; scale by fraction when user chooses 1/2, 1/4, 2x, etc."
ASC189,Stuffed tomatoes (Bharwa tamatar),tomato,126.48592376708984,4.4469499588012695,8.387550354003906,8.211000442504883,2.978100061416626,INDB,turn0search12,green_source_defined_serving,"Use source-defined serving directly; scale by fraction when user chooses 1/2, 1/4, 2x, etc."
ASC190,Pea potato curry (Aloo matar),bowl,279.8896179199219,9.659012794494627,27.0092887878418,14.218300819396973,10.005866050720217,INDB,turn0search12,green_source_defined_serving,"Use source-defined serving directly; scale by fraction when user chooses 1/2, 1/4, 2x, etc."
ASC191,Pea paneer curry (Matar paneer),bowl,373.9361267089844,18.31901359558105,25.769289016723636,21.49330139160156,9.150866508483888,INDB,turn0search12,green_source_defined_serving,"Use source-defined serving directly; scale by fraction when user chooses 1/2, 1/4, 2x, etc."
ASC192,Pea mushroom curry (Matar mushroom),bowl,258.7381286621094,10.729013442993164,20.554288864135746,14.31330108642578,10.705865859985352,INDB,turn0search12,green_source_defined_serving,"Use source-defined serving directly; scale by fraction when user chooses 1/2, 1/4, 2x, etc."
ASC193,Pea curry (Matar ki sabzi),bowl,285.6256408691406,12.514013290405272,25.50428771972656,14.16830062866211,12.31086540222168,INDB,turn0search12,green_source_defined_serving,"Use source-defined serving directly; scale by fraction when user chooses 1/2, 1/4, 2x, etc."
ASC194,Pea vadi curry,bowl,292.9256286621094,13.324012756347656,25.57428741455078,14.588300704956056,12.31086540222168,INDB,turn0search12,green_source_defined_serving,"Use source-defined serving directly; scale by fraction when user chooses 1/2, 1/4, 2x, etc."
ASC195,Paneer curry,bowl,357.1463928222656,15.784013748168944,16.991788864135742,25.058300018310547,2.8308660984039307,INDB,turn0search12,green_source_defined_serving,"Use source-defined serving directly; scale by fraction when user chooses 1/2, 1/4, 2x, etc."
ASC196,Lotus stem curry (Kamal kakdi curry),bowl,223.2466278076172,3.094012975692749,18.68678855895996,14.670801162719728,6.355865955352783,INDB,turn0search12,green_source_defined_serving,"Use source-defined serving directly; scale by fraction when user chooses 1/2, 1/4, 2x, etc."
ASC197,Gravy for kofta,bowl,174.87840270996094,2.434575080871582,8.78219985961914,14.41189956665039,2.7254750728607178,INDB,turn0search12,green_source_defined_serving,"Use source-defined serving directly; scale by fraction when user chooses 1/2, 1/4, 2x, etc."
ASC198,Pea kofta curry (Matar kofta curry),bowl,4649.16357421875,15.691325187683104,32.5281982421875,494.7781372070313,13.302474975585938,INDB,turn0search12,green_source_defined_serving,"Use source-defined serving directly; scale by fraction when user chooses 1/2, 1/4, 2x, etc."
ASC199,Spinach kofta curry (Palak kofta curry),bowl,4609.4873046875,8.75373649597168,28.73906135559082,495.7291564941406,7.448133945465088,INDB,turn0search12,green_source_defined_serving,"Use source-defined serving directly; scale by fraction when user chooses 1/2, 1/4, 2x, etc."
ASC200,Paneer kofta curry,bowl,4703.08447265625,16.721324920654297,22.915700912475582,505.16314697265625,2.8124749660491943,INDB,turn0search12,green_source_defined_serving,"Use source-defined serving directly; scale by fraction when user chooses 1/2, 1/4, 2x, etc."
ASC201,Lotus stem kofta curry (Kamal kakdi kofta curry),bowl,4632.43115234375,6.99873685836792,36.66656112670898,495.4666748046875,7.403134346008301,INDB,turn0search12,green_source_defined_serving,"Use source-defined serving directly; scale by fraction when user chooses 1/2, 1/4, 2x, etc."
ASC202,Raw banana kofta curry (Kela kofta curry),bowl,4561.330078125,4.520737171173096,24.75606155395508,494.3251647949219,4.297133922576904,INDB,turn0search12,green_source_defined_serving,"Use source-defined serving directly; scale by fraction when user chooses 1/2, 1/4, 2x, etc."
ASC203,Cauliflower kofta curry (Phoolgobhi kofta curry),bowl,4559.30810546875,7.376236915588379,18.608562469482425,495.1411743164063,7.088634014129639,INDB,turn0search12,green_source_defined_serving,"Use source-defined serving directly; scale by fraction when user chooses 1/2, 1/4, 2x, etc."
ASC204,Cabbage kofta curry (Pattagobhi kofta curry),bowl,4562.95263671875,6.957736968994141,20.497562408447266,494.9431762695313,6.434134006500244,INDB,turn0search12,green_source_defined_serving,"Use source-defined serving directly; scale by fraction when user chooses 1/2, 1/4, 2x, etc."
ASC205,Ghiya/Lauki Kofta Curry,bowl,4555.0654296875,6.3352370262146,19.3200626373291,494.9506530761719,5.954133987426758,INDB,turn0search12,green_source_defined_serving,"Use source-defined serving directly; scale by fraction when user chooses 1/2, 1/4, 2x, etc."
ASC206,Spinach paneer kofta curry (Palak paneer kofta curry),bowl,4620.94189453125,10.880325317382812,22.439699172973636,498.7351379394531,5.6854753494262695,INDB,turn0search12,green_source_defined_serving,"Use source-defined serving directly; scale by fraction when user chooses 1/2, 1/4, 2x, etc."
ASC207,Vegetarian egg kofta curry,bowl,4649.0771484375,9.836625099182127,31.57379913330078,498.2622985839844,4.72237491607666,INDB,turn0search12,green_source_defined_serving,"Use source-defined serving directly; scale by fraction when user chooses 1/2, 1/4, 2x, etc."
ASC208,Baked vegetables,bowl,269.18524169921875,11.101499557495115,25.52050018310547,13.421250343322754,7.065500259399414,INDB,turn0search12,green_source_defined_serving,"Use source-defined serving directly; scale by fraction when user chooses 1/2, 1/4, 2x, etc."
ASC209,Cauliflower musallam (Phoolgobhi musallam),bowl,127.05198669433594,4.086774826049805,9.685315132141112,7.660077571868896,6.604744911193848,INDB,turn0search12,green_source_defined_serving,"Use source-defined serving directly; scale by fraction when user chooses 1/2, 1/4, 2x, etc."
ASC210,Baked vegetables with spinach ,bowl,329.47320556640625,13.627531051635742,29.347755432128903,17.05747413635254,9.85042953491211,INDB,turn0search12,green_source_defined_serving,"Use source-defined serving directly; scale by fraction when user chooses 1/2, 1/4, 2x, etc."
ASC211,Baked potato with skin ,bowl,106.41197967529295,2.685425043106079,8.707425117492676,6.664725303649902,0.9379000067710876,INDB,turn0search12,green_source_defined_serving,"Use source-defined serving directly; scale by fraction when user chooses 1/2, 1/4, 2x, etc."
ASC212,Shepherd's pie (vegetarian),bowl,367.1124877929688,13.643169403076172,32.57231903076172,19.77073860168457,6.032920837402344,INDB,turn0search12,green_source_defined_serving,"Use source-defined serving directly; scale by fraction when user chooses 1/2, 1/4, 2x, etc."
ASC213,Baked brinjal in tomato sauce,bowl,166.44253540039062,6.80546236038208,17.791799545288086,6.995124816894531,10.083937644958496,INDB,turn0search12,green_source_defined_serving,"Use source-defined serving directly; scale by fraction when user chooses 1/2, 1/4, 2x, etc."
ASC214,Dum aloo,bowl,4575.56787109375,4.682413101196289,22.33358764648437,496.2740783691406,4.554565906524658,INDB,turn0search12,green_source_defined_serving,"Use source-defined serving directly; scale by fraction when user chooses 1/2, 1/4, 2x, etc."
ASC215,Spinach paneer (Palak paneer),bowl,229.55364990234372,11.919425010681152,13.089600563049316,14.074700355529783,5.63462495803833,INDB,turn0search12,green_source_defined_serving,"Use source-defined serving directly; scale by fraction when user chooses 1/2, 1/4, 2x, etc."
ASC216,Methi chaman,bowl,4763.37939453125,15.43809986114502,27.830501556396484,509.8385009765625,5.267950057983398,INDB,turn0search12,green_source_defined_serving,"Use source-defined serving directly; scale by fraction when user chooses 1/2, 1/4, 2x, etc."
ASC217,Sarson ka saag,bowl,124.2616729736328,4.2508625984191895,7.533762454986572,8.29055118560791,5.224740505218506,INDB,turn0search12,green_source_defined_serving,"Use source-defined serving directly; scale by fraction when user chooses 1/2, 1/4, 2x, etc."
ASC218,Jackfruit sabzi (Kathal ki sabzi),bowl,2258.724365234375,2.490156650543213,12.280593872070312,244.1330718994141,3.699457883834839,INDB,turn0search12,green_source_defined_serving,"Use source-defined serving directly; scale by fraction when user chooses 1/2, 1/4, 2x, etc."
ASC219,Avial,bowl,417.3355712890625,8.245336532592773,28.38780403137207,29.943382263183597,18.2374210357666,INDB,turn0search12,green_source_defined_serving,"Use source-defined serving directly; scale by fraction when user chooses 1/2, 1/4, 2x, etc."
ASC220,Al yakhani,bowl,342.3031616210937,6.629349708557129,10.778900146484377,30.494298934936523,2.946899890899658,INDB,turn0search12,green_source_defined_serving,"Use source-defined serving directly; scale by fraction when user chooses 1/2, 1/4, 2x, etc."
ASC221,Shahi paneer,bowl,405.8562927246094,13.132486343383787,17.22256088256836,32.00542068481445,3.636871099472046,INDB,turn0search12,green_source_defined_serving,"Use source-defined serving directly; scale by fraction when user chooses 1/2, 1/4, 2x, etc."
ASC222,Paneer in butter sauce,bowl,228.2984771728516,10.954206466674805,15.211169242858888,13.811963081359863,2.348582983016968,INDB,turn0search12,green_source_defined_serving,"Use source-defined serving directly; scale by fraction when user chooses 1/2, 1/4, 2x, etc."
ASC223,Methi malai paneer,bowl,377.0384216308594,14.195549964904783,15.76039981842041,28.5398006439209,2.8473751544952397,INDB,turn0search12,green_source_defined_serving,"Use source-defined serving directly; scale by fraction when user chooses 1/2, 1/4, 2x, etc."
ASC224,Chilli paneer,bowl,2308.28271484375,6.240877151489258,9.817962646484377,249.4119110107422,1.486067533493042,INDB,turn0search12,green_source_defined_serving,"Use source-defined serving directly; scale by fraction when user chooses 1/2, 1/4, 2x, etc."
ASC225,Paneer makhana korma,bowl,4709.2041015625,19.67955017089844,28.11614990234375,502.3401794433594,1.273400068283081,INDB,turn0search12,green_source_defined_serving,"Use source-defined serving directly; scale by fraction when user chooses 1/2, 1/4, 2x, etc."
ASC226,Kadhai Paneer,bowl,343.5564880371094,13.784425735473633,23.35364151000977,21.65658187866211,6.577260971069336,INDB,turn0search12,green_source_defined_serving,"Use source-defined serving directly; scale by fraction when user chooses 1/2, 1/4, 2x, etc."
ASC227,Roghan josh,bowl,329.4371032714844,22.55935287475586,11.632859230041504,21.291690826416016,4.900753021240234,INDB,turn0search12,green_source_defined_serving,"Use source-defined serving directly; scale by fraction when user chooses 1/2, 1/4, 2x, etc."
ASC228,Spinach mutton (Palak mutton),bowl,390.3821105957031,27.909353256225582,16.757858276367188,22.89168930053711,10.850752830505373,INDB,turn0search12,green_source_defined_serving,"Use source-defined serving directly; scale by fraction when user chooses 1/2, 1/4, 2x, etc."
ASC229,Pea keema curry (Matar keema ki sabzi),bowl,457.30413818359375,28.99552726745605,21.455467224121094,27.9793701171875,10.175858497619627,INDB,turn0search12,green_source_defined_serving,"Use source-defined serving directly; scale by fraction when user chooses 1/2, 1/4, 2x, etc."
ASC230,Keema kofta curry,kofta,63.82409286499024,4.037056922912598,2.332512617111206,4.29274320602417,0.6228535175323486,INDB,turn0search12,green_source_defined_serving,"Use source-defined serving directly; scale by fraction when user chooses 1/2, 1/4, 2x, etc."
ASC231,Kashmiri mutton koftas (Gushtaba),gushtaba,296.1949157714844,19.258424758911133,9.246049880981444,20.57425117492676,1.898900032043457,INDB,turn0search12,green_source_defined_serving,"Use source-defined serving directly; scale by fraction when user chooses 1/2, 1/4, 2x, etc."
ASC232,Mutton yakhni,bowl,241.72628784179688,19.204200744628903,1.9560000896453855,17.87619972229004,1.5601500272750854,INDB,turn0search12,green_source_defined_serving,"Use source-defined serving directly; scale by fraction when user chooses 1/2, 1/4, 2x, etc."
ASC233,Chicken yakhni,bowl,249.63348388671875,26.876201629638672,1.9560000896453855,15.376200675964355,1.5601500272750854,INDB,turn0search12,green_source_defined_serving,"Use source-defined serving directly; scale by fraction when user chooses 1/2, 1/4, 2x, etc."
ASC234,Mutton do piaza,bowl,603.0726318359375,30.88202476501465,13.610000610351562,47.41254806518555,6.338375091552734,INDB,turn0search12,green_source_defined_serving,"Use source-defined serving directly; scale by fraction when user chooses 1/2, 1/4, 2x, etc."
ASC236,Mutton chops,chop,2320.30908203125,14.08968734741211,5.171394348144531,249.34158325195312,0.6024659872055054,INDB,turn0search12,green_source_defined_serving,"Use source-defined serving directly; scale by fraction when user chooses 1/2, 1/4, 2x, etc."
ASC237,Shammi kebab,kabab,1173.9541015625,7.732704162597656,6.0562825202941895,124.3100814819336,1.7976720333099363,INDB,turn0search12,green_source_defined_serving,"Use source-defined serving directly; scale by fraction when user chooses 1/2, 1/4, 2x, etc."
ASC238,Scotch egg,piece,2318.052001953125,13.87364387512207,6.533644199371338,248.70188903808597,1.22530198097229,INDB,turn0search12,green_source_defined_serving,"Use source-defined serving directly; scale by fraction when user chooses 1/2, 1/4, 2x, etc."
ASC239,Shepherd's pie (with minced meat),dish,267.8844909667969,13.976149559020996,15.1187744140625,16.65792465209961,1.9634500741958616,INDB,turn0search12,green_source_defined_serving,"Use source-defined serving directly; scale by fraction when user chooses 1/2, 1/4, 2x, etc."
ASC240,Chicken curry,bowl,320.3783874511719,29.24267578125,8.376077651977539,18.765703201293945,3.485995054244995,INDB,turn0search12,green_source_defined_serving,"Use source-defined serving directly; scale by fraction when user chooses 1/2, 1/4, 2x, etc."
ASC241,Tandoori chicken,chicken,2092.02197265625,234.3299102783203,33.663719177246094,114.30242156982422,7.274159908294678,INDB,turn0search12,green_source_defined_serving,"Use source-defined serving directly; scale by fraction when user chooses 1/2, 1/4, 2x, etc."
ASC242,Butter chicken,large piece,377.038818359375,30.06371307373047,10.306138038635254,23.94157600402832,3.643590927124024,INDB,turn0search12,green_source_defined_serving,"Use source-defined serving directly; scale by fraction when user chooses 1/2, 1/4, 2x, etc."
ASC243,Chicken kebab,kabab,903.7341918945312,4.59353494644165,1.3796099424362185,97.73991394042967,0.2630550265312195,INDB,turn0search12,green_source_defined_serving,"Use source-defined serving directly; scale by fraction when user chooses 1/2, 1/4, 2x, etc."
ASC244,Chilli chicken,bowl,769.130859375,37.02672576904297,11.060751914978027,64.06800842285156,3.841338872909546,INDB,turn0search12,green_source_defined_serving,"Use source-defined serving directly; scale by fraction when user chooses 1/2, 1/4, 2x, etc."
ASC245,Fried chicken with tomato sauce (Fried chicken tamatar ki chutney kay saath),piece,154.72703552246094,14.204200744628906,3.1020500659942627,9.41784954071045,1.4024499654769895,INDB,turn0search12,green_source_defined_serving,"Use source-defined serving directly; scale by fraction when user chooses 1/2, 1/4, 2x, etc."
ASC246,Fish curry (Machli curry),bowl,282.2315368652344,22.252647399902344,9.58424949645996,16.99419403076172,4.789186954498291,INDB,turn0search12,green_source_defined_serving,"Use source-defined serving directly; scale by fraction when user chooses 1/2, 1/4, 2x, etc."
ASC247,Fried fish (Indian style) (Tali hui machli),piece,2327.953369140625,15.361087799072266,19.10586166381836,243.4908142089844,2.1454999446868896,INDB,turn0search12,green_source_defined_serving,"Use source-defined serving directly; scale by fraction when user chooses 1/2, 1/4, 2x, etc."
ASC248,Fried fish and Chips (English Style) (Tali hui machli aur chips),fillet,4547.57763671875,23.44635009765625,19.329599380493164,486.2894287109375,1.989799976348877,INDB,turn0search12,green_source_defined_serving,"Use source-defined serving directly; scale by fraction when user chooses 1/2, 1/4, 2x, etc."
ASC249,Tomato fish,bowl,4740.806640625,23.176738739013672,30.75392723083496,502.4349670410156,6.927561283111572,INDB,turn0search12,green_source_defined_serving,"Use source-defined serving directly; scale by fraction when user chooses 1/2, 1/4, 2x, etc."
ASC250,Baked fish with cheese sauce,bowl,403.1422424316406,30.552600860595703,14.377224922180176,24.839200973510746,0.2693000137805938,INDB,turn0search12,green_source_defined_serving,"Use source-defined serving directly; scale by fraction when user chooses 1/2, 1/4, 2x, etc."
ASC251,Fish tikka,piece,41.65233612060547,5.679012775421143,1.3870999813079834,1.4729000329971311,0.4181374907493591,INDB,turn0search12,green_source_defined_serving,"Use source-defined serving directly; scale by fraction when user chooses 1/2, 1/4, 2x, etc."
ASC252,Tandoori fish,piece,224.2321319580078,26.147062301635746,5.547125339508057,10.845037460327148,1.355162501335144,INDB,turn0search12,green_source_defined_serving,"Use source-defined serving directly; scale by fraction when user chooses 1/2, 1/4, 2x, etc."
ASC253,"Paneer, apple and pineapple salad",bowl,245.0693817138672,10.011199951171877,21.517549514770508,13.062225341796877,4.2463250160217285,INDB,turn0search12,green_source_defined_serving,"Use source-defined serving directly; scale by fraction when user chooses 1/2, 1/4, 2x, etc."
ASC254,Russian salad,bowl,363.4295349121094,13.492199897766112,20.57080078125,24.8031005859375,8.133199691772461,INDB,turn0search12,green_source_defined_serving,"Use source-defined serving directly; scale by fraction when user chooses 1/2, 1/4, 2x, etc."
ASC255,Pasta salad,bowl,410.7042846679688,8.96084976196289,27.392099380493164,30.026750564575195,2.0614500045776367,INDB,turn0search12,green_source_defined_serving,"Use source-defined serving directly; scale by fraction when user chooses 1/2, 1/4, 2x, etc."
ASC256,Deviled egg,egg,157.44586181640625,7.934799671173096,3.561500072479248,12.32569980621338,1.839500069618225,INDB,turn0search12,green_source_defined_serving,"Use source-defined serving directly; scale by fraction when user chooses 1/2, 1/4, 2x, etc."
ASC257,Hawain salad,bowl,682.643798828125,16.630325317382812,55.909549713134766,44.27953720092773,15.324699401855469,INDB,turn0search12,green_source_defined_serving,"Use source-defined serving directly; scale by fraction when user chooses 1/2, 1/4, 2x, etc."
ASC258,Mixed pulse and vegetable salad,bowl,141.23410034179688,8.047311782836914,23.723312377929688,1.4219740629196167,5.031459331512451,INDB,turn0search12,green_source_defined_serving,"Use source-defined serving directly; scale by fraction when user chooses 1/2, 1/4, 2x, etc."
ASC259,Sprouted moong salad ,bowl,77.03394317626953,4.664500236511231,11.17234992980957,1.5054500102996826,1.9291000366210935,INDB,turn0search12,green_source_defined_serving,"Use source-defined serving directly; scale by fraction when user chooses 1/2, 1/4, 2x, etc."
ASC260,Tossed salad,bowl,214.68951416015625,3.4937000274658203,16.884300231933594,14.385099411010742,7.325200080871582,INDB,turn0search12,green_source_defined_serving,"Use source-defined serving directly; scale by fraction when user chooses 1/2, 1/4, 2x, etc."
ASC261,Mixed vegetable salad with curd sauce,bowl,129.8563995361328,9.111512184143066,15.1532621383667,3.232974052429199,8.15535831451416,INDB,turn0search12,green_source_defined_serving,"Use source-defined serving directly; scale by fraction when user chooses 1/2, 1/4, 2x, etc."
ASC262,Potato salad (Aloo ka salaad),bowl,212.1830596923828,3.297999858856201,26.405500411987305,10.376800537109377,3.117799997329712,INDB,turn0search12,green_source_defined_serving,"Use source-defined serving directly; scale by fraction when user chooses 1/2, 1/4, 2x, etc."
ASC263,Waldroff salad,bowl,349.4217224121094,3.633599996566773,27.162900924682617,24.77580070495605,4.598099708557129,INDB,turn0search12,green_source_defined_serving,"Use source-defined serving directly; scale by fraction when user chooses 1/2, 1/4, 2x, etc."
ASC264,Coleslaw,bowl,116.98660278320312,1.888499975204468,8.526000022888184,8.113499641418457,3.565499782562256,INDB,turn0search12,green_source_defined_serving,"Use source-defined serving directly; scale by fraction when user chooses 1/2, 1/4, 2x, etc."
ASC265,Fruit salad (Phalon ka salaad),bowl,237.53482055664065,2.779249906539917,48.51974868774414,3.698499917984009,4.79325008392334,INDB,turn0search12,green_source_defined_serving,"Use source-defined serving directly; scale by fraction when user chooses 1/2, 1/4, 2x, etc."
ASC269,Tomato onion raita (Tamatar aur pyaaz ka raita),bowl,104.83372497558594,6.636936664581299,12.580411911010742,3.273374080657959,1.7320340871810913,INDB,turn0search12,green_source_defined_serving,"Use source-defined serving directly; scale by fraction when user chooses 1/2, 1/4, 2x, etc."
ASC270,Peanut raita (Mungfali ka raita),bowl,184.48048400878903,10.53793716430664,11.408411979675291,11.015374183654783,2.3185338973999023,INDB,turn0search12,green_source_defined_serving,"Use source-defined serving directly; scale by fraction when user chooses 1/2, 1/4, 2x, etc."
ASC271,Sprouted moong raita ,bowl,92.9676742553711,7.057936668395996,9.354412078857422,3.33937406539917,0.2425339967012405,INDB,turn0search12,green_source_defined_serving,"Use source-defined serving directly; scale by fraction when user chooses 1/2, 1/4, 2x, etc."
ASC272,Bottle gourd raita (Ghiya/Lauki ka raita),bowl,85.96467590332031,6.07293701171875,8.794412612915039,3.15437388420105,1.3025339841842651,INDB,turn0search12,green_source_defined_serving,"Use source-defined serving directly; scale by fraction when user chooses 1/2, 1/4, 2x, etc."
ASC273,Cucumber raita (Kheere ka raita),bowl,90.26667785644533,6.162936687469482,9.694412231445312,3.1693739891052246,1.3125340938568115,INDB,turn0search12,green_source_defined_serving,"Use source-defined serving directly; scale by fraction when user chooses 1/2, 1/4, 2x, etc."
ASC274,Carrot and spinach raita (Gajar aur palak ka raita),bowl,100.96192169189452,7.115437030792236,10.36691188812256,3.52687406539917,2.477534055709839,INDB,turn0search12,green_source_defined_serving,"Use source-defined serving directly; scale by fraction when user chooses 1/2, 1/4, 2x, etc."
ASC275,Mint raita (Pudinay ka raita),bowl,81.20857238769531,5.901136875152588,8.002212524414062,3.1023740768432617,0.3603339791297912,INDB,turn0search12,green_source_defined_serving,"Use source-defined serving directly; scale by fraction when user chooses 1/2, 1/4, 2x, etc."
ASC276,Potato raita (Aloo ka raita),bowl,118.85107421875,6.654936790466309,16.143911361694336,3.215873956680298,1.183034062385559,INDB,turn0search12,green_source_defined_serving,"Use source-defined serving directly; scale by fraction when user chooses 1/2, 1/4, 2x, etc."
ASC277,Boondi raita,bowl,2261.736328125,7.214775085449219,13.031549453735352,242.798095703125,1.512374997138977,INDB,turn0search12,green_source_defined_serving,"Use source-defined serving directly; scale by fraction when user chooses 1/2, 1/4, 2x, etc."
ASC278,Sweet raita (Meetha raita),bowl,190.54660034179688,6.21999979019165,34.428001403808594,3.4159998893737797,1.9579999446868896,INDB,turn0search12,green_source_defined_serving,"Use source-defined serving directly; scale by fraction when user chooses 1/2, 1/4, 2x, etc."
ASC279,Dahi vadas/Dahi bhalla,vada,1150.15869140625,5.099612712860107,9.450050354003906,121.26905059814452,1.6629875898361206,INDB,turn0search12,green_source_defined_serving,"Use source-defined serving directly; scale by fraction when user chooses 1/2, 1/4, 2x, etc."
ASC280,Gunjia,gunjia,1166.179443359375,5.2111124992370605,9.920974731445312,122.8083724975586,1.98303747177124,INDB,turn0search12,green_source_defined_serving,"Use source-defined serving directly; scale by fraction when user chooses 1/2, 1/4, 2x, etc."
ASC281,Saunth/Sonth chutney with tamarind/imli,teaspoon,25.050067901611328,0.1792050004005432,5.9385600090026855,0.0272199995815753,0.1653250008821487,INDB,turn0search12,green_source_defined_serving,"Use source-defined serving directly; scale by fraction when user chooses 1/2, 1/4, 2x, etc."
ASC282,Rice kheer (Chawal ki kheer),bowl,300.9369201660156,9.214400291442873,40.30789566040039,11.922338485717772,0.6932660341262817,INDB,turn0search12,green_source_defined_serving,"Use source-defined serving directly; scale by fraction when user chooses 1/2, 1/4, 2x, etc."
ASC283,Makhana kheer,bowl,299.9400329589844,9.205400466918944,35.81689453125,13.917839050292969,0.3192660212516784,INDB,turn0search12,green_source_defined_serving,"Use source-defined serving directly; scale by fraction when user chooses 1/2, 1/4, 2x, etc."
ASC285,Vermicelli kheer (Semiya/Seviyan ki kheer),bowl,279.0769348144531,7.797275066375732,36.89677047729492,11.614727020263672,1.151710033416748,INDB,turn0search12,green_source_defined_serving,"Use source-defined serving directly; scale by fraction when user chooses 1/2, 1/4, 2x, etc."
ASC286,Semolina kheer (Suji/Rava kheer),bowl,260.8716125488281,7.896275043487549,36.59777069091797,9.687726974487305,1.1687099933624268,INDB,turn0search12,green_source_defined_serving,"Use source-defined serving directly; scale by fraction when user chooses 1/2, 1/4, 2x, etc."
ASC287,Paneer kheer,bowl,304.78497314453125,13.10327434539795,29.027273178100582,15.54872703552246,0.196710005402565,INDB,turn0search12,green_source_defined_serving,"Use source-defined serving directly; scale by fraction when user chooses 1/2, 1/4, 2x, etc."
ASC288,Cabbage kheer (Pattagobhi ki kheer),bowl,212.47122192382807,7.30227518081665,24.754772186279297,9.66172695159912,1.3007099628448486,INDB,turn0search12,green_source_defined_serving,"Use source-defined serving directly; scale by fraction when user chooses 1/2, 1/4, 2x, etc."
ASC289,Carrot kheer (Gajar ki kheer),bowl,217.15562438964844,7.138275146484375,25.67477226257324,9.801727294921877,1.8687100410461424,INDB,turn0search12,green_source_defined_serving,"Use source-defined serving directly; scale by fraction when user chooses 1/2, 1/4, 2x, etc."
ASC290,Cauliflower kheer (Phoolgobhi ki kheer),bowl,249.49234008789065,9.24827480316162,26.736772537231445,12.0297269821167,1.680709958076477,INDB,turn0search12,green_source_defined_serving,"Use source-defined serving directly; scale by fraction when user chooses 1/2, 1/4, 2x, etc."
ASC291,Moong dal kheer,bowl,312.8182678222656,11.970274925231934,40.11327362060547,12.05622673034668,1.6022100448608398,INDB,turn0search12,green_source_defined_serving,"Use source-defined serving directly; scale by fraction when user chooses 1/2, 1/4, 2x, etc."
ASC292,Phirni,bowl,336.99578857421875,10.120701789855955,46.749488830566406,12.608477592468262,1.03793203830719,INDB,turn0search12,green_source_defined_serving,"Use source-defined serving directly; scale by fraction when user chooses 1/2, 1/4, 2x, etc."
ASC293,Semolina halwa (Suji ka halwa),bowl,360.1789855957031,3.454904079437256,39.3724479675293,21.36020851135254,2.962924003601074,INDB,turn0search12,green_source_defined_serving,"Use source-defined serving directly; scale by fraction when user chooses 1/2, 1/4, 2x, etc."
ASC294,Shahi suji halwa,bowl,375.843994140625,3.4209799766540527,43.681419372558594,21.35572052001953,2.911180019378662,INDB,turn0search12,green_source_defined_serving,"Use source-defined serving directly; scale by fraction when user chooses 1/2, 1/4, 2x, etc."
ASC295,Carrot halwa (Gajar ka halwa),bowl,289.7090148925781,5.223051071166992,31.10003471374512,16.33171844482422,4.452245712280273,INDB,turn0search12,green_source_defined_serving,"Use source-defined serving directly; scale by fraction when user chooses 1/2, 1/4, 2x, etc."
ASC296,Egg halwa (Ande ka halwa),bowl,289.2530822753906,7.5794997215271,38.203800201416016,12.943999290466309,0.4704999923706054,INDB,turn0search12,green_source_defined_serving,"Use source-defined serving directly; scale by fraction when user chooses 1/2, 1/4, 2x, etc."
ASC297,Potato halwa (Aloo ka halwa),bowl,239.6895446777344,2.412126064300537,46.10981369018555,5.507465839385986,2.5946760177612305,INDB,turn0search12,green_source_defined_serving,"Use source-defined serving directly; scale by fraction when user chooses 1/2, 1/4, 2x, etc."
ASC298,Pumpkin halwa (Kaddu ka halwa),bowl,295.0004272460937,2.05612587928772,42.798316955566406,13.657966613769531,4.605175971984863,INDB,turn0search12,green_source_defined_serving,"Use source-defined serving directly; scale by fraction when user chooses 1/2, 1/4, 2x, etc."
ASC299,Moong dal halwa,bowl,333.6771240234375,7.9657301902771,38.37139129638672,16.86427116394043,2.52564001083374,INDB,turn0search12,green_source_defined_serving,"Use source-defined serving directly; scale by fraction when user chooses 1/2, 1/4, 2x, etc."
ASC300,Caramel custard (steamed),bowl,282.0604858398437,11.530599594116213,34.83599853515625,11.295599937438965,0.0,INDB,turn0search12,green_source_defined_serving,"Use source-defined serving directly; scale by fraction when user chooses 1/2, 1/4, 2x, etc."
ASC301,Baked custard,bowl,226.90049743652344,11.530599594116213,20.13599967956543,11.295599937438965,0.0,INDB,turn0search12,green_source_defined_serving,"Use source-defined serving directly; scale by fraction when user chooses 1/2, 1/4, 2x, etc."
ASC302,Soft Custard (stirred),bowl,272.40899658203125,12.508600234985352,27.917999267578125,12.639599800109863,0.0,INDB,turn0search12,green_source_defined_serving,"Use source-defined serving directly; scale by fraction when user chooses 1/2, 1/4, 2x, etc."
ASC304,Chocolate ice cream,ice-cream cup,659.281005859375,16.579599380493164,57.16699981689453,41.722599029541016,0.0,INDB,turn0search12,green_source_defined_serving,"Use source-defined serving directly; scale by fraction when user chooses 1/2, 1/4, 2x, etc."
ASC305,Mango ice cream,ice-cream cup,573.1279907226562,15.515599250793455,50.7760009765625,34.73809814453125,2.3499999046325684,INDB,turn0search12,green_source_defined_serving,"Use source-defined serving directly; scale by fraction when user chooses 1/2, 1/4, 2x, etc."
ASC307,Fruit Ice cream (Phalon ka Ice cream),ice-cream cup,550.8175048828125,14.048999786376951,51.56499862670898,33.34749984741211,1.065000057220459,INDB,turn0search12,green_source_defined_serving,"Use source-defined serving directly; scale by fraction when user chooses 1/2, 1/4, 2x, etc."
ASC308,Caramel ice cream,ice-cream cup,471.0275573730469,11.708757400512695,40.190704345703125,30.27254295349121,0.2283699959516525,INDB,turn0search12,green_source_defined_serving,"Use source-defined serving directly; scale by fraction when user chooses 1/2, 1/4, 2x, etc."
ASC309,Lemon souffle,souffle cup,399.3580017089844,16.465299606323242,31.833999633789062,23.74530029296875,0.0,INDB,turn0search12,green_source_defined_serving,"Use source-defined serving directly; scale by fraction when user chooses 1/2, 1/4, 2x, etc."
ASC310,Orange souffle,souffle cup,410.61370849609375,16.587499618530273,34.64699935913086,23.730249404907227,0.5482500195503235,INDB,turn0search12,green_source_defined_serving,"Use source-defined serving directly; scale by fraction when user chooses 1/2, 1/4, 2x, etc."
ASC311,Vanilla souffle,souffle cup,408.5822448730469,16.779600143432617,32.14799880981445,24.347599029541016,0.0,INDB,turn0search12,green_source_defined_serving,"Use source-defined serving directly; scale by fraction when user chooses 1/2, 1/4, 2x, etc."
ASC312,Chocolate souffle,souffle cup,416.5022583007813,17.334299087524414,32.43000030517578,24.99829864501953,0.0,INDB,turn0search12,green_source_defined_serving,"Use source-defined serving directly; scale by fraction when user chooses 1/2, 1/4, 2x, etc."
ASC313,Pineapple souffle ,souffle cup,396.2080078125,16.290300369262695,31.3439998626709,23.6752986907959,0.0,INDB,turn0search12,green_source_defined_serving,"Use source-defined serving directly; scale by fraction when user chooses 1/2, 1/4, 2x, etc."
ASC314,Apple mousse,bowl,390.2757568359375,15.359999656677246,46.59249877929688,15.600000381469728,5.827499866485596,INDB,turn0search12,green_source_defined_serving,"Use source-defined serving directly; scale by fraction when user chooses 1/2, 1/4, 2x, etc."
ASC315,Rich chocolate mousse,cup,396.2879943847656,16.754600524902344,22.812000274658203,25.649600982666016,0.0,INDB,turn0search12,green_source_defined_serving,"Use source-defined serving directly; scale by fraction when user chooses 1/2, 1/4, 2x, etc."
ASC316,Mango mousse,cup,348.6821594238281,8.948200225830078,25.50080108642578,23.620500564575195,2.4677999019622803,INDB,turn0search12,green_source_defined_serving,"Use source-defined serving directly; scale by fraction when user chooses 1/2, 1/4, 2x, etc."
ASC317,Orange and pineapple cream,bowl,90.17945098876952,1.2798750400543213,10.65625,4.838250160217285,0.9192500114440918,INDB,turn0search12,green_source_defined_serving,"Use source-defined serving directly; scale by fraction when user chooses 1/2, 1/4, 2x, etc."
ASC318,Charlotte rousse,bowl,476.3647155761719,10.005925178527832,86.22412109375,12.095049858093262,2.553499937057495,INDB,turn0search12,green_source_defined_serving,"Use source-defined serving directly; scale by fraction when user chooses 1/2, 1/4, 2x, etc."
ASC319,Triffle pudding,bowl,341.83624267578125,8.572799682617188,53.29724884033203,11.49905014038086,0.3449999988079071,INDB,turn0search12,green_source_defined_serving,"Use source-defined serving directly; scale by fraction when user chooses 1/2, 1/4, 2x, etc."
ASC320,Snow flakes pudding,bowl,302.7829895019531,14.865099906921388,25.66950035095215,15.798599243164062,0.1059999987483024,INDB,turn0search12,green_source_defined_serving,"Use source-defined serving directly; scale by fraction when user chooses 1/2, 1/4, 2x, etc."
ASC321,Kulfi,kulfi,265.86968994140625,8.667101860046387,30.5307674407959,12.685937881469728,0.3324920237064361,INDB,turn0search12,green_source_defined_serving,"Use source-defined serving directly; scale by fraction when user chooses 1/2, 1/4, 2x, etc."
ASC322,Steamed orange pudding,large slice,298.7744140625,2.518238067626953,44.62324905395508,12.932902336120604,0.6284999847412109,INDB,turn0search12,green_source_defined_serving,"Use source-defined serving directly; scale by fraction when user chooses 1/2, 1/4, 2x, etc."
ASC323,Meringue and rice pudding,bowl,252.95620727539065,10.833799362182615,32.7140007019043,9.072699546813965,0.3740000128746032,INDB,turn0search12,green_source_defined_serving,"Use source-defined serving directly; scale by fraction when user chooses 1/2, 1/4, 2x, etc."
ASC324,Cheese pudding,large slice,343.5853271484375,13.611390113830566,23.2346305847168,22.14739990234375,0.0598299987614154,INDB,turn0search12,green_source_defined_serving,"Use source-defined serving directly; scale by fraction when user chooses 1/2, 1/4, 2x, etc."
ASC325,Chocolate pudding,large slice,351.1969909667969,5.877599716186523,49.026123046875,15.703224182128906,0.8700000047683716,INDB,turn0search12,green_source_defined_serving,"Use source-defined serving directly; scale by fraction when user chooses 1/2, 1/4, 2x, etc."
ASC326,Bread and butter pudding ,plate,206.84767150878903,6.881333351135254,24.17490005493164,9.701200485229492,1.2013167142868042,INDB,turn0search12,green_source_defined_serving,"Use source-defined serving directly; scale by fraction when user chooses 1/2, 1/4, 2x, etc."
ASC327,Queen of pudding,large slice,432.9861145019531,17.941099166870117,53.25849914550781,17.52389907836914,0.8700000047683716,INDB,turn0search12,green_source_defined_serving,"Use source-defined serving directly; scale by fraction when user chooses 1/2, 1/4, 2x, etc."
ASC328,Pineapple upside down pudding,large slice,344.3964233398437,4.205749988555908,47.74649810791016,15.918999671936035,1.0709999799728394,INDB,turn0search12,green_source_defined_serving,"Use source-defined serving directly; scale by fraction when user chooses 1/2, 1/4, 2x, etc."
ASC329,Date and nut pie,bowl,728.6600952148438,8.87600040435791,105.91200256347656,30.089000701904297,9.343999862670898,INDB,turn0search12,green_source_defined_serving,"Use source-defined serving directly; scale by fraction when user chooses 1/2, 1/4, 2x, etc."
ASC330,Stewed apple with custard,piece,263.29400634765625,3.5999999046325684,52.04999923706055,5.160999774932861,2.8554999828338623,INDB,turn0search12,green_source_defined_serving,"Use source-defined serving directly; scale by fraction when user chooses 1/2, 1/4, 2x, etc."
ASC331,Apple snowballs,piece,263.42156982421875,2.225300073623657,63.78750228881836,0.810200035572052,3.237499952316284,INDB,turn0search12,green_source_defined_serving,"Use source-defined serving directly; scale by fraction when user chooses 1/2, 1/4, 2x, etc."
ASC332,Hot orange souffle,bowl,219.55758666992188,8.380599975585938,22.897199630737305,10.916099548339844,0.3590999841690063,INDB,turn0search12,green_source_defined_serving,"Use source-defined serving directly; scale by fraction when user chooses 1/2, 1/4, 2x, etc."
ASC333,Hot chocolate souffle,bowl,321.0492248535156,9.514599800109863,37.22019958496094,15.768599510192873,0.1656000018119812,INDB,turn0search12,green_source_defined_serving,"Use source-defined serving directly; scale by fraction when user chooses 1/2, 1/4, 2x, etc."
ASC334,Hot vanilla souffle,bowl,245.98922729492188,8.764900207519531,27.75819969177246,11.568900108337402,0.1656000018119812,INDB,turn0search12,green_source_defined_serving,"Use source-defined serving directly; scale by fraction when user chooses 1/2, 1/4, 2x, etc."
ASC335,Plain burfi (Burfi),burfi,177.8455047607422,4.275425434112549,13.451622009277344,12.179619789123535,0.0724830031394958,INDB,turn0search12,green_source_defined_serving,"Use source-defined serving directly; scale by fraction when user chooses 1/2, 1/4, 2x, etc."
ASC336,Coconut burfi (Nariyal ki burfi),burfi,265.38311767578125,5.000500202178955,18.24625015258789,19.65049934387207,1.9850000143051147,INDB,turn0search12,green_source_defined_serving,"Use source-defined serving directly; scale by fraction when user chooses 1/2, 1/4, 2x, etc."
ASC337,Bottle gourd burfi (Ghiya/Lauki burfi),burfi,199.0330047607422,4.225250244140625,17.677499771118164,12.751500129699709,0.5299999713897705,INDB,turn0search12,green_source_defined_serving,"Use source-defined serving directly; scale by fraction when user chooses 1/2, 1/4, 2x, etc."
ASC338,Chocolate burfi,burfi,110.2820053100586,4.224249839782715,10.77500057220459,5.805750370025635,0.0,INDB,turn0search12,green_source_defined_serving,"Use source-defined serving directly; scale by fraction when user chooses 1/2, 1/4, 2x, etc."
ASC339,Cashewnut burfi (Kaju burfi/Kaju katli),burfi,120.9001693725586,1.5695000886917114,10.871665954589844,8.158666610717773,0.3216666579246521,INDB,turn0search12,green_source_defined_serving,"Use source-defined serving directly; scale by fraction when user chooses 1/2, 1/4, 2x, etc."
ASC340,Gram flour burfi (Besan burfi),burfi,161.59947204589844,4.288687705993652,17.848424911499023,8.584124565124512,1.3058125972747805,INDB,turn0search12,green_source_defined_serving,"Use source-defined serving directly; scale by fraction when user chooses 1/2, 1/4, 2x, etc."
ASC341,Semolina ladoo with khoya (Suji/Rava aur khoye ke ladoo ),ladoo,126.11656188964844,1.974975824356079,15.549185752868652,6.4305572509765625,1.3763166666030884,INDB,turn0search12,green_source_defined_serving,"Use source-defined serving directly; scale by fraction when user chooses 1/2, 1/4, 2x, etc."
ASC342,Semolina ladoo with coconut (Suji/Rava aur nariyal ke ladoo ),ladoo,168.9363250732422,2.0643749237060547,18.516450881958008,9.832250595092772,2.434875011444092,INDB,turn0search12,green_source_defined_serving,"Use source-defined serving directly; scale by fraction when user chooses 1/2, 1/4, 2x, etc."
ASC343,Gram flour ladoo (Besan ladoo),ladoo,168.110595703125,3.149200201034546,22.069475173950195,8.023037910461426,1.5611000061035156,INDB,turn0search12,green_source_defined_serving,"Use source-defined serving directly; scale by fraction when user chooses 1/2, 1/4, 2x, etc."
ASC344,Sesame ladoo (Til ke ladoo),ladoo,109.16325378417967,2.9437501430511475,11.96250057220459,5.401249885559082,2.1237499713897705,INDB,turn0search12,green_source_defined_serving,"Use source-defined serving directly; scale by fraction when user chooses 1/2, 1/4, 2x, etc."
ASC345,Chenna murki,bowl,227.7392578125,9.43000030517578,32.45500183105469,7.389999866485596,0.0,INDB,turn0search12,green_source_defined_serving,"Use source-defined serving directly; scale by fraction when user chooses 1/2, 1/4, 2x, etc."
ASC346,Milk cake,slice,365.9800109863281,8.653749465942383,26.22249984741211,25.64349937438965,0.1774999946355819,INDB,turn0search12,green_source_defined_serving,"Use source-defined serving directly; scale by fraction when user chooses 1/2, 1/4, 2x, etc."
ASC347,Ghujia/Lavang latika,gunjia,818.7062377929688,1.9838767051696775,13.845870018005373,84.03435516357422,0.5524266958236694,INDB,turn0search12,green_source_defined_serving,"Use source-defined serving directly; scale by fraction when user chooses 1/2, 1/4, 2x, etc."
ASC348,Gulab Jamun with khoya,gulab jamun,918.4591674804688,3.182166576385498,40.890750885009766,83.42566680908203,0.1150000020861625,INDB,turn0search12,green_source_defined_serving,"Use source-defined serving directly; scale by fraction when user chooses 1/2, 1/4, 2x, etc."
ASC349,Mal pua,malqura,847.938720703125,2.552313327789306,26.27790260314941,81.75312042236328,0.9239133596420288,INDB,turn0search12,green_source_defined_serving,"Use source-defined serving directly; scale by fraction when user chooses 1/2, 1/4, 2x, etc."
ASC350,Shahi tukre,tukra,193.4259185791016,2.816025495529175,42.24969100952149,2.5861096382141118,0.5181230306625366,INDB,turn0search12,green_source_defined_serving,"Use source-defined serving directly; scale by fraction when user chooses 1/2, 1/4, 2x, etc."
ASC351,Potato pakora/pakoda (Aloo pakoda),plate,4567.64794921875,12.841300010681152,40.76309967041016,484.5469970703125,6.9170002937316895,INDB,turn0search12,green_source_defined_serving,"Use source-defined serving directly; scale by fraction when user chooses 1/2, 1/4, 2x, etc."
ASC352,Onion pakora/pakoda (Pyaaz ke pakode),plate,4550.2490234375,12.809300422668455,36.49909973144531,484.5549926757813,7.509000301361084,INDB,turn0search12,green_source_defined_serving,"Use source-defined serving directly; scale by fraction when user chooses 1/2, 1/4, 2x, etc."
ASC353,Cauliflower pakora/pakoda (Phoolgobhi ke pakode),plate,4530.1728515625,13.329300880432127,30.475099563598636,484.7149963378906,8.517000198364258,INDB,turn0search12,green_source_defined_serving,"Use source-defined serving directly; scale by fraction when user chooses 1/2, 1/4, 2x, etc."
ASC354,Mixed vegetable pakora/pakoda,plate,4544.84765625,13.075300216674805,34.557098388671875,484.6730041503906,7.598999977111816,INDB,turn0search12,green_source_defined_serving,"Use source-defined serving directly; scale by fraction when user chooses 1/2, 1/4, 2x, etc."
ASC355,Spinach pakora/pakoda (Palak pakoda),plate,4521.56884765625,12.46530055999756,29.67110061645508,484.6189880371094,6.50100040435791,INDB,turn0search12,green_source_defined_serving,"Use source-defined serving directly; scale by fraction when user chooses 1/2, 1/4, 2x, etc."
ASC356,Methi pakora/pakoda (Methi ke pakode),plate,4525.583984375,13.081300735473633,29.719099044799805,484.6949768066406,7.509000301361084,INDB,turn0search12,green_source_defined_serving,"Use source-defined serving directly; scale by fraction when user chooses 1/2, 1/4, 2x, etc."
ASC357,Egg pakora/pakoda (Ande ke pakode),plate,4579.2158203125,18.24930000305176,28.85110092163086,488.93798828125,5.549000263214111,INDB,turn0search12,green_source_defined_serving,"Use source-defined serving directly; scale by fraction when user chooses 1/2, 1/4, 2x, etc."
ASC358,Bread pakora/pakoda,plate,4653.41748046875,16.829299926757812,58.07109832763672,485.62298583984375,7.289000034332275,INDB,turn0search12,green_source_defined_serving,"Use source-defined serving directly; scale by fraction when user chooses 1/2, 1/4, 2x, etc."
ASC359,Paneer pakora/pakoda,plate,4644.453125,21.151050567626957,35.73210144042969,491.8642272949219,5.736000061035156,INDB,turn0search12,green_source_defined_serving,"Use source-defined serving directly; scale by fraction when user chooses 1/2, 1/4, 2x, etc."
ASC360,Potato bonda (Aloo bonda),bonda,1134.087890625,1.9509719610214236,8.125822067260742,121.50048828125,1.488010287284851,INDB,turn0search12,green_source_defined_serving,"Use source-defined serving directly; scale by fraction when user chooses 1/2, 1/4, 2x, etc."
ASC361,Potato samosa (Aloo ka samosa),samosa,813.7577514648438,2.4125592708587646,12.974313735961914,83.4227066040039,1.6794413328170776,INDB,turn0search12,green_source_defined_serving,"Use source-defined serving directly; scale by fraction when user chooses 1/2, 1/4, 2x, etc."
ASC362,Minced meat samosa (Keema ka samosa),samosa,837.5064697265625,5.9682698249816895,8.277936935424805,86.6668701171875,0.5226816534996033,INDB,turn0search12,green_source_defined_serving,"Use source-defined serving directly; scale by fraction when user chooses 1/2, 1/4, 2x, etc."
ASC363,Paneer and pea samosa (Paneer matar ka samosa),samosa,841.3067016601562,5.418603420257568,11.529603004455566,85.83753967285156,1.3718483448028564,INDB,turn0search12,green_source_defined_serving,"Use source-defined serving directly; scale by fraction when user chooses 1/2, 1/4, 2x, etc."
ASC364,Mathri,kachori,702.1825561523438,1.52592134475708,10.747499465942385,72.47254180908203,0.523028552532196,INDB,turn0search12,green_source_defined_serving,"Use source-defined serving directly; scale by fraction when user chooses 1/2, 1/4, 2x, etc."
ASC365,Khasta kachori,kachori,717.5651245117188,2.5258214473724365,12.898263931274414,72.76438903808594,0.9806285500526428,INDB,turn0search12,green_source_defined_serving,"Use source-defined serving directly; scale by fraction when user chooses 1/2, 1/4, 2x, etc."
ASC366,Vegetable cutlet,cutlet,2247.572265625,4.210731029510498,15.822993278503418,240.90707397460935,3.1471264362335205,INDB,turn0search12,green_source_defined_serving,"Use source-defined serving directly; scale by fraction when user chooses 1/2, 1/4, 2x, etc."
ASC367,Flattened rice cutlet (Chirwa cutlet/Chivda cutlet/Poha cutlet),cutlet,2325.0146484375,5.81765604019165,24.499731063842773,244.8143768310547,2.838429450988769,INDB,turn0search12,green_source_defined_serving,"Use source-defined serving directly; scale by fraction when user chooses 1/2, 1/4, 2x, etc."
ASC368,Peanut cutlet (Mungfali ke cutlet),cutlet,2367.666259765625,8.901656150817871,19.2302303314209,250.7453765869141,4.093929767608643,INDB,turn0search12,green_source_defined_serving,"Use source-defined serving directly; scale by fraction when user chooses 1/2, 1/4, 2x, etc."
ASC369,Fish cutlet (Machli ka cutlet),cutlet,2284.43212890625,9.65994358062744,10.921330451965332,244.6424560546875,1.877166986465454,INDB,turn0search12,green_source_defined_serving,"Use source-defined serving directly; scale by fraction when user chooses 1/2, 1/4, 2x, etc."
ASC370,Paneer potato cutlet (Paneer aloo cutlet),cutlet,2309.88134765625,8.479249954223633,17.94700050354004,245.0917510986328,1.412500023841858,INDB,turn0search12,green_source_defined_serving,"Use source-defined serving directly; scale by fraction when user chooses 1/2, 1/4, 2x, etc."
ASC371,Spinach chickpeas cutlet (Palak channa dal cutlet),cutlet,2255.59716796875,4.723956108093262,16.16918182373047,241.2843780517578,3.047329425811768,INDB,turn0search12,green_source_defined_serving,"Use source-defined serving directly; scale by fraction when user chooses 1/2, 1/4, 2x, etc."
ASC372,Cheese toast,toast,1138.7821044921875,2.876824855804444,7.953512191772461,121.9582061767578,0.4557250142097473,INDB,turn0search12,green_source_defined_serving,"Use source-defined serving directly; scale by fraction when user chooses 1/2, 1/4, 2x, etc."
ASC375,Vegetable burger,burger,2678.94482421875,16.81162452697754,70.52774810791016,260.8778686523437,8.746749877929688,INDB,turn0search12,green_source_defined_serving,"Use source-defined serving directly; scale by fraction when user chooses 1/2, 1/4, 2x, etc."
ASC376,Cheese pizza,piece,327.0972900390625,7.592350482940674,40.15011215209961,16.30238914489746,2.5507190227508545,INDB,turn0search12,green_source_defined_serving,"Use source-defined serving directly; scale by fraction when user chooses 1/2, 1/4, 2x, etc."
ASC377,Vegetable seekh kebab,kabab,1136.381103515625,2.5879595279693604,8.757484436035156,121.28478240966795,0.9646352529525756,INDB,turn0search12,green_source_defined_serving,"Use source-defined serving directly; scale by fraction when user chooses 1/2, 1/4, 2x, etc."
ASC378,Masala vada,vada,2228.201416015625,4.548581123352051,10.957842826843262,240.49505615234372,2.876176595687866,INDB,turn0search12,green_source_defined_serving,"Use source-defined serving directly; scale by fraction when user chooses 1/2, 1/4, 2x, etc."
ASC379,Peanut sago vada (Sabudana mungfali vada),vada,2291.538330078125,3.10015606880188,21.81698036193848,243.92575073242188,1.902679443359375,INDB,turn0search12,green_source_defined_serving,"Use source-defined serving directly; scale by fraction when user chooses 1/2, 1/4, 2x, etc."
ASC380,Vegeterian scotch egg,piece,2277.34228515625,7.226330757141113,15.508305549621582,243.12437438964844,1.9283294677734373,INDB,turn0search12,green_source_defined_serving,"Use source-defined serving directly; scale by fraction when user chooses 1/2, 1/4, 2x, etc."
ASC381,Paneer shaslik/tikka,plate,411.68988037109375,22.428312301635746,35.00786209106445,19.70902442932129,5.406858921051025,INDB,turn0search12,green_source_defined_serving,"Use source-defined serving directly; scale by fraction when user chooses 1/2, 1/4, 2x, etc."
ASC382,Peanut brittle (Moongfali ki chikki),piece,78.91400146484375,1.709625005722046,11.688125610351562,2.740875005722046,0.6487500071525574,INDB,turn0search12,green_source_defined_serving,"Use source-defined serving directly; scale by fraction when user chooses 1/2, 1/4, 2x, etc."
ASC383,Spring roll,spring roll,587.3851318359375,1.6997641324996948,8.057872772216797,60.85257339477539,0.6293502449989319,INDB,turn0search12,green_source_defined_serving,"Use source-defined serving directly; scale by fraction when user chooses 1/2, 1/4, 2x, etc."
ASC384,Dry mango chutney (Sookhe aam ki chutney),tablespoon,82.58268737792969,0.6743505001068115,19.160213470458984,0.193412497639656,1.036218523979187,INDB,turn0search12,green_source_defined_serving,"Use source-defined serving directly; scale by fraction when user chooses 1/2, 1/4, 2x, etc."
ASC385,Peanut chutney (Mungfali ki chutney),tablespoon,54.25701904296875,2.4769809246063232,2.071743488311768,4.00346040725708,1.2023764848709106,INDB,turn0search12,green_source_defined_serving,"Use source-defined serving directly; scale by fraction when user chooses 1/2, 1/4, 2x, etc."
ASC386,Coconut chutney (Nariyal ki chutney),tablespoon,67.36534881591797,0.909453272819519,2.100340843200684,6.332900524139404,1.7060102224349976,INDB,turn0search12,green_source_defined_serving,"Use source-defined serving directly; scale by fraction when user chooses 1/2, 1/4, 2x, etc."
ASC387,Mint and coriander chutney (Pudinay aur dhaniye ki chutney),tablespoon,26.977436065673828,0.7397804856300354,5.569880485534668,0.1332844942808151,1.1394729614257812,INDB,turn0search12,green_source_defined_serving,"Use source-defined serving directly; scale by fraction when user chooses 1/2, 1/4, 2x, etc."
ASC395,Custard tart,tart,161.72650146484375,2.6689999103546143,20.545000076293945,7.688499927520752,0.6539999842643738,INDB,turn0search12,green_source_defined_serving,"Use source-defined serving directly; scale by fraction when user chooses 1/2, 1/4, 2x, etc."
ASC396,Lemon tart,tart,165.1375732421875,3.330125093460083,16.7033748626709,9.498499870300291,0.4404999911785126,INDB,turn0search12,green_source_defined_serving,"Use source-defined serving directly; scale by fraction when user chooses 1/2, 1/4, 2x, etc."
ASC397,Jam tart,tart,130.53619384765625,1.5989999771118164,16.71000099182129,6.27899980545044,0.414000004529953,INDB,turn0search12,green_source_defined_serving,"Use source-defined serving directly; scale by fraction when user chooses 1/2, 1/4, 2x, etc."
ASC398,Orange cream tart,tart,142.3243408203125,1.8607499599456787,19.804500579833984,6.2961249351501465,0.4623750150203705,INDB,turn0search12,green_source_defined_serving,"Use source-defined serving directly; scale by fraction when user chooses 1/2, 1/4, 2x, etc."
ASC399,Pineapple tart,tart,150.82769775390625,1.7660000324249268,22.09025001525879,6.340749740600586,0.6735000014305115,INDB,turn0search12,green_source_defined_serving,"Use source-defined serving directly; scale by fraction when user chooses 1/2, 1/4, 2x, etc."
ASC400,Cheese and mushroom tart,tart,165.49984741210938,3.70446252822876,14.409462928771973,10.279112815856934,0.791700005531311,INDB,turn0search12,green_source_defined_serving,"Use source-defined serving directly; scale by fraction when user chooses 1/2, 1/4, 2x, etc."
ASC401,Cottage cheese pie,pie,813.32763671875,25.34856605529785,70.31523132324219,47.05796432495117,7.507200241088867,INDB,turn0search12,green_source_defined_serving,"Use source-defined serving directly; scale by fraction when user chooses 1/2, 1/4, 2x, etc."
ASC402,Minced meat pie,pie,783.9280395507812,26.1065673828125,64.09590148925781,46.137298583984375,8.22920036315918,INDB,turn0search12,green_source_defined_serving,"Use source-defined serving directly; scale by fraction when user chooses 1/2, 1/4, 2x, etc."
ASC403,Apple cinnamon pie,slice,458.28326416015625,5.936249732971191,59.65274810791016,21.61893653869629,3.131500005722046,INDB,turn0search12,green_source_defined_serving,"Use source-defined serving directly; scale by fraction when user chooses 1/2, 1/4, 2x, etc."
ASC404,Lemon meringue pie,slice,352.0685119628906,6.081249713897705,55.073997497558594,12.795624732971191,0.6899999976158142,INDB,turn0search12,green_source_defined_serving,"Use source-defined serving directly; scale by fraction when user chooses 1/2, 1/4, 2x, etc."
ASC405,Chocolate meringue pie,slice,395.69036865234375,9.174799919128418,53.06499862670898,16.903799057006836,0.6899999976158142,INDB,turn0search12,green_source_defined_serving,"Use source-defined serving directly; scale by fraction when user chooses 1/2, 1/4, 2x, etc."
ASC407,Cream puffs,puff,160.185302734375,3.401000022888184,11.583499908447266,11.204750061035156,0.2759999930858612,INDB,turn0search12,green_source_defined_serving,"Use source-defined serving directly; scale by fraction when user chooses 1/2, 1/4, 2x, etc."
ASC408,Chocolate eclairs,éclair,405.2106018066406,7.171999931335449,44.37699890136719,22.8435001373291,0.5519999861717224,INDB,turn0search12,green_source_defined_serving,"Use source-defined serving directly; scale by fraction when user chooses 1/2, 1/4, 2x, etc."
ASC409,Cheese balls,piece,402.9500732421875,1.3077166080474854,2.844716787338257,42.92055892944336,0.1058166623115539,INDB,turn0search12,green_source_defined_serving,"Use source-defined serving directly; scale by fraction when user chooses 1/2, 1/4, 2x, etc."
ASC411,Minced meat patties,patty,344.9963073730469,8.929205894470215,19.80548095703125,25.41056251525879,0.9964795112609864,INDB,turn0search12,green_source_defined_serving,"Use source-defined serving directly; scale by fraction when user chooses 1/2, 1/4, 2x, etc."
ASC412,Cheese patties,patty,336.83984375,7.673380851745605,23.114229202270508,23.56623649597168,1.2924795150756836,INDB,turn0search12,green_source_defined_serving,"Use source-defined serving directly; scale by fraction when user chooses 1/2, 1/4, 2x, etc."
ASC413,Hot cheese souffle,bowl,525.5345458984375,27.24930000305176,16.041549682617188,39.26084899902344,0.3589000105857849,INDB,turn0search12,green_source_defined_serving,"Use source-defined serving directly; scale by fraction when user chooses 1/2, 1/4, 2x, etc."
ASC414,Hot potato souffle,bowl,460.7801208496094,20.19729995727539,31.40954971313477,28.036849975585938,2.410900115966797,INDB,turn0search12,green_source_defined_serving,"Use source-defined serving directly; scale by fraction when user chooses 1/2, 1/4, 2x, etc."
ASC415,Hot fish souffle,bowl,524.1629638671875,41.17329788208008,13.541549682617188,33.90485000610352,0.3589000105857849,INDB,turn0search12,green_source_defined_serving,"Use source-defined serving directly; scale by fraction when user chooses 1/2, 1/4, 2x, etc."
ASC416,Hot spinach souffle,bowl,413.6015319824219,21.55929946899414,16.61655044555664,28.720849990844727,3.928900003433228,INDB,turn0search12,green_source_defined_serving,"Use source-defined serving directly; scale by fraction when user chooses 1/2, 1/4, 2x, etc."
ASC417,Plain cream cake,piece,188.4729156494141,3.29182505607605,25.12562561035156,8.608824729919434,0.37950000166893,INDB,turn0search12,green_source_defined_serving,"Use source-defined serving directly; scale by fraction when user chooses 1/2, 1/4, 2x, etc."
ASC418,Apple cake (Seb ka cake),piece,197.2519378662109,3.3576500415802,26.84858703613281,8.750237464904785,0.8277624845504761,INDB,turn0search12,green_source_defined_serving,"Use source-defined serving directly; scale by fraction when user chooses 1/2, 1/4, 2x, etc."
ASC419,Marble cake,piece,189.7782287597656,3.376199960708618,25.124061584472656,8.717325210571289,0.37950000166893,INDB,turn0search12,green_source_defined_serving,"Use source-defined serving directly; scale by fraction when user chooses 1/2, 1/4, 2x, etc."
ASC420,Chocolate cake,piece,197.589599609375,3.5364999771118164,26.574499130249023,8.939499855041504,0.37950000166893,INDB,turn0search12,green_source_defined_serving,"Use source-defined serving directly; scale by fraction when user chooses 1/2, 1/4, 2x, etc."
ASC421,Orange cake,piece,186.1799774169922,3.1757500171661377,25.13399887084961,8.441750526428223,0.4325000047683716,INDB,turn0search12,green_source_defined_serving,"Use source-defined serving directly; scale by fraction when user chooses 1/2, 1/4, 2x, etc."
ASC422,Fruit Loaf ,slice,181.1439208984375,2.997274875640869,25.97736167907715,7.439212322235107,0.4870249927043915,INDB,turn0search12,green_source_defined_serving,"Use source-defined serving directly; scale by fraction when user chooses 1/2, 1/4, 2x, etc."
ASC423,Banana cake (Kele ka cake),slice,258.2967834472656,3.82784366607666,26.52240562438965,15.460249900817873,0.7590937614440918,INDB,turn0search12,green_source_defined_serving,"Use source-defined serving directly; scale by fraction when user chooses 1/2, 1/4, 2x, etc."
ASC424,Chocolate chiffon cake,slice,227.06072998046875,4.199031352996826,27.585092544555664,11.50860595703125,0.5134375095367432,INDB,turn0search12,green_source_defined_serving,"Use source-defined serving directly; scale by fraction when user chooses 1/2, 1/4, 2x, etc."
ASC425,Christmas cake,slice,388.569580078125,5.722885608673096,50.31758117675781,17.591053009033203,1.5502315759658811,INDB,turn0search12,green_source_defined_serving,"Use source-defined serving directly; scale by fraction when user chooses 1/2, 1/4, 2x, etc."
ASC426,Strawberry and vanilla cake with butter icing,slice,431.6768798828125,4.532400131225586,51.55583190917969,23.75273323059082,0.9226666688919068,INDB,turn0search12,green_source_defined_serving,"Use source-defined serving directly; scale by fraction when user chooses 1/2, 1/4, 2x, etc."
ASC427,Eggless cake,slice,193.9302673339844,4.950325012207031,28.13249969482422,7.164074897766113,0.414000004529953,INDB,turn0search12,green_source_defined_serving,"Use source-defined serving directly; scale by fraction when user chooses 1/2, 1/4, 2x, etc."
ASC429,Swiss roll,swiss roll,159.30999755859375,4.615149974822998,30.57474899291992,2.3826498985290527,0.3449999988079071,INDB,turn0search12,green_source_defined_serving,"Use source-defined serving directly; scale by fraction when user chooses 1/2, 1/4, 2x, etc."
ASC430,Pineapple pastry ,pastry,189.99024963378903,5.52839994430542,26.499000549316406,7.185150146484375,0.6574999690055847,INDB,turn0search12,green_source_defined_serving,"Use source-defined serving directly; scale by fraction when user chooses 1/2, 1/4, 2x, etc."
ASC431,Black forest pastry,pastry,217.78125,5.6768999099731445,32.14950180053711,7.892149925231934,0.5040000081062317,INDB,turn0search12,green_source_defined_serving,"Use source-defined serving directly; scale by fraction when user chooses 1/2, 1/4, 2x, etc."
ASC432,Coconut finger,finger,196.52182006835935,5.069524765014648,30.428375244140625,6.336400032043457,1.337499976158142,INDB,turn0search12,green_source_defined_serving,"Use source-defined serving directly; scale by fraction when user chooses 1/2, 1/4, 2x, etc."
ASC433,Pineapple cake ,slice,1003.2820434570312,25.718599319458008,120.60099792480467,47.934600830078125,3.879999876022339,INDB,turn0search12,green_source_defined_serving,"Use source-defined serving directly; scale by fraction when user chooses 1/2, 1/4, 2x, etc."
ASC439,Chocolate walnut cookies (Chocolate aur akhrot ke cookies),cookie,110.00577545166016,1.698683261871338,12.196041107177734,6.1171417236328125,0.4000833332538605,INDB,turn0search12,green_source_defined_serving,"Use source-defined serving directly; scale by fraction when user chooses 1/2, 1/4, 2x, etc."
ASC440,Chocolate chip cookies,cookie,93.0322494506836,1.2667165994644165,12.68299961090088,4.239007949829102,0.2300000041723251,INDB,turn0search12,green_source_defined_serving,"Use source-defined serving directly; scale by fraction when user chooses 1/2, 1/4, 2x, etc."
ASC441,Sweet plain biscuit,biscuit,54.4694709777832,0.8382222056388855,7.194277286529541,2.5273053646087646,0.1533333361148834,INDB,turn0search12,green_source_defined_serving,"Use source-defined serving directly; scale by fraction when user chooses 1/2, 1/4, 2x, etc."
ASC442,Chocolate biscuit,biscuit,57.491695404052734,0.8896110653877258,7.8062214851379395,2.587583303451538,0.1533333361148834,INDB,turn0search12,green_source_defined_serving,"Use source-defined serving directly; scale by fraction when user chooses 1/2, 1/4, 2x, etc."
ASC443,Coconut biscuit (Nariyal ke biscuit),biscuit,81.559326171875,1.0838888883590698,8.044610977172852,5.092638969421387,0.6826665997505188,INDB,turn0search12,green_source_defined_serving,"Use source-defined serving directly; scale by fraction when user chooses 1/2, 1/4, 2x, etc."
ASC444,Sweet and salty biscuit (Meethay aur namkeen biscuit),biscuit,43.74203109741211,0.6597833037376404,4.834344387054443,2.400222063064575,0.1797777861356735,INDB,turn0search12,green_source_defined_serving,"Use source-defined serving directly; scale by fraction when user chooses 1/2, 1/4, 2x, etc."
ASC445,Peanut biscuit,biscuit,71.29764556884766,1.502388834953308,8.306499481201172,3.628138780593872,0.441666692495346,INDB,turn0search12,green_source_defined_serving,"Use source-defined serving directly; scale by fraction when user chooses 1/2, 1/4, 2x, etc."
ASC446,Pin wheel biscuit,biscuit,80.41429138183594,1.0731666088104248,10.844749450683594,3.7088332176208496,0.2300000041723251,INDB,turn0search12,green_source_defined_serving,"Use source-defined serving directly; scale by fraction when user chooses 1/2, 1/4, 2x, etc."
ASC447,Saffron biscuit (Kesar biscuit),biscuit,50.50825500488281,0.6660113334655762,6.575252056121826,2.424170970916748,0.2097713351249694,INDB,turn0search12,green_source_defined_serving,"Use source-defined serving directly; scale by fraction when user chooses 1/2, 1/4, 2x, etc."
ASC448,Masala biscuit,biscuit,63.638816833496094,0.9799333214759828,7.30413293838501,3.354616641998291,0.3463000059127807,INDB,turn0search12,green_source_defined_serving,"Use source-defined serving directly; scale by fraction when user chooses 1/2, 1/4, 2x, etc."
ASC449,Ice box cookies,cookie,51.8742790222168,0.7899222373962402,7.774999618530273,2.001116752624512,0.176888883113861,INDB,turn0search12,green_source_defined_serving,"Use source-defined serving directly; scale by fraction when user chooses 1/2, 1/4, 2x, etc."
ASC450,Ginger bread man,biscuit,108.45056915283205,1.963844895362854,17.903329849243164,3.2701687812805176,0.474824994802475,INDB,turn0search12,green_source_defined_serving,"Use source-defined serving directly; scale by fraction when user chooses 1/2, 1/4, 2x, etc."
ASC451,Danish cookies,biscuit,59.7130012512207,0.6699999570846558,7.286874771118164,3.129999876022339,0.1724999994039535,INDB,turn0search12,green_source_defined_serving,"Use source-defined serving directly; scale by fraction when user chooses 1/2, 1/4, 2x, etc."
ASC452,Short bread cookies,biscuit,77.81829833984375,1.058500051498413,11.38325023651123,3.158499956130981,0.2759999930858612,INDB,turn0search12,green_source_defined_serving,"Use source-defined serving directly; scale by fraction when user chooses 1/2, 1/4, 2x, etc."
ASC453,Coffee biscuit,biscuit,71.62727355957031,1.1859999895095823,8.004611015319824,3.9555275440216064,0.2731111049652099,INDB,turn0search12,green_source_defined_serving,"Use source-defined serving directly; scale by fraction when user chooses 1/2, 1/4, 2x, etc."
ASC454,Melting moments,biscuit,72.86344146728516,0.950622260570526,9.29038906097412,3.623816728591919,0.3133333325386047,INDB,turn0search12,green_source_defined_serving,"Use source-defined serving directly; scale by fraction when user chooses 1/2, 1/4, 2x, etc."
ASC455,Ginger biscuit (Adarak ke biscuit),biscuit,56.24358749389648,0.8049444556236267,7.865694046020508,2.4636387825012207,0.2003333419561386,INDB,turn0search12,green_source_defined_serving,"Use source-defined serving directly; scale by fraction when user chooses 1/2, 1/4, 2x, etc."
ASC456,Soyabean muthias,muthia,1126.439208984375,3.2970845699310303,4.968534469604492,121.3894271850586,1.9727102518081665,INDB,turn0search12,green_source_defined_serving,"Use source-defined serving directly; scale by fraction when user chooses 1/2, 1/4, 2x, etc."
ASC457,Soyabean tikki,tikki,1156.3433837890625,5.854374885559082,7.264999866485596,122.59162139892578,3.651000022888184,INDB,turn0search12,green_source_defined_serving,"Use source-defined serving directly; scale by fraction when user chooses 1/2, 1/4, 2x, etc."
ASC458,Soyabean namak paras,plate,2294.245849609375,7.253762722015381,12.724024772644045,245.78399658203125,3.868000030517578,INDB,turn0search12,green_source_defined_serving,"Use source-defined serving directly; scale by fraction when user chooses 1/2, 1/4, 2x, etc."
ASC459,Peanut burfi (Moongfali ki burfi),burfi,116.62700653076172,1.9708333015441892,10.189167022705078,7.798000335693359,0.8650000095367432,INDB,turn0search12,green_source_defined_serving,"Use source-defined serving directly; scale by fraction when user chooses 1/2, 1/4, 2x, etc."
ASC460,Spinach peanut namak paras (Palak moongfali namak paras),plate,2339.84619140625,5.229762554168701,20.916025161743164,248.1929931640625,2.557499885559082,INDB,turn0search12,green_source_defined_serving,"Use source-defined serving directly; scale by fraction when user chooses 1/2, 1/4, 2x, etc."
ASC461,Gram flour and semolina chilla/cheela/savory pancake (Besan suji chilla/cheela),cheela,1142.13671875,3.124875068664551,11.486749649047852,120.45687103271484,2.095499992370605,INDB,turn0search12,green_source_defined_serving,"Use source-defined serving directly; scale by fraction when user chooses 1/2, 1/4, 2x, etc."
ASC462,Rice moong dal cheela (Chawal aur moong dal ka cheela),cheela,1163.4658203125,3.994999885559082,16.21875,120.15324401855467,1.725749969482422,INDB,turn0search12,green_source_defined_serving,"Use source-defined serving directly; scale by fraction when user chooses 1/2, 1/4, 2x, etc."
ASC463,Split bengal gram sweet rice (Channa dal sweet rice),plate,418.465087890625,9.140000343322754,90.35900115966795,1.4170000553131104,4.900000095367432,INDB,turn0search12,green_source_defined_serving,"Use source-defined serving directly; scale by fraction when user chooses 1/2, 1/4, 2x, etc."
ASC464,Sweet poori (Meethi poori),poori,1193.687255859375,3.2300000190734863,21.75074958801269,121.4375,2.34975004196167,INDB,turn0search12,green_source_defined_serving,"Use source-defined serving directly; scale by fraction when user chooses 1/2, 1/4, 2x, etc."
ASC465,Wheat flour and moong dal burfi (Atta aur moong dal ki burfi),piece,115.78395080566406,2.58174991607666,15.74899959564209,4.833000183105469,1.579999923706055,INDB,turn0search12,green_source_defined_serving,"Use source-defined serving directly; scale by fraction when user chooses 1/2, 1/4, 2x, etc."
ASC466,Spinach burfi (Palak burfi),piece,105.5714874267578,2.358875036239624,11.117449760437012,5.9367499351501465,1.020875096321106,INDB,turn0search12,green_source_defined_serving,"Use source-defined serving directly; scale by fraction when user chooses 1/2, 1/4, 2x, etc."
ASC467,Sweet split chickpea roti (Sweet channa dal roti/Puranpoli),roti,195.66580200195312,5.078374862670898,33.44499969482422,4.231500148773193,4.355000019073486,INDB,turn0search12,green_source_defined_serving,"Use source-defined serving directly; scale by fraction when user chooses 1/2, 1/4, 2x, etc."
ASC468,Sprouted moong daliya ,plate,352.53985595703125,8.864100456237793,46.68120193481445,14.88290023803711,9.868499755859377,INDB,turn0search12,green_source_defined_serving,"Use source-defined serving directly; scale by fraction when user chooses 1/2, 1/4, 2x, etc."
ASC469,Sprouted moong poha ,plate,368.5081481933594,10.700037956237791,50.90303802490234,13.174776077270508,5.994040966033936,INDB,turn0search12,green_source_defined_serving,"Use source-defined serving directly; scale by fraction when user chooses 1/2, 1/4, 2x, etc."
ASC470,Pearl millet ladoo (Bajra ladoo),ladoo,151.83670043945312,4.566500186920166,24.21674919128418,3.828000068664551,2.8485000133514404,INDB,turn0search12,green_source_defined_serving,"Use source-defined serving directly; scale by fraction when user chooses 1/2, 1/4, 2x, etc."
ASC471,Paushtik ladoo,ladoo,170.0553436279297,2.6781251430511475,21.117374420166016,8.743875503540039,1.600749969482422,INDB,turn0search12,green_source_defined_serving,"Use source-defined serving directly; scale by fraction when user chooses 1/2, 1/4, 2x, etc."
ASC472,Paushtik roti,roti,64.09514617919922,3.078195810317993,11.420379638671877,0.64765864610672,2.46311354637146,INDB,turn0search12,green_source_defined_serving,"Use source-defined serving directly; scale by fraction when user chooses 1/2, 1/4, 2x, etc."
ASC473,Semolina carrot vada (Suji gajar vada),vada,1138.483154296875,2.538749933242798,10.612500190734863,120.55624389648438,1.7374999523162842,INDB,turn0search12,green_source_defined_serving,"Use source-defined serving directly; scale by fraction when user chooses 1/2, 1/4, 2x, etc."
ASC474,Dhokla,piece,86.50218200683594,5.373383045196533,12.260692596435549,2.111091375350952,1.976478576660156,INDB,turn0search12,green_source_defined_serving,"Use source-defined serving directly; scale by fraction when user chooses 1/2, 1/4, 2x, etc."
BFP007,Kashmiri tea (Kehwa),tea cup,63.92770767211914,0.4470199942588806,13.43068027496338,1.299780011177063,0.4028200209140777,INDB,turn0search12,green_source_defined_serving,"Use source-defined serving directly; scale by fraction when user chooses 1/2, 1/4, 2x, etc."
BFP008,Steeped hot coffee,tea cup,32.13425064086914,0.781000018119812,6.080999851226807,0.671999990940094,0.0,INDB,turn0search12,green_source_defined_serving,"Use source-defined serving directly; scale by fraction when user chooses 1/2, 1/4, 2x, etc."
BFP011,Hot chocolate,tea cup,171.46099853515625,6.5329999923706055,17.179500579833984,8.784000396728516,0.0,INDB,turn0search12,green_source_defined_serving,"Use source-defined serving directly; scale by fraction when user chooses 1/2, 1/4, 2x, etc."
BFP013,Cold coffee (with cream),tall glass,207.32400512695312,4.84499979019165,30.01799964904785,8.241000175476074,0.0,INDB,turn0search12,green_source_defined_serving,"Use source-defined serving directly; scale by fraction when user chooses 1/2, 1/4, 2x, etc."
BFP015,Banana milkshake with ice cream (Kele ka milkshake ice cream ke saath),tall glass,259.9237976074219,6.8480000495910645,37.922000885009766,9.42199993133545,0.9139999747276306,INDB,turn0search12,green_source_defined_serving,"Use source-defined serving directly; scale by fraction when user chooses 1/2, 1/4, 2x, etc."
BFP019,Flavoured milkshake,tall glass,190.31100463867188,5.868000030517578,24.642000198364254,8.064000129699707,0.0,INDB,turn0search12,green_source_defined_serving,"Use source-defined serving directly; scale by fraction when user chooses 1/2, 1/4, 2x, etc."
BFP024,Jal jeera,juice glass,42.34368133544922,0.6131079792976379,9.381795883178713,0.3638060092926025,1.3336101770401,INDB,turn0search12,green_source_defined_serving,"Use source-defined serving directly; scale by fraction when user chooses 1/2, 1/4, 2x, etc."
BFP026,Gingo,tall glass,139.73199462890625,0.3966000080108642,36.13814926147461,0.1727499961853027,0.4873999953269958,INDB,turn0search12,green_source_defined_serving,"Use source-defined serving directly; scale by fraction when user chooses 1/2, 1/4, 2x, etc."
BFP027,Mintade,glass,229.83616638183597,0.1905000060796737,60.39025115966797,0.1337499916553497,0.1472499966621399,INDB,turn0search12,green_source_defined_serving,"Use source-defined serving directly; scale by fraction when user chooses 1/2, 1/4, 2x, etc."
BFP029,Canjee,glass,11.260883331298828,0.4155833423137665,0.7425000071525574,0.7209166884422302,0.6123332977294922,INDB,turn0search12,green_source_defined_serving,"Use source-defined serving directly; scale by fraction when user chooses 1/2, 1/4, 2x, etc."
BFP030,Cauliflower canjee (Phoolgobhi ki canjee),glass,12.316466331481934,0.6947500109672546,0.6183333396911621,0.7550833225250244,0.8823333382606506,INDB,turn0search12,green_source_defined_serving,"Use source-defined serving directly; scale by fraction when user chooses 1/2, 1/4, 2x, etc."
BFP031,Potato canjee (Aloo canjee),glass,31.75513458251953,0.8497499823570251,5.243333339691162,0.7584166526794434,0.8339999914169312,INDB,turn0search12,green_source_defined_serving,"Use source-defined serving directly; scale by fraction when user chooses 1/2, 1/4, 2x, etc."
BFP036,Vermicelli porridge (Semiya/Seviyan porridge),bowl,310.847412109375,9.89900016784668,41.88999938964844,11.826000213623049,1.909999966621399,INDB,turn0search12,green_source_defined_serving,"Use source-defined serving directly; scale by fraction when user chooses 1/2, 1/4, 2x, etc."
BFP039,Semolina upma (Suji/Rava upma),bowl,157.143310546875,3.5073366165161133,17.33301544189453,7.961974620819092,3.445237398147583,INDB,turn0search12,green_source_defined_serving,"Use source-defined serving directly; scale by fraction when user chooses 1/2, 1/4, 2x, etc."
BFP040,Vermicelli upma (Semiya/Seviyan upma),bowl,158.4339141845703,3.3053364753723145,17.93101692199707,7.911974906921387,3.4112374782562256,INDB,turn0search12,green_source_defined_serving,"Use source-defined serving directly; scale by fraction when user chooses 1/2, 1/4, 2x, etc."
BFP041,Rice upma,bowl,160.7283172607422,2.7933366298675537,19.079015731811523,7.923974990844727,2.249237537384033,INDB,turn0search12,green_source_defined_serving,"Use source-defined serving directly; scale by fraction when user chooses 1/2, 1/4, 2x, etc."
BFP042,Bread upma,bowl,137.61451721191406,2.971336603164673,13.387015342712402,8.23397445678711,2.081237554550171,INDB,turn0search12,green_source_defined_serving,"Use source-defined serving directly; scale by fraction when user chooses 1/2, 1/4, 2x, etc."
BFP043,Vegetable upma,plate,345.1669006347656,11.14036464691162,38.779205322265625,15.62789535522461,9.869686126708984,INDB,turn0search12,green_source_defined_serving,"Use source-defined serving directly; scale by fraction when user chooses 1/2, 1/4, 2x, etc."
BFP044,Poha,bowl,160.78147888183594,3.322011947631836,19.132686614990234,7.718059062957764,2.028493881225586,INDB,turn0search12,green_source_defined_serving,"Use source-defined serving directly; scale by fraction when user chooses 1/2, 1/4, 2x, etc."
BFP045,Vegetable poha,bowl,176.59866333007812,4.782182693481445,21.05360412597656,7.893948078155518,3.682842969894409,INDB,turn0search12,green_source_defined_serving,"Use source-defined serving directly; scale by fraction when user chooses 1/2, 1/4, 2x, etc."
BFP046,Moong dal stuffed cheela/chilla (Moong dal ka cheela/chilla),cheela,352.1001281738281,15.853487968444824,44.15548706054688,11.627375602722168,9.66499137878418,INDB,turn0search12,green_source_defined_serving,"Use source-defined serving directly; scale by fraction when user chooses 1/2, 1/4, 2x, etc."
BFP047,Paneer stuffed cheela/chilla,cheela,435.6784362792969,24.28248786926269,40.68198776245117,18.867876052856445,8.55349063873291,INDB,turn0search12,green_source_defined_serving,"Use source-defined serving directly; scale by fraction when user chooses 1/2, 1/4, 2x, etc."
BFP052,Indian style egg bhujia (Anda bhujia (Indian style)),small bowl,129.53024291992188,7.679563045501709,4.738379955291748,8.841958045959473,1.9334020614624023,INDB,turn0search12,green_source_defined_serving,"Use source-defined serving directly; scale by fraction when user chooses 1/2, 1/4, 2x, etc."
BFP054,French omelette/omlet,egg,143.50685119628906,6.821000099182129,0.2796999812126159,12.82270050048828,0.2590000033378601,INDB,turn0search12,green_source_defined_serving,"Use source-defined serving directly; scale by fraction when user chooses 1/2, 1/4, 2x, etc."
BFP055,Puffy omelette/omlet,egg,142.99301147460938,6.699999809265137,0.0599999986588954,12.795000076293944,0.0,INDB,turn0search12,green_source_defined_serving,"Use source-defined serving directly; scale by fraction when user chooses 1/2, 1/4, 2x, etc."
BFP056,Orange omelette/omlet,egg,147.94300842285156,6.789999961853027,1.274999976158142,12.795000076293944,0.0,INDB,turn0search12,green_source_defined_serving,"Use source-defined serving directly; scale by fraction when user chooses 1/2, 1/4, 2x, etc."
BFP057,Cheese and mushroom omelette/omlet,egg,263.2023620605469,12.404999732971191,2.1536998748779297,22.80870056152344,1.1920000314712524,INDB,turn0search12,green_source_defined_serving,"Use source-defined serving directly; scale by fraction when user chooses 1/2, 1/4, 2x, etc."
BFP058,Spanish omelette/omlet,egg,239.32005310058597,12.54010009765625,7.752099990844727,17.387699127197266,3.863800048828125,INDB,turn0search12,green_source_defined_serving,"Use source-defined serving directly; scale by fraction when user chooses 1/2, 1/4, 2x, etc."
BFP059,Mixed stock,cup,229.2519989013672,18.78999900817871,3.0219998359680176,15.592000007629396,1.3259999752044678,INDB,turn0search12,green_source_defined_serving,"Use source-defined serving directly; scale by fraction when user chooses 1/2, 1/4, 2x, etc."
BFP060,Meat stock,cup,213.0,18.299999237060547,0.0,15.449999809265137,0.0,INDB,turn0search12,green_source_defined_serving,"Use source-defined serving directly; scale by fraction when user chooses 1/2, 1/4, 2x, etc."
BFP062,White stock,cup,53.45199966430664,0.5199999809265137,3.052000045776367,4.252000331878662,1.3259999752044678,INDB,turn0search12,green_source_defined_serving,"Use source-defined serving directly; scale by fraction when user chooses 1/2, 1/4, 2x, etc."
BFP065,Meat consomme (with mutton),bowl,184.5082092285156,92.1104965209961,3.155849933624268,84.78734588623047,4.385400295257568,INDB,turn0search12,green_source_defined_serving,"Use source-defined serving directly; scale by fraction when user chooses 1/2, 1/4, 2x, etc."
BFP066,Consomme au julienne,bowl,213.7445068359375,96.1834945678711,11.480850219726562,82.0523452758789,10.655400276184082,INDB,turn0search12,green_source_defined_serving,"Use source-defined serving directly; scale by fraction when user chooses 1/2, 1/4, 2x, etc."
BFP067,Consomme au vermicelli,bowl,187.7198028564453,95.4843978881836,8.155250549316406,81.38164520263672,5.053900241851807,INDB,turn0search12,green_source_defined_serving,"Use source-defined serving directly; scale by fraction when user chooses 1/2, 1/4, 2x, etc."
BFP072,Green pea soup (Matar ka soup),bowl,221.32374572753903,61.51899719238281,20.19820022583008,71.69969940185547,13.860000610351562,INDB,turn0search12,green_source_defined_serving,"Use source-defined serving directly; scale by fraction when user chooses 1/2, 1/4, 2x, etc."
BFP073,Spinach soup (Palak ka soup),bowl,163.876953125,52.97962188720703,15.214203834533691,71.7213363647461,9.948307037353516,INDB,turn0search12,green_source_defined_serving,"Use source-defined serving directly; scale by fraction when user chooses 1/2, 1/4, 2x, etc."
BFP074,Mixed vegetable soup,bowl,157.37283325195312,36.206302642822266,12.993399620056152,51.39430236816406,7.214450359344482,INDB,turn0search12,green_source_defined_serving,"Use source-defined serving directly; scale by fraction when user chooses 1/2, 1/4, 2x, etc."
BFP075,Cheese soup,bowl,182.97146606445312,55.1089973449707,8.31149959564209,75.94190216064453,7.986599922180176,INDB,turn0search12,green_source_defined_serving,"Use source-defined serving directly; scale by fraction when user chooses 1/2, 1/4, 2x, etc."
BFP076,Mulligatawny soup,bowl,189.8490447998047,39.29660034179688,28.733200073242188,46.31449890136719,9.054200172424316,INDB,turn0search12,green_source_defined_serving,"Use source-defined serving directly; scale by fraction when user chooses 1/2, 1/4, 2x, etc."
BFP079,Cream of carrot soup,bowl,278.3031005859375,38.52960205078125,26.48419952392578,57.51679992675781,9.213000297546388,INDB,turn0search12,green_source_defined_serving,"Use source-defined serving directly; scale by fraction when user chooses 1/2, 1/4, 2x, etc."
BFP080,Cream of broccoli soup,bowl,258.6194152832031,41.318603515625,17.138200759887695,58.71580123901367,8.695000648498535,INDB,turn0search12,green_source_defined_serving,"Use source-defined serving directly; scale by fraction when user chooses 1/2, 1/4, 2x, etc."
BFP082,Cream of potato soup,bowl,286.3573913574219,38.528602600097656,29.21820068359375,57.315799713134766,7.205000400543213,INDB,turn0search12,green_source_defined_serving,"Use source-defined serving directly; scale by fraction when user chooses 1/2, 1/4, 2x, etc."
BFP087,Almond soup (Badam ka soup),bowl,375.1643371582031,48.32259750366211,17.56744956970215,65.81999969482422,4.319950103759766,INDB,turn0search12,green_source_defined_serving,"Use source-defined serving directly; scale by fraction when user chooses 1/2, 1/4, 2x, etc."
BFP088,Cold cucumber cream soup ,bowl,45.42829895019531,1.2870999574661257,6.728600025177002,1.289199948310852,2.79580020904541,INDB,turn0search12,green_source_defined_serving,"Use source-defined serving directly; scale by fraction when user chooses 1/2, 1/4, 2x, etc."
BFP089,Cold tomato soup,bowl,46.4015007019043,0.3113000094890594,1.624400019645691,4.274199962615967,0.4416000247001648,INDB,turn0search12,green_source_defined_serving,"Use source-defined serving directly; scale by fraction when user chooses 1/2, 1/4, 2x, etc."
BFP090,Chicken stew,bowl,378.6318054199219,21.352663040161133,13.18578815460205,26.45686149597168,5.395893096923828,INDB,turn0search12,green_source_defined_serving,"Use source-defined serving directly; scale by fraction when user chooses 1/2, 1/4, 2x, etc."
BFP091,Veg paneer stew,bowl,344.7384033203125,16.543663024902344,24.19578742980957,19.913862228393555,7.291893005371094,INDB,turn0search12,green_source_defined_serving,"Use source-defined serving directly; scale by fraction when user chooses 1/2, 1/4, 2x, etc."
BFP108,Onion-green chilli parantha/paratha (Pyaaz aur hari mirch ka parantha/paratha),parantha,146.22654724121094,3.3419368267059326,20.160053253173828,5.557128429412842,3.946575880050659,INDB,turn0search12,green_source_defined_serving,"Use source-defined serving directly; scale by fraction when user chooses 1/2, 1/4, 2x, etc."
BFP110,Methi parantha/paratha,parantha,135.3014678955078,3.895196199417114,20.23754501342773,3.962491989135742,4.641613483428955,INDB,turn0search12,green_source_defined_serving,"Use source-defined serving directly; scale by fraction when user chooses 1/2, 1/4, 2x, etc."
BFP114,Bathua poori,poori,544.2376098632812,2.138444423675537,12.590221405029297,53.74933242797852,1.7006667852401731,INDB,turn0search12,green_source_defined_serving,"Use source-defined serving directly; scale by fraction when user chooses 1/2, 1/4, 2x, etc."
BFP115,Gram flour poori (Besan poori),poori,525.57421875,1.9486666917800903,8.237333297729492,53.87288665771485,1.4586666822433472,INDB,turn0search12,green_source_defined_serving,"Use source-defined serving directly; scale by fraction when user chooses 1/2, 1/4, 2x, etc."
BFP116,Beetroot poori (Chukandar ki poori),poori,543.1355590820312,1.969000101089477,12.649110794067385,53.70822143554688,1.4390000104904177,INDB,turn0search12,green_source_defined_serving,"Use source-defined serving directly; scale by fraction when user chooses 1/2, 1/4, 2x, etc."
BFP117,Peas poori (Matar ki poori),poori,496.7926635742188,2.544600009918213,12.500799179077148,48.34600067138672,1.8880001306533811,INDB,turn0search12,green_source_defined_serving,"Use source-defined serving directly; scale by fraction when user chooses 1/2, 1/4, 2x, etc."
BFP118,Peas kachori (Matar kachori),kachori,632.2093505859375,3.474215507507324,14.324509620666504,62.17984390258789,2.196146011352539,INDB,turn0search12,green_source_defined_serving,"Use source-defined serving directly; scale by fraction when user chooses 1/2, 1/4, 2x, etc."
BFP122,Pizza,slice,436.3479309082031,20.360986709594727,29.55954933166504,25.935474395751957,5.073587417602539,INDB,turn0search12,green_source_defined_serving,"Use source-defined serving directly; scale by fraction when user chooses 1/2, 1/4, 2x, etc."
BFP124,Bacon and mushroom pancake,pancake,191.5732879638672,8.28703784942627,10.289924621582031,12.881892204284668,1.927672028541565,INDB,turn0search12,green_source_defined_serving,"Use source-defined serving directly; scale by fraction when user chooses 1/2, 1/4, 2x, etc."
BFP125,Cheese and tomato pancake,pancake,162.4922637939453,5.673133373260498,11.756900787353516,10.235417366027832,1.166200041770935,INDB,turn0search12,green_source_defined_serving,"Use source-defined serving directly; scale by fraction when user chooses 1/2, 1/4, 2x, etc."
BFP127,Minced meat pancake (with chicken),pancake,155.9285888671875,16.14189910888672,10.987800598144531,14.080116271972656,0.9429333209991456,INDB,turn0search12,green_source_defined_serving,"Use source-defined serving directly; scale by fraction when user chooses 1/2, 1/4, 2x, etc."
BFP132,Eggplant/Brinjal rice (Vangi bhat),plate,538.0884399414062,15.37100601196289,92.41912841796876,10.69758415222168,12.91664218902588,INDB,turn0search12,green_source_defined_serving,"Use source-defined serving directly; scale by fraction when user chooses 1/2, 1/4, 2x, etc."
BFP133,Kashmiri 'tahar',plate,319.82177734375,6.356866359710693,62.22731399536133,4.446013927459717,3.1778101921081543,INDB,turn0search12,green_source_defined_serving,"Use source-defined serving directly; scale by fraction when user chooses 1/2, 1/4, 2x, etc."
BFP134,Cumin pulao (Jeera/Zeera pulao),plate,365.8278503417969,6.687099933624268,63.8661994934082,8.646400451660156,3.785500049591065,INDB,turn0search12,green_source_defined_serving,"Use source-defined serving directly; scale by fraction when user chooses 1/2, 1/4, 2x, etc."
BFP136,Peas pulao (Matar pulao),plate,513.7529296875,18.37569999694824,86.90380096435547,8.979849815368652,15.159649848937988,INDB,turn0search12,green_source_defined_serving,"Use source-defined serving directly; scale by fraction when user chooses 1/2, 1/4, 2x, etc."
BFP137,Split bengal gram dal and vegetable pulao (Channa dal and vegetable pulao),plate,514.924072265625,15.910699844360352,87.1427993774414,10.1468505859375,13.959650039672852,INDB,turn0search12,green_source_defined_serving,"Use source-defined serving directly; scale by fraction when user chooses 1/2, 1/4, 2x, etc."
BFP138,Black channa pulao/ Bengal gram pulao (Kale chane ka pulao),plate,498.158203125,13.63819980621338,85.5438003540039,10.23235034942627,10.692150115966797,INDB,turn0search12,green_source_defined_serving,"Use source-defined serving directly; scale by fraction when user chooses 1/2, 1/4, 2x, etc."
BFP141,Mutton pulao,plate,866.5282592773438,43.18894577026367,74.613037109375,71.43281555175781,10.93870449066162,INDB,turn0search12,green_source_defined_serving,"Use source-defined serving directly; scale by fraction when user chooses 1/2, 1/4, 2x, etc."
BFP142,Chicken pulao,plate,723.1832275390625,40.58794403076172,74.613037109375,56.63031768798828,10.93870449066162,INDB,turn0search12,green_source_defined_serving,"Use source-defined serving directly; scale by fraction when user chooses 1/2, 1/4, 2x, etc."
BFP143,Mexican rice,plate,624.244140625,23.93610000610352,73.59574890136719,25.267879486083984,8.498530387878418,INDB,turn0search12,green_source_defined_serving,"Use source-defined serving directly; scale by fraction when user chooses 1/2, 1/4, 2x, etc."
BFP144,Plain khitchdi (Plain khichri/khichdi),small bowl,327.3550720214844,9.860249519348145,57.64030075073242,5.776400089263916,4.869699954986572,INDB,turn0search12,green_source_defined_serving,"Use source-defined serving directly; scale by fraction when user chooses 1/2, 1/4, 2x, etc."
BFP147,Instant idli (with semolina),idli,87.23462677001953,3.233075857162476,15.310989379882812,1.2724566459655762,2.5135481357574463,INDB,turn0search12,green_source_defined_serving,"Use source-defined serving directly; scale by fraction when user chooses 1/2, 1/4, 2x, etc."
BFP148,Plain dosa,dosa,137.6022186279297,3.7340126037597656,23.14846420288086,3.045650005340576,1.8891874551773071,INDB,turn0search12,green_source_defined_serving,"Use source-defined serving directly; scale by fraction when user chooses 1/2, 1/4, 2x, etc."
BFP150,Masala dosa mixed vegetable fillings,dosa,400.8403015136719,13.409180641174316,63.8325080871582,9.034236907958984,11.958904266357422,INDB,turn0search12,green_source_defined_serving,"Use source-defined serving directly; scale by fraction when user chooses 1/2, 1/4, 2x, etc."
BFP151,Masala dosa paneer fillings,dosa,479.7521362304688,20.342432022094727,58.71725845336914,17.450986862182617,6.146904468536377,INDB,turn0search12,green_source_defined_serving,"Use source-defined serving directly; scale by fraction when user chooses 1/2, 1/4, 2x, etc."
BFP152,Uttapam,uttapam,174.1522979736328,4.20719051361084,24.68387985229492,6.143355846405029,2.990952253341675,INDB,turn0search12,green_source_defined_serving,"Use source-defined serving directly; scale by fraction when user chooses 1/2, 1/4, 2x, etc."
BFP153,Appam,appam,409.2830810546875,4.76966667175293,20.302833557128903,34.5984992980957,9.468667030334473,INDB,turn0search12,green_source_defined_serving,"Use source-defined serving directly; scale by fraction when user chooses 1/2, 1/4, 2x, etc."
BFP154,Beans and macaroni,plate,345.98931884765625,11.652299880981444,36.211551666259766,17.833850860595703,5.210899829864502,INDB,turn0search12,green_source_defined_serving,"Use source-defined serving directly; scale by fraction when user chooses 1/2, 1/4, 2x, etc."
BFP155,Spaghetti bolognese,shallow dish,364.6760559082031,34.998226165771484,37.59225463867188,35.61528396606445,4.036857128143311,INDB,turn0search12,green_source_defined_serving,"Use source-defined serving directly; scale by fraction when user chooses 1/2, 1/4, 2x, etc."
BFP157,Meat and macaroni casserole,small casserole dish,647.0057983398438,36.63269805908203,64.57534790039062,40.72249984741211,4.754300117492676,INDB,turn0search12,green_source_defined_serving,"Use source-defined serving directly; scale by fraction when user chooses 1/2, 1/4, 2x, etc."
BFP158,Spaghetti with meat balls and tomato sauce,shallow dish,878.8372192382812,31.15847587585449,58.12216567993164,59.135555267333984,6.196310997009277,INDB,turn0search12,green_source_defined_serving,"Use source-defined serving directly; scale by fraction when user chooses 1/2, 1/4, 2x, etc."
BFP159,Spaghetti with paneer balls and tomato sauce,shallow dish,785.9896240234375,19.602474212646484,63.08616638183594,51.747554779052734,6.196310997009277,INDB,turn0search12,green_source_defined_serving,"Use source-defined serving directly; scale by fraction when user chooses 1/2, 1/4, 2x, etc."
BFP161,Lasagne with meat sauce,dish,1124.6346435546875,51.489524841308594,95.51428985595705,60.950782775878906,8.395561218261719,INDB,turn0search12,green_source_defined_serving,"Use source-defined serving directly; scale by fraction when user chooses 1/2, 1/4, 2x, etc."
BFP162,Lasagne with vegetables,dish,865.0218505859375,29.962024688720703,103.7523956298828,37.95858383178711,11.656611442565918,INDB,turn0search12,green_source_defined_serving,"Use source-defined serving directly; scale by fraction when user chooses 1/2, 1/4, 2x, etc."
BFP165,Home made egg noodles,curry bowl,541.7799682617188,14.727200508117676,96.5510025024414,9.838449478149414,3.588000059127808,INDB,turn0search12,green_source_defined_serving,"Use source-defined serving directly; scale by fraction when user chooses 1/2, 1/4, 2x, etc."
BFP170,Sour lentils (Khatti dal),curry bowl,126.1786651611328,8.037069320678711,21.904939651489254,0.4502339959144592,4.433652877807617,INDB,turn0search12,green_source_defined_serving,"Use source-defined serving directly; scale by fraction when user chooses 1/2, 1/4, 2x, etc."
BFP171,Urad special dehusked,curry bowl,184.8427276611328,8.359587669372559,23.592504501342773,5.773231029510498,6.659319877624512,INDB,turn0search12,green_source_defined_serving,"Use source-defined serving directly; scale by fraction when user chooses 1/2, 1/4, 2x, etc."
BFP172,Arhar with spinach (Arhar dal aur palak),curry bowl,213.09164428710935,8.271857261657715,19.220977783203125,11.112259864807127,5.222993850708008,INDB,turn0search12,green_source_defined_serving,"Use source-defined serving directly; scale by fraction when user chooses 1/2, 1/4, 2x, etc."
BFP174,Moong dal with vadi,curry bowl,87.27902221679688,1.4393190145492554,3.607439994812012,7.423484325408935,1.4276530742645264,INDB,turn0search12,green_source_defined_serving,"Use source-defined serving directly; scale by fraction when user chooses 1/2, 1/4, 2x, etc."
BFP176,Rasam with tamarind (Puli rasam/ Chintapandu rasam/ Charu/Saaru),curry bowl,104.25333404541016,4.411891937255859,13.137665748596191,3.437947988510132,6.2208170890808105,INDB,turn0search12,green_source_defined_serving,"Use source-defined serving directly; scale by fraction when user chooses 1/2, 1/4, 2x, etc."
BFP177,Rasam with lemon (Nimmakaya rasam/Nimmakaya charu/Elumichai rasam/Nimbe hannina saaru),curry bowl,96.2741470336914,4.361792087554932,11.222166061401367,3.4484479427337646,6.061517238616943,INDB,turn0search12,green_source_defined_serving,"Use source-defined serving directly; scale by fraction when user chooses 1/2, 1/4, 2x, etc."
BFP178,Green gram whole with baghar (Sabut moong dal with tadka),bowl,143.18519592285156,7.292043685913086,15.33771514892578,5.597134113311768,6.805703163146973,INDB,turn0search12,green_source_defined_serving,"Use source-defined serving directly; scale by fraction when user chooses 1/2, 1/4, 2x, etc."
BFP179,Urad sabut special,bowl,350.757080078125,10.28888702392578,22.232954025268555,24.129056930541992,9.495220184326172,INDB,turn0search12,green_source_defined_serving,"Use source-defined serving directly; scale by fraction when user chooses 1/2, 1/4, 2x, etc."
BFP185,Kabuli channa curry,bowl,243.8697967529297,10.391075134277344,27.12614250183105,10.872507095336914,3.973661184310913,INDB,turn0search12,green_source_defined_serving,"Use source-defined serving directly; scale by fraction when user chooses 1/2, 1/4, 2x, etc."
BFP187,Besan gatte curry,bowl,484.1685485839844,19.826284408569336,41.56089401245117,27.40819931030273,8.30174732208252,INDB,turn0search12,green_source_defined_serving,"Use source-defined serving directly; scale by fraction when user chooses 1/2, 1/4, 2x, etc."
BFP190,Dry masala chops,chops,199.37335205078125,13.402250289916992,4.870116233825684,14.076921463012695,1.263644456863403,INDB,turn0search12,green_source_defined_serving,"Use source-defined serving directly; scale by fraction when user chooses 1/2, 1/4, 2x, etc."
BFP194,Mutton korma,bowl,423.775634765625,25.991395950317383,9.279683113098145,31.279062271118164,2.852689027786255,INDB,turn0search12,green_source_defined_serving,"Use source-defined serving directly; scale by fraction when user chooses 1/2, 1/4, 2x, etc."
BFP196,Shahi keema kofta curry,bowl,2580.26806640625,25.552949905395508,10.689749717712402,270.44403076171875,5.591949939727783,INDB,turn0search12,green_source_defined_serving,"Use source-defined serving directly; scale by fraction when user chooses 1/2, 1/4, 2x, etc."
BFP197,Minced meat ball curry,bowl,409.6019287109375,25.430150985717773,10.66450023651123,29.276124954223636,5.55049991607666,INDB,turn0search12,green_source_defined_serving,"Use source-defined serving directly; scale by fraction when user chooses 1/2, 1/4, 2x, etc."
BFP198,Boti kebab,kebab,72.66267395019531,5.0445051193237305,1.6749016046524048,5.068413734436035,0.4136077761650085,INDB,turn0search12,green_source_defined_serving,"Use source-defined serving directly; scale by fraction when user chooses 1/2, 1/4, 2x, etc."
BFP199,Mutton seekh kebab,kebab,60.25196075439453,5.06090259552002,1.398210048675537,3.7940850257873535,0.8474774956703186,INDB,turn0search12,green_source_defined_serving,"Use source-defined serving directly; scale by fraction when user chooses 1/2, 1/4, 2x, etc."
BFP201,Indian lamb and egg curry (Nargisi kofta),kofta,1312.53564453125,15.010518074035645,8.090705871582031,135.63818359375,2.327367067337036,INDB,turn0search12,green_source_defined_serving,"Use source-defined serving directly; scale by fraction when user chooses 1/2, 1/4, 2x, etc."
BFP203,Soya chunks sweet and sour (Nutrinugget sweet and sour),bowl,2312.2958984375,13.171700477600098,15.112199783325195,258.4492492675781,3.959100008010864,INDB,turn0search12,green_source_defined_serving,"Use source-defined serving directly; scale by fraction when user chooses 1/2, 1/4, 2x, etc."
BFP204,Soya chunks korma (Nutrinugget korma),bowl,326.8592224121094,9.603806495666504,19.080202102661133,23.624210357666016,6.3914642333984375,INDB,turn0search12,green_source_defined_serving,"Use source-defined serving directly; scale by fraction when user chooses 1/2, 1/4, 2x, etc."
BFP205,Mushroom matar,bowl,186.0626983642578,7.340386867523193,14.019262313842772,10.79832363128662,8.235533714294434,INDB,turn0search12,green_source_defined_serving,"Use source-defined serving directly; scale by fraction when user chooses 1/2, 1/4, 2x, etc."
BFP206,Soya chunks and peas (Nutrinugget matar),bowl,184.1717071533203,6.752387046813965,12.971261978149414,11.386323928833008,6.369534015655518,INDB,turn0search12,green_source_defined_serving,"Use source-defined serving directly; scale by fraction when user chooses 1/2, 1/4, 2x, etc."
BFP207,Vegetable yakhni,bowl,2329.719482421875,6.7440996170043945,11.128325462341309,251.2769470214844,3.521724939346313,INDB,turn0search12,green_source_defined_serving,"Use source-defined serving directly; scale by fraction when user chooses 1/2, 1/4, 2x, etc."
BFP208,Spinach mushroom (Palak mushroom),bowl,140.53775024414062,5.725924968719482,8.71560001373291,8.72445011138916,6.704625129699707,INDB,turn0search12,green_source_defined_serving,"Use source-defined serving directly; scale by fraction when user chooses 1/2, 1/4, 2x, etc."
BFP210,Vegetarian nargisi kofta curry,kofta,1325.2603759765625,9.129043579101562,26.24696350097656,131.42543029785156,3.435534954071045,INDB,turn0search12,green_source_defined_serving,"Use source-defined serving directly; scale by fraction when user chooses 1/2, 1/4, 2x, etc."
BFP212,Roast chicken,joint,266.62042236328125,27.32271385192871,0.1338375061750412,17.423112869262695,0.0414500012993812,INDB,turn0search12,green_source_defined_serving,"Use source-defined serving directly; scale by fraction when user chooses 1/2, 1/4, 2x, etc."
BFP214,Shahi chicken masala,bowl,571.5413818359375,34.301124572753906,14.194499969482422,41.95684814453125,3.3573250770568848,INDB,turn0search12,green_source_defined_serving,"Use source-defined serving directly; scale by fraction when user chooses 1/2, 1/4, 2x, etc."
BFP216,Tomato chicken,bowl,196.84173583984372,18.63074111938477,3.758382558822632,11.83523178100586,2.508531093597412,INDB,turn0search12,green_source_defined_serving,"Use source-defined serving directly; scale by fraction when user chooses 1/2, 1/4, 2x, etc."
BFP217,Creamy chicken,bowl,332.3608703613281,29.39016342163086,6.796437740325928,20.816726684570312,1.50981605052948,INDB,turn0search12,green_source_defined_serving,"Use source-defined serving directly; scale by fraction when user chooses 1/2, 1/4, 2x, etc."
BFP218,Broccoli chicken ala king,bowl,282.271728515625,18.825300216674805,12.600549697875977,17.87835121154785,4.535399913787842,INDB,turn0search12,green_source_defined_serving,"Use source-defined serving directly; scale by fraction when user chooses 1/2, 1/4, 2x, etc."
BFP220,Ginger chicken,bowl,495.913330078125,31.65462684631348,21.49720001220703,31.63884925842285,4.659725189208984,INDB,turn0search12,green_source_defined_serving,"Use source-defined serving directly; scale by fraction when user chooses 1/2, 1/4, 2x, etc."
BFP221,Chicken sweet and sour,bowl,2499.60302734375,38.86370086669922,14.972200393676758,267.2692565917969,3.2390999794006348,INDB,turn0search12,green_source_defined_serving,"Use source-defined serving directly; scale by fraction when user chooses 1/2, 1/4, 2x, etc."
BFP222,Chicken korma,bowl,513.4599609375,34.11639404296875,18.84234046936035,33.57218551635742,6.311805248260498,INDB,turn0search12,green_source_defined_serving,"Use source-defined serving directly; scale by fraction when user chooses 1/2, 1/4, 2x, etc."
BFP223,Bengal fish curry (Bengali machli curry),bowl,339.7574462890625,22.549850463867188,13.722492218017578,21.81625747680664,5.981611251831055,INDB,turn0search12,green_source_defined_serving,"Use source-defined serving directly; scale by fraction when user chooses 1/2, 1/4, 2x, etc."
BFP226,Fish finger,fillet,2408.255859375,25.08724975585937,19.847000122070312,247.61924743652344,1.5080000162124634,INDB,turn0search12,green_source_defined_serving,"Use source-defined serving directly; scale by fraction when user chooses 1/2, 1/4, 2x, etc."
BFP229,Fish in coconut milk (Nariyal ke doodh ke saath machli),dish,280.641845703125,28.190868377685547,8.890556335449219,14.4279203414917,4.933280944824219,INDB,turn0search12,green_source_defined_serving,"Use source-defined serving directly; scale by fraction when user chooses 1/2, 1/4, 2x, etc."
BFP230,Prawn curry (with coconut) (Jhinga curry),bowl,313.4407043457031,24.44452476501465,8.879657745361328,19.825868606567383,4.475589275360107,INDB,turn0search12,green_source_defined_serving,"Use source-defined serving directly; scale by fraction when user chooses 1/2, 1/4, 2x, etc."
BFP231,Baked stuffed fish,fish,742.0862426757812,98.1952896118164,12.907337188720703,33.02357482910156,2.2900874614715576,INDB,turn0search12,green_source_defined_serving,"Use source-defined serving directly; scale by fraction when user chooses 1/2, 1/4, 2x, etc."
BFP232,Fish pie,pie,369.443115234375,28.268400192260746,23.66370010375977,17.641399383544922,2.3122000694274902,INDB,turn0search12,green_source_defined_serving,"Use source-defined serving directly; scale by fraction when user chooses 1/2, 1/4, 2x, etc."
BFP233,Crispy baked fish,casserole dish,391.6770935058594,30.99860000610352,27.13170051574707,18.14949989318848,3.417200088500977,INDB,turn0search12,green_source_defined_serving,"Use source-defined serving directly; scale by fraction when user chooses 1/2, 1/4, 2x, etc."
BFP234,Fish souffle,dish,412.6111450195313,31.035350799560547,15.177499771118164,25.2408504486084,0.5674999952316284,INDB,turn0search12,green_source_defined_serving,"Use source-defined serving directly; scale by fraction when user chooses 1/2, 1/4, 2x, etc."
BFP239,Potato curry (Aloo ki sabzi),bowl,180.51611328125,3.0593879222869877,21.00348854064941,9.007475852966309,4.882191181182861,INDB,turn0search12,green_source_defined_serving,"Use source-defined serving directly; scale by fraction when user chooses 1/2, 1/4, 2x, etc."
BFP240,Egg curry (Anda curry),bowl,178.12611389160156,8.159387588500977,6.11348819732666,13.352476119995115,3.1721911430358887,INDB,turn0search12,green_source_defined_serving,"Use source-defined serving directly; scale by fraction when user chooses 1/2, 1/4, 2x, etc."
BFP241,Vegetable curry with coconut ,bowl,308.6679077148437,10.307388305664062,26.698488235473636,17.29847526550293,12.431191444396973,INDB,turn0search12,green_source_defined_serving,"Use source-defined serving directly; scale by fraction when user chooses 1/2, 1/4, 2x, etc."
BFP242,Curd with potatoes (Dahi aloo),bowl,227.19273376464844,5.92946195602417,27.102861404418945,10.319623947143556,4.501859188079834,INDB,turn0search12,green_source_defined_serving,"Use source-defined serving directly; scale by fraction when user chooses 1/2, 1/4, 2x, etc."
BFP246,Potato kofta curry (Aloo kofta curry),bowl,4645.41845703125,5.712757110595703,28.39706420898437,500.7048950195313,5.712788105010986,INDB,turn0search12,green_source_defined_serving,"Use source-defined serving directly; scale by fraction when user chooses 1/2, 1/4, 2x, etc."
BFP249,Yam kofta curry (Zimikand/Suran kofta curry),bowl,2422.435546875,5.363712787628174,28.1252384185791,253.85275268554688,7.786165714263916,INDB,turn0search12,green_source_defined_serving,"Use source-defined serving directly; scale by fraction when user chooses 1/2, 1/4, 2x, etc."
BFP250,Jackfruit kofta curry (Kathal ka kofta curry),bowl,2408.9560546875,6.035713195800781,23.757238388061523,253.8287506103516,7.234165668487549,INDB,turn0search12,green_source_defined_serving,"Use source-defined serving directly; scale by fraction when user chooses 1/2, 1/4, 2x, etc."
BFP257,Spinach and potato (Palak aloo),bowl,191.57415771484372,5.461925029754639,19.811599731445312,9.448450088500977,6.828625202178955,INDB,turn0search12,green_source_defined_serving,"Use source-defined serving directly; scale by fraction when user chooses 1/2, 1/4, 2x, etc."
BFP258,Mooli bhujia,bowl,180.96234130859372,3.3471879959106445,9.413337707519531,14.386075973510742,4.6754913330078125,INDB,turn0search12,green_source_defined_serving,"Use source-defined serving directly; scale by fraction when user chooses 1/2, 1/4, 2x, etc."
BFP259,Bathua bhujia,bowl,180.3648376464844,4.492187976837158,7.203337669372559,14.46107578277588,7.545490741729736,INDB,turn0search12,green_source_defined_serving,"Use source-defined serving directly; scale by fraction when user chooses 1/2, 1/4, 2x, etc."
BFP261,Cabbage rolls (dry) ((Pattagobhi rolls) (dry)),roll,118.46800994873048,6.823393821716309,5.067177772521973,7.781691551208496,1.5266510248184204,INDB,turn0search12,green_source_defined_serving,"Use source-defined serving directly; scale by fraction when user chooses 1/2, 1/4, 2x, etc."
BFP262,Cabbage rolls (curry) ((Pattagobhi rolls)(curry)),roll,181.4825439453125,8.387173652648926,10.24020767211914,11.893752098083496,3.42478609085083,INDB,turn0search12,green_source_defined_serving,"Use source-defined serving directly; scale by fraction when user chooses 1/2, 1/4, 2x, etc."
BFP263,Dry arbi (Sookhi arbi),bowl,270.686279296875,4.244724750518799,22.27869987487793,17.986099243164062,4.961025238037109,INDB,turn0search12,green_source_defined_serving,"Use source-defined serving directly; scale by fraction when user chooses 1/2, 1/4, 2x, etc."
BFP264,Masala arbi,bowl,215.3709259033203,3.493799924850464,18.7721004486084,13.828649520874023,3.6008999347686768,INDB,turn0search12,green_source_defined_serving,"Use source-defined serving directly; scale by fraction when user chooses 1/2, 1/4, 2x, etc."
BFP266,Peas brinjal bhartha (Matar baingan bhartha),small bowl,221.2301025390625,5.367487907409668,13.13173770904541,15.835975646972656,9.5010404586792,INDB,turn0search12,green_source_defined_serving,"Use source-defined serving directly; scale by fraction when user chooses 1/2, 1/4, 2x, etc."
BFP269,Okra/Lady's fingers fry (Bhindi sabzi/sabji/subji),bowl,184.31881713867188,3.0447001457214355,7.49055004119873,15.42557430267334,5.936924934387207,INDB,turn0search12,green_source_defined_serving,"Use source-defined serving directly; scale by fraction when user chooses 1/2, 1/4, 2x, etc."
BFP270,Crispy okra/Crispy lady's fingers (Karare bhindi),small bowl,2254.47265625,6.552750110626221,14.90464973449707,241.28086853027344,6.009774684906006,INDB,turn0search12,green_source_defined_serving,"Use source-defined serving directly; scale by fraction when user chooses 1/2, 1/4, 2x, etc."
BFP272,Beans foogath,small bowl,190.34552001953125,3.66933798789978,5.9043378829956055,16.707124710083008,7.512440681457519,INDB,turn0search12,green_source_defined_serving,"Use source-defined serving directly; scale by fraction when user chooses 1/2, 1/4, 2x, etc."
BFP273,Stuffed bittergourd (wet) (Bharwa karele),bowl,254.04708862304688,2.133424997329712,7.32264232635498,23.85370635986328,4.475911140441895,INDB,turn0search12,green_source_defined_serving,"Use source-defined serving directly; scale by fraction when user chooses 1/2, 1/4, 2x, etc."
BFP274,Jackfruit/Kathal (dry),bowl,2363.8017578125,4.494163036346436,22.067338943481445,250.3313751220703,6.422316074371338,INDB,turn0search12,green_source_defined_serving,"Use source-defined serving directly; scale by fraction when user chooses 1/2, 1/4, 2x, etc."
BFP275,Yam fried (Zimikand/Suran fried),bowl,2377.281494140625,3.8221628665924072,26.435338973999023,250.3553771972656,6.974316120147705,INDB,turn0search12,green_source_defined_serving,"Use source-defined serving directly; scale by fraction when user chooses 1/2, 1/4, 2x, etc."
BFP276,"Cauliflower, pea and potato bhujia (Phoolgobhi, matar aur aloo bhujia)",bowl,182.93377685546875,5.267075061798096,15.74499225616455,10.594706535339355,6.2396111488342285,INDB,turn0search12,green_source_defined_serving,"Use source-defined serving directly; scale by fraction when user chooses 1/2, 1/4, 2x, etc."
BFP277,Vegetable jalfrezi,bowl,68.8783950805664,1.4130635261535645,5.457658767700195,4.400760173797607,2.987022638320923,INDB,turn0search12,green_source_defined_serving,"Use source-defined serving directly; scale by fraction when user chooses 1/2, 1/4, 2x, etc."
BFP278,Vegetables stir fry ,small bowl,119.58538055419922,4.021850109100342,12.410650253295898,5.722749710083008,5.341550350189209,INDB,turn0search12,green_source_defined_serving,"Use source-defined serving directly; scale by fraction when user chooses 1/2, 1/4, 2x, etc."
BFP279,Broccoli delight,bowl,81.19049835205078,4.968250274658203,4.673000335693359,4.955749988555908,5.644499778747559,INDB,turn0search12,green_source_defined_serving,"Use source-defined serving directly; scale by fraction when user chooses 1/2, 1/4, 2x, etc."
BFP280,Dhansak (vegetarian),bowl,199.56509399414065,8.006712913513184,17.541791915893555,10.073627471923828,10.045758247375488,INDB,turn0search12,green_source_defined_serving,"Use source-defined serving directly; scale by fraction when user chooses 1/2, 1/4, 2x, etc."
BFP282,Cauliflower basket,portion,219.60646057128903,12.568849563598633,9.585075378417969,14.199925422668455,5.791049957275391,INDB,turn0search12,green_source_defined_serving,"Use source-defined serving directly; scale by fraction when user chooses 1/2, 1/4, 2x, etc."
BFP284,Stuffed bottle gourd (Stuffed ghiya/lauki),portion,330.8143615722656,20.724699020385746,15.481800079345703,20.600500106811523,4.1946001052856445,INDB,turn0search12,green_source_defined_serving,"Use source-defined serving directly; scale by fraction when user chooses 1/2, 1/4, 2x, etc."
BFP286,Ducheese potato,potato,60.37561798095703,1.5475749969482422,4.6982622146606445,3.8709311485290527,0.5551000237464905,INDB,turn0search12,green_source_defined_serving,"Use source-defined serving directly; scale by fraction when user chooses 1/2, 1/4, 2x, etc."
BFP287,Roast potatoes ,potato,67.49285888671875,1.1796499490737915,11.224774360656738,1.81992506980896,1.3239500522613523,INDB,turn0search12,green_source_defined_serving,"Use source-defined serving directly; scale by fraction when user chooses 1/2, 1/4, 2x, etc."
BFP288,Stuffed baked potatoes ,potato,104.25106048583984,3.969650030136109,11.481074333190918,4.568449974060059,1.3626500368118286,INDB,turn0search12,green_source_defined_serving,"Use source-defined serving directly; scale by fraction when user chooses 1/2, 1/4, 2x, etc."
BFP289,Potato nests,nest,213.7069549560547,10.925649642944336,21.154375076293945,9.123650550842283,4.758699893951416,INDB,turn0search12,green_source_defined_serving,"Use source-defined serving directly; scale by fraction when user chooses 1/2, 1/4, 2x, etc."
BFP290,Parsley potato,bowl,129.67247009277344,1.6157499551773071,14.985150337219238,6.811700344085693,1.7293500900268557,INDB,turn0search12,green_source_defined_serving,"Use source-defined serving directly; scale by fraction when user chooses 1/2, 1/4, 2x, etc."
BFP291,Creamed spinach and mushroom,bowl,2496.711669921875,13.55459976196289,18.84709930419922,262.6177062988281,6.05679988861084,INDB,turn0search12,green_source_defined_serving,"Use source-defined serving directly; scale by fraction when user chooses 1/2, 1/4, 2x, etc."
BFP292,Fricassee of Mushroom,dish,299.553466796875,10.254599571228027,22.8400993347168,18.628700256347656,3.4677999019622803,INDB,turn0search12,green_source_defined_serving,"Use source-defined serving directly; scale by fraction when user chooses 1/2, 1/4, 2x, etc."
BFP293,Cauliflower au gratin,bowl,490.7093200683594,14.980050086975098,30.72249984741211,34.322200775146484,4.8538498878479,INDB,turn0search12,green_source_defined_serving,"Use source-defined serving directly; scale by fraction when user chooses 1/2, 1/4, 2x, etc."
BFP294,Vegetable and cheese pie,dish,615.1505737304688,19.53454971313477,42.45779800415039,40.1515998840332,9.267900466918944,INDB,turn0search12,green_source_defined_serving,"Use source-defined serving directly; scale by fraction when user chooses 1/2, 1/4, 2x, etc."
BFP296,Spinach souffle ,small bowl,300.87042236328125,14.740300178527832,12.569000244140623,21.07740020751953,2.877000093460083,INDB,turn0search12,green_source_defined_serving,"Use source-defined serving directly; scale by fraction when user chooses 1/2, 1/4, 2x, etc."
BFP299,Beetroot and egg salad (Chukandar aur ande ka salad),small bowl,188.93597412109372,7.46875,7.56974983215332,14.35949993133545,1.2267500162124634,INDB,turn0search12,green_source_defined_serving,"Use source-defined serving directly; scale by fraction when user chooses 1/2, 1/4, 2x, etc."
BFP300,Sour cream potato salad,small bowl,276.5130615234375,6.552000045776367,20.53569984436035,18.43320083618164,2.739000082015991,INDB,turn0search12,green_source_defined_serving,"Use source-defined serving directly; scale by fraction when user chooses 1/2, 1/4, 2x, etc."
BFP301,Tossed green salad,small bowl,108.73432159423828,2.908200025558472,8.31779956817627,7.055600166320801,2.891200065612793,INDB,turn0search12,green_source_defined_serving,"Use source-defined serving directly; scale by fraction when user chooses 1/2, 1/4, 2x, etc."
BFP302,Spring basket salad,basket,336.9595947265625,7.061999797821045,24.374000549316406,23.724000930786133,6.492000102996826,INDB,turn0search12,green_source_defined_serving,"Use source-defined serving directly; scale by fraction when user chooses 1/2, 1/4, 2x, etc."
BFP303,Cucumber and yogurt salad (Kheere aur dahi ka salad),small plate,41.57720184326172,2.406749963760376,5.4365997314453125,1.06659996509552,1.912700057029724,INDB,turn0search12,green_source_defined_serving,"Use source-defined serving directly; scale by fraction when user chooses 1/2, 1/4, 2x, etc."
BFP305,Chicken and tomato towers,stuffed tomato,265.5472106933594,18.22470092773437,6.242000102996826,18.463350296020508,3.021900177001953,INDB,turn0search12,green_source_defined_serving,"Use source-defined serving directly; scale by fraction when user chooses 1/2, 1/4, 2x, etc."
BFP306,Jellied sunshine fruit salad,small mould,121.4293212890625,14.540949821472168,10.454549789428713,2.107599973678589,4.467949867248535,INDB,turn0search12,green_source_defined_serving,"Use source-defined serving directly; scale by fraction when user chooses 1/2, 1/4, 2x, etc."
BFP307,Tomato aspic,small mould,107.1641845703125,14.623250007629396,10.68595027923584,0.5568000078201294,3.368849992752075,INDB,turn0search12,green_source_defined_serving,"Use source-defined serving directly; scale by fraction when user chooses 1/2, 1/4, 2x, etc."
BFP308,Frozen frosty fruit salad (Phalon ka salaad),slice,241.1722717285156,3.908999919891357,36.36684799194336,9.720650672912598,0.6099500060081482,INDB,turn0search12,green_source_defined_serving,"Use source-defined serving directly; scale by fraction when user chooses 1/2, 1/4, 2x, etc."
BFP310,French dressing,cup,1477.322265625,0.6496000289916992,7.400266647338867,160.35919189453125,0.4421333372592926,INDB,turn0search12,green_source_defined_serving,"Use source-defined serving directly; scale by fraction when user chooses 1/2, 1/4, 2x, etc."
BFP312,Mayonnaise without eggs,cup,1274.260498046875,8.25309944152832,15.431599617004396,131.04519653320312,0.165800005197525,INDB,turn0search12,green_source_defined_serving,"Use source-defined serving directly; scale by fraction when user chooses 1/2, 1/4, 2x, etc."
BFP313,Curd dressing ,cup,164.82464599609375,11.684449195861816,16.79465103149414,6.073400020599365,0.4603500068187713,INDB,turn0search12,green_source_defined_serving,"Use source-defined serving directly; scale by fraction when user chooses 1/2, 1/4, 2x, etc."
BFP316,Carrot raita (Gajar ka raita),bowl,102.14546966552734,6.522137641906738,11.328938484191896,3.445375919342041,2.65959095954895,INDB,turn0search12,green_source_defined_serving,"Use source-defined serving directly; scale by fraction when user chooses 1/2, 1/4, 2x, etc."
BFP318,Pumpkin raita (Kaddu ka raita),bowl,94.52924346923828,6.349961757659912,10.23066234588623,3.2029240131378174,1.7704089879989624,INDB,turn0search12,green_source_defined_serving,"Use source-defined serving directly; scale by fraction when user chooses 1/2, 1/4, 2x, etc."
BFP320,Mint and peanut raita (Pudinay aur moongfali ka raita),bowl,149.2125244140625,9.383817672729492,9.73625373840332,8.245548248291016,2.3837690353393555,INDB,turn0search12,green_source_defined_serving,"Use source-defined serving directly; scale by fraction when user chooses 1/2, 1/4, 2x, etc."
BFP321,Spinach raita (Palak ka raita),bowl,107.1815185546875,8.021818161010742,10.278254508972168,3.775547981262207,2.825769186019897,INDB,turn0search12,green_source_defined_serving,"Use source-defined serving directly; scale by fraction when user chooses 1/2, 1/4, 2x, etc."
BFP322,Bathua raita,bowl,110.52751922607422,8.381817817687988,10.788253784179688,3.575547933578491,4.455769062042236,INDB,turn0search12,green_source_defined_serving,"Use source-defined serving directly; scale by fraction when user chooses 1/2, 1/4, 2x, etc."
BFP325,Pineapple raita (Ananas ka raita),bowl,107.60112762451172,6.19189977645874,13.694450378417969,3.211400032043457,2.206550121307373,INDB,turn0search12,green_source_defined_serving,"Use source-defined serving directly; scale by fraction when user chooses 1/2, 1/4, 2x, etc."
BFP326,Banana raita (Kele ka raita),bowl,141.4196319580078,6.556900024414063,21.459449768066406,3.291399955749512,1.5815500020980835,INDB,turn0search12,green_source_defined_serving,"Use source-defined serving directly; scale by fraction when user chooses 1/2, 1/4, 2x, etc."
BFP327,Mango raita (Aam ka raita),bowl,107.00363159179688,6.201900005340576,13.074450492858888,3.406399965286255,1.4165500402450562,INDB,turn0search12,green_source_defined_serving,"Use source-defined serving directly; scale by fraction when user chooses 1/2, 1/4, 2x, etc."
BFP328,Guava raita (Amarood ka raita),bowl,102.2236328125,6.651899814605713,11.549449920654297,3.291399955749512,4.771550178527832,INDB,turn0search12,green_source_defined_serving,"Use source-defined serving directly; scale by fraction when user chooses 1/2, 1/4, 2x, etc."
BFP329,Grapes raita (Angoor ka raita),bowl,115.3088836669922,6.314399719238281,15.339449882507324,3.283900022506714,1.1265499591827393,INDB,turn0search12,green_source_defined_serving,"Use source-defined serving directly; scale by fraction when user chooses 1/2, 1/4, 2x, etc."
BFP334,Bottle gourd kheer (Ghiya/Lauki kheer),bowl,225.064697265625,7.230519771575928,26.775680541992188,10.324780464172363,1.4628199338912964,INDB,turn0search12,green_source_defined_serving,"Use source-defined serving directly; scale by fraction when user chooses 1/2, 1/4, 2x, etc."
BFP336,Pumpkin kheer (Kaddu ki kheer),bowl,231.15919494628903,7.385519981384277,27.935680389404297,10.3397798538208,1.682819962501526,INDB,turn0search12,green_source_defined_serving,"Use source-defined serving directly; scale by fraction when user chooses 1/2, 1/4, 2x, etc."
BFP338,Apple kheer (Seb ki kheer),bowl,270.47271728515625,7.111090183258057,37.74375534057617,10.58007526397705,1.6978199481964111,INDB,turn0search12,green_source_defined_serving,"Use source-defined serving directly; scale by fraction when user chooses 1/2, 1/4, 2x, etc."
BFP345,Caramel custard (baked),small bowl,276.6805114746094,11.53030014038086,33.722999572753906,11.295299530029297,0.0,INDB,turn0search12,green_source_defined_serving,"Use source-defined serving directly; scale by fraction when user chooses 1/2, 1/4, 2x, etc."
BFP346,Vanilla ice cream without egg,ice cream cup,359.8737487792969,4.230299949645996,22.355499267578125,28.556549072265625,0.0,INDB,turn0search12,green_source_defined_serving,"Use source-defined serving directly; scale by fraction when user chooses 1/2, 1/4, 2x, etc."
BFP347,Vanilla ice cream with egg,ice cream cup,389.1477355957031,7.542799949645996,21.20549964904785,30.83530044555664,0.0,INDB,turn0search12,green_source_defined_serving,"Use source-defined serving directly; scale by fraction when user chooses 1/2, 1/4, 2x, etc."
BFP348,Strawberry ice cream,ice cream cup,392.13275146484375,7.549999713897705,22.292499542236328,30.84375,0.0,INDB,turn0search12,green_source_defined_serving,"Use source-defined serving directly; scale by fraction when user chooses 1/2, 1/4, 2x, etc."
BFP350,Chocochip ice cream,ice cream cup,481.38275146484375,8.425000190734863,33.404998779296875,35.743751525878906,0.0,INDB,turn0search12,green_source_defined_serving,"Use source-defined serving directly; scale by fraction when user chooses 1/2, 1/4, 2x, etc."
BFP351,Choconut ice cream,sundae glass,658.7959594726562,12.121299743652344,55.61558151245117,44.4657096862793,1.2192599773406982,INDB,turn0search12,green_source_defined_serving,"Use source-defined serving directly; scale by fraction when user chooses 1/2, 1/4, 2x, etc."
BFP352,Pear chocholate sunday,sundae glass,447.2503967285156,5.080937385559082,36.59980010986328,31.958288192749023,0.1795749962329864,INDB,turn0search12,green_source_defined_serving,"Use source-defined serving directly; scale by fraction when user chooses 1/2, 1/4, 2x, etc."
BFP353,Chocolate sauce,tablespoon,43.86666870117188,0.3183333277702331,7.201666355133057,1.7316666841506958,0.0,INDB,turn0search12,green_source_defined_serving,"Use source-defined serving directly; scale by fraction when user chooses 1/2, 1/4, 2x, etc."
BFP354,Coffee ice cream,ice cream cup,249.8408660888672,5.220799922943115,23.371000289916992,15.642549514770508,0.0,INDB,turn0search12,green_source_defined_serving,"Use source-defined serving directly; scale by fraction when user chooses 1/2, 1/4, 2x, etc."
BFP355,Coffee pear alaska,dish,510.7386779785156,7.218599796295166,48.48099899291992,33.08774948120117,0.3799999952316284,INDB,turn0search12,green_source_defined_serving,"Use source-defined serving directly; scale by fraction when user chooses 1/2, 1/4, 2x, etc."
BFP356,Crunchy butterscotch,cup,519.626953125,5.832799911499023,37.32899856567383,39.33805084228516,0.8790000081062317,INDB,turn0search12,green_source_defined_serving,"Use source-defined serving directly; scale by fraction when user chooses 1/2, 1/4, 2x, etc."
BFP358,Peach melba ice cream,sundae glass,460.1375732421875,4.711559772491455,37.35894012451172,33.23431396484375,0.1436600089073181,INDB,turn0search12,green_source_defined_serving,"Use source-defined serving directly; scale by fraction when user chooses 1/2, 1/4, 2x, etc."
BFP359,Vanilla ice cream with apples in hot cherry sauce,dish,492.6631774902344,4.3538498878479,57.093074798583984,28.744049072265625,0.6474999785423279,INDB,turn0search12,green_source_defined_serving,"Use source-defined serving directly; scale by fraction when user chooses 1/2, 1/4, 2x, etc."
BFP361,Grape and orange whip,orange case,69.44280242919922,1.7103999853134155,8.126999855041504,3.173099994659424,1.1699999570846558,INDB,turn0search12,green_source_defined_serving,"Use source-defined serving directly; scale by fraction when user chooses 1/2, 1/4, 2x, etc."
BFP362,Honey banana cream,tall stemmed glass,415.3694763183594,9.185799598693848,45.13740158081055,22.094600677490234,2.318000078201294,INDB,turn0search12,green_source_defined_serving,"Use source-defined serving directly; scale by fraction when user chooses 1/2, 1/4, 2x, etc."
BFP363,Raspberry bavarian cream,small mould,355.747802734375,7.922799587249756,42.23500061035156,18.66519927978516,5.199999809265137,INDB,turn0search12,green_source_defined_serving,"Use source-defined serving directly; scale by fraction when user chooses 1/2, 1/4, 2x, etc."
BFP364,Fruit delight,small mould,366.2534790039063,7.131500244140625,31.15250015258789,24.25300025939941,0.3179999887943268,INDB,turn0search12,green_source_defined_serving,"Use source-defined serving directly; scale by fraction when user chooses 1/2, 1/4, 2x, etc."
BFP365,Creamy chocolate mousse,dish,467.3829956054688,13.889999389648438,19.315000534057617,36.81600189208984,0.0,INDB,turn0search12,green_source_defined_serving,"Use source-defined serving directly; scale by fraction when user chooses 1/2, 1/4, 2x, etc."
BFP366,Cold lemon souffle,souffle dish,411.9230041503906,14.292499542236328,37.88999938964844,23.71999931335449,0.0,INDB,turn0search12,green_source_defined_serving,"Use source-defined serving directly; scale by fraction when user chooses 1/2, 1/4, 2x, etc."
BFP367,Cold orange souffle,souffle dish,417.8208618164063,14.328749656677246,39.257999420166016,23.702625274658203,0.2741250097751617,INDB,turn0search12,green_source_defined_serving,"Use source-defined serving directly; scale by fraction when user chooses 1/2, 1/4, 2x, etc."
BFP368,Cold pineapple souffle,souffle dish,413.1780090332031,14.203999519348145,38.415000915527344,23.683000564575195,0.0,INDB,turn0search12,green_source_defined_serving,"Use source-defined serving directly; scale by fraction when user chooses 1/2, 1/4, 2x, etc."
BFP369,Cold vanilla souffle,souffle dish,423.7122497558594,14.669599533081056,38.44199752807617,24.34760093688965,0.0,INDB,turn0search12,green_source_defined_serving,"Use source-defined serving directly; scale by fraction when user chooses 1/2, 1/4, 2x, etc."
BFP370,Cold chocolate souffle,souffle dish,455.6922607421875,15.473999977111816,41.83599853515625,26.39800071716309,0.0,INDB,turn0search12,green_source_defined_serving,"Use source-defined serving directly; scale by fraction when user chooses 1/2, 1/4, 2x, etc."
BFP371,Stewed fruit (with pear),bowl,89.560546875,0.3015000224113464,21.955699920654297,0.3851000070571899,3.419950008392334,INDB,turn0search12,green_source_defined_serving,"Use source-defined serving directly; scale by fraction when user chooses 1/2, 1/4, 2x, etc."
BFP372,Apricot fool,tall stemmed glass,550.0911254882812,3.5121450424194336,76.85200500488281,25.920154571533203,2.279320001602173,INDB,turn0search12,green_source_defined_serving,"Use source-defined serving directly; scale by fraction when user chooses 1/2, 1/4, 2x, etc."
BFP373,Pavlova,meringue,725.4539794921875,6.6719651222229,78.99800872802734,44.44437789916992,0.2119999974966049,INDB,turn0search12,green_source_defined_serving,"Use source-defined serving directly; scale by fraction when user chooses 1/2, 1/4, 2x, etc."
BFP379,Apple crumb pudding,small plate,216.9858245849609,1.5127500295639038,34.55125045776367,8.7162504196167,1.3040000200271606,INDB,turn0search12,green_source_defined_serving,"Use source-defined serving directly; scale by fraction when user chooses 1/2, 1/4, 2x, etc."
BFP380,Steamed cake with chocolate sauce,small mould,718.54150390625,10.687600135803224,69.17150115966797,45.25360107421875,0.6899999976158142,INDB,turn0search12,green_source_defined_serving,"Use source-defined serving directly; scale by fraction when user chooses 1/2, 1/4, 2x, etc."
BFP382,Hot lemon souffle,bowl,188.6293029785156,6.425099849700928,19.81770133972168,9.640199661254885,0.1656000018119812,INDB,turn0search12,green_source_defined_serving,"Use source-defined serving directly; scale by fraction when user chooses 1/2, 1/4, 2x, etc."
BFP386,Gulab jamun with milk powder,piece,1422.2950439453125,2.5737500190734863,85.25650024414062,121.2064971923828,0.1379999965429306,INDB,turn0search12,green_source_defined_serving,"Use source-defined serving directly; scale by fraction when user chooses 1/2, 1/4, 2x, etc."
BFP388,Chum chum,piece,405.4425048828125,4.728799819946289,88.1312255859375,5.97629976272583,0.0483000017702579,INDB,turn0search12,green_source_defined_serving,"Use source-defined serving directly; scale by fraction when user chooses 1/2, 1/4, 2x, etc."
BFP389,Dil bahar,piece,405.4425048828125,4.728799819946289,88.1312255859375,5.97629976272583,0.0483000017702579,INDB,turn0search12,green_source_defined_serving,"Use source-defined serving directly; scale by fraction when user chooses 1/2, 1/4, 2x, etc."
BFP390,Rasbhari,piece,405.4425048828125,4.728799819946289,88.1312255859375,5.97629976272583,0.0483000017702579,INDB,turn0search12,green_source_defined_serving,"Use source-defined serving directly; scale by fraction when user chooses 1/2, 1/4, 2x, etc."
BFP391,Rajbogh,piece,420.5463562011719,5.382599830627441,88.57418823242188,7.166019916534424,0.3462199866771698,INDB,turn0search12,green_source_defined_serving,"Use source-defined serving directly; scale by fraction when user chooses 1/2, 1/4, 2x, etc."
BFP392,Rasgulla,piece,405.4425048828125,4.728799819946289,88.1312255859375,5.97629976272583,0.0483000017702579,INDB,turn0search12,green_source_defined_serving,"Use source-defined serving directly; scale by fraction when user chooses 1/2, 1/4, 2x, etc."
BFP393,Rasmalai,piece,430.28033447265625,5.121649742126465,92.6000747680664,6.690426826477051,0.2270519882440567,INDB,turn0search12,green_source_defined_serving,"Use source-defined serving directly; scale by fraction when user chooses 1/2, 1/4, 2x, etc."
BFP396,Khoa coconut burfi,piece,206.7556610107422,5.013999938964844,18.365650177001957,13.069000244140623,2.042750120162964,INDB,turn0search12,green_source_defined_serving,"Use source-defined serving directly; scale by fraction when user chooses 1/2, 1/4, 2x, etc."
BFP397,Danedar burfi,piece,143.46617126464844,4.530946731567383,17.222501754760742,6.595523834228516,0.1238529980182647,INDB,turn0search12,green_source_defined_serving,"Use source-defined serving directly; scale by fraction when user chooses 1/2, 1/4, 2x, etc."
BFP401,Semolina burfi (Suji/Rava burfi),piece,163.24790954589844,1.6231520175933838,22.05157470703125,7.895625114440918,1.3109700679779053,INDB,turn0search12,green_source_defined_serving,"Use source-defined serving directly; scale by fraction when user chooses 1/2, 1/4, 2x, etc."
BFP403,Pumpkin coconut burfi (Kaddu aur nariyal ki burfi),piece,111.94029235839844,1.053375005722046,10.235699653625488,7.609250068664551,2.5768749713897705,INDB,turn0search12,green_source_defined_serving,"Use source-defined serving directly; scale by fraction when user chooses 1/2, 1/4, 2x, etc."
BFP404,Khoa ladoo,piece,178.20680236816406,5.492499828338623,15.494500160217283,10.842500686645508,1.3865000009536743,INDB,turn0search12,green_source_defined_serving,"Use source-defined serving directly; scale by fraction when user chooses 1/2, 1/4, 2x, etc."
BFP406,Wheat and gram flour ladoo (Atta besan ladoo),piece,151.76434326171875,2.837574958801269,15.275099754333496,9.03116226196289,1.817350029945373,INDB,turn0search12,green_source_defined_serving,"Use source-defined serving directly; scale by fraction when user chooses 1/2, 1/4, 2x, etc."
BFP407,Semolina ladoo with nuts (Suji/Rava ladoo with nuts),piece,138.62879943847656,1.7070000171661377,15.067825317382812,7.985000133514404,1.3411250114440918,INDB,turn0search12,green_source_defined_serving,"Use source-defined serving directly; scale by fraction when user chooses 1/2, 1/4, 2x, etc."
BFP412,Sesame chickpeas brittle (Til aur channe ki chikki),piece,98.95794677734376,2.9749999046325684,17.673250198364258,1.631250023841858,1.9397499561309812,INDB,turn0search12,green_source_defined_serving,"Use source-defined serving directly; scale by fraction when user chooses 1/2, 1/4, 2x, etc."
BFP413,Murmura chikki,piece,66.62722778320312,0.5576249957084656,15.643500328063965,0.0847499966621398,0.096000000834465,INDB,turn0search12,green_source_defined_serving,"Use source-defined serving directly; scale by fraction when user chooses 1/2, 1/4, 2x, etc."
BFP415,Masala onion pakora/pakoda (Pyaaz ke pakode),pakora,389.0276184082031,1.4423125982284546,4.570536136627197,40.62594985961914,1.0165852308273315,INDB,turn0search12,green_source_defined_serving,"Use source-defined serving directly; scale by fraction when user chooses 1/2, 1/4, 2x, etc."
BFP416,Masala green chilli pakora/pakoda (Hari mirch kay pakode),pakora,458.915771484375,1.5250805616378784,3.806809186935425,48.731910705566406,0.9205113649368286,INDB,turn0search12,green_source_defined_serving,"Use source-defined serving directly; scale by fraction when user chooses 1/2, 1/4, 2x, etc."
BFP420,Chicken pakora/pakoda,pakora,404.3417663574219,4.132879257202148,3.1192944049835205,41.78140640258789,0.6551476716995239,INDB,turn0search12,green_source_defined_serving,"Use source-defined serving directly; scale by fraction when user chooses 1/2, 1/4, 2x, etc."
BFP421,Fish pakora/pakoda,pakora,395.38720703125,4.092879295349121,3.1192944049835205,40.78540802001953,0.6551476716995239,INDB,turn0search12,green_source_defined_serving,"Use source-defined serving directly; scale by fraction when user chooses 1/2, 1/4, 2x, etc."
BFP424,Paneer cutlet,cutlet,1215.5654296875,8.296051025390625,13.77250862121582,125.45587921142578,0.7094079852104187,INDB,turn0search12,green_source_defined_serving,"Use source-defined serving directly; scale by fraction when user chooses 1/2, 1/4, 2x, etc."
BFP425,Sago cutlet/vadas (Sabudana cutlet/vadas),cutlet,1178.051025390625,1.1900514364242554,23.66901016235352,120.11287689208984,1.1294080018997192,INDB,turn0search12,green_source_defined_serving,"Use source-defined serving directly; scale by fraction when user chooses 1/2, 1/4, 2x, etc."
BFP427,Poshtik cutlet,cutlet,1195.624755859375,4.825301647186279,17.794008255004883,122.6841278076172,3.2401580810546875,INDB,turn0search12,green_source_defined_serving,"Use source-defined serving directly; scale by fraction when user chooses 1/2, 1/4, 2x, etc."
BFP428,Egg cutlet (Anda cutlet),cutlet,1169.2213134765625,4.978551387786865,11.732508659362791,122.5048828125,1.1759079694747925,INDB,turn0search12,green_source_defined_serving,"Use source-defined serving directly; scale by fraction when user chooses 1/2, 1/4, 2x, etc."
BFP430,Minced meat cutlet,cutlet,1241.007080078125,11.89755153656006,13.08150863647461,127.0903778076172,0.926908016204834,INDB,turn0search12,green_source_defined_serving,"Use source-defined serving directly; scale by fraction when user chooses 1/2, 1/4, 2x, etc."
BFP431,Vegetable samosa,samosa,447.2283630371094,2.227514743804932,13.343097686767578,42.61577987670898,1.536973476409912,INDB,turn0search12,green_source_defined_serving,"Use source-defined serving directly; scale by fraction when user chooses 1/2, 1/4, 2x, etc."
BFP436,Plain urad dal vada (Uzunne vada/Minapa garelu/Ulundu vadai/Medu vada),vada,588.0126342773438,3.4590001106262207,7.650000095367432,60.19350051879883,1.7894999980926514,INDB,turn0search12,green_source_defined_serving,"Use source-defined serving directly; scale by fraction when user chooses 1/2, 1/4, 2x, etc."
BFP437,Masala urad dal vada,vada,602.0303344726562,3.6971030235290527,8.495340347290039,61.26263046264648,2.319039821624756,INDB,turn0search12,green_source_defined_serving,"Use source-defined serving directly; scale by fraction when user chooses 1/2, 1/4, 2x, etc."
BFP439,Khaman (dhokla),dhokla,64.93401336669922,2.283600330352783,6.354108810424805,3.319575548171997,1.769744038581848,INDB,turn0search12,green_source_defined_serving,"Use source-defined serving directly; scale by fraction when user chooses 1/2, 1/4, 2x, etc."
BFP440,Instant dhokla,dhokla,87.9917221069336,3.2562921047210693,10.243367195129396,3.982171297073364,1.516652226448059,INDB,turn0search12,green_source_defined_serving,"Use source-defined serving directly; scale by fraction when user chooses 1/2, 1/4, 2x, etc."
BFP442,Tomato ginger chutney (Tamatar adarak ki chutney),tablespoon,7.333196640014648,0.1723703742027282,1.4962350130081177,0.0528010018169879,0.3508689999580383,INDB,turn0search12,green_source_defined_serving,"Use source-defined serving directly; scale by fraction when user chooses 1/2, 1/4, 2x, etc."
BFP443,Mint tomato chutney (Pudinay aur tamatar ki chutney),tablespoon,8.259322166442871,0.2888703644275665,1.5559849739074707,0.0690509974956512,0.4981189966201782,INDB,turn0search12,green_source_defined_serving,"Use source-defined serving directly; scale by fraction when user chooses 1/2, 1/4, 2x, etc."
BFP444,Coriander chutney (Hare dhaniye ki chutney),tablespoon,8.109947204589844,0.2603703737258911,1.5444849729537964,0.0703010037541389,0.467369019985199,INDB,turn0search12,green_source_defined_serving,"Use source-defined serving directly; scale by fraction when user chooses 1/2, 1/4, 2x, etc."
BFP445,Gooseberry chutney (Amla chutney),tablespoon,6.900784969329834,0.2302969992160797,1.4173095226287842,0.0994189977645874,0.7351602911949158,INDB,turn0search12,green_source_defined_serving,"Use source-defined serving directly; scale by fraction when user chooses 1/2, 1/4, 2x, etc."
BFP446,Walnut chutney (Akhrot ki chutney),tablespoon,45.91958618164063,1.1700860261917114,1.103967308998108,4.148146629333496,0.3774551153182983,INDB,turn0search12,green_source_defined_serving,"Use source-defined serving directly; scale by fraction when user chooses 1/2, 1/4, 2x, etc."
BFP447,Saunth/Sonth chutney with ginger,tablespoon,27.71096992492676,0.0923058316111564,6.785091876983643,0.0348233319818973,0.1028558313846588,INDB,turn0search12,green_source_defined_serving,"Use source-defined serving directly; scale by fraction when user chooses 1/2, 1/4, 2x, etc."
BFP448,Gun powder chutney,tablespoon,43.465797424316406,2.9993720054626465,6.630995750427246,0.3718275129795074,1.9413806200027464,INDB,turn0search12,green_source_defined_serving,"Use source-defined serving directly; scale by fraction when user chooses 1/2, 1/4, 2x, etc."
BFP450,Dessicated coconut chutney (Sookhe kase nariyal ki chutney) ,tablespoon,37.47355270385742,1.3939898014068604,3.9732515811920166,1.71803081035614,1.4237829446792605,INDB,turn0search12,green_source_defined_serving,"Use source-defined serving directly; scale by fraction when user chooses 1/2, 1/4, 2x, etc."
BFP451,Curd mint dip ,tablespoon,25.09142303466797,1.5891720056533811,3.002684593200684,0.8037940263748169,0.2534102499485016,INDB,turn0search12,green_source_defined_serving,"Use source-defined serving directly; scale by fraction when user chooses 1/2, 1/4, 2x, etc."
BFP452,Curd vegetable dip,tablespoon,15.629183769226074,1.0794458389282229,1.6785084009170532,0.5403500199317932,0.1738791763782501,INDB,turn0search12,green_source_defined_serving,"Use source-defined serving directly; scale by fraction when user chooses 1/2, 1/4, 2x, etc."
BFP453,Mayonnaise vegetable dip,tablespoon,103.27918243408205,1.2894457578659058,2.053508281707764,10.03534984588623,0.1738791763782501,INDB,turn0search12,green_source_defined_serving,"Use source-defined serving directly; scale by fraction when user chooses 1/2, 1/4, 2x, etc."
BFP455,Tomato and cucumber sandwich (Tamatar aur kheere ka sandwich),sandwich,118.658935546875,3.173449993133545,16.147974014282227,4.969574928283691,1.65625,INDB,turn0search12,green_source_defined_serving,"Use source-defined serving directly; scale by fraction when user chooses 1/2, 1/4, 2x, etc."
BFP456,Tomato sandwich (grilled),sandwich,145.76698303222656,4.801049709320068,16.336599349975586,7.204999923706055,1.4656000137329102,INDB,turn0search12,green_source_defined_serving,"Use source-defined serving directly; scale by fraction when user chooses 1/2, 1/4, 2x, etc."
BFP457,French sandwich (toasted),sandwich,208.458984375,7.612249851226807,16.541025161743164,12.84392547607422,1.5251500606536863,INDB,turn0search12,green_source_defined_serving,"Use source-defined serving directly; scale by fraction when user chooses 1/2, 1/4, 2x, etc."
BFP458,Peanut butter cucumber sandwich,sandwich,134.439697265625,4.996500015258789,16.441999435424805,5.833999633789063,1.8510000705718996,INDB,turn0search12,green_source_defined_serving,"Use source-defined serving directly; scale by fraction when user chooses 1/2, 1/4, 2x, etc."
BFP459,Mint and peanut sandwich,sandwich,134.29071044921875,3.5228559970855717,15.622780799865724,6.814762115478516,1.803229570388794,INDB,turn0search12,green_source_defined_serving,"Use source-defined serving directly; scale by fraction when user chooses 1/2, 1/4, 2x, etc."
BFP460,Spicy chutney sandwich,sandwich,143.92138671875,5.040925979614258,19.621482849121094,5.524997711181641,2.1520473957061768,INDB,turn0search12,green_source_defined_serving,"Use source-defined serving directly; scale by fraction when user chooses 1/2, 1/4, 2x, etc."
BFP461,Chicken walnut sandwich (Chicken aur akhrot ke sandwich),sandwich,190.3996124267578,8.384300231933594,15.067299842834473,11.170225143432615,1.020274996757507,INDB,turn0search12,green_source_defined_serving,"Use source-defined serving directly; scale by fraction when user chooses 1/2, 1/4, 2x, etc."
BFP463,Rolled sandwich,sandwich,64.47447967529297,1.4197499752044678,7.631149768829346,3.3626999855041504,0.4543499946594238,INDB,turn0search12,green_source_defined_serving,"Use source-defined serving directly; scale by fraction when user chooses 1/2, 1/4, 2x, etc."
BFP466,Ribbon sandwich,ribbon,102.28540802001952,2.6775166988372803,10.584933280944824,5.71619987487793,1.250133395195007,INDB,turn0search12,green_source_defined_serving,"Use source-defined serving directly; scale by fraction when user chooses 1/2, 1/4, 2x, etc."
BFP467,Checker board sandwich,square,128.16957092285156,2.710474967956543,9.543807983398438,9.069241523742676,0.817633330821991,INDB,turn0search12,green_source_defined_serving,"Use source-defined serving directly; scale by fraction when user chooses 1/2, 1/4, 2x, etc."
BFP468,Submarine sandwich,hot dog bun,421.6334838867188,11.83489990234375,26.442949295043945,29.7801513671875,2.4124999046325684,INDB,turn0search12,green_source_defined_serving,"Use source-defined serving directly; scale by fraction when user chooses 1/2, 1/4, 2x, etc."
BFP470,Cheese open sandwich,sandwich,150.73745727539062,5.412000179290772,15.630499839782717,7.833499908447266,0.959500014781952,INDB,turn0search12,green_source_defined_serving,"Use source-defined serving directly; scale by fraction when user chooses 1/2, 1/4, 2x, etc."
BFP471,Sunset and sunrise open sandwich,sandwich,199.68478393554688,7.100549697875977,15.634849548339844,12.525750160217283,1.1496000289916992,INDB,turn0search12,green_source_defined_serving,"Use source-defined serving directly; scale by fraction when user chooses 1/2, 1/4, 2x, etc."
BFP472,Danish luncheon sandwich,sandwich,167.411376953125,7.797299861907959,15.34684944152832,8.71975040435791,1.312600016593933,INDB,turn0search12,green_source_defined_serving,"Use source-defined serving directly; scale by fraction when user chooses 1/2, 1/4, 2x, etc."
BFP473,Chicken and corn open sandwich,sandwich,203.9174346923828,9.352299690246582,20.82054901123047,9.57384967803955,1.8138999938964844,INDB,turn0search12,green_source_defined_serving,"Use source-defined serving directly; scale by fraction when user chooses 1/2, 1/4, 2x, etc."
BFP476,Chocolate sponge cake,piece,168.69973754882812,6.424866676330566,27.81133270263672,3.874866485595703,0.3680000007152557,INDB,turn0search12,green_source_defined_serving,"Use source-defined serving directly; scale by fraction when user chooses 1/2, 1/4, 2x, etc."
BFP478,Chocolate swiss roll,swiss roll,145.00489807128906,2.846824884414673,12.778249740600586,9.359325408935549,0.1379999965429306,INDB,turn0search12,green_source_defined_serving,"Use source-defined serving directly; scale by fraction when user chooses 1/2, 1/4, 2x, etc."
BFP479,Lemon curd filling,tablespoon,56.40600204467773,0.8581249713897705,6.601250171661377,3.1443748474121094,0.0,INDB,turn0search12,green_source_defined_serving,"Use source-defined serving directly; scale by fraction when user chooses 1/2, 1/4, 2x, etc."
BFP480,Jam filling,tablespoon,30.0,0.0,7.5,0.0,0.0,INDB,turn0search12,green_source_defined_serving,"Use source-defined serving directly; scale by fraction when user chooses 1/2, 1/4, 2x, etc."
BFP482,Chocolate pastry,pastry,211.93235778808597,6.141980171203613,28.07218360900879,8.815150260925293,0.2759999930858612,INDB,turn0search12,green_source_defined_serving,"Use source-defined serving directly; scale by fraction when user chooses 1/2, 1/4, 2x, etc."
BFP483,Assorted pastry,pastry,185.3575592041016,5.443329811096191,25.694433212280277,7.15749979019165,0.3449999988079071,INDB,turn0search12,green_source_defined_serving,"Use source-defined serving directly; scale by fraction when user chooses 1/2, 1/4, 2x, etc."
BFP484,Orange gateau,piece,142.10467529296875,3.8145833015441895,21.55929183959961,4.806000232696533,0.5417500138282776,INDB,turn0search12,green_source_defined_serving,"Use source-defined serving directly; scale by fraction when user chooses 1/2, 1/4, 2x, etc."
BFP485,Black forest gateau,piece,142.76112365722656,3.892333269119263,20.03474998474121,5.6235833168029785,0.1840000003576278,INDB,turn0search12,green_source_defined_serving,"Use source-defined serving directly; scale by fraction when user chooses 1/2, 1/4, 2x, etc."
BFP489,Lemon cake,piece,228.0493621826172,3.224249839782715,26.29125022888184,12.582624435424805,0.37950000166893,INDB,turn0search12,green_source_defined_serving,"Use source-defined serving directly; scale by fraction when user chooses 1/2, 1/4, 2x, etc."
BFP491,Dundee cake,piece,239.30816650390625,4.694940090179443,24.979928970336918,13.695416450500488,1.0935025215148926,INDB,turn0search12,green_source_defined_serving,"Use source-defined serving directly; scale by fraction when user chooses 1/2, 1/4, 2x, etc."
BFP492,Victorian sandwich cake,piece,239.242919921875,3.3217499256134038,28.688875198364254,12.71875,0.37950000166893,INDB,turn0search12,green_source_defined_serving,"Use source-defined serving directly; scale by fraction when user chooses 1/2, 1/4, 2x, etc."
BFP495,Chocolate eggless cake,piece,357.24688720703125,7.629866600036621,49.74549865722656,15.101532936096191,0.3680000007152557,INDB,turn0search12,green_source_defined_serving,"Use source-defined serving directly; scale by fraction when user chooses 1/2, 1/4, 2x, etc."
BFP496,Orange eggless cake,piece,352.6574401855469,7.0970001220703125,52.20650100708008,13.705333709716797,0.5519999861717224,INDB,turn0search12,green_source_defined_serving,"Use source-defined serving directly; scale by fraction when user chooses 1/2, 1/4, 2x, etc."
BFP498,Chocolate glace icing,tablespoon,104.4375,0.7701500058174133,14.945249557495115,4.978149890899658,0.0,INDB,turn0search12,green_source_defined_serving,"Use source-defined serving directly; scale by fraction when user chooses 1/2, 1/4, 2x, etc."
BFP499,Butter icing,tablespoon,81.11599731445312,0.0301200002431869,11.605199813842772,4.110119819641113,0.0,INDB,turn0search12,green_source_defined_serving,"Use source-defined serving directly; scale by fraction when user chooses 1/2, 1/4, 2x, etc."
BFP500,Chocolate butter icing,tablespoon,91.0999984741211,0.6221200227737427,11.973199844360352,4.8045196533203125,0.0,INDB,turn0search12,green_source_defined_serving,"Use source-defined serving directly; scale by fraction when user chooses 1/2, 1/4, 2x, etc."
BFP502,Almond biscuit (Badam ke biscuit),biscuit,75.73751068115234,1.1600550413131714,9.685295104980469,3.660163640975952,0.2788299918174743,INDB,turn0search12,green_source_defined_serving,"Use source-defined serving directly; scale by fraction when user chooses 1/2, 1/4, 2x, etc."
BFP505,Orange biscuit,biscuit,214.64175415039065,2.1944448947906494,37.57761001586914,6.6628522872924805,0.454957515001297,INDB,turn0search12,green_source_defined_serving,"Use source-defined serving directly; scale by fraction when user chooses 1/2, 1/4, 2x, etc."
BFP506,Gingerman biscuit,gingerman,127.02951049804688,2.2234320640563965,19.633941650390625,4.524211883544922,0.7095789909362793,INDB,turn0search12,green_source_defined_serving,"Use source-defined serving directly; scale by fraction when user chooses 1/2, 1/4, 2x, etc."
BFP507,Coffee drops,small,52.29618453979492,0.8934650421142578,5.081968784332275,3.2061586380004883,0.2214062511920929,INDB,turn0search12,green_source_defined_serving,"Use source-defined serving directly; scale by fraction when user chooses 1/2, 1/4, 2x, etc."
BFP508,Christmas biscuit,biscuit,84.10726165771484,1.1737500429153442,12.628825187683104,3.2897000312805176,0.449999988079071,INDB,turn0search12,green_source_defined_serving,"Use source-defined serving directly; scale by fraction when user chooses 1/2, 1/4, 2x, etc."
BFP509,Christmas wreath biscuit,biscuit,84.7854232788086,1.1926250457763672,12.752949714660645,3.2963249683380127,0.5008749961853027,INDB,turn0search12,green_source_defined_serving,"Use source-defined serving directly; scale by fraction when user chooses 1/2, 1/4, 2x, etc."
BFP510,Christmas bell biscuit,biscuit,84.10726165771484,1.1762499809265137,12.628825187683104,3.290449857711792,0.4831874966621399,INDB,turn0search12,green_source_defined_serving,"Use source-defined serving directly; scale by fraction when user chooses 1/2, 1/4, 2x, etc."
BFP511,Christmas star biscuit,biscuit,145.6388397216797,1.314975023269653,27.692625045776367,3.728524923324585,0.547950029373169,INDB,turn0search12,green_source_defined_serving,"Use source-defined serving directly; scale by fraction when user chooses 1/2, 1/4, 2x, etc."
BFP512,Christmas tree biscuit,biscuit,84.69476318359375,1.1924999952316284,12.828824996948242,3.293449878692627,0.5824999809265137,INDB,turn0search12,green_source_defined_serving,"Use source-defined serving directly; scale by fraction when user chooses 1/2, 1/4, 2x, etc."
BFP513,Chocolate cream shells,shell,98.1950912475586,1.1730949878692627,13.622699737548828,4.445250034332275,0.2070000022649765,INDB,turn0search12,green_source_defined_serving,"Use source-defined serving directly; scale by fraction when user chooses 1/2, 1/4, 2x, etc."
BFP516,Jelly biscuit,biscuit,72.4510726928711,0.7572749853134155,9.892062187194824,3.461400032043457,0.3614999949932098,INDB,turn0search12,green_source_defined_serving,"Use source-defined serving directly; scale by fraction when user chooses 1/2, 1/4, 2x, etc."
BFP517,Cherry and walnut cookies,cookies,74.27257537841797,0.988646686077118,10.4312162399292,3.295416593551636,0.2278333306312561,INDB,turn0search12,green_source_defined_serving,"Use source-defined serving directly; scale by fraction when user chooses 1/2, 1/4, 2x, etc."
BFP518,Cheese straws,straw,36.85358810424805,0.9485927820205688,2.952924966812134,2.342827796936035,0.1242250055074691,INDB,turn0search12,green_source_defined_serving,"Use source-defined serving directly; scale by fraction when user chooses 1/2, 1/4, 2x, etc."
BFP519,Butterfly biscuit,biscuit,41.47727584838867,1.2118427753448486,3.0771749019622803,2.6863276958465576,0.1242250055074691,INDB,turn0search12,green_source_defined_serving,"Use source-defined serving directly; scale by fraction when user chooses 1/2, 1/4, 2x, etc."
BFP521,Flan pastry,pastry,232.9291534423828,3.5127999782562256,24.996000289916992,13.084799766540527,0.828000009059906,INDB,turn0search12,green_source_defined_serving,"Use source-defined serving directly; scale by fraction when user chooses 1/2, 1/4, 2x, etc."
BFP522,Fruit flan,flan,1215.941650390625,15.348700523376465,161.50399780273438,58.07794952392578,3.312000036239624,INDB,turn0search12,green_source_defined_serving,"Use source-defined serving directly; scale by fraction when user chooses 1/2, 1/4, 2x, etc."
BFP523,Orange cream flan,flan,1132.7652587890625,19.135299682617188,146.14820861816406,54.905250549316406,2.564249992370605,INDB,turn0search12,green_source_defined_serving,"Use source-defined serving directly; scale by fraction when user chooses 1/2, 1/4, 2x, etc."
BFP527,Fruit puree tart,tart,159.402587890625,1.8620874881744385,16.92304229736328,9.362297058105469,0.7264950275421143,INDB,turn0search12,green_source_defined_serving,"Use source-defined serving directly; scale by fraction when user chooses 1/2, 1/4, 2x, etc."
BFP529,Apple banana pie,pie,948.4566650390624,12.15921401977539,124.8440399169922,44.29029846191406,7.340384006500244,INDB,turn0search12,green_source_defined_serving,"Use source-defined serving directly; scale by fraction when user chooses 1/2, 1/4, 2x, etc."
BFP531,Lemon chiffon pie,pie,1389.91259765625,26.14800071716309,148.12100219726562,77.8030014038086,3.5239999294281006,INDB,turn0search12,green_source_defined_serving,"Use source-defined serving directly; scale by fraction when user chooses 1/2, 1/4, 2x, etc."
BFP532,Orange chiffon pie,pie,1449.870849609375,27.15475082397461,161.61074829101562,77.93924713134766,4.860000133514404,INDB,turn0search12,green_source_defined_serving,"Use source-defined serving directly; scale by fraction when user chooses 1/2, 1/4, 2x, etc."
BFP534,Cream buns,bun,179.6714324951172,3.7070000171661377,11.794437408447266,13.166000366210938,0.2587499916553497,INDB,turn0search12,green_source_defined_serving,"Use source-defined serving directly; scale by fraction when user chooses 1/2, 1/4, 2x, etc."
BFP535,Savoury puffs,puff,263.9988708496094,13.160749435424805,14.945337295532228,21.092199325561523,0.4595999717712402,INDB,turn0search12,green_source_defined_serving,"Use source-defined serving directly; scale by fraction when user chooses 1/2, 1/4, 2x, etc."
BFP536,Choux swans,swan,370.2906494140625,7.451859951019287,25.543840408325195,26.70809936523437,0.5988999605178833,INDB,turn0search12,green_source_defined_serving,"Use source-defined serving directly; scale by fraction when user chooses 1/2, 1/4, 2x, etc."
BFP539,Potato aigrettes,aigrette,219.40928649902344,0.9732999801635742,3.314070701599121,22.4526424407959,0.1855666637420654,INDB,turn0search12,green_source_defined_serving,"Use source-defined serving directly; scale by fraction when user chooses 1/2, 1/4, 2x, etc."
BFP541,Cream horns,horn,469.9718933105469,3.940499782562256,26.61349868774414,38.62474822998047,0.6899999976158142,INDB,turn0search12,green_source_defined_serving,"Use source-defined serving directly; scale by fraction when user chooses 1/2, 1/4, 2x, etc."
BFP542,Savoury cheese horns,horn,218.1631774902344,4.1840996742248535,15.80158233642578,15.304483413696287,0.5392333269119263,INDB,turn0search12,green_source_defined_serving,"Use source-defined serving directly; scale by fraction when user chooses 1/2, 1/4, 2x, etc."
BFP544,Paneer patties,patty,340.98583984375,7.65148115158081,22.956830978393555,24.12568664550781,1.184029459953308,INDB,turn0search12,green_source_defined_serving,"Use source-defined serving directly; scale by fraction when user chooses 1/2, 1/4, 2x, etc."
BFP545,Vegetable patties ,patty,303.0684814453125,4.635480880737305,24.27433013916016,20.526687622070312,3.037029504776001,INDB,turn0search12,green_source_defined_serving,"Use source-defined serving directly; scale by fraction when user chooses 1/2, 1/4, 2x, etc."
BFP546,Pearl millet infant food (Bajra shishu aahaar),,181.2217559814453,5.991250038146973,31.04800033569336,3.312000036239624,3.919250011444092,INDB,turn0search12,green_source_defined_serving,"Use source-defined serving directly; scale by fraction when user chooses 1/2, 1/4, 2x, etc."
BFP547,Sajina,,172.62969970703125,5.4054999351501465,33.43450164794922,1.5164999961853027,3.809499979019165,INDB,turn0search12,green_source_defined_serving,"Use source-defined serving directly; scale by fraction when user chooses 1/2, 1/4, 2x, etc."
BFP548,Cereal mix ,,151.01214599609375,4.147500038146973,27.29800033569336,2.5195000171661377,2.540750026702881,INDB,turn0search12,green_source_defined_serving,"Use source-defined serving directly; scale by fraction when user chooses 1/2, 1/4, 2x, etc."
BFP549,Pulse mix,,111.05533599853516,4.208666801452637,21.32699966430664,0.7250000238418579,2.998666763305664,INDB,turn0search12,green_source_defined_serving,"Use source-defined serving directly; scale by fraction when user chooses 1/2, 1/4, 2x, etc."
BFP550,Shishu ahar,,124.48693084716795,3.4826667308807373,23.21999931335449,1.9129999876022337,1.3606666326522827,INDB,turn0search12,green_source_defined_serving,"Use source-defined serving directly; scale by fraction when user chooses 1/2, 1/4, 2x, etc."
BFP552,Cereal pulse mix with amylase rice flour,,128.83534240722656,3.627333164215088,23.63399887084961,2.330999851226806,2.945333242416382,INDB,turn0search12,green_source_defined_serving,"Use source-defined serving directly; scale by fraction when user chooses 1/2, 1/4, 2x, etc."
BFP553,Banana groundnut paste/puree,,213.18800354003903,4.2729997634887695,36.15499877929688,5.451000213623047,1.7009999752044678,INDB,turn0search12,green_source_defined_serving,"Use source-defined serving directly; scale by fraction when user chooses 1/2, 1/4, 2x, etc."
BFP554,Rice dal porridge (Chawal dal ki khichdi/khichri),,127.7773666381836,3.5989999771118164,21.679332733154297,2.776333332061768,1.503000020980835,INDB,turn0search12,green_source_defined_serving,"Use source-defined serving directly; scale by fraction when user chooses 1/2, 1/4, 2x, etc."
BFP555,Lentils and semolina porridge (Dal suji porridge/daliya),,234.5784912109375,6.523000240325928,46.38199996948242,2.123000144958496,2.88100004196167,INDB,turn0search12,green_source_defined_serving,"Use source-defined serving directly; scale by fraction when user chooses 1/2, 1/4, 2x, etc."
BFP556,Spinach khichri (Palak khichri/khichdi),,153.52467346191406,5.1514997482299805,26.068750381469727,2.8677499294281006,2.344249963760376,INDB,turn0search12,green_source_defined_serving,"Use source-defined serving directly; scale by fraction when user chooses 1/2, 1/4, 2x, etc."
BFP557,Vegetable mix,,174.20919799804688,4.699999809265137,36.018001556396484,0.940000057220459,1.934999942779541,INDB,turn0search12,green_source_defined_serving,"Use source-defined serving directly; scale by fraction when user chooses 1/2, 1/4, 2x, etc."
BFP558,Lentils and wheat porridge (Dal wheat porridge/daliya ),,89.44419860839844,4.616000175476074,14.241000175476074,1.6039999723434448,2.187000036239624,INDB,turn0search12,green_source_defined_serving,"Use source-defined serving directly; scale by fraction when user chooses 1/2, 1/4, 2x, etc."
BFP559,Maize porridge,,152.26992797851562,3.6377499103546143,26.590749740600582,3.207249879837036,2.856250047683716,INDB,turn0search12,green_source_defined_serving,"Use source-defined serving directly; scale by fraction when user chooses 1/2, 1/4, 2x, etc."
BFP560,Spinach peanut burfi (Palak aur mungfali ki burfi),,252.89401245117188,8.052499771118164,32.61750030517578,10.547500610351562,4.975000381469727,INDB,turn0search12,green_source_defined_serving,"Use source-defined serving directly; scale by fraction when user chooses 1/2, 1/4, 2x, etc."
BFP561,Split bengal gram burfi/fudge (Channa dal burfi),piece,176.007080078125,2.846374988555908,33.46212387084961,4.344375133514404,1.2625000476837158,INDB,turn0search12,green_source_defined_serving,"Use source-defined serving directly; scale by fraction when user chooses 1/2, 1/4, 2x, etc."
BFP563,Chickpea flour cookies (Sweet besan rounds/cookies),piece,51.75181198120117,1.0731250047683716,9.910500526428224,0.8558750152587891,0.6399999856948853,INDB,turn0search12,green_source_defined_serving,"Use source-defined serving directly; scale by fraction when user chooses 1/2, 1/4, 2x, etc."
BFP564,Pearl millet mathri (Bajra mathri),piece,1178.5980224609375,2.736000061035156,11.142499923706056,124.78675079345705,2.042249917984009,INDB,turn0search12,green_source_defined_serving,"Use source-defined serving directly; scale by fraction when user chooses 1/2, 1/4, 2x, etc."
BFP565,Sesame biscuit (Til ke biscuit),biscuit,61.661563873291016,1.2023333311080933,7.801499843597412,2.8122501373291016,0.9927499890327454,INDB,turn0search12,green_source_defined_serving,"Use source-defined serving directly; scale by fraction when user chooses 1/2, 1/4, 2x, etc."
BFP566,Fermented bengal gram vada (Khameerikrit/Ufna hua channa dal ka vada),vada,592.6372680664062,3.650750160217285,7.824250221252441,60.55099868774414,2.3897500038146973,INDB,turn0search12,green_source_defined_serving,"Use source-defined serving directly; scale by fraction when user chooses 1/2, 1/4, 2x, etc."
BFP568,Poshtik namak paras,piece,79.12740325927734,0.8372262716293335,2.518465042114258,7.298412322998047,0.5875124931335449,INDB,turn0search12,green_source_defined_serving,"Use source-defined serving directly; scale by fraction when user chooses 1/2, 1/4, 2x, etc."
BFP569,Soya chikki,piece,318.8329162597656,5.406499862670898,47.323001861572266,11.674250602722168,2.6710000038146973,INDB,turn0search12,green_source_defined_serving,"Use source-defined serving directly; scale by fraction when user chooses 1/2, 1/4, 2x, etc."
BFP570,Besan bathua chilla/cheela,cheela,112.61219787597656,3.4570000171661377,12.244999885559082,5.595000267028809,2.3464999198913574,INDB,turn0search12,green_source_defined_serving,"Use source-defined serving directly; scale by fraction when user chooses 1/2, 1/4, 2x, etc."
BFP571,Wheat flour and nuts ladoos (Atta nuts ladoos),ladoo,142.06434631347656,3.429875135421753,16.064125061035156,6.957250118255615,2.647749900817871,INDB,turn0search12,green_source_defined_serving,"Use source-defined serving directly; scale by fraction when user chooses 1/2, 1/4, 2x, etc."
BFP573,Gram flour and semolina dhokla (Besan suji dhokla),piece,196.50335693359372,8.413256645202637,25.60411834716797,7.009600639343262,4.530895709991455,INDB,turn0search12,green_source_defined_serving,"Use source-defined serving directly; scale by fraction when user chooses 1/2, 1/4, 2x, etc."
BFP574,Atta dal burfi ,piece,115.78395080566406,2.58174991607666,15.74899959564209,4.833000183105469,1.579999923706055,INDB,turn0search12,green_source_defined_serving,"Use source-defined serving directly; scale by fraction when user chooses 1/2, 1/4, 2x, etc."
BFP575,Soya roti,roti,142.92840576171875,4.622166633605957,20.14766502380371,4.644833087921143,4.383333206176758,INDB,turn0search12,green_source_defined_serving,"Use source-defined serving directly; scale by fraction when user chooses 1/2, 1/4, 2x, etc."
BFP576,Poshtik khichdi/khichri,plate,336.4347839355469,10.96596622467041,56.34809875488281,6.785349845886231,7.189133167266846,INDB,turn0search12,green_source_defined_serving,"Use source-defined serving directly; scale by fraction when user chooses 1/2, 1/4, 2x, etc."
BFP577,Namkeen daliya,plate,346.1401672363281,9.718125343322754,57.8466682434082,9.374791145324709,10.046667098999023,INDB,turn0search12,green_source_defined_serving,"Use source-defined serving directly; scale by fraction when user chooses 1/2, 1/4, 2x, etc."
BFP578,Sprouts upma ,plate,301.4875793457031,9.058483123779297,42.85746765136719,9.950949668884276,6.82990026473999,INDB,turn0search12,green_source_defined_serving,"Use source-defined serving directly; scale by fraction when user chooses 1/2, 1/4, 2x, etc."
BFP579,Semolina idli (Suji/Rava idli),idli,61.14316177368164,2.768343687057495,9.975062370300291,1.0290937423706057,1.7318750619888306,INDB,turn0search12,green_source_defined_serving,"Use source-defined serving directly; scale by fraction when user chooses 1/2, 1/4, 2x, etc."
BFP580,Poshtik chilla/cheela,cheela,115.3697738647461,3.505716562271118,19.862531661987305,2.1985833644866943,3.5497334003448486,INDB,turn0search12,green_source_defined_serving,"Use source-defined serving directly; scale by fraction when user chooses 1/2, 1/4, 2x, etc."
BFP604,Stuffed bittergourd (dry) (Bharwa karela),bowl,230.9026336669922,1.365299940109253,2.6410999298095703,23.74740028381348,3.1828999519348145,INDB,turn0search12,green_source_defined_serving,"Use source-defined serving directly; scale by fraction when user chooses 1/2, 1/4, 2x, etc."
BFP605,Cauliflower potato canjee,glass,35.579132080078125,1.2080833911895752,5.581666946411133,0.8317500352859497,1.4523333311080933,INDB,turn0search12,green_source_defined_serving,"Use source-defined serving directly; scale by fraction when user chooses 1/2, 1/4, 2x, etc."
BFP606,Creamed spinach,small bowl,373.6945190429688,19.98929977416992,17.129549026489258,24.641849517822266,5.118900299072266,INDB,turn0search12,green_source_defined_serving,"Use source-defined serving directly; scale by fraction when user chooses 1/2, 1/4, 2x, etc."
BFP607,Mango milkshake with ice cream (Aam milkshake ice cream ke saath),tall glass,232.3909912109375,6.564000129699707,31.214000701904297,9.513999938964844,0.781999945640564,INDB,turn0search12,green_source_defined_serving,"Use source-defined serving directly; scale by fraction when user chooses 1/2, 1/4, 2x, etc."
BFP608,Pineapple milkshake with ice cream (Ananas milkshake ice cream ke saath),tall glass,232.86900329589844,6.556000232696533,31.709999084472656,9.357999801635742,1.4139999151229858,INDB,turn0search12,green_source_defined_serving,"Use source-defined serving directly; scale by fraction when user chooses 1/2, 1/4, 2x, etc."
BFP609,Orange milkshake with ice cream (Narangi milkshake ice cream ke saath),tall glass,230.57460021972656,6.628000259399414,31.11000061035156,9.345999717712402,0.5459999442100525,INDB,turn0search12,green_source_defined_serving,"Use source-defined serving directly; scale by fraction when user chooses 1/2, 1/4, 2x, etc."
OSR001,Woodapple juice (Bel ka sharbat),glass,120.07478332519533,2.2106666564941406,22.8705997467041,2.4553332328796387,3.618033409118652,INDB,turn0search12,green_source_defined_serving,"Use source-defined serving directly; scale by fraction when user chooses 1/2, 1/4, 2x, etc."
OSR002,Sattu drink,glass,124.87442016601562,3.0169999599456787,27.54080009460449,0.7434000372886658,2.121000051498413,INDB,turn0search12,green_source_defined_serving,"Use source-defined serving directly; scale by fraction when user chooses 1/2, 1/4, 2x, etc."
OSR004,Apple and honey sorbet (Seb aur shehad ka sharbat),cup,196.95611572265625,0.249037504196167,49.9177131652832,0.4685999751091003,1.8356624841690063,INDB,turn0search12,green_source_defined_serving,"Use source-defined serving directly; scale by fraction when user chooses 1/2, 1/4, 2x, etc."
OSR005,Thandai,glass,256.4539489746094,9.103363037109377,23.14910125732422,14.922101974487305,2.017866611480713,INDB,turn0search12,green_source_defined_serving,"Use source-defined serving directly; scale by fraction when user chooses 1/2, 1/4, 2x, etc."
OSR006,Cucumber sharbat (Kheere ka sharbat),glass,112.13699340820312,1.065000057220459,27.26999855041504,0.2399999946355819,3.2100000381469727,INDB,turn0search12,green_source_defined_serving,"Use source-defined serving directly; scale by fraction when user chooses 1/2, 1/4, 2x, etc."
OSR007,Apple oats chia seed smoothie,glass,538.2781982421875,21.941801071166992,82.14710235595703,15.56369972229004,9.077000617980955,INDB,turn0search12,green_source_defined_serving,"Use source-defined serving directly; scale by fraction when user chooses 1/2, 1/4, 2x, etc."
OSR008,Nannari sharbat,cup,990.0067138671876,0.1160000041127204,263.4070129394531,0.1050000041723251,0.0,INDB,turn0search12,green_source_defined_serving,"Use source-defined serving directly; scale by fraction when user chooses 1/2, 1/4, 2x, etc."
OSR009,Semolina milk drink (Thari kanji),cup,116.3542022705078,2.591416120529175,18.24614906311035,3.5918147563934326,1.9048919677734373,INDB,turn0search12,green_source_defined_serving,"Use source-defined serving directly; scale by fraction when user chooses 1/2, 1/4, 2x, etc."
OSR010,Saffron milk (Kesariya doodh),glass,268.470458984375,8.325782775878906,33.219539642333984,12.004573822021484,0.3787700235843658,INDB,turn0search12,green_source_defined_serving,"Use source-defined serving directly; scale by fraction when user chooses 1/2, 1/4, 2x, etc."
OSR011,Black rice kheer (Chak-hao kheer),bowl,307.2153625488281,9.066999435424805,47.61859893798828,10.186333656311035,1.587666630744934,INDB,turn0search12,green_source_defined_serving,"Use source-defined serving directly; scale by fraction when user chooses 1/2, 1/4, 2x, etc."
OSR012,Coconut kheer (Nariyal ki kheer),bowl,1057.5909423828125,22.09733772277832,93.80294799804688,68.59283447265625,9.979975700378418,INDB,turn0search12,green_source_defined_serving,"Use source-defined serving directly; scale by fraction when user chooses 1/2, 1/4, 2x, etc."
OSR013,Apple sago payasam (Seb aur sabudana ki kheer),bowl,451.9108276367188,10.364500999450684,47.6837272644043,25.361181259155277,1.2617839574813845,INDB,turn0search12,green_source_defined_serving,"Use source-defined serving directly; scale by fraction when user chooses 1/2, 1/4, 2x, etc."
OSR014,Kesari bath,bowl,432.2361145019531,4.232948303222656,55.464134216308594,22.242149353027344,2.920273542404175,INDB,turn0search12,green_source_defined_serving,"Use source-defined serving directly; scale by fraction when user chooses 1/2, 1/4, 2x, etc."
OSR015,Putharekulu,roll,170.29225158691406,1.956499934196472,31.89000129699707,4.041500091552734,0.9350000023841858,INDB,turn0search12,green_source_defined_serving,"Use source-defined serving directly; scale by fraction when user chooses 1/2, 1/4, 2x, etc."
OSR016,Mango malpua,piece,1314.7144775390625,6.480295181274414,50.45055770874024,120.49756622314452,8.183868408203125,INDB,turn0search12,green_source_defined_serving,"Use source-defined serving directly; scale by fraction when user chooses 1/2, 1/4, 2x, etc."
OSR017,Mango vanilla custard,glass,300.0600891113281,6.972149848937988,37.41239929199219,14.316824913024902,2.0197501182556152,INDB,turn0search12,green_source_defined_serving,"Use source-defined serving directly; scale by fraction when user chooses 1/2, 1/4, 2x, etc."
OSR018,Kiwi granola pudding,bowl,1472.376220703125,29.348949432373047,169.41725158691406,80.48384857177734,19.438499450683597,INDB,turn0search12,green_source_defined_serving,"Use source-defined serving directly; scale by fraction when user chooses 1/2, 1/4, 2x, etc."
OSR019,Oats burfi,piece,256.1752014160156,5.353999614715576,37.637149810791016,10.404749870300291,2.9872500896453857,INDB,turn0search12,green_source_defined_serving,"Use source-defined serving directly; scale by fraction when user chooses 1/2, 1/4, 2x, etc."
OSR020,Lotus seed halwa (Kamal gattay ka halwa),piece,1343.2435302734375,28.24041748046875,143.41250610351562,74.99458312988281,1.5316667556762695,INDB,turn0search12,green_source_defined_serving,"Use source-defined serving directly; scale by fraction when user chooses 1/2, 1/4, 2x, etc."
OSR021,Amaranth ladoo (Rajgira ladoo),ladoo,199.27574157714844,4.438811779022217,22.521825790405277,9.96152687072754,2.242133378982544,INDB,turn0search12,green_source_defined_serving,"Use source-defined serving directly; scale by fraction when user chooses 1/2, 1/4, 2x, etc."
OSR022,Chhena poda,slice,255.83973693847656,10.16062068939209,24.975658416748047,13.320528984069824,1.037000060081482,INDB,turn0search12,green_source_defined_serving,"Use source-defined serving directly; scale by fraction when user chooses 1/2, 1/4, 2x, etc."
OSR023,Sweet couscous dessert,bowl,451.7503662109375,8.780449867248535,68.36726379394531,17.710336685180664,5.009962558746338,INDB,turn0search12,green_source_defined_serving,"Use source-defined serving directly; scale by fraction when user chooses 1/2, 1/4, 2x, etc."
OSR024,Sweetened yogurt (Shrikhand),bowl,326.5014038085937,16.065338134765625,48.791011810302734,8.814994812011719,0.2416574954986572,INDB,turn0search12,green_source_defined_serving,"Use source-defined serving directly; scale by fraction when user chooses 1/2, 1/4, 2x, etc."
OSR025,Thickened sweetened milk (Rabri),bowl,226.4436798095703,7.744189262390137,23.23074531555176,11.78347110748291,0.4285673201084137,INDB,turn0search12,green_source_defined_serving,"Use source-defined serving directly; scale by fraction when user chooses 1/2, 1/4, 2x, etc."
OSR026,Gram flour halwa (Besan halwa),piece,411.1542663574219,8.727334976196289,38.288272857666016,25.69412612915039,2.699249744415283,INDB,turn0search12,green_source_defined_serving,"Use source-defined serving directly; scale by fraction when user chooses 1/2, 1/4, 2x, etc."
OSR027,Prawn sandwich,sandwich,386.7912292480469,23.62220001220703,27.11305046081543,21.143999099731445,3.53410005569458,INDB,turn0search12,green_source_defined_serving,"Use source-defined serving directly; scale by fraction when user chooses 1/2, 1/4, 2x, etc."
OSR028,Watercress sandwich,triangle,124.17220306396484,2.797374963760376,15.172499656677246,6.208875179290772,1.2228749990463257,INDB,turn0search12,green_source_defined_serving,"Use source-defined serving directly; scale by fraction when user chooses 1/2, 1/4, 2x, etc."
OSR029,Fish sandwich ,sandwich,391.4509887695313,12.314287185668944,26.294437408447266,27.02216148376465,3.201512575149536,INDB,turn0search12,green_source_defined_serving,"Use source-defined serving directly; scale by fraction when user chooses 1/2, 1/4, 2x, etc."
OSR030,Kidney bean sandwich with cottage cheese,triangle,423.4168090820313,23.59981346130371,45.20773696899414,16.401451110839844,8.770066261291504,INDB,turn0search12,green_source_defined_serving,"Use source-defined serving directly; scale by fraction when user chooses 1/2, 1/4, 2x, etc."
OSR031,Finger millet biscuit (Ragi biscuit),biscuit,345.4132080078125,3.034299850463867,39.688961029052734,19.43000030517578,4.495100021362305,INDB,turn0search12,green_source_defined_serving,"Use source-defined serving directly; scale by fraction when user chooses 1/2, 1/4, 2x, etc."
OSR032,Buttermilk biscuit,biscuit,414.4609680175781,7.403763294219971,44.88075256347656,22.48844718933105,1.5180000066757202,INDB,turn0search12,green_source_defined_serving,"Use source-defined serving directly; scale by fraction when user chooses 1/2, 1/4, 2x, etc."
OSR033,Lemon cookies,cookie,617.3570556640625,8.80703353881836,66.02116394042969,36.01919937133789,1.2276666164398191,INDB,turn0search12,green_source_defined_serving,"Use source-defined serving directly; scale by fraction when user chooses 1/2, 1/4, 2x, etc."
OSR034,Sweet potato biscuit (Shakarkand ke biscuit),biscuit,447.31353759765625,7.750175476074219,57.54916763305664,20.08455848693848,3.4249000549316406,INDB,turn0search12,green_source_defined_serving,"Use source-defined serving directly; scale by fraction when user chooses 1/2, 1/4, 2x, etc."
OSR035,Raspberry shortbread cookies,cookie,163.49046325683594,1.1104291677474976,22.700029373168945,7.876166343688965,0.2766666710376739,INDB,turn0search12,green_source_defined_serving,"Use source-defined serving directly; scale by fraction when user chooses 1/2, 1/4, 2x, etc."
OSR036,Pumpkin cookies ,cookie,186.62559509277344,2.1484875679016118,38.19100189208984,3.3587124347686768,0.9056968688964844,INDB,turn0search12,green_source_defined_serving,"Use source-defined serving directly; scale by fraction when user chooses 1/2, 1/4, 2x, etc."
OSR037,Greenpea cookies,cookie,120.91791534423828,4.952016353607178,17.501602172851562,3.2186086177825928,4.03267240524292,INDB,turn0search12,green_source_defined_serving,"Use source-defined serving directly; scale by fraction when user chooses 1/2, 1/4, 2x, etc."
OSR038,Sunflower cookies,cookie,954.3024291992188,17.394861221313477,73.43782043457031,66.50463104248047,7.241799831390381,INDB,turn0search12,green_source_defined_serving,"Use source-defined serving directly; scale by fraction when user chooses 1/2, 1/4, 2x, etc."
OSR039,Cardamom cookies (Elaichi cookies),cookie,875.4697265625,11.145600318908691,118.02288055419922,41.79520034790039,6.0920000076293945,INDB,turn0search12,green_source_defined_serving,"Use source-defined serving directly; scale by fraction when user chooses 1/2, 1/4, 2x, etc."
OSR040,Hazelnut cookies,cookie,423.0182495117188,5.357999801635742,33.817501068115234,29.988998413085938,2.1044998168945312,INDB,turn0search12,green_source_defined_serving,"Use source-defined serving directly; scale by fraction when user chooses 1/2, 1/4, 2x, etc."
OSR041,Milk cookies,cookie,573.5748901367188,13.100812911987305,60.459564208984375,31.16168594360352,1.2419999837875366,INDB,turn0search12,green_source_defined_serving,"Use source-defined serving directly; scale by fraction when user chooses 1/2, 1/4, 2x, etc."
OSR042,Cranberry cookies,cookie,506.1361083984375,7.28439998626709,67.59559631347656,23.51810073852539,2.0931999683380127,INDB,turn0search12,green_source_defined_serving,"Use source-defined serving directly; scale by fraction when user chooses 1/2, 1/4, 2x, etc."
OSR043,Olive biscuit,biscuit,207.3111267089844,1.5152000188827517,26.01842498779297,11.23242473602295,0.3864000141620636,INDB,turn0search12,green_source_defined_serving,"Use source-defined serving directly; scale by fraction when user chooses 1/2, 1/4, 2x, etc."
OSR045,Tutti fruitti biscuit,biscuit,457.3901977539063,5.658840179443359,57.74399948120117,19.45524024963379,5.907199859619141,INDB,turn0search12,green_source_defined_serving,"Use source-defined serving directly; scale by fraction when user chooses 1/2, 1/4, 2x, etc."
OSR046,Peach blueberry preserves,half-pints,685.578125,2.029749870300293,176.87774658203125,0.7777499556541443,4.411499977111816,INDB,turn0search12,green_source_defined_serving,"Use source-defined serving directly; scale by fraction when user chooses 1/2, 1/4, 2x, etc."
OSR047,Pear preserves (Naashpati ka murabba),half-pints,603.529296875,1.496828556060791,153.00474548339844,1.111371397972107,18.22719955444336,INDB,turn0search12,green_source_defined_serving,"Use source-defined serving directly; scale by fraction when user chooses 1/2, 1/4, 2x, etc."
OSR048,Starfruit preserves ,jar,209.5054931640625,0.3930000066757202,54.634498596191406,0.1905000060796737,1.2645000219345093,INDB,turn0search12,green_source_defined_serving,"Use source-defined serving directly; scale by fraction when user chooses 1/2, 1/4, 2x, etc."
OSR049,Gooseberry pickle (Amla ka achaar),jar,64.86015319824219,0.3600152134895324,1.7722902297973633,6.428005218505859,0.8610913753509521,INDB,turn0search12,green_source_defined_serving,"Use source-defined serving directly; scale by fraction when user chooses 1/2, 1/4, 2x, etc."
OSR050,Lotus stem pickle (Kamal kakdi ka achar),jar,403.96484375,5.676234722137451,78.95370483398438,6.292769432067871,33.75690841674805,INDB,turn0search12,green_source_defined_serving,"Use source-defined serving directly; scale by fraction when user chooses 1/2, 1/4, 2x, etc."
OSR051,Date pickle (Khajoor ka achaar),small bowl,251.8979339599609,2.317699909210205,47.897098541259766,5.811337471008301,7.190800189971924,INDB,turn0search12,green_source_defined_serving,"Use source-defined serving directly; scale by fraction when user chooses 1/2, 1/4, 2x, etc."
OSR052,Garlic pickle (Lahasun ka achar),jar,211.4414978027344,1.9027119874954224,4.986049652099609,20.38874244689941,2.6201705932617188,INDB,turn0search12,green_source_defined_serving,"Use source-defined serving directly; scale by fraction when user chooses 1/2, 1/4, 2x, etc."
OSR053,Fermented bamboo shoot pickle (Mesu pickle),jar,81.52057647705078,2.1518750190734863,2.3605000972747803,7.618249893188477,3.049875020980835,INDB,turn0search12,green_source_defined_serving,"Use source-defined serving directly; scale by fraction when user chooses 1/2, 1/4, 2x, etc."
OSR054,Sweet peach pickle (Aadoo ka achaar),jar,349.2938232421875,1.1151000261306765,89.37836456298828,0.4933499991893768,3.1768875122070312,INDB,turn0search12,green_source_defined_serving,"Use source-defined serving directly; scale by fraction when user chooses 1/2, 1/4, 2x, etc."
OSR055,Pickled mustard greens ,jar,154.131103515625,17.726900100708008,12.344600677490234,2.614000082015991,19.9114990234375,INDB,turn0search12,green_source_defined_serving,"Use source-defined serving directly; scale by fraction when user chooses 1/2, 1/4, 2x, etc."
OSR056,Small onion pickle ,bowl,18.91666603088379,1.847499966621399,3.0999999046325684,0.7171666622161865,1.218000054359436,INDB,turn0search12,green_source_defined_serving,"Use source-defined serving directly; scale by fraction when user chooses 1/2, 1/4, 2x, etc."
OSR057,Green tomato pickle (Haray tamatar ka achaar),jar,122.9140625,0.7853999733924866,1.822839975357056,12.51177978515625,1.1047600507736206,INDB,turn0search12,green_source_defined_serving,"Use source-defined serving directly; scale by fraction when user chooses 1/2, 1/4, 2x, etc."
OSR058,Pickled cabbage ,jar,35.5059700012207,1.013399958610535,6.640356063842773,0.3539125025272369,1.5803375244140625,INDB,turn0search12,green_source_defined_serving,"Use source-defined serving directly; scale by fraction when user chooses 1/2, 1/4, 2x, etc."
OSR059,Coconut pickle (Nariyal ka aachar),jar,144.86276245117188,0.8465802073478699,3.2301065921783447,14.481924057006836,1.7781542539596558,INDB,turn0search12,green_source_defined_serving,"Use source-defined serving directly; scale by fraction when user chooses 1/2, 1/4, 2x, etc."
OSR060,Potato pickle (Aloo ka achaar),bowl,173.1726531982422,0.9727537631988524,3.689847707748413,17.102569580078125,1.037670016288757,INDB,turn0search12,green_source_defined_serving,"Use source-defined serving directly; scale by fraction when user chooses 1/2, 1/4, 2x, etc."
OSR061,Mango murabba candy,candy,222.94293212890625,0.2037999927997589,58.76102828979492,0.0402666665613651,0.723800003528595,INDB,turn0search12,green_source_defined_serving,"Use source-defined serving directly; scale by fraction when user chooses 1/2, 1/4, 2x, etc."
OSR062,Afghani chicken,plate,287.4958190917969,29.7205753326416,3.693024873733521,17.210025787353516,0.5837000012397766,INDB,turn0search12,green_source_defined_serving,"Use source-defined serving directly; scale by fraction when user chooses 1/2, 1/4, 2x, etc."
OSR063,Fish orly,fillet,1657.27783203125,17.26511573791504,12.543316841125488,171.06057739257812,0.9607166647911072,INDB,turn0search12,green_source_defined_serving,"Use source-defined serving directly; scale by fraction when user chooses 1/2, 1/4, 2x, etc."
OSR064,Hariyali Fish Tikka,kebab,268.2481689453125,25.014066696166992,3.937392473220825,16.79391098022461,1.7659350633621216,INDB,turn0search12,green_source_defined_serving,"Use source-defined serving directly; scale by fraction when user chooses 1/2, 1/4, 2x, etc."
OSR065,Chicken manchurian,plate,632.9912719726562,42.39780807495117,26.96162986755371,53.18003463745117,1.8300795555114744,INDB,turn0search12,green_source_defined_serving,"Use source-defined serving directly; scale by fraction when user chooses 1/2, 1/4, 2x, etc."
OSR066,Handi chicken,plate,384.9580993652344,28.572925567626957,3.4662749767303467,28.899200439453125,1.5559500455856323,INDB,turn0search12,green_source_defined_serving,"Use source-defined serving directly; scale by fraction when user chooses 1/2, 1/4, 2x, etc."
OSR067,Lemon chicken,plate,486.57318115234375,57.88319778442383,1.5782732963562012,27.669757843017575,0.4575958251953125,INDB,turn0search12,green_source_defined_serving,"Use source-defined serving directly; scale by fraction when user chooses 1/2, 1/4, 2x, etc."
OSR068,Lemon butter fish,piece,320.4913635253906,32.766300201416016,1.507449984550476,20.517126083374023,0.7237499952316284,INDB,turn0search12,green_source_defined_serving,"Use source-defined serving directly; scale by fraction when user chooses 1/2, 1/4, 2x, etc."
OSR069,Baked eggs in tomato sauce,plate,398.2466125488281,24.47514915466309,18.78777503967285,25.99129867553711,0.0414500012993812,INDB,turn0search12,green_source_defined_serving,"Use source-defined serving directly; scale by fraction when user chooses 1/2, 1/4, 2x, etc."
OSR070,Egg in a pepper,egg,749.5039672851562,73.58219909667969,1.0041999816894531,50.49340057373047,0.9886000156402588,INDB,turn0search12,green_source_defined_serving,"Use source-defined serving directly; scale by fraction when user chooses 1/2, 1/4, 2x, etc."
OSR071,Spinach mushroom scrambled egg (Palak mushroom bhurji),plate,184.97520446777344,15.463709831237791,0.6844850182533264,13.403764724731444,0.4594199955463409,INDB,turn0search12,green_source_defined_serving,"Use source-defined serving directly; scale by fraction when user chooses 1/2, 1/4, 2x, etc."
OSR072,Corn omelette/omlet,omelette,324.2568664550781,22.08864974975586,3.050524950027466,25.04442596435547,0.0414500012993812,INDB,turn0search12,green_source_defined_serving,"Use source-defined serving directly; scale by fraction when user chooses 1/2, 1/4, 2x, etc."
OSR073,Cajun chicken,chicken breast,309.7783508300781,21.258323669433597,3.2548251152038574,23.427963256835938,1.4869625568389893,INDB,turn0search12,green_source_defined_serving,"Use source-defined serving directly; scale by fraction when user chooses 1/2, 1/4, 2x, etc."
OSR074,Paaner do pyaza,bowl,296.11334228515625,9.775385856628418,7.898259162902832,25.20497131347656,1.9409979581832888,INDB,turn0search12,green_source_defined_serving,"Use source-defined serving directly; scale by fraction when user chooses 1/2, 1/4, 2x, etc."
OSR075,Cabbage manchurian (Pattagobhi manchurian),bowl,1660.4105224609375,4.709125995635986,35.90125274658203,166.47474670410156,2.753800392150879,INDB,turn0search12,green_source_defined_serving,"Use source-defined serving directly; scale by fraction when user chooses 1/2, 1/4, 2x, etc."
OSR076,Gobi 65,plate,2386.47509765625,4.813387393951416,30.805992126464844,249.62759399414065,4.896490573883057,INDB,turn0search12,green_source_defined_serving,"Use source-defined serving directly; scale by fraction when user chooses 1/2, 1/4, 2x, etc."
OSR077,Paneer lababdar,bowl,403.240478515625,15.230311393737791,12.874412536621094,32.36094284057617,4.425110816955566,INDB,turn0search12,green_source_defined_serving,"Use source-defined serving directly; scale by fraction when user chooses 1/2, 1/4, 2x, etc."
OSR078,Roasted cauliflower steak,cauliflower steak,84.47772216796875,2.1986751556396484,2.1739249229431152,7.191599845886231,3.7929000854492183,INDB,turn0search12,green_source_defined_serving,"Use source-defined serving directly; scale by fraction when user chooses 1/2, 1/4, 2x, etc."
OSR079,Sauteed radishes with green beans,plate,91.10576629638672,2.330831289291382,5.830923557281494,6.383091449737549,3.3988163471221924,INDB,turn0search12,green_source_defined_serving,"Use source-defined serving directly; scale by fraction when user chooses 1/2, 1/4, 2x, etc."
OSR080,Garlic chutney/Poondu chutney (Lahasun ki chutney),small bowl,202.830810546875,2.648411750793457,16.22346305847168,13.933182716369627,4.085841655731201,INDB,turn0search12,green_source_defined_serving,"Use source-defined serving directly; scale by fraction when user chooses 1/2, 1/4, 2x, etc."
OSR081,Schezwan chutney,box,1553.256103515625,25.17780113220215,81.69219970703125,134.15579223632812,43.31859970092773,INDB,turn0search12,green_source_defined_serving,"Use source-defined serving directly; scale by fraction when user chooses 1/2, 1/4, 2x, etc."
OSR083,Onion chutney (Pyaaz ki chutney/Vengaya chutney),cup,75.50753021240234,1.5577207803726196,7.092283248901367,4.396258354187012,2.4140374660491943,INDB,turn0search12,green_source_defined_serving,"Use source-defined serving directly; scale by fraction when user chooses 1/2, 1/4, 2x, etc."
OSR085,Dates chutney (Khajoor ki chutney),small bowl,273.25518798828125,2.818777084350586,57.22876739501953,2.961169958114624,9.00129508972168,INDB,turn0search12,green_source_defined_serving,"Use source-defined serving directly; scale by fraction when user chooses 1/2, 1/4, 2x, etc."
OSR086,Chicken salad,bowl,835.3392944335938,37.85992431640625,3.2181501388549805,74.73367309570312,4.929500102996826,INDB,turn0search12,green_source_defined_serving,"Use source-defined serving directly; scale by fraction when user chooses 1/2, 1/4, 2x, etc."
OSR087,Macaroni salad,cup,422.23931884765625,8.077366828918457,34.83081817626953,28.63697052001953,0.8938249945640564,INDB,turn0search12,green_source_defined_serving,"Use source-defined serving directly; scale by fraction when user chooses 1/2, 1/4, 2x, etc."
OSR088,Cabbage raita (Pattagobhi raita),bowl,196.94900512695312,7.53193998336792,12.18118953704834,13.370880126953123,2.148705005645752,INDB,turn0search12,green_source_defined_serving,"Use source-defined serving directly; scale by fraction when user chooses 1/2, 1/4, 2x, etc."
OSR089,Pomegranate raita (Anaar ka raita),bowl,104.78971099853516,5.838799953460693,10.316699981689451,4.671225070953369,0.8654000163078308,INDB,turn0search12,green_source_defined_serving,"Use source-defined serving directly; scale by fraction when user chooses 1/2, 1/4, 2x, etc."
OSR090,Onion raita (Pyaaz ka raita),bowl,111.9873504638672,7.598700046539307,12.305550575256348,3.795500040054321,1.0141000747680664,INDB,turn0search12,green_source_defined_serving,"Use source-defined serving directly; scale by fraction when user chooses 1/2, 1/4, 2x, etc."
OSR091,Green chilli raita (Hari mirch ka raita),bowl,79.0730209350586,5.719511985778809,7.853992462158203,2.9981038570404053,0.2652440071105957,INDB,turn0search12,green_source_defined_serving,"Use source-defined serving directly; scale by fraction when user chooses 1/2, 1/4, 2x, etc."
OSR092,Kale salad,bowl,95.3546371459961,2.605071783065796,2.686206340789795,8.224740982055664,0.7293750047683716,INDB,turn0search12,green_source_defined_serving,"Use source-defined serving directly; scale by fraction when user chooses 1/2, 1/4, 2x, etc."
OSR093,Spinach and paneer souffle ,souffle dish,839.7382202148438,34.10165023803711,43.47930145263672,60.8557014465332,4.818649768829346,INDB,turn0search12,green_source_defined_serving,"Use source-defined serving directly; scale by fraction when user chooses 1/2, 1/4, 2x, etc."
OSR094,Masala souffle ,souffle dish,1833.7725830078125,94.76995086669922,119.0771026611328,109.34521484375,18.43967628479004,INDB,turn0search12,green_source_defined_serving,"Use source-defined serving directly; scale by fraction when user chooses 1/2, 1/4, 2x, etc."
OSR095,Chicken and cheese souffle,souffle dish,356.5025634765625,17.728225708007812,6.776150226593018,28.81327438354492,0.5014500021934509,INDB,turn0search12,green_source_defined_serving,"Use source-defined serving directly; scale by fraction when user chooses 1/2, 1/4, 2x, etc."
OSR096,Tamarind chutney (Chintapandu pachadi/Puli chutney),ml,3.952508211135864,0.0317829996347427,0.9076981544494628,0.0175092499703168,0.0596886277198791,INDB,turn0search12,green_source_defined_serving,"Use source-defined serving directly; scale by fraction when user chooses 1/2, 1/4, 2x, etc."
OSR097,Pav bhaji masala,gm,2.6157937049865723,0.1036175042390823,0.3308404982089996,0.1244459971785545,0.2758600115776062,INDB,turn0search12,green_source_defined_serving,"Use source-defined serving directly; scale by fraction when user chooses 1/2, 1/4, 2x, etc."
OSR098,Green chutney,glass jar,19.37586784362793,1.3231347799301147,2.4417409896850586,0.391488254070282,1.4239932298660278,INDB,turn0search12,green_source_defined_serving,"Use source-defined serving directly; scale by fraction when user chooses 1/2, 1/4, 2x, etc."
OSR099,Sago khitchdi/khichri (Sabudana khitchdi/khichri),bowl,507.8895263671875,7.384454250335693,60.82209014892578,27.41083335876465,4.948780536651611,INDB,turn0search12,green_source_defined_serving,"Use source-defined serving directly; scale by fraction when user chooses 1/2, 1/4, 2x, etc."
OSR100,Gram flour chilla/cheela (Besan chilla/cheela),cheela,70.78333282470703,4.062991142272949,10.950437545776367,1.485186219215393,2.213585376739502,INDB,turn0search12,green_source_defined_serving,"Use source-defined serving directly; scale by fraction when user chooses 1/2, 1/4, 2x, etc."
OSR101,Vegetable namkeen jave,plate,409.9671630859375,10.70620346069336,69.32181549072266,9.154226303100586,10.444602966308594,INDB,turn0search12,green_source_defined_serving,"Use source-defined serving directly; scale by fraction when user chooses 1/2, 1/4, 2x, etc."
OSR102,Khakhra,khakhra,135.09913635253906,3.614325046539306,20.93711853027344,4.025943756103516,4.112662315368652,INDB,turn0search12,green_source_defined_serving,"Use source-defined serving directly; scale by fraction when user chooses 1/2, 1/4, 2x, etc."
OSR103,Moong bean dosa (Pesarattu),pesarattu,75.93962097167969,3.2713518142700195,8.473109245300293,3.097903251647949,1.6041226387023926,INDB,turn0search12,green_source_defined_serving,"Use source-defined serving directly; scale by fraction when user chooses 1/2, 1/4, 2x, etc."
OSR104,Methi thepla,thepla,126.16130828857422,3.2728946208953857,15.066572189331056,5.811525344848633,2.755455493927002,INDB,turn0search12,green_source_defined_serving,"Use source-defined serving directly; scale by fraction when user chooses 1/2, 1/4, 2x, etc."
OSR105,Rice puttu (Ari puttu),puttu,344.40582275390625,5.293999671936035,49.66200256347656,13.131999969482422,3.1760001182556152,INDB,turn0search12,green_source_defined_serving,"Use source-defined serving directly; scale by fraction when user chooses 1/2, 1/4, 2x, etc."
OSR106,Buckwheat pancake (Khura),pancake,274.92730712890625,3.0358333587646484,28.48200035095215,17.158634185791016,0.5838666558265686,INDB,turn0search12,green_source_defined_serving,"Use source-defined serving directly; scale by fraction when user chooses 1/2, 1/4, 2x, etc."
OSR107,Quinoa khichdi/khichri,bowl,203.7144775390625,10.116538047790527,28.105424880981445,5.0636749267578125,8.200400352478027,INDB,turn0search12,green_source_defined_serving,"Use source-defined serving directly; scale by fraction when user chooses 1/2, 1/4, 2x, etc."
OSR108,Khakhra chaat,plate,2996.461669921875,37.79586791992188,139.03887939453125,256.04864501953125,25.410972595214844,INDB,turn0search12,green_source_defined_serving,"Use source-defined serving directly; scale by fraction when user chooses 1/2, 1/4, 2x, etc."
OSR110,Banana appam,appam,1364.197509765625,3.391249895095825,58.24240112304688,123.48949432373048,1.9567500352859497,INDB,turn0search12,green_source_defined_serving,"Use source-defined serving directly; scale by fraction when user chooses 1/2, 1/4, 2x, etc."
OSR111,Veg manchurian,plate,1141.692138671875,1.7337969541549685,13.293288230895996,120.18923950195312,2.2635209560394287,INDB,turn0search12,green_source_defined_serving,"Use source-defined serving directly; scale by fraction when user chooses 1/2, 1/4, 2x, etc."
OSR112,Pav bhaji,,560.9789428710938,15.461434364318848,69.70002746582031,25.09292984008789,11.50485897064209,INDB,turn0search12,green_source_defined_serving,"Use source-defined serving directly; scale by fraction when user chooses 1/2, 1/4, 2x, etc."
OSR113,Rice murukku,piece,183.2883453369141,1.670851469039917,10.273255348205566,14.880807876586914,0.6735614538192749,INDB,turn0search12,green_source_defined_serving,"Use source-defined serving directly; scale by fraction when user chooses 1/2, 1/4, 2x, etc."
OSR114,Bhel puri ,plate,3573.644775390625,24.65317916870117,115.417236328125,335.7978210449219,15.701273918151855,INDB,turn0search12,green_source_defined_serving,"Use source-defined serving directly; scale by fraction when user chooses 1/2, 1/4, 2x, etc."
OSR115,Semolina dhokla (Suji/Rava dhokla),plate,195.35812377929688,5.4479522705078125,30.93519592285156,5.213229179382324,5.129305362701416,INDB,turn0search12,green_source_defined_serving,"Use source-defined serving directly; scale by fraction when user chooses 1/2, 1/4, 2x, etc."
OSR116,Spicy corn chaat ,plate,2659.16650390625,25.533241271972656,63.44169235229492,258.001953125,12.014894485473633,INDB,turn0search12,green_source_defined_serving,"Use source-defined serving directly; scale by fraction when user chooses 1/2, 1/4, 2x, etc."
OSR118,Jackfruit fritters (Ponsa mulik/Kathal ka pakora),mulik/fritter,160.1217041015625,0.6270371079444885,6.429183006286621,14.572922706604004,0.4019800126552582,INDB,turn0search12,green_source_defined_serving,"Use source-defined serving directly; scale by fraction when user chooses 1/2, 1/4, 2x, etc."
OSR119,Banana chips (Kele ke chips),bowl,1134.1285400390625,0.625,12.475000381469728,120.04000091552734,1.1050000190734863,INDB,turn0search12,green_source_defined_serving,"Use source-defined serving directly; scale by fraction when user chooses 1/2, 1/4, 2x, etc."
OSR120,Wheat cake,piece,210.2116241455078,3.200025081634521,27.482250213623047,9.988775253295898,1.8459999561309812,INDB,turn0search12,green_source_defined_serving,"Use source-defined serving directly; scale by fraction when user chooses 1/2, 1/4, 2x, etc."
OSR121,Mango cheesecake,slice,265.5637512207031,4.160368919372559,34.94415664672852,12.72258758544922,1.9941874742507932,INDB,turn0search12,green_source_defined_serving,"Use source-defined serving directly; scale by fraction when user chooses 1/2, 1/4, 2x, etc."
OSR122,Carrot cake (Gajar ka cake),slice,255.4592742919922,5.597040176391602,35.966251373291016,10.26488971710205,2.9330949783325195,INDB,turn0search12,green_source_defined_serving,"Use source-defined serving directly; scale by fraction when user chooses 1/2, 1/4, 2x, etc."
OSR123,Semolina cake (Suji/Rava cake),square,220.74285888671875,3.882944345474243,18.48123359680176,14.856111526489258,3.1689999103546143,INDB,turn0search12,green_source_defined_serving,"Use source-defined serving directly; scale by fraction when user chooses 1/2, 1/4, 2x, etc."
OSR124,Finger millet cake (Ragi cake),slice,275.5956115722656,3.901154041290283,38.39366149902344,12.097212791442873,2.320500135421753,INDB,turn0search12,green_source_defined_serving,"Use source-defined serving directly; scale by fraction when user chooses 1/2, 1/4, 2x, etc."
OSR125,Honey cake,slice,546.0504150390625,5.03774356842041,80.27362823486328,24.066713333129883,0.828000009059906,INDB,turn0search12,green_source_defined_serving,"Use source-defined serving directly; scale by fraction when user chooses 1/2, 1/4, 2x, etc."
OSR126,Almond cardamom cake (Badam elaichi cake),slice,242.83627319335935,4.891160488128662,23.53183364868164,14.553060531616213,1.600487470626831,INDB,turn0search12,green_source_defined_serving,"Use source-defined serving directly; scale by fraction when user chooses 1/2, 1/4, 2x, etc."
OSR127,Tutti frutti cake,cake,2949.54833984375,38.09220123291016,449.0364990234375,107.57720184326172,7.176000118255615,INDB,turn0search12,green_source_defined_serving,"Use source-defined serving directly; scale by fraction when user chooses 1/2, 1/4, 2x, etc."
OSR128,Ham and Bean soup,bowl,144.8191680908203,15.994619369506836,6.297743797302246,6.258737564086914,0.8189624547958374,INDB,turn0search12,green_source_defined_serving,"Use source-defined serving directly; scale by fraction when user chooses 1/2, 1/4, 2x, etc."
OSR129,Whey soup,bowl,153.9580841064453,7.718428134918213,13.984140396118164,7.457155704498291,1.8755147457122805,INDB,turn0search12,green_source_defined_serving,"Use source-defined serving directly; scale by fraction when user chooses 1/2, 1/4, 2x, etc."
OSR130,Bottle gourd soup (Ghiya/Lauki soup),bowl,68.01055145263672,1.3387960195541382,3.4255759716033936,5.295558452606201,2.828428030014038,INDB,turn0search12,green_source_defined_serving,"Use source-defined serving directly; scale by fraction when user chooses 1/2, 1/4, 2x, etc."
OSR131,Baked potato soup,bowl,769.8779907226562,30.00919914245605,30.63279914855957,58.678466796875,1.5641334056854248,INDB,turn0search12,green_source_defined_serving,"Use source-defined serving directly; scale by fraction when user chooses 1/2, 1/4, 2x, etc."
OSR132,Pumpkin soup,bowl,127.51139068603516,1.4968582391738892,6.611066818237305,10.193049430847168,3.791658163070679,INDB,turn0search12,green_source_defined_serving,"Use source-defined serving directly; scale by fraction when user chooses 1/2, 1/4, 2x, etc."
OSR133,Sweet corn soup,bowl,126.47539520263672,3.8842060565948486,13.981891632080078,6.40230131149292,1.2211956977844238,INDB,turn0search12,green_source_defined_serving,"Use source-defined serving directly; scale by fraction when user chooses 1/2, 1/4, 2x, etc."
OSR134,Paneer soup,bowl,292.24871826171875,19.678150177001957,14.805025100708008,17.105449676513672,1.7117999792099,INDB,turn0search12,green_source_defined_serving,"Use source-defined serving directly; scale by fraction when user chooses 1/2, 1/4, 2x, etc."
OSR135,Curried Cauliflower soup,cup,129.8428955078125,23.360918045043945,10.843255043029783,33.99995040893555,8.135015487670898,INDB,turn0search12,green_source_defined_serving,"Use source-defined serving directly; scale by fraction when user chooses 1/2, 1/4, 2x, etc."
OSR136,Millet soup,bowl,129.64413452148438,26.07772254943848,19.033071517944336,29.10393714904785,6.53617000579834,INDB,turn0search12,green_source_defined_serving,"Use source-defined serving directly; scale by fraction when user chooses 1/2, 1/4, 2x, etc."
OSR137,Lemon coriander soup,bowl,52.52367401123047,1.102502942085266,5.014246940612793,3.042043447494507,3.290214776992798,INDB,turn0search12,green_source_defined_serving,"Use source-defined serving directly; scale by fraction when user chooses 1/2, 1/4, 2x, etc."
OSR138,Garlic soup,bowl,280.5960693359375,3.432300090789795,10.058600425720217,25.371700286865234,2.3949999809265137,INDB,turn0search12,green_source_defined_serving,"Use source-defined serving directly; scale by fraction when user chooses 1/2, 1/4, 2x, etc."
OSR139,Dal makhani,bowl,261.62567138671875,11.71435260772705,28.125356674194336,10.82437229156494,8.025202751159668,INDB,turn0search12,green_source_defined_serving,"Use source-defined serving directly; scale by fraction when user chooses 1/2, 1/4, 2x, etc."
OSR141,Dalma,bowl,313.7039794921875,12.947315216064451,39.679779052734375,12.091920852661133,5.695664882659912,INDB,turn0search12,green_source_defined_serving,"Use source-defined serving directly; scale by fraction when user chooses 1/2, 1/4, 2x, etc."
OSR142,Split bengal gram dal (Channa dal),bowl,291.2042541503906,12.129334449768066,29.19947624206543,13.504969596862791,10.860189437866213,INDB,turn0search12,green_source_defined_serving,"Use source-defined serving directly; scale by fraction when user chooses 1/2, 1/4, 2x, etc."
OSR143,Horsegram dal (Kulthi dal) ,bowl,200.7939453125,10.497946739196776,29.61227226257324,4.094069004058838,5.490872859954834,INDB,turn0search12,green_source_defined_serving,"Use source-defined serving directly; scale by fraction when user chooses 1/2, 1/4, 2x, etc."
OSR144,Panchmel dal,bowl,334.60162353515625,13.913907051086426,32.21672821044922,16.11187744140625,9.617034912109377,INDB,turn0search12,green_source_defined_serving,"Use source-defined serving directly; scale by fraction when user chooses 1/2, 1/4, 2x, etc."
OSR145,Dal dhokli,bowl,231.4104766845703,9.95549774169922,28.768373489379883,8.31725788116455,6.266220569610596,INDB,turn0search12,green_source_defined_serving,"Use source-defined serving directly; scale by fraction when user chooses 1/2, 1/4, 2x, etc."
OSR146,Gujarati handvo ,cake,1442.543701171875,57.3958854675293,221.8978576660156,33.442073822021484,34.51153945922852,INDB,turn0search12,green_source_defined_serving,"Use source-defined serving directly; scale by fraction when user chooses 1/2, 1/4, 2x, etc."
OSR147,Sev (Omapodi/Karapusa),plate,834.2210083007812,7.00689697265625,17.625398635864258,82.27465057373047,3.2141482830047607,INDB,turn0search12,green_source_defined_serving,"Use source-defined serving directly; scale by fraction when user chooses 1/2, 1/4, 2x, etc."
OSR148,Papdi,plate,1231.376708984375,3.1775500774383545,22.394100189208984,125.2486343383789,0.9797500371932985,INDB,turn0search12,green_source_defined_serving,"Use source-defined serving directly; scale by fraction when user chooses 1/2, 1/4, 2x, etc."
OSR151,Jowar dosa,dosa,97.24771881103516,2.80942702293396,13.39121913909912,3.3951423168182373,1.837576985359192,INDB,turn0search12,green_source_defined_serving,"Use source-defined serving directly; scale by fraction when user chooses 1/2, 1/4, 2x, etc."
OSR152,Bread roll,bread roll,526.9236450195312,3.454264640808105,19.50299453735352,48.703758239746094,1.7498760223388672,INDB,turn0search12,green_source_defined_serving,"Use source-defined serving directly; scale by fraction when user chooses 1/2, 1/4, 2x, etc."
OSR153,Soya seekh kebab,kabab,65.75074005126953,3.083461046218872,5.715244293212891,3.359422206878662,1.2786778211593628,INDB,turn0search12,green_source_defined_serving,"Use source-defined serving directly; scale by fraction when user chooses 1/2, 1/4, 2x, etc."
OSR154,Classic seasoned black beans,bowl,50.71248245239258,14.110042572021484,13.491899490356444,14.596583366394045,6.178858757019043,INDB,turn0search12,green_source_defined_serving,"Use source-defined serving directly; scale by fraction when user chooses 1/2, 1/4, 2x, etc."
OSR155,Maa chaane ki dal,bowl,279.437744140625,16.053056716918945,34.95050811767578,7.705496311187744,10.905019760131836,INDB,turn0search12,green_source_defined_serving,"Use source-defined serving directly; scale by fraction when user chooses 1/2, 1/4, 2x, etc."
OSR156,Garlic chickpea soup (Lahasun aur chane ka shoraba),soup bowl,284.8934020996094,14.1528959274292,44.28807067871094,6.410033226013184,9.03597927093506,INDB,turn0search12,green_source_defined_serving,"Use source-defined serving directly; scale by fraction when user chooses 1/2, 1/4, 2x, etc."
ASC071,White sauce (thin),,,,,,,INDB,turn0search12,green_source_defined_serving,"Use source-defined serving directly; scale by fraction when user chooses 1/2, 1/4, 2x, etc."
ASC072,White sauce (medium),,,,,,,INDB,turn0search12,green_source_defined_serving,"Use source-defined serving directly; scale by fraction when user chooses 1/2, 1/4, 2x, etc."
ASC073,White sauce (thick),,,,,,,INDB,turn0search12,green_source_defined_serving,"Use source-defined serving directly; scale by fraction when user chooses 1/2, 1/4, 2x, etc."
ASC074,Cheese sauce,,,,,,,INDB,turn0search12,green_source_defined_serving,"Use source-defined serving directly; scale by fraction when user chooses 1/2, 1/4, 2x, etc."
ASC075,Egg sauce,,,,,,,INDB,turn0search12,green_source_defined_serving,"Use source-defined serving directly; scale by fraction when user chooses 1/2, 1/4, 2x, etc."
ASC076,Mushroom sauce,,,,,,,INDB,turn0search12,green_source_defined_serving,"Use source-defined serving directly; scale by fraction when user chooses 1/2, 1/4, 2x, etc."
ASC077,Mustard sauce,,,,,,,INDB,turn0search12,green_source_defined_serving,"Use source-defined serving directly; scale by fraction when user chooses 1/2, 1/4, 2x, etc."
ASC078,Brown sauce,,,,,,,INDB,turn0search12,green_source_defined_serving,"Use source-defined serving directly; scale by fraction when user chooses 1/2, 1/4, 2x, etc."
ASC130,Classic italian pasta,,,,,,,INDB,turn0search12,green_source_defined_serving,"Use source-defined serving directly; scale by fraction when user chooses 1/2, 1/4, 2x, etc."
ASC131,Pasta spinach sauce,,,,,,,INDB,turn0search12,green_source_defined_serving,"Use source-defined serving directly; scale by fraction when user chooses 1/2, 1/4, 2x, etc."
ASC132,Pasta cheese sauce,,,,,,,INDB,turn0search12,green_source_defined_serving,"Use source-defined serving directly; scale by fraction when user chooses 1/2, 1/4, 2x, etc."
ASC266,Mayonnaise,,,,,,,INDB,turn0search12,green_source_defined_serving,"Use source-defined serving directly; scale by fraction when user chooses 1/2, 1/4, 2x, etc."
ASC267,Low calorie quick mayonnaise,,,,,,,INDB,turn0search12,green_source_defined_serving,"Use source-defined serving directly; scale by fraction when user chooses 1/2, 1/4, 2x, etc."
ASC268,Thousand island dressing,,,,,,,INDB,turn0search12,green_source_defined_serving,"Use source-defined serving directly; scale by fraction when user chooses 1/2, 1/4, 2x, etc."
ASC388,Curd dip,,,,,,,INDB,turn0search12,green_source_defined_serving,"Use source-defined serving directly; scale by fraction when user chooses 1/2, 1/4, 2x, etc."
ASC394,Short crust pastry,,,,,,,INDB,turn0search12,green_source_defined_serving,"Use source-defined serving directly; scale by fraction when user chooses 1/2, 1/4, 2x, etc."
ASC406,Choux pastry,,,,,,,INDB,turn0search12,green_source_defined_serving,"Use source-defined serving directly; scale by fraction when user chooses 1/2, 1/4, 2x, etc."
ASC410,Flaky pastry,,,,,,,INDB,turn0search12,green_source_defined_serving,"Use source-defined serving directly; scale by fraction when user chooses 1/2, 1/4, 2x, etc."
ASC428,Sponge cake ,,,,,,,INDB,turn0search12,green_source_defined_serving,"Use source-defined serving directly; scale by fraction when user chooses 1/2, 1/4, 2x, etc."
ASC434,Glace icing,,,,,,,INDB,turn0search12,green_source_defined_serving,"Use source-defined serving directly; scale by fraction when user chooses 1/2, 1/4, 2x, etc."
ASC436,Royal icing,,,,,,,INDB,turn0search12,green_source_defined_serving,"Use source-defined serving directly; scale by fraction when user chooses 1/2, 1/4, 2x, etc."
ASC437,American frosting,,,,,,,INDB,turn0search12,green_source_defined_serving,"Use source-defined serving directly; scale by fraction when user chooses 1/2, 1/4, 2x, etc."
ASC438,Gum icing,,,,,,,INDB,turn0search12,green_source_defined_serving,"Use source-defined serving directly; scale by fraction when user chooses 1/2, 1/4, 2x, etc."
ASC475,Channa murmura premix,,,,,,,INDB,turn0search12,green_source_defined_serving,"Use source-defined serving directly; scale by fraction when user chooses 1/2, 1/4, 2x, etc."
ASC476,Cracked wheat and green gram dal premix (Dalia moong dal premix),,,,,,,INDB,turn0search12,green_source_defined_serving,"Use source-defined serving directly; scale by fraction when user chooses 1/2, 1/4, 2x, etc."
ASC477,Rice flakes and roasted channa ,,,,,,,INDB,turn0search12,green_source_defined_serving,"Use source-defined serving directly; scale by fraction when user chooses 1/2, 1/4, 2x, etc."
ASC479,Spinach soup in milk ,,,,,,,INDB,turn0search12,green_source_defined_serving,"Use source-defined serving directly; scale by fraction when user chooses 1/2, 1/4, 2x, etc."
ASC480,Vegetable soup,,,,,,,INDB,turn0search12,green_source_defined_serving,"Use source-defined serving directly; scale by fraction when user chooses 1/2, 1/4, 2x, etc."
ASC481,Mashed banana with milk,,,,,,,INDB,turn0search12,green_source_defined_serving,"Use source-defined serving directly; scale by fraction when user chooses 1/2, 1/4, 2x, etc."
ASC484,Poha with curd (Poha aur dahi),,,,,,,INDB,turn0search12,green_source_defined_serving,"Use source-defined serving directly; scale by fraction when user chooses 1/2, 1/4, 2x, etc."
ASC485,Potato with curd,,,,,,,INDB,turn0search12,green_source_defined_serving,"Use source-defined serving directly; scale by fraction when user chooses 1/2, 1/4, 2x, etc."
ASC486,Sweet wheat porridge (Sweet dalia),,,,,,,INDB,turn0search12,green_source_defined_serving,"Use source-defined serving directly; scale by fraction when user chooses 1/2, 1/4, 2x, etc."
ASC487,Vegetable khichdi/khichri,,,,,,,INDB,turn0search12,green_source_defined_serving,"Use source-defined serving directly; scale by fraction when user chooses 1/2, 1/4, 2x, etc."
ASC489,Moong dal mixture,,,,,,,INDB,turn0search12,green_source_defined_serving,"Use source-defined serving directly; scale by fraction when user chooses 1/2, 1/4, 2x, etc."
ASC490,Cracked wheat khichri/khichdi (Dalia khichri/khichdi),,,,,,,INDB,turn0search12,green_source_defined_serving,"Use source-defined serving directly; scale by fraction when user chooses 1/2, 1/4, 2x, etc."
ASC492,Stewed apple,,,,,,,INDB,turn0search12,green_source_defined_serving,"Use source-defined serving directly; scale by fraction when user chooses 1/2, 1/4, 2x, etc."
ASC493,Lemon squash (Nimbu ka squash),,,,,,,INDB,turn0search12,green_source_defined_serving,"Use source-defined serving directly; scale by fraction when user chooses 1/2, 1/4, 2x, etc."
ASC494,Orange squash (Santre ka squash),,,,,,,INDB,turn0search12,green_source_defined_serving,"Use source-defined serving directly; scale by fraction when user chooses 1/2, 1/4, 2x, etc."
ASC495,Lichi squash,,,,,,,INDB,turn0search12,green_source_defined_serving,"Use source-defined serving directly; scale by fraction when user chooses 1/2, 1/4, 2x, etc."
ASC496,Mango squash (Aam ka squash),,,,,,,INDB,turn0search12,green_source_defined_serving,"Use source-defined serving directly; scale by fraction when user chooses 1/2, 1/4, 2x, etc."
ASC497,Pineapple squash (Ananas ka squash),,,,,,,INDB,turn0search12,green_source_defined_serving,"Use source-defined serving directly; scale by fraction when user chooses 1/2, 1/4, 2x, etc."
ASC498,Lemon and ginger squash (Nimbu aur adrak ka squash),,,,,,,INDB,turn0search12,green_source_defined_serving,"Use source-defined serving directly; scale by fraction when user chooses 1/2, 1/4, 2x, etc."
ASC499,Apple jam (Seb ka murabba),,,,,,,INDB,turn0search12,green_source_defined_serving,"Use source-defined serving directly; scale by fraction when user chooses 1/2, 1/4, 2x, etc."
ASC500,Plum jam (Aloo bukhara jam),,,,,,,INDB,turn0search12,green_source_defined_serving,"Use source-defined serving directly; scale by fraction when user chooses 1/2, 1/4, 2x, etc."
ASC501,Pineapple jam ,,,,,,,INDB,turn0search12,green_source_defined_serving,"Use source-defined serving directly; scale by fraction when user chooses 1/2, 1/4, 2x, etc."
ASC502,Guava jelly (Amrood ki jelly),,,,,,,INDB,turn0search12,green_source_defined_serving,"Use source-defined serving directly; scale by fraction when user chooses 1/2, 1/4, 2x, etc."
ASC503,Orange marmalade (Santray ka murabba),,,,,,,INDB,turn0search12,green_source_defined_serving,"Use source-defined serving directly; scale by fraction when user chooses 1/2, 1/4, 2x, etc."
ASC504,Carrot murabba (Gajar ka murabba),,,,,,,INDB,turn0search12,green_source_defined_serving,"Use source-defined serving directly; scale by fraction when user chooses 1/2, 1/4, 2x, etc."
ASC505,Gooseberry marmalade (Amla murabba),,,,,,,INDB,turn0search12,green_source_defined_serving,"Use source-defined serving directly; scale by fraction when user chooses 1/2, 1/4, 2x, etc."
ASC506,Ginger candy (Adrak ki candy),,,,,,,INDB,turn0search12,green_source_defined_serving,"Use source-defined serving directly; scale by fraction when user chooses 1/2, 1/4, 2x, etc."
ASC507,Mango pickle (Aam ka achaar),,,,,,,INDB,turn0search12,green_source_defined_serving,"Use source-defined serving directly; scale by fraction when user chooses 1/2, 1/4, 2x, etc."
ASC509,Mixed vegetable pickle (Sabziyoon ka achaar),,,,,,,INDB,turn0search12,green_source_defined_serving,"Use source-defined serving directly; scale by fraction when user chooses 1/2, 1/4, 2x, etc."
ASC511,Sweet lemon pickle (Neembu ka meetha achaar),,,,,,,INDB,turn0search12,green_source_defined_serving,"Use source-defined serving directly; scale by fraction when user chooses 1/2, 1/4, 2x, etc."
ASC512,Plum chutney (Aloo bukhara ki chutney),,,,,,,INDB,turn0search12,green_source_defined_serving,"Use source-defined serving directly; scale by fraction when user chooses 1/2, 1/4, 2x, etc."
ASC513,Raw mango chutney (Kachhe aam/Kairi ki chutney),,,,,,,INDB,turn0search12,green_source_defined_serving,"Use source-defined serving directly; scale by fraction when user chooses 1/2, 1/4, 2x, etc."
ASC514,Tomato sauce,,,,,,,INDB,turn0search12,green_source_defined_serving,"Use source-defined serving directly; scale by fraction when user chooses 1/2, 1/4, 2x, etc."
ASC515,Tomato puree,,,,,,,INDB,turn0search12,green_source_defined_serving,"Use source-defined serving directly; scale by fraction when user chooses 1/2, 1/4, 2x, etc."
BFP001,Garam masala,,,,,,,INDB,turn0search12,green_source_defined_serving,"Use source-defined serving directly; scale by fraction when user chooses 1/2, 1/4, 2x, etc."
BFP002,Chat masala,,,,,,,INDB,turn0search12,green_source_defined_serving,"Use source-defined serving directly; scale by fraction when user chooses 1/2, 1/4, 2x, etc."
BFP003,Kashmiri masala,,,,,,,INDB,turn0search12,green_source_defined_serving,"Use source-defined serving directly; scale by fraction when user chooses 1/2, 1/4, 2x, etc."
BFP004,Rasam powder (Rasam masala),,,,,,,INDB,turn0search12,green_source_defined_serving,"Use source-defined serving directly; scale by fraction when user chooses 1/2, 1/4, 2x, etc."
BFP005,Sambar powder (Sambar masala),,,,,,,INDB,turn0search12,green_source_defined_serving,"Use source-defined serving directly; scale by fraction when user chooses 1/2, 1/4, 2x, etc."
BFP095,Tartare sauce,,,,,,,INDB,turn0search12,green_source_defined_serving,"Use source-defined serving directly; scale by fraction when user chooses 1/2, 1/4, 2x, etc."
BFP096,Barbeque sauce,,,,,,,INDB,turn0search12,green_source_defined_serving,"Use source-defined serving directly; scale by fraction when user chooses 1/2, 1/4, 2x, etc."
BFP097,Bread sauce,,,,,,,INDB,turn0search12,green_source_defined_serving,"Use source-defined serving directly; scale by fraction when user chooses 1/2, 1/4, 2x, etc."
BFP163,Green chilli sauce,,,,,,,INDB,turn0search12,green_source_defined_serving,"Use source-defined serving directly; scale by fraction when user chooses 1/2, 1/4, 2x, etc."
BFP164,Home made plain noodles,,,,,,,INDB,turn0search12,green_source_defined_serving,"Use source-defined serving directly; scale by fraction when user chooses 1/2, 1/4, 2x, etc."
BFP166,Dal moong,,,,,,,INDB,turn0search12,green_source_defined_serving,"Use source-defined serving directly; scale by fraction when user chooses 1/2, 1/4, 2x, etc."
BFP167,Cumin seeds baghar (Jeera baghar/tadka),,,,,,,INDB,turn0search12,green_source_defined_serving,"Use source-defined serving directly; scale by fraction when user chooses 1/2, 1/4, 2x, etc."
BFP168,Onion tomato baghar (Pyaaz tamatar ka tadka),,,,,,,INDB,turn0search12,green_source_defined_serving,"Use source-defined serving directly; scale by fraction when user chooses 1/2, 1/4, 2x, etc."
BFP169,Mustard seeds baghar (Mustard seed tadka),,,,,,,INDB,turn0search12,green_source_defined_serving,"Use source-defined serving directly; scale by fraction when user chooses 1/2, 1/4, 2x, etc."
BFP360,Hot cherry sauce,,,,,,,INDB,turn0search12,green_source_defined_serving,"Use source-defined serving directly; scale by fraction when user chooses 1/2, 1/4, 2x, etc."
BFP583,Apple jelly (Seb ki jelly),,,,,,,INDB,turn0search12,green_source_defined_serving,"Use source-defined serving directly; scale by fraction when user chooses 1/2, 1/4, 2x, etc."
BFP585,Marmalade (Murabba),,,,,,,INDB,turn0search12,green_source_defined_serving,"Use source-defined serving directly; scale by fraction when user chooses 1/2, 1/4, 2x, etc."
BFP589,Plum squash (Aloo bukhara squash),,,,,,,INDB,turn0search12,green_source_defined_serving,"Use source-defined serving directly; scale by fraction when user chooses 1/2, 1/4, 2x, etc."
BFP595,Lemon green chilli pickle (Nimboo aur hari mirch ka achaar),,,,,,,INDB,turn0search12,green_source_defined_serving,"Use source-defined serving directly; scale by fraction when user chooses 1/2, 1/4, 2x, etc."
BFP597,Brinjal pickle (Baingan ka achaar),,,,,,,INDB,turn0search12,green_source_defined_serving,"Use source-defined serving directly; scale by fraction when user chooses 1/2, 1/4, 2x, etc."
BFP598,Sweet and sour tomato pickle (Khatta meetha tamatar ka achaar),,,,,,,INDB,turn0search12,green_source_defined_serving,"Use source-defined serving directly; scale by fraction when user chooses 1/2, 1/4, 2x, etc."
BFP599,Jhatpat achar with carrot (Jhatpat achaar gajar ke saath),,,,,,,INDB,turn0search12,green_source_defined_serving,"Use source-defined serving directly; scale by fraction when user chooses 1/2, 1/4, 2x, etc."
BFP601,Tomato chutney (Tamatar ki chutney),,,,,,,INDB,turn0search12,green_source_defined_serving,"Use source-defined serving directly; scale by fraction when user chooses 1/2, 1/4, 2x, etc."
BFP602,Tomato ketchup,,,,,,,INDB,turn0search12,green_source_defined_serving,"Use source-defined serving directly; scale by fraction when user chooses 1/2, 1/4, 2x, etc."
OSR082,Bengal 5 Spice Blend (Panch Phoran),,,,,,,INDB,turn0search12,green_source_defined_serving,"Use source-defined serving directly; scale by fraction when user chooses 1/2, 1/4, 2x, etc."
