food_id,portion_name,portion_value,portion_unit,source_serving_value,source_serving_unit,source_id,source_record_id
GF-REC-00001,serving,1.0,tea cup,1,tea cup,SRC-INDB,INDB_RECIPE_ASC001
GF-REC-00002,serving,1.0,tea cup,1,tea cup,SRC-INDB,INDB_RECIPE_ASC002
GF-REC-00003,serving,1.0,tea cup,1,tea cup,SRC-INDB,INDB_RECIPE_ASC003
GF-REC-00004,serving,1.0,tall glass,1,tall glass,SRC-INDB,INDB_RECIPE_ASC004
GF-REC-00005,serving,1.0,tall glass,1,tall glass,SRC-INDB,INDB_RECIPE_ASC005
GF-REC-00006,serving,1.0,tall glass,1,tall glass,SRC-INDB,INDB_RECIPE_ASC006
GF-REC-00007,serving,1.0,tall glass,1,tall glass,SRC-INDB,INDB_RECIPE_ASC007
GF-REC-00008,serving,1.0,glass,1,glass,SRC-INDB,INDB_RECIPE_ASC008
GF-REC-00009,serving,1.0,glass,1,glass,SRC-INDB,INDB_RECIPE_ASC009
GF-REC-00010,serving,1.0,glass,1,glass,SRC-INDB,INDB_RECIPE_ASC010
GF-REC-00011,serving,1.0,tall glass,1,tall glass,SRC-INDB,INDB_RECIPE_ASC011
GF-REC-00012,serving,1.0,tall glass,1,tall glass,SRC-INDB,INDB_RECIPE_ASC012
GF-REC-00013,serving,1.0,cup,1,tea cup,SRC-INDB,INDB_RECIPE_ASC014
GF-REC-00014,serving,1.0,tall glass,1,tall glass,SRC-INDB,INDB_RECIPE_ASC015
GF-REC-00015,serving,1.0,tall glass,1,tall glass,SRC-INDB,INDB_RECIPE_ASC016
GF-REC-00016,serving,1.0,tall glass,1,tall glass,SRC-INDB,INDB_RECIPE_ASC017
GF-REC-00017,serving,1.0,tall glass,1,tall glass,SRC-INDB,INDB_RECIPE_ASC018
GF-REC-00018,serving,1.0,tall glass,1,tall glass,SRC-INDB,INDB_RECIPE_ASC019
GF-REC-00019,serving,1.0,tall glass,1,tall glass,SRC-INDB,INDB_RECIPE_ASC020
GF-REC-00020,serving,1.0,tall glass,1,tall glass,SRC-INDB,INDB_RECIPE_ASC021
GF-REC-00021,serving,1.0,tall glass,1,tall glass,SRC-INDB,INDB_RECIPE_ASC022
GF-REC-00022,serving,2.0,triangle,2,sandwiches,SRC-INDB,INDB_RECIPE_ASC023
GF-REC-00023,serving,2.0,triangle,2,sandwiches,SRC-INDB,INDB_RECIPE_ASC024
GF-REC-00024,serving,2.0,triangle,2,sandwiches,SRC-INDB,INDB_RECIPE_ASC025
GF-REC-00025,serving,2.0,triangle,2,sandwiches,SRC-INDB,INDB_RECIPE_ASC026
GF-REC-00026,serving,2.0,triangle,2,sandwiches,SRC-INDB,INDB_RECIPE_ASC027
GF-REC-00027,serving,2.0,triangle,2,sandwiches,SRC-INDB,INDB_RECIPE_ASC028
GF-REC-00028,serving,2.0,triangle,2,sandwiches,SRC-INDB,INDB_RECIPE_ASC029
GF-REC-00029,serving,2.0,triangle,2,sandwiches,SRC-INDB,INDB_RECIPE_ASC030
GF-REC-00030,serving,2.0,triangle,2,sandwiches,SRC-INDB,INDB_RECIPE_ASC031
GF-REC-00031,serving,2.0,triangle,2,sandwiches,SRC-INDB,INDB_RECIPE_ASC032
GF-REC-00032,serving,2.0,triangle,2,sandwiches,SRC-INDB,INDB_RECIPE_ASC033
GF-REC-00033,serving,1.0,triangle,1,sandwiches,SRC-INDB,INDB_RECIPE_ASC034
GF-REC-00034,serving,2.0,triangle,2,sandwiches,SRC-INDB,INDB_RECIPE_ASC035
GF-REC-00035,serving,2.0,triangle,2,sandwiches,SRC-INDB,INDB_RECIPE_ASC036
GF-REC-00036,serving,2.0,triangle,2,sandwiches,SRC-INDB,INDB_RECIPE_ASC037
GF-REC-00037,serving,2.0,triangle,2,sandwiches,SRC-INDB,INDB_RECIPE_ASC038
GF-REC-00038,serving,2.0,triangle,2,sandwiches,SRC-INDB,INDB_RECIPE_ASC039
GF-REC-00039,serving,2.0,triangle,2,sandwiches,SRC-INDB,INDB_RECIPE_ASC040
GF-REC-00040,serving,2.0,toasted triangle,2,toasted triangles,SRC-INDB,INDB_RECIPE_ASC041
GF-REC-00041,serving,2.0,toasted triangle,2,toasted triangles,SRC-INDB,INDB_RECIPE_ASC042
GF-REC-00042,serving,2.0,toasted triangle,2,toasted triangles,SRC-INDB,INDB_RECIPE_ASC043
GF-REC-00043,serving,2.0,toasted triangle,2,toasted triangles,SRC-INDB,INDB_RECIPE_ASC044
GF-REC-00044,serving,1.0,triangle,1,large triangle,SRC-INDB,INDB_RECIPE_ASC045
GF-REC-00045,serving,4.0,toasted triangle,4,small triangles,SRC-INDB,INDB_RECIPE_ASC046
GF-REC-00046,serving,1.0,bowl,1,bowl,SRC-INDB,INDB_RECIPE_ASC047
GF-REC-00047,serving,1.0,bowl,1,bowl,SRC-INDB,INDB_RECIPE_ASC048
GF-REC-00048,serving,1.0,bowl,1,bowl,SRC-INDB,INDB_RECIPE_ASC050
GF-REC-00049,serving,1.0,bowl,1,bowl,SRC-INDB,INDB_RECIPE_ASC051
GF-REC-00050,serving,1.0,bowl,1,bowl,SRC-INDB,INDB_RECIPE_ASC052
GF-REC-00051,serving,1.0,bowl,1,bowl,SRC-INDB,INDB_RECIPE_ASC053
GF-REC-00052,serving,1.0,bowl,1,bowl,SRC-INDB,INDB_RECIPE_ASC054
GF-REC-00053,serving,1.0,bowl,1,bowl,SRC-INDB,INDB_RECIPE_ASC055
GF-REC-00054,serving,1.0,egg,1,egg,SRC-INDB,INDB_RECIPE_ASC056
GF-REC-00055,serving,1.0,egg,1,egg,SRC-INDB,INDB_RECIPE_ASC057
GF-REC-00056,serving,1.0,egg,1,egg,SRC-INDB,INDB_RECIPE_ASC058
GF-REC-00057,serving,1.0,egg,1,egg,SRC-INDB,INDB_RECIPE_ASC059
GF-REC-00058,serving,1.0,egg,1,egg,SRC-INDB,INDB_RECIPE_ASC060
GF-REC-00059,serving,1.0,omelette,1,omelette,SRC-INDB,INDB_RECIPE_ASC061
GF-REC-00060,serving,1.0,omelette,1,omelette,SRC-INDB,INDB_RECIPE_ASC062
GF-REC-00061,serving,4.0,pancake,4,pancakes,SRC-INDB,INDB_RECIPE_ASC063
GF-REC-00062,serving,4.0,pancake,3 to 4,pancakes,SRC-INDB,INDB_RECIPE_ASC064
GF-REC-00063,serving,4.0,pancake,3 to 4,pancakes,SRC-INDB,INDB_RECIPE_ASC065
GF-REC-00064,serving,4.0,pancake,3 to 4,pancakes,SRC-INDB,INDB_RECIPE_ASC066
GF-REC-00065,serving,4.0,pancake,3 to 4,pancakes,SRC-INDB,INDB_RECIPE_ASC067
GF-REC-00066,serving,1.0,cup,1,cups,SRC-INDB,INDB_RECIPE_ASC068
GF-REC-00067,serving,1.0,cup,1,cups,SRC-INDB,INDB_RECIPE_ASC069
GF-REC-00068,serving,1.0,cup,1,cups,SRC-INDB,INDB_RECIPE_ASC070
GF-REC-00069,serving,,,,,SRC-INDB,INDB_RECIPE_ASC071
GF-REC-00070,serving,,,,,SRC-INDB,INDB_RECIPE_ASC072
GF-REC-00071,serving,,,,,SRC-INDB,INDB_RECIPE_ASC073
GF-REC-00072,serving,,,,,SRC-INDB,INDB_RECIPE_ASC074
GF-REC-00073,serving,,,,,SRC-INDB,INDB_RECIPE_ASC075
GF-REC-00074,serving,,,,,SRC-INDB,INDB_RECIPE_ASC076
GF-REC-00075,serving,,,,,SRC-INDB,INDB_RECIPE_ASC077
GF-REC-00076,serving,,,,,SRC-INDB,INDB_RECIPE_ASC078
GF-REC-00077,serving,1.0,soup bowl,1,soup bowl,SRC-INDB,INDB_RECIPE_ASC079
GF-REC-00078,serving,1.0,soup bowl,1,soup bowl,SRC-INDB,INDB_RECIPE_ASC080
GF-REC-00079,serving,1.0,soup bowl,1,soup bowl,SRC-INDB,INDB_RECIPE_ASC081
GF-REC-00080,serving,1.0,soup bowl,1,soup bowl,SRC-INDB,INDB_RECIPE_ASC082
GF-REC-00081,serving,1.0,soup bowl,1,soup bowl,SRC-INDB,INDB_RECIPE_ASC083
GF-REC-00082,serving,1.0,soup bowl,1,soup bowl,SRC-INDB,INDB_RECIPE_ASC084
GF-REC-00083,serving,1.0,soup bowl,1,soup bowl,SRC-INDB,INDB_RECIPE_ASC085
GF-REC-00084,serving,1.0,soup bowl,1,soup bowl,SRC-INDB,INDB_RECIPE_ASC086
GF-REC-00085,serving,1.0,soup bowl,1,soup bowl,SRC-INDB,INDB_RECIPE_ASC087
GF-REC-00086,serving,1.0,soup bowl,1,soup bowl,SRC-INDB,INDB_RECIPE_ASC088
GF-REC-00087,serving,1.0,soup bowl,1,soup bowl,SRC-INDB,INDB_RECIPE_ASC089
GF-REC-00088,serving,1.0,soup bowl,1,soup bowl,SRC-INDB,INDB_RECIPE_ASC090
GF-REC-00089,serving,1.0,soup bowl,1,soup bowl,SRC-INDB,INDB_RECIPE_ASC091
GF-REC-00090,serving,1.0,soup bowl,1,soup bowl,SRC-INDB,INDB_RECIPE_ASC092
GF-REC-00091,serving,1.0,soup bowl,1,soup bowl,SRC-INDB,INDB_RECIPE_ASC093
GF-REC-00092,serving,1.0,soup bowl,1,soup bowl,SRC-INDB,INDB_RECIPE_ASC094
GF-REC-00093,serving,1.0,soup bowl,1,soup bowl,SRC-INDB,INDB_RECIPE_ASC095
GF-REC-00094,serving,4.0,chapati,4,chapatis,SRC-INDB,INDB_RECIPE_ASC096
GF-REC-00095,serving,3.0,parantha,3,paranthas,SRC-INDB,INDB_RECIPE_ASC097
GF-REC-00096,serving,3.0,parantha,3,paranthas,SRC-INDB,INDB_RECIPE_ASC098
GF-REC-00097,serving,3.0,parantha,3,paranthas,SRC-INDB,INDB_RECIPE_ASC099
GF-REC-00098,serving,3.0,parantha,3,paranthas,SRC-INDB,INDB_RECIPE_ASC100
GF-REC-00099,serving,3.0,parantha,3,paranthas,SRC-INDB,INDB_RECIPE_ASC101
GF-REC-00100,serving,3.0,parantha,3,paranthas,SRC-INDB,INDB_RECIPE_ASC102
GF-REC-00101,serving,3.0,parantha,3,paranthas,SRC-INDB,INDB_RECIPE_ASC103
GF-REC-00102,serving,3.0,parantha,3,paranthas,SRC-INDB,INDB_RECIPE_ASC104
GF-REC-00103,serving,3.0,parantha,3,paranthas,SRC-INDB,INDB_RECIPE_ASC105
GF-REC-00104,serving,3.0,parantha,3,paranthas,SRC-INDB,INDB_RECIPE_ASC106
GF-REC-00105,serving,5.0,poori,5 to 6,poories,SRC-INDB,INDB_RECIPE_ASC107
GF-REC-00106,serving,5.0,poori,5 to 6,poories,SRC-INDB,INDB_RECIPE_ASC108
GF-REC-00107,serving,5.0,poori,5 to 6,poories,SRC-INDB,INDB_RECIPE_ASC109
GF-REC-00108,serving,5.0,poori,5,poories,SRC-INDB,INDB_RECIPE_ASC110
GF-REC-00109,serving,5.0,poori,4 to 5,poories,SRC-INDB,INDB_RECIPE_ASC111
GF-REC-00110,serving,3.0,parantha,3,paranthas,SRC-INDB,INDB_RECIPE_ASC112
GF-REC-00111,serving,1.0,plate,1,plate,SRC-INDB,INDB_RECIPE_ASC113
GF-REC-00112,serving,1.0,plate,1,plate,SRC-INDB,INDB_RECIPE_ASC114
GF-REC-00113,serving,1.0,plate,1,plate,SRC-INDB,INDB_RECIPE_ASC115
GF-REC-00114,serving,1.0,plate,1,plate,SRC-INDB,INDB_RECIPE_ASC116
GF-REC-00115,serving,1.0,plate,1,plate,SRC-INDB,INDB_RECIPE_ASC117
GF-REC-00116,serving,1.0,plate,1,plate,SRC-INDB,INDB_RECIPE_ASC118
GF-REC-00117,serving,1.0,plate,1,plate,SRC-INDB,INDB_RECIPE_ASC119
GF-REC-00118,serving,1.0,plate,1,plate,SRC-INDB,INDB_RECIPE_ASC120
GF-REC-00119,serving,1.0,plate,1,plate,SRC-INDB,INDB_RECIPE_ASC121
GF-REC-00120,serving,1.0,plate,1,plate,SRC-INDB,INDB_RECIPE_ASC122
GF-REC-00121,serving,1.0,plate,1,plate,SRC-INDB,INDB_RECIPE_ASC123
GF-REC-00122,serving,1.0,plate,1,plate,SRC-INDB,INDB_RECIPE_ASC124
GF-REC-00123,serving,1.0,plate,1,plate,SRC-INDB,INDB_RECIPE_ASC125
GF-REC-00124,serving,1.0,plate,1,plate,SRC-INDB,INDB_RECIPE_ASC126
GF-REC-00125,serving,1.0,plate,1,plate,SRC-INDB,INDB_RECIPE_ASC127
GF-REC-00126,serving,1.0,plate,1,plate,SRC-INDB,INDB_RECIPE_ASC128
GF-REC-00127,serving,1.0,plate,1,plate,SRC-INDB,INDB_RECIPE_ASC129
GF-REC-00128,serving,,,,,SRC-INDB,INDB_RECIPE_ASC130
GF-REC-00129,serving,,,,,SRC-INDB,INDB_RECIPE_ASC131
GF-REC-00130,serving,,,,,SRC-INDB,INDB_RECIPE_ASC132
GF-REC-00131,serving,1.0,casserole dish,1,casserole dish,SRC-INDB,INDB_RECIPE_ASC133
GF-REC-00132,serving,1.0,plate,1,plate,SRC-INDB,INDB_RECIPE_ASC134
GF-REC-00133,serving,1.0,plate,1,plate,SRC-INDB,INDB_RECIPE_ASC135
GF-REC-00134,serving,1.0,plate,1,plate,SRC-INDB,INDB_RECIPE_ASC136
GF-REC-00135,serving,1.0,plate,1,plate,SRC-INDB,INDB_RECIPE_ASC137
GF-REC-00136,serving,1.0,plate,1,plate,SRC-INDB,INDB_RECIPE_ASC138
GF-REC-00137,serving,1.0,plate,1,plate,SRC-INDB,INDB_RECIPE_ASC139
GF-REC-00138,serving,1.0,plate,1,small bowl,SRC-INDB,INDB_RECIPE_ASC140
GF-REC-00139,serving,1.0,plate,1,plate,SRC-INDB,INDB_RECIPE_ASC141
GF-REC-00140,serving,3.0,naan,2 to 3,naans,SRC-INDB,INDB_RECIPE_ASC142
GF-REC-00141,serving,4.0,bhatura,2 to 3,bhaturas,SRC-INDB,INDB_RECIPE_ASC143
GF-REC-00142,serving,4.0,idli,2 to 3,idlis,SRC-INDB,INDB_RECIPE_ASC144
GF-REC-00143,serving,1.0,dosa,1,dosa,SRC-INDB,INDB_RECIPE_ASC146
GF-REC-00144,serving,1.0,dosa,1,dosa,SRC-INDB,INDB_RECIPE_ASC147
GF-REC-00145,serving,2.0,uttapam,2,uttapam,SRC-INDB,INDB_RECIPE_ASC148
GF-REC-00146,serving,1.0,kaathi roll,1,kaathi roll,SRC-INDB,INDB_RECIPE_ASC149
GF-REC-00147,serving,2.0,roti,2,rotis,SRC-INDB,INDB_RECIPE_ASC150
GF-REC-00148,serving,1.0,bowl,1,bowl,SRC-INDB,INDB_RECIPE_ASC151
GF-REC-00149,serving,1.0,bowl,1,bowl,SRC-INDB,INDB_RECIPE_ASC152
GF-REC-00150,serving,1.0,bowl,1,bowl,SRC-INDB,INDB_RECIPE_ASC153
GF-REC-00151,serving,1.0,bowl,1,bowl,SRC-INDB,INDB_RECIPE_ASC154
GF-REC-00152,serving,1.0,bowl,1,bowl,SRC-INDB,INDB_RECIPE_ASC155
GF-REC-00153,serving,1.0,bowl,1,bowl,SRC-INDB,INDB_RECIPE_ASC156
GF-REC-00154,serving,1.0,bowl,1,bowl,SRC-INDB,INDB_RECIPE_ASC157
GF-REC-00155,serving,1.0,bowl,1,bowl,SRC-INDB,INDB_RECIPE_ASC158
GF-REC-00156,serving,1.0,bowl,1,bowl,SRC-INDB,INDB_RECIPE_ASC159
GF-REC-00157,serving,1.0,bowl,1,bowl,SRC-INDB,INDB_RECIPE_ASC160
GF-REC-00158,serving,1.0,bowl,1,bowl,SRC-INDB,INDB_RECIPE_ASC161
GF-REC-00159,serving,1.0,bowl,1,bowl,SRC-INDB,INDB_RECIPE_ASC162
GF-REC-00160,serving,1.0,bowl,1,bowl,SRC-INDB,INDB_RECIPE_ASC163
GF-REC-00161,serving,1.0,bowl,1,bowl,SRC-INDB,INDB_RECIPE_ASC164
GF-REC-00162,serving,1.0,bowl,1,bowl,SRC-INDB,INDB_RECIPE_ASC165
GF-REC-00163,serving,1.0,bowl,1,bowl,SRC-INDB,INDB_RECIPE_ASC167
GF-REC-00164,serving,1.0,bowl,1,bowl,SRC-INDB,INDB_RECIPE_ASC168
GF-REC-00165,serving,1.0,bowl,1,bowl,SRC-INDB,INDB_RECIPE_ASC169
GF-REC-00166,serving,1.0,plate,1,bowl,SRC-INDB,INDB_RECIPE_ASC170
GF-REC-00167,serving,1.0,bowl,1,bowl,SRC-INDB,INDB_RECIPE_ASC171
GF-REC-00168,serving,1.0,bowl,1,bowl,SRC-INDB,INDB_RECIPE_ASC172
GF-REC-00169,serving,1.0,bowl,1,bowl,SRC-INDB,INDB_RECIPE_ASC173
GF-REC-00170,serving,1.0,bowl,1,bowl,SRC-INDB,INDB_RECIPE_ASC174
GF-REC-00171,serving,1.0,bowl,1,bowl,SRC-INDB,INDB_RECIPE_ASC175
GF-REC-00172,serving,1.0,bowl,1,bowl,SRC-INDB,INDB_RECIPE_ASC177
GF-REC-00173,serving,1.0,bowl,1,bowl,SRC-INDB,INDB_RECIPE_ASC178
GF-REC-00174,serving,1.0,bowl,1,bowl,SRC-INDB,INDB_RECIPE_ASC179
GF-REC-00175,serving,1.0,bowl,1,bowl,SRC-INDB,INDB_RECIPE_ASC180
GF-REC-00176,serving,1.0,bowl,1,bowl,SRC-INDB,INDB_RECIPE_ASC181
GF-REC-00177,serving,1.0,bowl,1,bowl,SRC-INDB,INDB_RECIPE_ASC182
GF-REC-00178,serving,1.0,bowl,1,bowl,SRC-INDB,INDB_RECIPE_ASC183
GF-REC-00179,serving,1.0,bowl,1,bowl,SRC-INDB,INDB_RECIPE_ASC184
GF-REC-00180,serving,1.0,bowl,1,bowl,SRC-INDB,INDB_RECIPE_ASC185
GF-REC-00181,serving,1.0,capsicum,1,capsicum,SRC-INDB,INDB_RECIPE_ASC186
GF-REC-00182,serving,2.0,brinjal,1,brinjals,SRC-INDB,INDB_RECIPE_ASC187
GF-REC-00183,serving,2.0,tomato,1,tomato,SRC-INDB,INDB_RECIPE_ASC189
GF-REC-00184,serving,1.0,bowl,1,bowl,SRC-INDB,INDB_RECIPE_ASC190
GF-REC-00185,serving,1.0,bowl,1,bowl,SRC-INDB,INDB_RECIPE_ASC191
GF-REC-00186,serving,1.0,bowl,1,bowl,SRC-INDB,INDB_RECIPE_ASC192
GF-REC-00187,serving,1.0,bowl,1,bowl,SRC-INDB,INDB_RECIPE_ASC193
GF-REC-00188,serving,1.0,bowl,1,bowl,SRC-INDB,INDB_RECIPE_ASC194
GF-REC-00189,serving,1.0,bowl,1,bowl,SRC-INDB,INDB_RECIPE_ASC195
GF-REC-00190,serving,1.0,bowl,1,bowl,SRC-INDB,INDB_RECIPE_ASC196
GF-REC-00191,serving,1.0,bowl,1,bowl,SRC-INDB,INDB_RECIPE_ASC197
GF-REC-00192,serving,1.0,bowl,1,bowl,SRC-INDB,INDB_RECIPE_ASC198
GF-REC-00193,serving,1.0,bowl,1,bowl,SRC-INDB,INDB_RECIPE_ASC199
GF-REC-00194,serving,1.0,bowl,1,bowl,SRC-INDB,INDB_RECIPE_ASC200
GF-REC-00195,serving,1.0,bowl,1,bowl,SRC-INDB,INDB_RECIPE_ASC201
GF-REC-00196,serving,1.0,bowl,1,bowl,SRC-INDB,INDB_RECIPE_ASC202
GF-REC-00197,serving,1.0,bowl,1,bowl,SRC-INDB,INDB_RECIPE_ASC203
GF-REC-00198,serving,1.0,bowl,1,bowl,SRC-INDB,INDB_RECIPE_ASC204
GF-REC-00199,serving,1.0,bowl,1,bowl,SRC-INDB,INDB_RECIPE_ASC205
GF-REC-00200,serving,1.0,bowl,1,bowl,SRC-INDB,INDB_RECIPE_ASC206
GF-REC-00201,serving,1.0,bowl,1,bowl,SRC-INDB,INDB_RECIPE_ASC207
GF-REC-00202,serving,1.0,bowl,1,bowl,SRC-INDB,INDB_RECIPE_ASC208
GF-REC-00203,serving,1.0,bowl,1,bowl,SRC-INDB,INDB_RECIPE_ASC209
GF-REC-00204,serving,1.0,bowl,1,bowl,SRC-INDB,INDB_RECIPE_ASC210
GF-REC-00205,serving,2.0,bowl,2,bowl,SRC-INDB,INDB_RECIPE_ASC211
GF-REC-00206,serving,1.0,bowl,1,bowl,SRC-INDB,INDB_RECIPE_ASC212
GF-REC-00207,serving,1.0,bowl,1,bowl,SRC-INDB,INDB_RECIPE_ASC213
GF-REC-00208,serving,1.0,bowl,1,bowl,SRC-INDB,INDB_RECIPE_ASC214
GF-REC-00209,serving,1.0,bowl,1,bowl,SRC-INDB,INDB_RECIPE_ASC215
GF-REC-00210,serving,1.0,bowl,1,bowl,SRC-INDB,INDB_RECIPE_ASC216
GF-REC-00211,serving,1.0,bowl,1,bowl,SRC-INDB,INDB_RECIPE_ASC217
GF-REC-00212,serving,1.0,bowl,1,bowl,SRC-INDB,INDB_RECIPE_ASC218
GF-REC-00213,serving,1.0,bowl,1,bowl,SRC-INDB,INDB_RECIPE_ASC219
GF-REC-00214,serving,1.0,bowl,1,bowl,SRC-INDB,INDB_RECIPE_ASC220
GF-REC-00215,serving,1.0,bowl,1,bowl,SRC-INDB,INDB_RECIPE_ASC221
GF-REC-00216,serving,1.0,bowl,1,bowl,SRC-INDB,INDB_RECIPE_ASC222
GF-REC-00217,serving,1.0,bowl,1,bowl,SRC-INDB,INDB_RECIPE_ASC223
GF-REC-00218,serving,1.0,bowl,1,bowl,SRC-INDB,INDB_RECIPE_ASC224
GF-REC-00219,serving,1.0,bowl,1,bowl,SRC-INDB,INDB_RECIPE_ASC225
GF-REC-00220,serving,1.0,bowl,1,bowl,SRC-INDB,INDB_RECIPE_ASC226
GF-REC-00221,serving,1.0,bowl,1,bowl,SRC-INDB,INDB_RECIPE_ASC227
GF-REC-00222,serving,1.0,bowl,1,bowl,SRC-INDB,INDB_RECIPE_ASC228
GF-REC-00223,serving,1.0,bowl,1,bowl,SRC-INDB,INDB_RECIPE_ASC229
GF-REC-00224,serving,4.0,kofta,3 to 4,koftas,SRC-INDB,INDB_RECIPE_ASC230
GF-REC-00225,serving,1.0,gushtaba,3 to 4,gushtabas,SRC-INDB,INDB_RECIPE_ASC231
GF-REC-00226,serving,1.0,bowl,1,bowl,SRC-INDB,INDB_RECIPE_ASC232
GF-REC-00227,serving,1.0,bowl,1,bowl,SRC-INDB,INDB_RECIPE_ASC233
GF-REC-00228,serving,1.0,bowl,1,bowl,SRC-INDB,INDB_RECIPE_ASC234
GF-REC-00229,serving,2.0,chop,2,chops,SRC-INDB,INDB_RECIPE_ASC236
GF-REC-00230,serving,2.0,kabab,2,kababs,SRC-INDB,INDB_RECIPE_ASC237
GF-REC-00231,serving,2.0,piece,2,pieces,SRC-INDB,INDB_RECIPE_ASC238
GF-REC-01014,serving,1.0,dish,1,dish,SRC-INDB,INDB_RECIPE_ASC239
GF-REC-00232,serving,1.0,bowl,1,bowl,SRC-INDB,INDB_RECIPE_ASC240
GF-REC-00233,serving,0.25,chicken,0.25,chicken,SRC-INDB,INDB_RECIPE_ASC241
GF-REC-00234,serving,1.0,large piece,1,large piece,SRC-INDB,INDB_RECIPE_ASC242
GF-REC-00235,serving,5.0,kabab,4 to 5,kababs,SRC-INDB,INDB_RECIPE_ASC243
GF-REC-00236,serving,1.0,bowl,1,bowl,SRC-INDB,INDB_RECIPE_ASC244
GF-REC-00237,serving,2.0,piece,2,pieces,SRC-INDB,INDB_RECIPE_ASC245
GF-REC-00238,serving,1.0,bowl,1,bowl,SRC-INDB,INDB_RECIPE_ASC246
GF-REC-00239,serving,2.0,piece,2,pieces,SRC-INDB,INDB_RECIPE_ASC247
GF-REC-00240,serving,1.0,fillet,1,fillet,SRC-INDB,INDB_RECIPE_ASC248
GF-REC-00241,serving,1.0,bowl,1,bowl,SRC-INDB,INDB_RECIPE_ASC249
GF-REC-00242,serving,1.0,bowl,1,bowl,SRC-INDB,INDB_RECIPE_ASC250
GF-REC-00243,serving,4.0,piece,4 to 5,pieces,SRC-INDB,INDB_RECIPE_ASC251
GF-REC-00244,serving,1.0,piece,1,pieces,SRC-INDB,INDB_RECIPE_ASC252
GF-REC-00245,serving,1.0,bowl,1,bowl,SRC-INDB,INDB_RECIPE_ASC253
GF-REC-00246,serving,1.0,bowl,1,bowl,SRC-INDB,INDB_RECIPE_ASC254
GF-REC-00247,serving,1.0,bowl,1,bowl,SRC-INDB,INDB_RECIPE_ASC255
GF-REC-00248,serving,1.0,egg,1,egg,SRC-INDB,INDB_RECIPE_ASC256
GF-REC-00249,serving,1.0,bowl,1,bowl,SRC-INDB,INDB_RECIPE_ASC257
GF-REC-00250,serving,1.0,bowl,1,bowl,SRC-INDB,INDB_RECIPE_ASC258
GF-REC-00251,serving,1.0,bowl,1,bowl,SRC-INDB,INDB_RECIPE_ASC259
GF-REC-00252,serving,1.0,bowl,1,bowl,SRC-INDB,INDB_RECIPE_ASC260
GF-REC-00253,serving,1.0,bowl,1,bowl,SRC-INDB,INDB_RECIPE_ASC261
GF-REC-00254,serving,1.0,bowl,1,bowl,SRC-INDB,INDB_RECIPE_ASC262
GF-REC-00255,serving,1.0,bowl,1,bowl,SRC-INDB,INDB_RECIPE_ASC263
GF-REC-00256,serving,1.0,bowl,1,bowl,SRC-INDB,INDB_RECIPE_ASC264
GF-REC-00257,serving,1.0,bowl,1,bowl,SRC-INDB,INDB_RECIPE_ASC265
GF-REC-00258,serving,,,,,SRC-INDB,INDB_RECIPE_ASC266
GF-REC-00259,serving,,,,,SRC-INDB,INDB_RECIPE_ASC267
GF-REC-00260,serving,,,,,SRC-INDB,INDB_RECIPE_ASC268
GF-REC-00261,serving,1.0,bowl,1,bowl,SRC-INDB,INDB_RECIPE_ASC269
GF-REC-00262,serving,1.0,bowl,1,bowl,SRC-INDB,INDB_RECIPE_ASC270
GF-REC-00263,serving,1.0,bowl,1,bowl,SRC-INDB,INDB_RECIPE_ASC271
GF-REC-00264,serving,1.0,bowl,1,bowl,SRC-INDB,INDB_RECIPE_ASC272
GF-REC-00265,serving,1.0,bowl,1,bowl,SRC-INDB,INDB_RECIPE_ASC273
GF-REC-00266,serving,1.0,bowl,1,bowl,SRC-INDB,INDB_RECIPE_ASC274
GF-REC-00267,serving,1.0,bowl,1,bowl,SRC-INDB,INDB_RECIPE_ASC275
GF-REC-00268,serving,1.0,bowl,1,bowl,SRC-INDB,INDB_RECIPE_ASC276
GF-REC-00269,serving,1.0,bowl,1,bowl,SRC-INDB,INDB_RECIPE_ASC277
GF-REC-00270,serving,1.0,bowl,1,bowl,SRC-INDB,INDB_RECIPE_ASC278
GF-REC-00271,serving,2.0,vada,2,vadas,SRC-INDB,INDB_RECIPE_ASC279
GF-REC-00272,serving,2.0,gunjia,2,gunjias,SRC-INDB,INDB_RECIPE_ASC280
GF-REC-00273,serving,10.0,teaspoon,50,ml,SRC-INDB,INDB_RECIPE_ASC281
GF-REC-00274,serving,1.0,bowl,1,bowl,SRC-INDB,INDB_RECIPE_ASC282
GF-REC-00275,serving,1.0,bowl,1,bowl,SRC-INDB,INDB_RECIPE_ASC283
GF-REC-00276,serving,1.0,bowl,1,bowl,SRC-INDB,INDB_RECIPE_ASC285
GF-REC-00277,serving,1.0,bowl,1,bowl,SRC-INDB,INDB_RECIPE_ASC286
GF-REC-00278,serving,1.0,bowl,1,bowl,SRC-INDB,INDB_RECIPE_ASC287
GF-REC-00279,serving,1.0,bowl,1,bowl,SRC-INDB,INDB_RECIPE_ASC288
GF-REC-00280,serving,1.0,bowl,1,bowl,SRC-INDB,INDB_RECIPE_ASC289
GF-REC-00281,serving,1.0,bowl,1,bowl,SRC-INDB,INDB_RECIPE_ASC290
GF-REC-00282,serving,1.0,bowl,1,bowl,SRC-INDB,INDB_RECIPE_ASC291
GF-REC-00283,serving,1.0,bowl,1,bowl,SRC-INDB,INDB_RECIPE_ASC292
GF-REC-00284,serving,1.0,bowl,1,bowl,SRC-INDB,INDB_RECIPE_ASC293
GF-REC-00285,serving,1.0,bowl,1,bowl,SRC-INDB,INDB_RECIPE_ASC294
GF-REC-00286,serving,1.0,bowl,1,bowl,SRC-INDB,INDB_RECIPE_ASC295
GF-REC-00287,serving,1.0,bowl,1,bowl,SRC-INDB,INDB_RECIPE_ASC296
GF-REC-00288,serving,1.0,bowl,1,bowl,SRC-INDB,INDB_RECIPE_ASC297
GF-REC-00289,serving,1.0,bowl,1,bowl,SRC-INDB,INDB_RECIPE_ASC298
GF-REC-00290,serving,1.0,bowl,1,bowl,SRC-INDB,INDB_RECIPE_ASC299
GF-REC-00291,serving,1.0,bowl,1,bowl,SRC-INDB,INDB_RECIPE_ASC300
GF-REC-00292,serving,1.0,bowl,1,bowl,SRC-INDB,INDB_RECIPE_ASC301
GF-REC-00293,serving,1.0,bowl,1,bowl,SRC-INDB,INDB_RECIPE_ASC302
GF-REC-00294,serving,1.0,ice-cream cup,1,ice-cream cup,SRC-INDB,INDB_RECIPE_ASC304
GF-REC-00295,serving,1.0,ice-cream cup,1,ice-cream cup,SRC-INDB,INDB_RECIPE_ASC305
GF-REC-00296,serving,1.0,ice-cream cup,1,ice-cream cup,SRC-INDB,INDB_RECIPE_ASC307
GF-REC-00297,serving,1.0,ice-cream cup,1,ice-cream cup,SRC-INDB,INDB_RECIPE_ASC308
GF-REC-00298,serving,1.0,souffle cup,1,souffle cup,SRC-INDB,INDB_RECIPE_ASC309
GF-REC-00299,serving,1.0,souffle cup,1,souffle cup,SRC-INDB,INDB_RECIPE_ASC310
GF-REC-00300,serving,1.0,souffle cup,1,souffle cup,SRC-INDB,INDB_RECIPE_ASC311
GF-REC-00301,serving,1.0,souffle cup,1,souffle cup,SRC-INDB,INDB_RECIPE_ASC312
GF-REC-00302,serving,1.0,souffle cup,1,souffle cup,SRC-INDB,INDB_RECIPE_ASC313
GF-REC-00303,serving,1.0,bowl,1,bowl,SRC-INDB,INDB_RECIPE_ASC314
GF-REC-00304,serving,1.0,cup,1,cup,SRC-INDB,INDB_RECIPE_ASC315
GF-REC-00305,serving,1.0,cup,1,cup,SRC-INDB,INDB_RECIPE_ASC316
GF-REC-00306,serving,1.0,bowl,1,bowl,SRC-INDB,INDB_RECIPE_ASC317
GF-REC-00307,serving,1.0,bowl,1,bowl,SRC-INDB,INDB_RECIPE_ASC318
GF-REC-00308,serving,1.0,bowl,1,bowl,SRC-INDB,INDB_RECIPE_ASC319
GF-REC-00309,serving,1.0,bowl,1,bowl,SRC-INDB,INDB_RECIPE_ASC320
GF-REC-00310,serving,1.0,kulfi,1,kulfi,SRC-INDB,INDB_RECIPE_ASC321
GF-REC-00311,serving,1.0,large slice,1,large slice,SRC-INDB,INDB_RECIPE_ASC322
GF-REC-00312,serving,1.0,bowl,1,bowl,SRC-INDB,INDB_RECIPE_ASC323
GF-REC-00313,serving,1.0,large slice,1,large slice,SRC-INDB,INDB_RECIPE_ASC324
GF-REC-00314,serving,1.0,large slice,1,large slice,SRC-INDB,INDB_RECIPE_ASC325
GF-REC-00315,serving,1.0,plate,1,plate,SRC-INDB,INDB_RECIPE_ASC326
GF-REC-00316,serving,1.0,large slice,1,large slice,SRC-INDB,INDB_RECIPE_ASC327
GF-REC-00317,serving,1.0,large slice,1,large slice,SRC-INDB,INDB_RECIPE_ASC328
GF-REC-00318,serving,1.0,bowl,1,bowl,SRC-INDB,INDB_RECIPE_ASC329
GF-REC-00319,serving,1.0,piece,1,apple,SRC-INDB,INDB_RECIPE_ASC330
GF-REC-00320,serving,1.0,piece,1,apple,SRC-INDB,INDB_RECIPE_ASC331
GF-REC-00321,serving,1.0,bowl,1,bowl,SRC-INDB,INDB_RECIPE_ASC332
GF-REC-00322,serving,1.0,bowl,1,bowl,SRC-INDB,INDB_RECIPE_ASC333
GF-REC-00323,serving,1.0,bowl,1,bowl,SRC-INDB,INDB_RECIPE_ASC334
GF-REC-00324,serving,2.0,burfi,2,burfis,SRC-INDB,INDB_RECIPE_ASC335
GF-REC-00325,serving,2.0,burfi,2,burfis,SRC-INDB,INDB_RECIPE_ASC336
GF-REC-00326,serving,2.0,burfi,2,burfis,SRC-INDB,INDB_RECIPE_ASC337
GF-REC-00327,serving,2.0,burfi,2,burfis,SRC-INDB,INDB_RECIPE_ASC338
GF-REC-00328,serving,3.0,burfi,3,burfis,SRC-INDB,INDB_RECIPE_ASC339
GF-REC-00329,serving,2.0,burfi,2,burfis,SRC-INDB,INDB_RECIPE_ASC340
GF-REC-00330,serving,2.0,ladoo,2,ladoos,SRC-INDB,INDB_RECIPE_ASC341
GF-REC-00331,serving,2.0,ladoo,2,ladoos,SRC-INDB,INDB_RECIPE_ASC342
GF-REC-00332,serving,2.0,ladoo,2,ladoos,SRC-INDB,INDB_RECIPE_ASC343
GF-REC-00333,serving,2.0,ladoo,2,ladoos,SRC-INDB,INDB_RECIPE_ASC344
GF-REC-00334,serving,1.0,bowl,1,bowl,SRC-INDB,INDB_RECIPE_ASC345
GF-REC-00335,serving,1.0,slice,1,slice,SRC-INDB,INDB_RECIPE_ASC346
GF-REC-00336,serving,2.0,gunjia,2,gunjias,SRC-INDB,INDB_RECIPE_ASC347
GF-REC-00337,serving,2.0,gulab jamun,2,gulab jamuns,SRC-INDB,INDB_RECIPE_ASC348
GF-REC-00338,serving,2.0,malqura,2,malquras,SRC-INDB,INDB_RECIPE_ASC349
GF-REC-00339,serving,2.0,tukra,2,tukras,SRC-INDB,INDB_RECIPE_ASC350
GF-REC-00340,serving,1.0,plate,1,plate,SRC-INDB,INDB_RECIPE_ASC351
GF-REC-00341,serving,1.0,plate,1,plate,SRC-INDB,INDB_RECIPE_ASC352
GF-REC-00342,serving,1.0,plate,1,plate,SRC-INDB,INDB_RECIPE_ASC353
GF-REC-00343,serving,1.0,plate,1,plate,SRC-INDB,INDB_RECIPE_ASC354
GF-REC-00344,serving,1.0,plate,1,plate,SRC-INDB,INDB_RECIPE_ASC355
GF-REC-00345,serving,1.0,plate,1,plate,SRC-INDB,INDB_RECIPE_ASC356
GF-REC-00346,serving,1.0,plate,1,plate,SRC-INDB,INDB_RECIPE_ASC357
GF-REC-00347,serving,1.0,plate,1,plate,SRC-INDB,INDB_RECIPE_ASC358
GF-REC-00348,serving,1.0,plate,4 to 5,pakoras,SRC-INDB,INDB_RECIPE_ASC359
GF-REC-00349,serving,2.0,bonda,2,bondas,SRC-INDB,INDB_RECIPE_ASC360
GF-REC-00350,serving,2.0,samosa,2,samosas,SRC-INDB,INDB_RECIPE_ASC361
GF-REC-00351,serving,2.0,samosa,2,samosas,SRC-INDB,INDB_RECIPE_ASC362
GF-REC-00352,serving,2.0,samosa,2,samosas,SRC-INDB,INDB_RECIPE_ASC363
GF-REC-00353,serving,2.0,kachori,2,kachoris,SRC-INDB,INDB_RECIPE_ASC364
GF-REC-00354,serving,2.0,kachori,2,kachoris,SRC-INDB,INDB_RECIPE_ASC365
GF-REC-00355,serving,2.0,cutlet,2,cutlets,SRC-INDB,INDB_RECIPE_ASC366
GF-REC-00356,serving,2.0,cutlet,2,cutlets,SRC-INDB,INDB_RECIPE_ASC367
GF-REC-00357,serving,2.0,cutlet,2,cutlets,SRC-INDB,INDB_RECIPE_ASC368
GF-REC-00358,serving,2.0,cutlet,2,cutlets,SRC-INDB,INDB_RECIPE_ASC369
GF-REC-00359,serving,2.0,cutlet,2,cutlets,SRC-INDB,INDB_RECIPE_ASC370
GF-REC-00360,serving,2.0,cutlet,2,cutlets,SRC-INDB,INDB_RECIPE_ASC371
GF-REC-00361,serving,2.0,toast,2,toast,SRC-INDB,INDB_RECIPE_ASC372
GF-REC-00362,serving,1.0,burger,1,burger,SRC-INDB,INDB_RECIPE_ASC375
GF-REC-00363,serving,2.0,piece,2,pieces,SRC-INDB,INDB_RECIPE_ASC376
GF-REC-00364,serving,2.0,kabab,2,kababs,SRC-INDB,INDB_RECIPE_ASC377
GF-REC-00365,serving,2.0,vada,2,vadas,SRC-INDB,INDB_RECIPE_ASC378
GF-REC-00366,serving,2.0,vada,2 to 3,vadas,SRC-INDB,INDB_RECIPE_ASC379
GF-REC-00367,serving,2.0,piece,2,pieces,SRC-INDB,INDB_RECIPE_ASC380
GF-REC-00368,serving,1.0,plate,1,plate,SRC-INDB,INDB_RECIPE_ASC381
GF-REC-00369,serving,4.0,piece,3 to 4,pieces,SRC-INDB,INDB_RECIPE_ASC382
GF-REC-00370,serving,4.0,spring roll,4,spring rolls,SRC-INDB,INDB_RECIPE_ASC383
GF-REC-00371,serving,1.0,tablespoon,1,tbsp,SRC-INDB,INDB_RECIPE_ASC384
GF-REC-00372,serving,1.0,tablespoon,1,tbsp,SRC-INDB,INDB_RECIPE_ASC385
GF-REC-00373,serving,1.0,tablespoon,1,tbsp,SRC-INDB,INDB_RECIPE_ASC386
GF-REC-00374,serving,1.0,tablespoon,1,tbsp,SRC-INDB,INDB_RECIPE_ASC387
GF-REC-00375,serving,,,,,SRC-INDB,INDB_RECIPE_ASC388
GF-REC-00376,serving,,,,,SRC-INDB,INDB_RECIPE_ASC394
GF-REC-00377,serving,2.0,tart,2,tarts,SRC-INDB,INDB_RECIPE_ASC395
GF-REC-00378,serving,2.0,tart,2,tarts,SRC-INDB,INDB_RECIPE_ASC396
GF-REC-00379,serving,2.0,tart,2,tarts,SRC-INDB,INDB_RECIPE_ASC397
GF-REC-00380,serving,2.0,tart,2,tarts,SRC-INDB,INDB_RECIPE_ASC398
GF-REC-00381,serving,2.0,tart,2,tarts,SRC-INDB,INDB_RECIPE_ASC399
GF-REC-00382,serving,2.0,tart,2,tarts,SRC-INDB,INDB_RECIPE_ASC400
GF-REC-00383,serving,1.0,pie,0.5 to 1,pie,SRC-INDB,INDB_RECIPE_ASC401
GF-REC-00384,serving,1.0,pie,0.5 to 1,pie,SRC-INDB,INDB_RECIPE_ASC402
GF-REC-00385,serving,1.0,slice,1,slice,SRC-INDB,INDB_RECIPE_ASC403
GF-REC-00386,serving,1.0,slice,1,slice,SRC-INDB,INDB_RECIPE_ASC404
GF-REC-00387,serving,1.0,slice,1,slice,SRC-INDB,INDB_RECIPE_ASC405
GF-REC-00388,serving,,,,,SRC-INDB,INDB_RECIPE_ASC406
GF-REC-00389,serving,2.0,puff,2,,SRC-INDB,INDB_RECIPE_ASC407
GF-REC-00390,serving,1.0,éclair,1,eclairs,SRC-INDB,INDB_RECIPE_ASC408
GF-REC-00391,serving,6.0,piece,6,balls,SRC-INDB,INDB_RECIPE_ASC409
GF-REC-00392,serving,,,,,SRC-INDB,INDB_RECIPE_ASC410
GF-REC-00393,serving,1.0,patty,1,patty,SRC-INDB,INDB_RECIPE_ASC411
GF-REC-00394,serving,1.0,patty,1,patty,SRC-INDB,INDB_RECIPE_ASC412
GF-REC-00395,serving,1.0,bowl,1,bowl,SRC-INDB,INDB_RECIPE_ASC413
GF-REC-00396,serving,1.0,bowl,1,bowl,SRC-INDB,INDB_RECIPE_ASC414
GF-REC-00397,serving,1.0,bowl,1,bowl,SRC-INDB,INDB_RECIPE_ASC415
GF-REC-00398,serving,1.0,bowl,1,bowl,SRC-INDB,INDB_RECIPE_ASC416
GF-REC-00399,serving,1.0,piece,1,pieces,SRC-INDB,INDB_RECIPE_ASC417
GF-REC-00400,serving,1.0,piece,1,pieces,SRC-INDB,INDB_RECIPE_ASC418
GF-REC-00401,serving,1.0,piece,1,pieces,SRC-INDB,INDB_RECIPE_ASC419
GF-REC-00402,serving,1.0,piece,1,pieces,SRC-INDB,INDB_RECIPE_ASC420
GF-REC-00403,serving,1.0,piece,1,pieces,SRC-INDB,INDB_RECIPE_ASC421
GF-REC-00404,serving,1.0,slice,1,slice,SRC-INDB,INDB_RECIPE_ASC422
GF-REC-00405,serving,1.0,slice,1,slice,SRC-INDB,INDB_RECIPE_ASC423
GF-REC-00406,serving,1.0,slice,1,slice,SRC-INDB,INDB_RECIPE_ASC424
GF-REC-00407,serving,1.0,slice,1,slice,SRC-INDB,INDB_RECIPE_ASC425
GF-REC-00408,serving,1.0,slice,1,slice,SRC-INDB,INDB_RECIPE_ASC426
GF-REC-00409,serving,1.0,slice,1,slice,SRC-INDB,INDB_RECIPE_ASC427
GF-REC-00410,serving,,,,,SRC-INDB,INDB_RECIPE_ASC428
GF-REC-00411,serving,1.0,swiss roll,1,swiss rolls,SRC-INDB,INDB_RECIPE_ASC429
GF-REC-00412,serving,1.0,pastry,1,pastry,SRC-INDB,INDB_RECIPE_ASC430
GF-REC-00413,serving,1.0,pastry,1,pastry,SRC-INDB,INDB_RECIPE_ASC431
GF-REC-00414,serving,1.0,finger,1,finger,SRC-INDB,INDB_RECIPE_ASC432
GF-REC-00415,serving,1.0,slice,1,slice,SRC-INDB,INDB_RECIPE_ASC433
GF-REC-00416,serving,,,,,SRC-INDB,INDB_RECIPE_ASC434
GF-REC-00417,serving,,,,,SRC-INDB,INDB_RECIPE_ASC436
GF-REC-00418,serving,,,,,SRC-INDB,INDB_RECIPE_ASC437
GF-REC-00419,serving,,,,,SRC-INDB,INDB_RECIPE_ASC438
GF-REC-00420,serving,2.0,cookie,2,cookies,SRC-INDB,INDB_RECIPE_ASC439
GF-REC-00421,serving,2.0,cookie,2,cookies,SRC-INDB,INDB_RECIPE_ASC440
GF-REC-00422,serving,3.0,biscuit,2 to 3,biscuits,SRC-INDB,INDB_RECIPE_ASC441
GF-REC-00423,serving,3.0,biscuit,2 to 3,biscuits,SRC-INDB,INDB_RECIPE_ASC442
GF-REC-00424,serving,3.0,biscuit,2 to 3,biscuits,SRC-INDB,INDB_RECIPE_ASC443
GF-REC-00425,serving,3.0,biscuit,2 to 3,biscuits,SRC-INDB,INDB_RECIPE_ASC444
GF-REC-00426,serving,3.0,biscuit,2 to 3,biscuits,SRC-INDB,INDB_RECIPE_ASC445
GF-REC-00427,serving,2.0,biscuit,2,biscuits,SRC-INDB,INDB_RECIPE_ASC446
GF-REC-00428,serving,3.0,biscuit,2 to 3,biscuits,SRC-INDB,INDB_RECIPE_ASC447
GF-REC-00429,serving,2.0,biscuit,2,biscuits,SRC-INDB,INDB_RECIPE_ASC448
GF-REC-00430,serving,3.0,cookie,3,cookies,SRC-INDB,INDB_RECIPE_ASC449
GF-REC-00431,serving,2.0,biscuit,2,biscuits,SRC-INDB,INDB_RECIPE_ASC450
GF-REC-00432,serving,4.0,biscuit,4,biscuits,SRC-INDB,INDB_RECIPE_ASC451
GF-REC-00433,serving,4.0,biscuit,4,biscuits,SRC-INDB,INDB_RECIPE_ASC452
GF-REC-00434,serving,3.0,biscuit,2 to 3,biscuits,SRC-INDB,INDB_RECIPE_ASC453
GF-REC-00435,serving,3.0,biscuit,2 to 3,biscuits,SRC-INDB,INDB_RECIPE_ASC454
GF-REC-00436,serving,3.0,biscuit,2 to 3,biscuits,SRC-INDB,INDB_RECIPE_ASC455
GF-REC-00437,serving,2.0,muthia,2,muthias,SRC-INDB,INDB_RECIPE_ASC456
GF-REC-00438,serving,2.0,tikki,2,tikkis,SRC-INDB,INDB_RECIPE_ASC457
GF-REC-00439,serving,1.0,plate,10 to 12,pieces,SRC-INDB,INDB_RECIPE_ASC458
GF-REC-00440,serving,3.0,burfi,3,burfis,SRC-INDB,INDB_RECIPE_ASC459
GF-REC-00441,serving,1.0,plate,10 to 12,pieces,SRC-INDB,INDB_RECIPE_ASC460
GF-REC-00442,serving,2.0,cheela,2,cheelas,SRC-INDB,INDB_RECIPE_ASC461
GF-REC-00443,serving,2.0,cheela,2,cheelas,SRC-INDB,INDB_RECIPE_ASC462
GF-REC-00444,serving,1.0,plate,1,plate,SRC-INDB,INDB_RECIPE_ASC463
GF-REC-00445,serving,4.0,poori,4,poories,SRC-INDB,INDB_RECIPE_ASC464
GF-REC-00446,serving,2.0,piece,2,pieces,SRC-INDB,INDB_RECIPE_ASC465
GF-REC-00447,serving,2.0,piece,2,pieces,SRC-INDB,INDB_RECIPE_ASC466
GF-REC-00448,serving,2.0,roti,2,roties,SRC-INDB,INDB_RECIPE_ASC467
GF-REC-00449,serving,1.0,plate,1,plate,SRC-INDB,INDB_RECIPE_ASC468
GF-REC-00450,serving,1.0,plate,1,plate,SRC-INDB,INDB_RECIPE_ASC469
GF-REC-00451,serving,2.0,ladoo,2,ladoos,SRC-INDB,INDB_RECIPE_ASC470
GF-REC-00452,serving,2.0,ladoo,2,ladoos,SRC-INDB,INDB_RECIPE_ASC471
GF-REC-00453,serving,3.0,roti,3,rotis,SRC-INDB,INDB_RECIPE_ASC472
GF-REC-00454,serving,2.0,vada,2,vadas,SRC-INDB,INDB_RECIPE_ASC473
GF-REC-00455,serving,2.0,piece,2,pieces,SRC-INDB,INDB_RECIPE_ASC474
GF-REC-00456,serving,,,,,SRC-INDB,INDB_RECIPE_ASC475
GF-REC-00457,serving,,,,,SRC-INDB,INDB_RECIPE_ASC476
GF-REC-00458,serving,,,,,SRC-INDB,INDB_RECIPE_ASC477
GF-REC-00459,serving,,,,,SRC-INDB,INDB_RECIPE_ASC479
GF-REC-00460,serving,,,,,SRC-INDB,INDB_RECIPE_ASC480
GF-REC-00461,serving,,,,,SRC-INDB,INDB_RECIPE_ASC481
GF-REC-00462,serving,,,,,SRC-INDB,INDB_RECIPE_ASC484
GF-REC-00463,serving,,,,,SRC-INDB,INDB_RECIPE_ASC485
GF-REC-00464,serving,,,,,SRC-INDB,INDB_RECIPE_ASC486
GF-REC-00465,serving,,,,,SRC-INDB,INDB_RECIPE_ASC487
GF-REC-00466,serving,,,,,SRC-INDB,INDB_RECIPE_ASC489
GF-REC-00467,serving,,,,,SRC-INDB,INDB_RECIPE_ASC490
GF-REC-00468,serving,,,,,SRC-INDB,INDB_RECIPE_ASC492
GF-REC-00469,serving,,,,,SRC-INDB,INDB_RECIPE_ASC493
GF-REC-00470,serving,,,,,SRC-INDB,INDB_RECIPE_ASC494
GF-REC-00471,serving,,,,,SRC-INDB,INDB_RECIPE_ASC495
GF-REC-00472,serving,,,,,SRC-INDB,INDB_RECIPE_ASC496
GF-REC-00473,serving,,,,,SRC-INDB,INDB_RECIPE_ASC497
GF-REC-00474,serving,,,,,SRC-INDB,INDB_RECIPE_ASC498
GF-REC-00475,serving,,,,,SRC-INDB,INDB_RECIPE_ASC499
GF-REC-00476,serving,,,,,SRC-INDB,INDB_RECIPE_ASC500
GF-REC-00477,serving,,,,,SRC-INDB,INDB_RECIPE_ASC501
GF-REC-00478,serving,,,,,SRC-INDB,INDB_RECIPE_ASC502
GF-REC-00479,serving,,,,,SRC-INDB,INDB_RECIPE_ASC503
GF-REC-00480,serving,,,,,SRC-INDB,INDB_RECIPE_ASC504
GF-REC-00481,serving,,,,,SRC-INDB,INDB_RECIPE_ASC505
GF-REC-00482,serving,,,,,SRC-INDB,INDB_RECIPE_ASC506
GF-REC-00483,serving,,,,,SRC-INDB,INDB_RECIPE_ASC507
GF-REC-00484,serving,,,,,SRC-INDB,INDB_RECIPE_ASC509
GF-REC-00485,serving,,,,,SRC-INDB,INDB_RECIPE_ASC511
GF-REC-00486,serving,,,,,SRC-INDB,INDB_RECIPE_ASC512
GF-REC-00487,serving,,,,,SRC-INDB,INDB_RECIPE_ASC513
GF-REC-00488,serving,,,,,SRC-INDB,INDB_RECIPE_ASC514
GF-REC-00489,serving,,,,,SRC-INDB,INDB_RECIPE_ASC515
GF-REC-00490,serving,,,,,SRC-INDB,INDB_RECIPE_BFP001
GF-REC-00491,serving,,,,,SRC-INDB,INDB_RECIPE_BFP002
GF-REC-00492,serving,,,,,SRC-INDB,INDB_RECIPE_BFP003
GF-REC-00493,serving,,,,,SRC-INDB,INDB_RECIPE_BFP004
GF-REC-00494,serving,,,,,SRC-INDB,INDB_RECIPE_BFP005
GF-REC-00495,serving,1.0,tea cup,1,tea cup,SRC-INDB,INDB_RECIPE_BFP007
GF-REC-00496,serving,1.0,tea cup,1,tea cup,SRC-INDB,INDB_RECIPE_BFP008
GF-REC-00497,serving,1.0,tea cup,1,tea cup,SRC-INDB,INDB_RECIPE_BFP011
GF-REC-00498,serving,1.0,tall glass,1,tall glass,SRC-INDB,INDB_RECIPE_BFP013
GF-REC-00499,serving,1.0,tall glass,1,tall glass,SRC-INDB,INDB_RECIPE_BFP015
GF-REC-00500,serving,1.0,tall glass,1,tall glass,SRC-INDB,INDB_RECIPE_BFP019
GF-REC-00501,serving,1.0,juice glass,1,juice glass,SRC-INDB,INDB_RECIPE_BFP024
GF-REC-00502,serving,1.0,tall glass,1,tall glass,SRC-INDB,INDB_RECIPE_BFP026
GF-REC-00503,serving,1.0,glass,1,glass,SRC-INDB,INDB_RECIPE_BFP027
GF-REC-00504,serving,1.0,glass,1,glass,SRC-INDB,INDB_RECIPE_BFP029
GF-REC-00505,serving,1.0,glass,1,glass,SRC-INDB,INDB_RECIPE_BFP030
GF-REC-00506,serving,1.0,glass,1,glass,SRC-INDB,INDB_RECIPE_BFP031
GF-REC-00507,serving,1.0,bowl,1,bowl,SRC-INDB,INDB_RECIPE_BFP036
GF-REC-00508,serving,1.0,bowl,1,bowl,SRC-INDB,INDB_RECIPE_BFP039
GF-REC-00509,serving,1.0,bowl,1,bowl,SRC-INDB,INDB_RECIPE_BFP040
GF-REC-00510,serving,1.0,bowl,1,bowl,SRC-INDB,INDB_RECIPE_BFP041
GF-REC-00511,serving,1.0,bowl,1,bowl,SRC-INDB,INDB_RECIPE_BFP042
GF-REC-00512,serving,1.0,plate,1,plate,SRC-INDB,INDB_RECIPE_BFP043
GF-REC-00513,serving,1.0,bowl,1,bowl,SRC-INDB,INDB_RECIPE_BFP044
GF-REC-00514,serving,1.0,bowl,1,bowl,SRC-INDB,INDB_RECIPE_BFP045
GF-REC-00515,serving,1.0,cheela,1,cheela,SRC-INDB,INDB_RECIPE_BFP046
GF-REC-00516,serving,1.0,cheela,1,cheela,SRC-INDB,INDB_RECIPE_BFP047
GF-REC-00517,serving,1.0,small bowl,1,small bowl,SRC-INDB,INDB_RECIPE_BFP052
GF-REC-00518,serving,1.0,egg,1,,SRC-INDB,INDB_RECIPE_BFP054
GF-REC-00519,serving,1.0,egg,1,,SRC-INDB,INDB_RECIPE_BFP055
GF-REC-00520,serving,1.0,egg,1,,SRC-INDB,INDB_RECIPE_BFP056
GF-REC-00521,serving,1.0,egg,1,,SRC-INDB,INDB_RECIPE_BFP057
GF-REC-00522,serving,1.0,egg,1,,SRC-INDB,INDB_RECIPE_BFP058
GF-REC-00523,serving,1.0,cup,1,cup,SRC-INDB,INDB_RECIPE_BFP059
GF-REC-00524,serving,1.0,cup,1,cup,SRC-INDB,INDB_RECIPE_BFP060
GF-REC-00525,serving,1.0,cup,1,cup,SRC-INDB,INDB_RECIPE_BFP062
GF-REC-00526,serving,1.0,bowl,1,bowl,SRC-INDB,INDB_RECIPE_BFP065
GF-REC-00527,serving,1.0,bowl,1,bowl,SRC-INDB,INDB_RECIPE_BFP066
GF-REC-00528,serving,1.0,bowl,1,bowl,SRC-INDB,INDB_RECIPE_BFP067
GF-REC-00529,serving,1.0,bowl,1,bowl,SRC-INDB,INDB_RECIPE_BFP072
GF-REC-00530,serving,1.0,bowl,1,bowl,SRC-INDB,INDB_RECIPE_BFP073
GF-REC-00531,serving,1.0,bowl,1,bowl,SRC-INDB,INDB_RECIPE_BFP074
GF-REC-00532,serving,1.0,bowl,1,bowl,SRC-INDB,INDB_RECIPE_BFP075
GF-REC-00533,serving,1.0,bowl,1,bowl,SRC-INDB,INDB_RECIPE_BFP076
GF-REC-00534,serving,1.0,bowl,1,bowl,SRC-INDB,INDB_RECIPE_BFP079
GF-REC-00535,serving,1.0,bowl,1,bowl,SRC-INDB,INDB_RECIPE_BFP080
GF-REC-00536,serving,1.0,bowl,1,bowl,SRC-INDB,INDB_RECIPE_BFP082
GF-REC-00537,serving,1.0,bowl,1,bowl,SRC-INDB,INDB_RECIPE_BFP087
GF-REC-00538,serving,1.0,bowl,1,bowl,SRC-INDB,INDB_RECIPE_BFP088
GF-REC-00539,serving,1.0,bowl,1,bowl,SRC-INDB,INDB_RECIPE_BFP089
GF-REC-00540,serving,1.0,bowl,1,bowl,SRC-INDB,INDB_RECIPE_BFP090
GF-REC-00541,serving,1.0,bowl,1,bowl,SRC-INDB,INDB_RECIPE_BFP091
GF-REC-00542,serving,,,,,SRC-INDB,INDB_RECIPE_BFP095
GF-REC-00543,serving,,,,,SRC-INDB,INDB_RECIPE_BFP096
GF-REC-00544,serving,,,,,SRC-INDB,INDB_RECIPE_BFP097
GF-REC-00545,serving,3.0,parantha,3,,SRC-INDB,INDB_RECIPE_BFP108
GF-REC-00546,serving,3.0,parantha,3,,SRC-INDB,INDB_RECIPE_BFP110
GF-REC-00547,serving,4.5,poori,4 to 5,,SRC-INDB,INDB_RECIPE_BFP114
GF-REC-00548,serving,4.5,poori,4 to 5,,SRC-INDB,INDB_RECIPE_BFP115
GF-REC-00549,serving,4.5,poori,4 to 5,,SRC-INDB,INDB_RECIPE_BFP116
GF-REC-00550,serving,5.0,poori,4 to 5,,SRC-INDB,INDB_RECIPE_BFP117
GF-REC-00551,serving,2.0,kachori,2,,SRC-INDB,INDB_RECIPE_BFP118
GF-REC-00552,serving,1.0,slice,1,,SRC-INDB,INDB_RECIPE_BFP122
GF-REC-00553,serving,3.0,pancake,3,,SRC-INDB,INDB_RECIPE_BFP124
GF-REC-00554,serving,3.0,pancake,3,,SRC-INDB,INDB_RECIPE_BFP125
GF-REC-00555,serving,3.0,pancake,3,,SRC-INDB,INDB_RECIPE_BFP127
GF-REC-00556,serving,1.0,plate,1,full plate,SRC-INDB,INDB_RECIPE_BFP132
GF-REC-00557,serving,1.0,plate,1,full plate,SRC-INDB,INDB_RECIPE_BFP133
GF-REC-00558,serving,1.0,plate,1,full plate,SRC-INDB,INDB_RECIPE_BFP134
GF-REC-00559,serving,1.0,plate,1,full plate,SRC-INDB,INDB_RECIPE_BFP136
GF-REC-00560,serving,1.0,plate,1,full plate,SRC-INDB,INDB_RECIPE_BFP137
GF-REC-00561,serving,1.0,plate,1,full plate,SRC-INDB,INDB_RECIPE_BFP138
GF-REC-00562,serving,1.0,plate,1,full plate,SRC-INDB,INDB_RECIPE_BFP141
GF-REC-00563,serving,1.0,plate,1,full plate,SRC-INDB,INDB_RECIPE_BFP142
GF-REC-00564,serving,1.0,plate,1,full plate,SRC-INDB,INDB_RECIPE_BFP143
GF-REC-00565,serving,1.0,small bowl,1,small bowl,SRC-INDB,INDB_RECIPE_BFP144
GF-REC-00566,serving,3.0,idli,3,small,SRC-INDB,INDB_RECIPE_BFP147
GF-REC-00567,serving,2.0,dosa,2,,SRC-INDB,INDB_RECIPE_BFP148
GF-REC-00568,serving,1.0,dosa,1,dosa,SRC-INDB,INDB_RECIPE_BFP150
GF-REC-00569,serving,1.0,dosa,1,dosa,SRC-INDB,INDB_RECIPE_BFP151
GF-REC-00570,serving,2.0,uttapam,2,,SRC-INDB,INDB_RECIPE_BFP152
GF-REC-00571,serving,3.0,appam,3,appams,SRC-INDB,INDB_RECIPE_BFP153
GF-REC-00572,serving,1.0,plate,1,plate,SRC-INDB,INDB_RECIPE_BFP154
GF-REC-00573,serving,1.0,shallow dish,1,shallow dish,SRC-INDB,INDB_RECIPE_BFP155
GF-REC-00574,serving,1.0,small casserole dish,1,small casserole dish,SRC-INDB,INDB_RECIPE_BFP157
GF-REC-00575,serving,1.0,shallow dish,1,shallow dish,SRC-INDB,INDB_RECIPE_BFP158
GF-REC-00576,serving,1.0,shallow dish,1,shallow dish,SRC-INDB,INDB_RECIPE_BFP159
GF-REC-00577,serving,0.5,dish,0.5,dish,SRC-INDB,INDB_RECIPE_BFP161
GF-REC-00578,serving,0.5,dish,0.5,dish,SRC-INDB,INDB_RECIPE_BFP162
GF-REC-00579,serving,,,,,SRC-INDB,INDB_RECIPE_BFP163
GF-REC-00580,serving,,,,,SRC-INDB,INDB_RECIPE_BFP164
GF-REC-00581,serving,1.0,curry bowl,1,curry bowl,SRC-INDB,INDB_RECIPE_BFP165
GF-REC-00582,serving,,,,,SRC-INDB,INDB_RECIPE_BFP166
GF-REC-00583,serving,,,,,SRC-INDB,INDB_RECIPE_BFP167
GF-REC-00584,serving,,,,,SRC-INDB,INDB_RECIPE_BFP168
GF-REC-00585,serving,,,,,SRC-INDB,INDB_RECIPE_BFP169
GF-REC-00586,serving,1.0,curry bowl,1,curry bowl,SRC-INDB,INDB_RECIPE_BFP170
GF-REC-00587,serving,1.0,curry bowl,1,curry bowl,SRC-INDB,INDB_RECIPE_BFP171
GF-REC-00588,serving,1.0,curry bowl,1,curry bowl,SRC-INDB,INDB_RECIPE_BFP172
GF-REC-00589,serving,1.0,curry bowl,1,curry bowl,SRC-INDB,INDB_RECIPE_BFP174
GF-REC-00590,serving,1.0,curry bowl,1,curry bowl,SRC-INDB,INDB_RECIPE_BFP176
GF-REC-00591,serving,1.0,curry bowl,1,curry bowl,SRC-INDB,INDB_RECIPE_BFP177
GF-REC-00592,serving,1.0,bowl,1,bowl,SRC-INDB,INDB_RECIPE_BFP178
GF-REC-00593,serving,1.0,bowl,1,bowl,SRC-INDB,INDB_RECIPE_BFP179
GF-REC-00594,serving,1.0,bowl,1,bowl,SRC-INDB,INDB_RECIPE_BFP185
GF-REC-00595,serving,1.0,bowl,1,bowl,SRC-INDB,INDB_RECIPE_BFP187
GF-REC-00596,serving,2.0,chops,2,chops,SRC-INDB,INDB_RECIPE_BFP190
GF-REC-00597,serving,1.0,bowl,1,bowl,SRC-INDB,INDB_RECIPE_BFP194
GF-REC-00598,serving,1.0,bowl,1,bowl,SRC-INDB,INDB_RECIPE_BFP196
GF-REC-00599,serving,1.0,bowl,1,bowl,SRC-INDB,INDB_RECIPE_BFP197
GF-REC-00600,serving,5.0,kebab,4 to 5,pieces,SRC-INDB,INDB_RECIPE_BFP198
GF-REC-00601,serving,4.0,kebab,4,kababs,SRC-INDB,INDB_RECIPE_BFP199
GF-REC-00602,serving,2.0,kofta,2,koftas,SRC-INDB,INDB_RECIPE_BFP201
GF-REC-00603,serving,1.0,bowl,1,bowl,SRC-INDB,INDB_RECIPE_BFP203
GF-REC-00604,serving,1.0,bowl,1,bowl,SRC-INDB,INDB_RECIPE_BFP204
GF-REC-00605,serving,1.0,bowl,1,bowl,SRC-INDB,INDB_RECIPE_BFP205
GF-REC-00606,serving,1.0,bowl,1,bowl,SRC-INDB,INDB_RECIPE_BFP206
GF-REC-00607,serving,1.0,bowl,1,bowl,SRC-INDB,INDB_RECIPE_BFP207
GF-REC-00608,serving,1.0,bowl,1,bowl,SRC-INDB,INDB_RECIPE_BFP208
GF-REC-00609,serving,2.0,kofta,2,koftas,SRC-INDB,INDB_RECIPE_BFP210
GF-REC-00610,serving,1.0,joint,1,joint,SRC-INDB,INDB_RECIPE_BFP212
GF-REC-00611,serving,1.0,bowl,1,bowl,SRC-INDB,INDB_RECIPE_BFP214
GF-REC-00612,serving,1.0,bowl,1,bowl,SRC-INDB,INDB_RECIPE_BFP216
GF-REC-00613,serving,1.0,bowl,1,bowl,SRC-INDB,INDB_RECIPE_BFP217
GF-REC-00614,serving,1.0,bowl,1,bowl,SRC-INDB,INDB_RECIPE_BFP218
GF-REC-00615,serving,1.0,bowl,1,bowl,SRC-INDB,INDB_RECIPE_BFP220
GF-REC-00616,serving,1.0,bowl,1,bowl,SRC-INDB,INDB_RECIPE_BFP221
GF-REC-00617,serving,1.0,bowl,1,bowl,SRC-INDB,INDB_RECIPE_BFP222
GF-REC-00618,serving,1.0,bowl,1,bowl,SRC-INDB,INDB_RECIPE_BFP223
GF-REC-00619,serving,1.0,fillet,1,fillet,SRC-INDB,INDB_RECIPE_BFP226
GF-REC-00620,serving,1.0,dish,1,dish,SRC-INDB,INDB_RECIPE_BFP229
GF-REC-00621,serving,1.0,bowl,1,bowl,SRC-INDB,INDB_RECIPE_BFP230
GF-REC-00622,serving,0.5,fish,0.5,fish,SRC-INDB,INDB_RECIPE_BFP231
GF-REC-00623,serving,1.0,pie,1,pie,SRC-INDB,INDB_RECIPE_BFP232
GF-REC-00624,serving,1.0,casserole dish,1,casserole dish,SRC-INDB,INDB_RECIPE_BFP233
GF-REC-00625,serving,1.0,dish,1,dish,SRC-INDB,INDB_RECIPE_BFP234
GF-REC-00626,serving,1.0,bowl,1,bowl,SRC-INDB,INDB_RECIPE_BFP239
GF-REC-00627,serving,1.0,bowl,1,bowl,SRC-INDB,INDB_RECIPE_BFP240
GF-REC-00628,serving,1.0,bowl,1,bowl,SRC-INDB,INDB_RECIPE_BFP241
GF-REC-00629,serving,1.0,bowl,1,bowl,SRC-INDB,INDB_RECIPE_BFP242
GF-REC-00630,serving,1.0,bowl,1,bowl,SRC-INDB,INDB_RECIPE_BFP246
GF-REC-00631,serving,1.0,bowl,1,bowl,SRC-INDB,INDB_RECIPE_BFP249
GF-REC-00632,serving,1.0,bowl,1,bowl,SRC-INDB,INDB_RECIPE_BFP250
GF-REC-00633,serving,1.0,bowl,1,bowl,SRC-INDB,INDB_RECIPE_BFP257
GF-REC-00634,serving,1.0,bowl,1,bowl,SRC-INDB,INDB_RECIPE_BFP258
GF-REC-00635,serving,1.0,bowl,1,bowl,SRC-INDB,INDB_RECIPE_BFP259
GF-REC-00636,serving,2.0,roll,2,rolls,SRC-INDB,INDB_RECIPE_BFP261
GF-REC-00637,serving,2.0,roll,2,rolls,SRC-INDB,INDB_RECIPE_BFP262
GF-REC-00638,serving,1.0,bowl,1,bowl,SRC-INDB,INDB_RECIPE_BFP263
GF-REC-00639,serving,1.0,bowl,1,bowl,SRC-INDB,INDB_RECIPE_BFP264
GF-REC-00640,serving,1.0,small bowl,1,small bowl,SRC-INDB,INDB_RECIPE_BFP266
GF-REC-00641,serving,1.0,bowl,1,bowl,SRC-INDB,INDB_RECIPE_BFP269
GF-REC-00642,serving,1.0,small bowl,1,small bowl,SRC-INDB,INDB_RECIPE_BFP270
GF-REC-00643,serving,1.0,small bowl,1,small bowl,SRC-INDB,INDB_RECIPE_BFP272
GF-REC-00644,serving,1.0,bowl,3,nos,SRC-INDB,INDB_RECIPE_BFP273
GF-REC-00645,serving,1.0,bowl,1,bowl,SRC-INDB,INDB_RECIPE_BFP274
GF-REC-00646,serving,1.0,bowl,1,bowl,SRC-INDB,INDB_RECIPE_BFP275
GF-REC-00647,serving,1.0,bowl,1,bowl,SRC-INDB,INDB_RECIPE_BFP276
GF-REC-00648,serving,1.0,bowl,1,bowl,SRC-INDB,INDB_RECIPE_BFP277
GF-REC-00649,serving,1.0,small bowl,1,small bowl,SRC-INDB,INDB_RECIPE_BFP278
GF-REC-00650,serving,1.0,bowl,1,bowl,SRC-INDB,INDB_RECIPE_BFP279
GF-REC-00651,serving,1.0,bowl,1,bowl,SRC-INDB,INDB_RECIPE_BFP280
GF-REC-00652,serving,1.0,portion,1,portion,SRC-INDB,INDB_RECIPE_BFP282
GF-REC-00653,serving,1.0,portion,1,portion,SRC-INDB,INDB_RECIPE_BFP284
GF-REC-00654,serving,4.0,potato,3 to 4,,SRC-INDB,INDB_RECIPE_BFP286
GF-REC-00655,serving,2.0,potato,1 to 2,potatoes,SRC-INDB,INDB_RECIPE_BFP287
GF-REC-00656,serving,2.0,potato,1 to 2,potatoes,SRC-INDB,INDB_RECIPE_BFP288
GF-REC-00657,serving,2.0,nest,2,nests,SRC-INDB,INDB_RECIPE_BFP289
GF-REC-00658,serving,1.0,bowl,1,bowl,SRC-INDB,INDB_RECIPE_BFP290
GF-REC-00659,serving,1.0,bowl,1,bowl,SRC-INDB,INDB_RECIPE_BFP291
GF-REC-00660,serving,1.0,dish,1,dish,SRC-INDB,INDB_RECIPE_BFP292
GF-REC-00661,serving,1.0,bowl,1,bowl,SRC-INDB,INDB_RECIPE_BFP293
GF-REC-00662,serving,1.0,dish,1,dish,SRC-INDB,INDB_RECIPE_BFP294
GF-REC-00663,serving,1.0,small bowl,1,small bowl,SRC-INDB,INDB_RECIPE_BFP296
GF-REC-00664,serving,1.0,small bowl,1,small bowl,SRC-INDB,INDB_RECIPE_BFP299
GF-REC-00665,serving,1.0,small bowl,1,small bowl,SRC-INDB,INDB_RECIPE_BFP300
GF-REC-00666,serving,1.0,small bowl,1,small bowl,SRC-INDB,INDB_RECIPE_BFP301
GF-REC-00667,serving,1.0,basket,1,basket,SRC-INDB,INDB_RECIPE_BFP302
GF-REC-00668,serving,1.0,small plate,1,small plate,SRC-INDB,INDB_RECIPE_BFP303
GF-REC-00669,serving,1.0,stuffed tomato,1,stuffed tomato,SRC-INDB,INDB_RECIPE_BFP305
GF-REC-00670,serving,1.0,small mould,1,small mould,SRC-INDB,INDB_RECIPE_BFP306
GF-REC-00671,serving,1.0,small mould,1,small mould,SRC-INDB,INDB_RECIPE_BFP307
GF-REC-00672,serving,1.0,slice,1,slice,SRC-INDB,INDB_RECIPE_BFP308
GF-REC-00673,serving,0.75,cup,0.75,cup,SRC-INDB,INDB_RECIPE_BFP310
GF-REC-00674,serving,1.0,cup,1,cup,SRC-INDB,INDB_RECIPE_BFP312
GF-REC-00675,serving,0.5,cup,0.5,cup,SRC-INDB,INDB_RECIPE_BFP313
GF-REC-00676,serving,1.0,bowl,1,bowl,SRC-INDB,INDB_RECIPE_BFP316
GF-REC-00677,serving,1.0,bowl,1,bowl,SRC-INDB,INDB_RECIPE_BFP318
GF-REC-00678,serving,1.0,bowl,1,bowl,SRC-INDB,INDB_RECIPE_BFP320
GF-REC-00679,serving,1.0,bowl,1,bowl,SRC-INDB,INDB_RECIPE_BFP321
GF-REC-00680,serving,1.0,bowl,1,bowl,SRC-INDB,INDB_RECIPE_BFP322
GF-REC-00681,serving,1.0,bowl,1,bowl,SRC-INDB,INDB_RECIPE_BFP325
GF-REC-00682,serving,1.0,bowl,1,bowl,SRC-INDB,INDB_RECIPE_BFP326
GF-REC-00683,serving,1.0,bowl,1,bowl,SRC-INDB,INDB_RECIPE_BFP327
GF-REC-00684,serving,1.0,bowl,1,bowl,SRC-INDB,INDB_RECIPE_BFP328
GF-REC-00685,serving,1.0,bowl,1,bowl,SRC-INDB,INDB_RECIPE_BFP329
GF-REC-00686,serving,1.0,bowl,1,bowl,SRC-INDB,INDB_RECIPE_BFP334
GF-REC-00687,serving,1.0,bowl,1,bowl,SRC-INDB,INDB_RECIPE_BFP336
GF-REC-00688,serving,1.0,bowl,1,bowl,SRC-INDB,INDB_RECIPE_BFP338
GF-REC-00689,serving,1.0,small bowl,1,small bowl,SRC-INDB,INDB_RECIPE_BFP345
GF-REC-00690,serving,1.0,ice cream cup,1,ice cream cup,SRC-INDB,INDB_RECIPE_BFP346
GF-REC-00691,serving,1.0,ice cream cup,1,ice cream cup,SRC-INDB,INDB_RECIPE_BFP347
GF-REC-00692,serving,1.0,ice cream cup,1,ice cream cup,SRC-INDB,INDB_RECIPE_BFP348
GF-REC-00693,serving,1.0,ice cream cup,1,ice cream cup,SRC-INDB,INDB_RECIPE_BFP350
GF-REC-00694,serving,1.0,sundae glass,1,sundae glass,SRC-INDB,INDB_RECIPE_BFP351
GF-REC-00695,serving,1.0,sundae glass,1,sundae glass,SRC-INDB,INDB_RECIPE_BFP352
GF-REC-00696,serving,3.0,tablespoon,3,tbsp,SRC-INDB,INDB_RECIPE_BFP353
GF-REC-00697,serving,1.0,ice cream cup,1,ice cream cup,SRC-INDB,INDB_RECIPE_BFP354
GF-REC-00698,serving,1.0,dish,1,dish,SRC-INDB,INDB_RECIPE_BFP355
GF-REC-00699,serving,1.0,cup,1,cup,SRC-INDB,INDB_RECIPE_BFP356
GF-REC-00700,serving,1.0,sundae glass,1,sundae glass,SRC-INDB,INDB_RECIPE_BFP358
GF-REC-00701,serving,1.0,dish,1,dish,SRC-INDB,INDB_RECIPE_BFP359
GF-REC-00702,serving,,,,,SRC-INDB,INDB_RECIPE_BFP360
GF-REC-00703,serving,1.0,orange case,1,orange case,SRC-INDB,INDB_RECIPE_BFP361
GF-REC-00704,serving,1.0,tall stemmed glass,1,tall stemmed glass,SRC-INDB,INDB_RECIPE_BFP362
GF-REC-00705,serving,1.0,small mould,1,small mould,SRC-INDB,INDB_RECIPE_BFP363
GF-REC-00706,serving,0.5,small mould,0.5,small mould,SRC-INDB,INDB_RECIPE_BFP364
GF-REC-00707,serving,1.0,dish,1,dish,SRC-INDB,INDB_RECIPE_BFP365
GF-REC-00708,serving,1.0,souffle dish,1,souffle dish,SRC-INDB,INDB_RECIPE_BFP366
GF-REC-00709,serving,1.0,souffle dish,1,souffle dish,SRC-INDB,INDB_RECIPE_BFP367
GF-REC-00710,serving,1.0,souffle dish,1,souffle dish,SRC-INDB,INDB_RECIPE_BFP368
GF-REC-00711,serving,1.0,souffle dish,1,souffle dish,SRC-INDB,INDB_RECIPE_BFP369
GF-REC-00712,serving,1.0,souffle dish,1,souffle dish,SRC-INDB,INDB_RECIPE_BFP370
GF-REC-00713,serving,1.0,bowl,1,bowl,SRC-INDB,INDB_RECIPE_BFP371
GF-REC-00714,serving,1.0,tall stemmed glass,1,tall stemmed glass,SRC-INDB,INDB_RECIPE_BFP372
GF-REC-00715,serving,0.5,meringue,0.5,meringue,SRC-INDB,INDB_RECIPE_BFP373
GF-REC-00716,serving,1.0,small plate,1,small plate,SRC-INDB,INDB_RECIPE_BFP379
GF-REC-00717,serving,0.5,small mould,0.5,small mould,SRC-INDB,INDB_RECIPE_BFP380
GF-REC-00718,serving,1.0,bowl,1,bowl,SRC-INDB,INDB_RECIPE_BFP382
GF-REC-00719,serving,2.0,piece,2,,SRC-INDB,INDB_RECIPE_BFP386
GF-REC-00720,serving,1.0,piece,1,,SRC-INDB,INDB_RECIPE_BFP388
GF-REC-00721,serving,1.0,piece,1,,SRC-INDB,INDB_RECIPE_BFP389
GF-REC-00722,serving,1.0,piece,1,,SRC-INDB,INDB_RECIPE_BFP390
GF-REC-00723,serving,1.0,piece,1,,SRC-INDB,INDB_RECIPE_BFP391
GF-REC-00724,serving,1.0,piece,1,,SRC-INDB,INDB_RECIPE_BFP392
GF-REC-00725,serving,1.0,piece,1,,SRC-INDB,INDB_RECIPE_BFP393
GF-REC-00726,serving,2.0,piece,2,,SRC-INDB,INDB_RECIPE_BFP396
GF-REC-00727,serving,2.0,piece,2,,SRC-INDB,INDB_RECIPE_BFP397
GF-REC-00728,serving,2.0,piece,2,,SRC-INDB,INDB_RECIPE_BFP401
GF-REC-00729,serving,2.0,piece,2,,SRC-INDB,INDB_RECIPE_BFP403
GF-REC-00730,serving,2.0,piece,2,,SRC-INDB,INDB_RECIPE_BFP404
GF-REC-00731,serving,2.0,piece,2,,SRC-INDB,INDB_RECIPE_BFP406
GF-REC-00732,serving,2.0,piece,2,,SRC-INDB,INDB_RECIPE_BFP407
GF-REC-00733,serving,2.0,piece,2,pieces,SRC-INDB,INDB_RECIPE_BFP412
GF-REC-00734,serving,2.0,piece,2,pieces,SRC-INDB,INDB_RECIPE_BFP413
GF-REC-00735,serving,6.0,pakora,6,,SRC-INDB,INDB_RECIPE_BFP415
GF-REC-00736,serving,5.0,pakora,5,,SRC-INDB,INDB_RECIPE_BFP416
GF-REC-00737,serving,6.0,pakora,6,,SRC-INDB,INDB_RECIPE_BFP420
GF-REC-00738,serving,6.0,pakora,6,,SRC-INDB,INDB_RECIPE_BFP421
GF-REC-00739,serving,2.0,cutlet,2,,SRC-INDB,INDB_RECIPE_BFP424
GF-REC-00740,serving,2.0,cutlet,2,,SRC-INDB,INDB_RECIPE_BFP425
GF-REC-00741,serving,2.0,cutlet,2,,SRC-INDB,INDB_RECIPE_BFP427
GF-REC-00742,serving,2.0,cutlet,2,,SRC-INDB,INDB_RECIPE_BFP428
GF-REC-00743,serving,2.0,cutlet,2,,SRC-INDB,INDB_RECIPE_BFP430
GF-REC-00744,serving,2.0,samosa,2,,SRC-INDB,INDB_RECIPE_BFP431
GF-REC-00745,serving,2.0,vada,2,,SRC-INDB,INDB_RECIPE_BFP436
GF-REC-00746,serving,2.0,vada,2,,SRC-INDB,INDB_RECIPE_BFP437
GF-REC-00747,serving,3.0,dhokla,3,,SRC-INDB,INDB_RECIPE_BFP439
GF-REC-00748,serving,3.0,dhokla,3,,SRC-INDB,INDB_RECIPE_BFP440
GF-REC-00749,serving,2.0,tablespoon,2,tbsp,SRC-INDB,INDB_RECIPE_BFP442
GF-REC-00750,serving,2.0,tablespoon,2,tbsp,SRC-INDB,INDB_RECIPE_BFP443
GF-REC-00751,serving,2.0,tablespoon,2,tbsp,SRC-INDB,INDB_RECIPE_BFP444
GF-REC-00752,serving,2.0,tablespoon,2,tbsp,SRC-INDB,INDB_RECIPE_BFP445
GF-REC-00753,serving,2.0,tablespoon,2,tbsp,SRC-INDB,INDB_RECIPE_BFP446
GF-REC-00754,serving,1.0,tablespoon,1,tbsp,SRC-INDB,INDB_RECIPE_BFP447
GF-REC-00755,serving,1.0,tablespoon,1,tbsp,SRC-INDB,INDB_RECIPE_BFP448
GF-REC-00756,serving,2.0,tablespoon,2,tbsp,SRC-INDB,INDB_RECIPE_BFP450
GF-REC-00757,serving,2.0,tablespoon,2,tbsp,SRC-INDB,INDB_RECIPE_BFP451
GF-REC-00758,serving,2.0,tablespoon,2,tbsp,SRC-INDB,INDB_RECIPE_BFP452
GF-REC-00759,serving,2.0,tablespoon,2,tbsp,SRC-INDB,INDB_RECIPE_BFP453
GF-REC-00760,serving,2.0,sandwich,2,,SRC-INDB,INDB_RECIPE_BFP455
GF-REC-00761,serving,2.0,sandwich,2,,SRC-INDB,INDB_RECIPE_BFP456
GF-REC-00762,serving,2.0,sandwich,2,,SRC-INDB,INDB_RECIPE_BFP457
GF-REC-00763,serving,2.0,sandwich,2,,SRC-INDB,INDB_RECIPE_BFP458
GF-REC-00764,serving,2.0,sandwich,2,,SRC-INDB,INDB_RECIPE_BFP459
GF-REC-00765,serving,2.0,sandwich,2,,SRC-INDB,INDB_RECIPE_BFP460
GF-REC-00766,serving,2.0,sandwich,2,,SRC-INDB,INDB_RECIPE_BFP461
GF-REC-00767,serving,2.0,sandwich,2,,SRC-INDB,INDB_RECIPE_BFP463
GF-REC-00768,serving,3.0,ribbon,2 to 3,ribbons,SRC-INDB,INDB_RECIPE_BFP466
GF-REC-00769,serving,3.0,square,3,squares,SRC-INDB,INDB_RECIPE_BFP467
GF-REC-00770,serving,1.0,hot dog bun,1,hot dog bun,SRC-INDB,INDB_RECIPE_BFP468
GF-REC-00771,serving,2.0,sandwich,2,,SRC-INDB,INDB_RECIPE_BFP470
GF-REC-00772,serving,2.0,sandwich,2,,SRC-INDB,INDB_RECIPE_BFP471
GF-REC-00773,serving,2.0,sandwich,2,,SRC-INDB,INDB_RECIPE_BFP472
GF-REC-00774,serving,2.0,sandwich,2,,SRC-INDB,INDB_RECIPE_BFP473
GF-REC-00775,serving,1.0,piece,1,pieces,SRC-INDB,INDB_RECIPE_BFP476
GF-REC-00776,serving,2.0,swiss roll,2,swiss rolls,SRC-INDB,INDB_RECIPE_BFP478
GF-REC-00777,serving,8.0,tablespoon,8,tbsp,SRC-INDB,INDB_RECIPE_BFP479
GF-REC-00778,serving,4.0,tablespoon,4,tbsp,SRC-INDB,INDB_RECIPE_BFP480
GF-REC-00779,serving,1.0,pastry,1,pastry,SRC-INDB,INDB_RECIPE_BFP482
GF-REC-00780,serving,1.0,pastry,1,pastry,SRC-INDB,INDB_RECIPE_BFP483
GF-REC-00781,serving,1.0,piece,1,pieces,SRC-INDB,INDB_RECIPE_BFP484
GF-REC-00782,serving,1.0,piece,1,pieces,SRC-INDB,INDB_RECIPE_BFP485
GF-REC-00783,serving,1.0,piece,1,pieces,SRC-INDB,INDB_RECIPE_BFP489
GF-REC-00784,serving,1.0,piece,1,pieces,SRC-INDB,INDB_RECIPE_BFP491
GF-REC-00785,serving,1.0,piece,1,pieces,SRC-INDB,INDB_RECIPE_BFP492
GF-REC-00786,serving,1.0,piece,1,pieces,SRC-INDB,INDB_RECIPE_BFP495
GF-REC-00787,serving,1.0,piece,1,pieces,SRC-INDB,INDB_RECIPE_BFP496
GF-REC-00788,serving,4.0,tablespoon,4,tbsp,SRC-INDB,INDB_RECIPE_BFP498
GF-REC-00789,serving,5.0,tablespoon,5,tbsp,SRC-INDB,INDB_RECIPE_BFP499
GF-REC-00790,serving,5.0,tablespoon,5,tbsp,SRC-INDB,INDB_RECIPE_BFP500
GF-REC-00791,serving,2.0,biscuit,2,,SRC-INDB,INDB_RECIPE_BFP502
GF-REC-00792,serving,1.0,biscuit,1,,SRC-INDB,INDB_RECIPE_BFP505
GF-REC-00793,serving,1.0,gingerman,1,gingerman,SRC-INDB,INDB_RECIPE_BFP506
GF-REC-00794,serving,4.0,small,4,small,SRC-INDB,INDB_RECIPE_BFP507
GF-REC-00795,serving,2.0,biscuit,2,,SRC-INDB,INDB_RECIPE_BFP508
GF-REC-00796,serving,2.0,biscuit,2,,SRC-INDB,INDB_RECIPE_BFP509
GF-REC-00797,serving,2.0,biscuit,2,,SRC-INDB,INDB_RECIPE_BFP510
GF-REC-00798,serving,2.0,biscuit,2,,SRC-INDB,INDB_RECIPE_BFP511
GF-REC-00799,serving,2.0,biscuit,2,,SRC-INDB,INDB_RECIPE_BFP512
GF-REC-00800,serving,2.0,shell,2,,SRC-INDB,INDB_RECIPE_BFP513
GF-REC-00801,serving,2.0,biscuit,2,,SRC-INDB,INDB_RECIPE_BFP516
GF-REC-00802,serving,3.0,cookies,3,,SRC-INDB,INDB_RECIPE_BFP517
GF-REC-00803,serving,4.0,straw,4,,SRC-INDB,INDB_RECIPE_BFP518
GF-REC-00804,serving,4.0,biscuit,4,,SRC-INDB,INDB_RECIPE_BFP519
GF-REC-00805,serving,1.0,pastry,1,,SRC-INDB,INDB_RECIPE_BFP521
GF-REC-00806,serving,0.5,flan,0.5,,SRC-INDB,INDB_RECIPE_BFP522
GF-REC-00807,serving,0.25,flan,0.25,,SRC-INDB,INDB_RECIPE_BFP523
GF-REC-00808,serving,2.0,tart,2,,SRC-INDB,INDB_RECIPE_BFP527
GF-REC-00809,serving,0.5,pie,0.5,pie,SRC-INDB,INDB_RECIPE_BFP529
GF-REC-00810,serving,0.25,pie,0.25,pie,SRC-INDB,INDB_RECIPE_BFP531
GF-REC-00811,serving,0.25,pie,0.25,pie,SRC-INDB,INDB_RECIPE_BFP532
GF-REC-00812,serving,2.0,bun,2,,SRC-INDB,INDB_RECIPE_BFP534
GF-REC-00813,serving,2.0,puff,2,,SRC-INDB,INDB_RECIPE_BFP535
GF-REC-00814,serving,1.0,swan,1,,SRC-INDB,INDB_RECIPE_BFP536
GF-REC-00815,serving,6.0,aigrette,6,,SRC-INDB,INDB_RECIPE_BFP539
GF-REC-00816,serving,1.0,horn,1,,SRC-INDB,INDB_RECIPE_BFP541
GF-REC-00817,serving,1.0,horn,1,,SRC-INDB,INDB_RECIPE_BFP542
GF-REC-00818,serving,1.0,patty,1,,SRC-INDB,INDB_RECIPE_BFP544
GF-REC-00819,serving,1.0,patty,1,,SRC-INDB,INDB_RECIPE_BFP545
GF-REC-00820,serving,1.0,bowl,1,bowl,SRC-INDB,INDB_RECIPE_BFP546
GF-REC-00821,serving,1.0,bowl,1,bowl,SRC-INDB,INDB_RECIPE_BFP547
GF-REC-00822,serving,1.0,bowl,1,bowl,SRC-INDB,INDB_RECIPE_BFP548
GF-REC-00823,serving,1.0,bowl,1,bowl,SRC-INDB,INDB_RECIPE_BFP549
GF-REC-00824,serving,1.0,bowl,1,bowl,SRC-INDB,INDB_RECIPE_BFP550
GF-REC-00825,serving,1.0,bowl,1,bowl,SRC-INDB,INDB_RECIPE_BFP552
GF-REC-00826,serving,1.0,bowl,1,bowl,SRC-INDB,INDB_RECIPE_BFP553
GF-REC-00827,serving,1.0,bowl,1,bowl,SRC-INDB,INDB_RECIPE_BFP554
GF-REC-00828,serving,1.0,bowl,1,bowl,SRC-INDB,INDB_RECIPE_BFP555
GF-REC-00829,serving,1.0,bowl,1,bowl,SRC-INDB,INDB_RECIPE_BFP556
GF-REC-00830,serving,1.0,bowl,1,bowl,SRC-INDB,INDB_RECIPE_BFP557
GF-REC-00831,serving,1.0,bowl,1,bowl,SRC-INDB,INDB_RECIPE_BFP558
GF-REC-00832,serving,1.0,bowl,1,bowl,SRC-INDB,INDB_RECIPE_BFP559
GF-REC-00833,serving,1.0,plate,1,plate,SRC-INDB,INDB_RECIPE_BFP560
GF-REC-00834,serving,4.0,piece,4,pieces,SRC-INDB,INDB_RECIPE_BFP561
GF-REC-00835,serving,4.0,piece,4,,SRC-INDB,INDB_RECIPE_BFP563
GF-REC-00836,serving,1.0,piece,1,,SRC-INDB,INDB_RECIPE_BFP564
GF-REC-00837,serving,3.0,biscuit,3,,SRC-INDB,INDB_RECIPE_BFP565
GF-REC-00838,serving,2.0,vada,2,,SRC-INDB,INDB_RECIPE_BFP566
GF-REC-00839,serving,20.0,piece,20,pieces,SRC-INDB,INDB_RECIPE_BFP568
GF-REC-00840,serving,1.0,piece,1,pieces,SRC-INDB,INDB_RECIPE_BFP569
GF-REC-00841,serving,2.0,cheela,2,,SRC-INDB,INDB_RECIPE_BFP570
GF-REC-00842,serving,2.0,ladoo,2,,SRC-INDB,INDB_RECIPE_BFP571
GF-REC-00843,serving,2.0,piece,2,pieces,SRC-INDB,INDB_RECIPE_BFP573
GF-REC-00844,serving,2.0,piece,2,pieces,SRC-INDB,INDB_RECIPE_BFP574
GF-REC-00845,serving,3.0,roti,3,,SRC-INDB,INDB_RECIPE_BFP575
GF-REC-00846,serving,1.0,plate,1,plate,SRC-INDB,INDB_RECIPE_BFP576
GF-REC-00847,serving,1.0,plate,1,plate,SRC-INDB,INDB_RECIPE_BFP577
GF-REC-00848,serving,1.0,plate,1,plate,SRC-INDB,INDB_RECIPE_BFP578
GF-REC-00849,serving,4.0,idli,4,,SRC-INDB,INDB_RECIPE_BFP579
GF-REC-00850,serving,3.0,cheela,3,,SRC-INDB,INDB_RECIPE_BFP580
GF-REC-00851,serving,,,,,SRC-INDB,INDB_RECIPE_BFP583
GF-REC-00852,serving,,,,,SRC-INDB,INDB_RECIPE_BFP585
GF-REC-00853,serving,,,,,SRC-INDB,INDB_RECIPE_BFP589
GF-REC-00854,serving,,,,,SRC-INDB,INDB_RECIPE_BFP595
GF-REC-00855,serving,,,,,SRC-INDB,INDB_RECIPE_BFP597
GF-REC-00856,serving,,,,,SRC-INDB,INDB_RECIPE_BFP598
GF-REC-00857,serving,,,,,SRC-INDB,INDB_RECIPE_BFP599
GF-REC-00858,serving,,,,,SRC-INDB,INDB_RECIPE_BFP601
GF-REC-00859,serving,,,,,SRC-INDB,INDB_RECIPE_BFP602
GF-REC-00860,serving,1.0,bowl,3,nos,SRC-INDB,INDB_RECIPE_BFP604
GF-REC-00861,serving,1.0,glass,1,glass,SRC-INDB,INDB_RECIPE_BFP605
GF-REC-00862,serving,1.0,small bowl,1,small bowl,SRC-INDB,INDB_RECIPE_BFP606
GF-REC-00863,serving,1.0,tall glass,1,tall glass,SRC-INDB,INDB_RECIPE_BFP607
GF-REC-00864,serving,1.0,tall glass,1,tall glass,SRC-INDB,INDB_RECIPE_BFP608
GF-REC-00865,serving,1.0,tall glass,1,tall glass,SRC-INDB,INDB_RECIPE_BFP609
GF-REC-00866,serving,1.0,glass,,,SRC-INDB,INDB_RECIPE_OSR001
GF-REC-00867,serving,1.0,glass,,,SRC-INDB,INDB_RECIPE_OSR002
GF-REC-00868,serving,1.0,cup,,,SRC-INDB,INDB_RECIPE_OSR004
GF-REC-00869,serving,1.0,glass,,,SRC-INDB,INDB_RECIPE_OSR005
GF-REC-00870,serving,1.0,glass,,,SRC-INDB,INDB_RECIPE_OSR006
GF-REC-00871,serving,1.0,glass,,,SRC-INDB,INDB_RECIPE_OSR007
GF-REC-00872,serving,1.0,cup,,,SRC-INDB,INDB_RECIPE_OSR008
GF-REC-00873,serving,1.0,cup,,,SRC-INDB,INDB_RECIPE_OSR009
GF-REC-00874,serving,1.0,glass,,,SRC-INDB,INDB_RECIPE_OSR010
GF-REC-00875,serving,1.0,bowl,,,SRC-INDB,INDB_RECIPE_OSR011
GF-REC-00876,serving,1.0,bowl,,,SRC-INDB,INDB_RECIPE_OSR012
GF-REC-00877,serving,1.0,bowl,,,SRC-INDB,INDB_RECIPE_OSR013
GF-REC-00878,serving,1.0,bowl,,,SRC-INDB,INDB_RECIPE_OSR014
GF-REC-00879,serving,1.0,roll,,,SRC-INDB,INDB_RECIPE_OSR015
GF-REC-00880,serving,1.0,piece,,,SRC-INDB,INDB_RECIPE_OSR016
GF-REC-00881,serving,1.0,glass,,,SRC-INDB,INDB_RECIPE_OSR017
GF-REC-00882,serving,1.0,bowl,,,SRC-INDB,INDB_RECIPE_OSR018
GF-REC-00883,serving,1.0,piece,,,SRC-INDB,INDB_RECIPE_OSR019
GF-REC-00884,serving,1.0,piece,,,SRC-INDB,INDB_RECIPE_OSR020
GF-REC-00885,serving,1.0,ladoo,,ladoos,SRC-INDB,INDB_RECIPE_OSR021
GF-REC-00886,serving,1.0,slice,,slices,SRC-INDB,INDB_RECIPE_OSR022
GF-REC-00887,serving,1.0,bowl,,,SRC-INDB,INDB_RECIPE_OSR023
GF-REC-00888,serving,1.0,bowl,,,SRC-INDB,INDB_RECIPE_OSR024
GF-REC-00889,serving,1.0,bowl,,,SRC-INDB,INDB_RECIPE_OSR025
GF-REC-00890,serving,1.0,piece,,,SRC-INDB,INDB_RECIPE_OSR026
GF-REC-00891,serving,1.0,sandwich,,,SRC-INDB,INDB_RECIPE_OSR027
GF-REC-00892,serving,1.0,triangle,,,SRC-INDB,INDB_RECIPE_OSR028
GF-REC-00893,serving,1.0,sandwich,,,SRC-INDB,INDB_RECIPE_OSR029
GF-REC-00894,serving,1.0,triangle,,,SRC-INDB,INDB_RECIPE_OSR030
GF-REC-00895,serving,1.0,biscuit,,,SRC-INDB,INDB_RECIPE_OSR031
GF-REC-00896,serving,1.0,biscuit,,,SRC-INDB,INDB_RECIPE_OSR032
GF-REC-00897,serving,1.0,cookie,,,SRC-INDB,INDB_RECIPE_OSR033
GF-REC-00898,serving,1.0,biscuit,,,SRC-INDB,INDB_RECIPE_OSR034
GF-REC-00899,serving,1.0,cookie,,cookies,SRC-INDB,INDB_RECIPE_OSR035
GF-REC-00900,serving,1.0,cookie,,,SRC-INDB,INDB_RECIPE_OSR036
GF-REC-00901,serving,1.0,cookie,,,SRC-INDB,INDB_RECIPE_OSR037
GF-REC-00902,serving,1.0,cookie,,,SRC-INDB,INDB_RECIPE_OSR038
GF-REC-00903,serving,1.0,cookie,,,SRC-INDB,INDB_RECIPE_OSR039
GF-REC-00904,serving,1.0,cookie,,,SRC-INDB,INDB_RECIPE_OSR040
GF-REC-00905,serving,1.0,cookie,,,SRC-INDB,INDB_RECIPE_OSR041
GF-REC-00906,serving,1.0,cookie,,,SRC-INDB,INDB_RECIPE_OSR042
GF-REC-00907,serving,1.0,biscuit,,,SRC-INDB,INDB_RECIPE_OSR043
GF-REC-00908,serving,1.0,biscuit,,,SRC-INDB,INDB_RECIPE_OSR045
GF-REC-00909,serving,1.0,half-pints,,half-pints,SRC-INDB,INDB_RECIPE_OSR046
GF-REC-00910,serving,1.0,half-pints,,half-pints,SRC-INDB,INDB_RECIPE_OSR047
GF-REC-00911,serving,1.0,jar,,,SRC-INDB,INDB_RECIPE_OSR048
GF-REC-00912,serving,1.0,jar,,,SRC-INDB,INDB_RECIPE_OSR049
GF-REC-00913,serving,1.0,jar,,,SRC-INDB,INDB_RECIPE_OSR050
GF-REC-00914,serving,1.0,small bowl,,,SRC-INDB,INDB_RECIPE_OSR051
GF-REC-00915,serving,1.0,jar,,,SRC-INDB,INDB_RECIPE_OSR052
GF-REC-00916,serving,1.0,jar,,,SRC-INDB,INDB_RECIPE_OSR053
GF-REC-00917,serving,1.0,jar,,,SRC-INDB,INDB_RECIPE_OSR054
GF-REC-00918,serving,1.0,jar,,,SRC-INDB,INDB_RECIPE_OSR055
GF-REC-00919,serving,1.0,bowl,,,SRC-INDB,INDB_RECIPE_OSR056
GF-REC-00920,serving,1.0,jar,,,SRC-INDB,INDB_RECIPE_OSR057
GF-REC-00921,serving,1.0,jar,,,SRC-INDB,INDB_RECIPE_OSR058
GF-REC-00922,serving,1.0,jar,,,SRC-INDB,INDB_RECIPE_OSR059
GF-REC-00923,serving,1.0,bowl,,,SRC-INDB,INDB_RECIPE_OSR060
GF-REC-00924,serving,1.0,candy,,,SRC-INDB,INDB_RECIPE_OSR061
GF-REC-00925,serving,1.0,plate,,,SRC-INDB,INDB_RECIPE_OSR062
GF-REC-00926,serving,1.0,fillet,,,SRC-INDB,INDB_RECIPE_OSR063
GF-REC-00927,serving,1.0,kebab,,,SRC-INDB,INDB_RECIPE_OSR064
GF-REC-00928,serving,1.0,plate,,,SRC-INDB,INDB_RECIPE_OSR065
GF-REC-00929,serving,1.0,plate,,,SRC-INDB,INDB_RECIPE_OSR066
GF-REC-00930,serving,1.0,plate,,,SRC-INDB,INDB_RECIPE_OSR067
GF-REC-00931,serving,1.0,piece,,,SRC-INDB,INDB_RECIPE_OSR068
GF-REC-00932,serving,1.0,plate,,,SRC-INDB,INDB_RECIPE_OSR069
GF-REC-00933,serving,1.0,egg,,,SRC-INDB,INDB_RECIPE_OSR070
GF-REC-00934,serving,1.0,plate,,,SRC-INDB,INDB_RECIPE_OSR071
GF-REC-00935,serving,1.0,omelette,,,SRC-INDB,INDB_RECIPE_OSR072
GF-REC-00936,serving,1.0,chicken breast,,,SRC-INDB,INDB_RECIPE_OSR073
GF-REC-00937,serving,1.0,bowl,,,SRC-INDB,INDB_RECIPE_OSR074
GF-REC-00938,serving,1.0,bowl,,,SRC-INDB,INDB_RECIPE_OSR075
GF-REC-00939,serving,1.0,plate,,,SRC-INDB,INDB_RECIPE_OSR076
GF-REC-00940,serving,1.0,bowl,,,SRC-INDB,INDB_RECIPE_OSR077
GF-REC-00941,serving,1.0,cauliflower steak,,,SRC-INDB,INDB_RECIPE_OSR078
GF-REC-00942,serving,1.0,plate,,,SRC-INDB,INDB_RECIPE_OSR079
GF-REC-00943,serving,1.0,small bowl,,,SRC-INDB,INDB_RECIPE_OSR080
GF-REC-00944,serving,1.0,box,,box,SRC-INDB,INDB_RECIPE_OSR081
GF-REC-00945,serving,,,,,SRC-INDB,INDB_RECIPE_OSR082
GF-REC-00946,serving,0.5,cup,,cup,SRC-INDB,INDB_RECIPE_OSR083
GF-REC-00947,serving,1.0,small bowl,,,SRC-INDB,INDB_RECIPE_OSR085
GF-REC-00948,serving,1.0,bowl,,,SRC-INDB,INDB_RECIPE_OSR086
GF-REC-00949,serving,1.0,cup,,cups,SRC-INDB,INDB_RECIPE_OSR087
GF-REC-00950,serving,1.0,bowl,,,SRC-INDB,INDB_RECIPE_OSR088
GF-REC-00951,serving,1.0,bowl,,,SRC-INDB,INDB_RECIPE_OSR089
GF-REC-00952,serving,1.0,bowl,,,SRC-INDB,INDB_RECIPE_OSR090
GF-REC-00953,serving,1.0,bowl,,,SRC-INDB,INDB_RECIPE_OSR091
GF-REC-00954,serving,1.0,bowl,,,SRC-INDB,INDB_RECIPE_OSR092
GF-REC-00955,serving,1.0,souffle dish,1,,SRC-INDB,INDB_RECIPE_OSR093
GF-REC-00956,serving,1.0,souffle dish,1,,SRC-INDB,INDB_RECIPE_OSR094
GF-REC-00957,serving,1.0,souffle dish,,,SRC-INDB,INDB_RECIPE_OSR095
GF-REC-00958,serving,10.0,ml,,ml,SRC-INDB,INDB_RECIPE_OSR096
GF-REC-00959,serving,10.0,gm,,g,SRC-INDB,INDB_RECIPE_OSR097
GF-REC-00960,serving,1.0,glass jar,,,SRC-INDB,INDB_RECIPE_OSR098
GF-REC-00961,serving,1.0,bowl,,,SRC-INDB,INDB_RECIPE_OSR099
GF-REC-00962,serving,1.0,cheela,,,SRC-INDB,INDB_RECIPE_OSR100
GF-REC-00963,serving,1.0,plate,,,SRC-INDB,INDB_RECIPE_OSR101
GF-REC-00964,serving,1.0,khakhra,,,SRC-INDB,INDB_RECIPE_OSR102
GF-REC-00965,serving,1.0,pesarattu,,,SRC-INDB,INDB_RECIPE_OSR103
GF-REC-00966,serving,1.0,thepla,,,SRC-INDB,INDB_RECIPE_OSR104
GF-REC-00967,serving,1.0,puttu,,,SRC-INDB,INDB_RECIPE_OSR105
GF-REC-00968,serving,1.0,pancake,,,SRC-INDB,INDB_RECIPE_OSR106
GF-REC-00969,serving,1.0,bowl,,,SRC-INDB,INDB_RECIPE_OSR107
GF-REC-00970,serving,1.0,plate,,,SRC-INDB,INDB_RECIPE_OSR108
GF-REC-00971,serving,1.0,appam,,,SRC-INDB,INDB_RECIPE_OSR110
GF-REC-00972,serving,1.0,plate,,,SRC-INDB,INDB_RECIPE_OSR111
GF-REC-00973,serving,1.0,,,,SRC-INDB,INDB_RECIPE_OSR112
GF-REC-00974,serving,1.0,piece,,pieces,SRC-INDB,INDB_RECIPE_OSR113
GF-REC-00975,serving,1.0,plate,,,SRC-INDB,INDB_RECIPE_OSR114
GF-REC-00976,serving,1.0,plate,,,SRC-INDB,INDB_RECIPE_OSR115
GF-REC-00977,serving,1.0,plate,,,SRC-INDB,INDB_RECIPE_OSR116
GF-REC-00978,serving,1.0,mulik/fritter,,fritters,SRC-INDB,INDB_RECIPE_OSR118
GF-REC-00979,serving,1.0,bowl,,,SRC-INDB,INDB_RECIPE_OSR119
GF-REC-00980,serving,1.0,piece,,pieces,SRC-INDB,INDB_RECIPE_OSR120
GF-REC-00981,serving,1.0,slice,,,SRC-INDB,INDB_RECIPE_OSR121
GF-REC-00982,serving,1.0,slice,,slices,SRC-INDB,INDB_RECIPE_OSR122
GF-REC-00983,serving,1.0,square,,square,SRC-INDB,INDB_RECIPE_OSR123
GF-REC-00984,serving,1.0,slice,,,SRC-INDB,INDB_RECIPE_OSR124
GF-REC-00985,serving,1.0,slice,,,SRC-INDB,INDB_RECIPE_OSR125
GF-REC-00986,serving,1.0,slice,,slices,SRC-INDB,INDB_RECIPE_OSR126
GF-REC-00987,serving,1.0,cake,,cake,SRC-INDB,INDB_RECIPE_OSR127
GF-REC-00988,serving,1.0,bowl,,,SRC-INDB,INDB_RECIPE_OSR128
GF-REC-00989,serving,1.0,bowl,,,SRC-INDB,INDB_RECIPE_OSR129
GF-REC-00990,serving,1.0,bowl,,,SRC-INDB,INDB_RECIPE_OSR130
GF-REC-00991,serving,1.0,bowl,,,SRC-INDB,INDB_RECIPE_OSR131
GF-REC-00992,serving,1.0,bowl,,,SRC-INDB,INDB_RECIPE_OSR132
GF-REC-00993,serving,1.0,bowl,,,SRC-INDB,INDB_RECIPE_OSR133
GF-REC-00994,serving,1.0,bowl,,,SRC-INDB,INDB_RECIPE_OSR134
GF-REC-00995,serving,1.0,cup,,cups,SRC-INDB,INDB_RECIPE_OSR135
GF-REC-00996,serving,1.0,bowl,,,SRC-INDB,INDB_RECIPE_OSR136
GF-REC-00997,serving,1.0,bowl,,,SRC-INDB,INDB_RECIPE_OSR137
GF-REC-00998,serving,1.0,bowl,,bowl,SRC-INDB,INDB_RECIPE_OSR138
GF-REC-00999,serving,1.0,bowl,,,SRC-INDB,INDB_RECIPE_OSR139
GF-REC-01000,serving,1.0,bowl,,,SRC-INDB,INDB_RECIPE_OSR141
GF-REC-01001,serving,1.0,bowl,,,SRC-INDB,INDB_RECIPE_OSR142
GF-REC-01002,serving,1.0,bowl,,,SRC-INDB,INDB_RECIPE_OSR143
GF-REC-01003,serving,1.0,bowl,,,SRC-INDB,INDB_RECIPE_OSR144
GF-REC-01004,serving,1.0,bowl,,,SRC-INDB,INDB_RECIPE_OSR145
GF-REC-01005,serving,1.0,cake,,cake,SRC-INDB,INDB_RECIPE_OSR146
GF-REC-01006,serving,1.0,plate,,,SRC-INDB,INDB_RECIPE_OSR147
GF-REC-01007,serving,1.0,plate,,,SRC-INDB,INDB_RECIPE_OSR148
GF-REC-01008,serving,1.0,dosa,,dosas,SRC-INDB,INDB_RECIPE_OSR151
GF-REC-01009,serving,1.0,bread roll,,bread rolls,SRC-INDB,INDB_RECIPE_OSR152
GF-REC-01010,serving,1.0,kabab,,kababs,SRC-INDB,INDB_RECIPE_OSR153
GF-REC-01011,serving,1.0,bowl,,,SRC-INDB,INDB_RECIPE_OSR154
GF-REC-01012,serving,1.0,bowl,,,SRC-INDB,INDB_RECIPE_OSR155
GF-REC-01013,serving,1.0,soup bowl,,,SRC-INDB,INDB_RECIPE_OSR156
GF-ING-00001,100 g analytical basis,100.0,g,100,g,SRC-IFCT2017,A001
GF-ING-00002,100 g analytical basis,100.0,g,100,g,SRC-IFCT2017,A002
GF-ING-00003,100 g analytical basis,100.0,g,100,g,SRC-IFCT2017,A003
GF-ING-00004,100 g analytical basis,100.0,g,100,g,SRC-IFCT2017,A004
GF-ING-00005,100 g analytical basis,100.0,g,100,g,SRC-IFCT2017,A005
GF-ING-00006,100 g analytical basis,100.0,g,100,g,SRC-IFCT2017,A006
GF-ING-00007,100 g analytical basis,100.0,g,100,g,SRC-IFCT2017,A007
GF-ING-00008,100 g analytical basis,100.0,g,100,g,SRC-IFCT2017,A008
GF-ING-00009,100 g analytical basis,100.0,g,100,g,SRC-IFCT2017,A009
GF-ING-00010,100 g analytical basis,100.0,g,100,g,SRC-IFCT2017,A010
GF-ING-00011,100 g analytical basis,100.0,g,100,g,SRC-IFCT2017,A011
GF-ING-00012,100 g analytical basis,100.0,g,100,g,SRC-IFCT2017,A012
GF-ING-00013,100 g analytical basis,100.0,g,100,g,SRC-IFCT2017,A013
GF-ING-00014,100 g analytical basis,100.0,g,100,g,SRC-IFCT2017,A014
GF-ING-00015,100 g analytical basis,100.0,g,100,g,SRC-IFCT2017,A015
GF-ING-00016,100 g analytical basis,100.0,g,100,g,SRC-IFCT2017,A016
GF-ING-00017,100 g analytical basis,100.0,g,100,g,SRC-IFCT2017,A017
GF-ING-00018,100 g analytical basis,100.0,g,100,g,SRC-IFCT2017,A018
GF-ING-00019,100 g analytical basis,100.0,g,100,g,SRC-IFCT2017,A019
GF-ING-00020,100 g analytical basis,100.0,g,100,g,SRC-IFCT2017,A020
GF-ING-00021,100 g analytical basis,100.0,g,100,g,SRC-IFCT2017,A021
GF-ING-00022,100 g analytical basis,100.0,g,100,g,SRC-IFCT2017,A022
GF-ING-00023,100 g analytical basis,100.0,g,100,g,SRC-IFCT2017,A023
GF-ING-00024,100 g analytical basis,100.0,g,100,g,SRC-IFCT2017,A024
GF-ING-00025,100 g analytical basis,100.0,g,100,g,SRC-IFCT2017,B001
GF-ING-00026,100 g analytical basis,100.0,g,100,g,SRC-IFCT2017,B002
GF-ING-00027,100 g analytical basis,100.0,g,100,g,SRC-IFCT2017,B003
GF-ING-00028,100 g analytical basis,100.0,g,100,g,SRC-IFCT2017,B004
GF-ING-00029,100 g analytical basis,100.0,g,100,g,SRC-IFCT2017,B005
GF-ING-00030,100 g analytical basis,100.0,g,100,g,SRC-IFCT2017,B006
GF-ING-00031,100 g analytical basis,100.0,g,100,g,SRC-IFCT2017,B007
GF-ING-00032,100 g analytical basis,100.0,g,100,g,SRC-IFCT2017,B008
GF-ING-00033,100 g analytical basis,100.0,g,100,g,SRC-IFCT2017,B009
GF-ING-00034,100 g analytical basis,100.0,g,100,g,SRC-IFCT2017,B010
GF-ING-00035,100 g analytical basis,100.0,g,100,g,SRC-IFCT2017,B011
GF-ING-00036,100 g analytical basis,100.0,g,100,g,SRC-IFCT2017,B012
GF-ING-00037,100 g analytical basis,100.0,g,100,g,SRC-IFCT2017,B013
GF-ING-00038,100 g analytical basis,100.0,g,100,g,SRC-IFCT2017,B014
GF-ING-00039,100 g analytical basis,100.0,g,100,g,SRC-IFCT2017,B015
GF-ING-00040,100 g analytical basis,100.0,g,100,g,SRC-IFCT2017,B016
GF-ING-00041,100 g analytical basis,100.0,g,100,g,SRC-IFCT2017,B017
GF-ING-00042,100 g analytical basis,100.0,g,100,g,SRC-IFCT2017,B018
GF-ING-00043,100 g analytical basis,100.0,g,100,g,SRC-IFCT2017,B019
GF-ING-00044,100 g analytical basis,100.0,g,100,g,SRC-IFCT2017,B020
GF-ING-00045,100 g analytical basis,100.0,g,100,g,SRC-IFCT2017,B021
GF-ING-00046,100 g analytical basis,100.0,g,100,g,SRC-IFCT2017,B022
GF-ING-00047,100 g analytical basis,100.0,g,100,g,SRC-IFCT2017,B023
GF-ING-00048,100 g analytical basis,100.0,g,100,g,SRC-IFCT2017,B024
GF-ING-00049,100 g analytical basis,100.0,g,100,g,SRC-IFCT2017,B025
GF-ING-00050,100 g analytical basis,100.0,g,100,g,SRC-IFCT2017,C001
GF-ING-00051,100 g analytical basis,100.0,g,100,g,SRC-IFCT2017,C002
GF-ING-00052,100 g analytical basis,100.0,g,100,g,SRC-IFCT2017,C003
GF-ING-00053,100 g analytical basis,100.0,g,100,g,SRC-IFCT2017,C004
GF-ING-00054,100 g analytical basis,100.0,g,100,g,SRC-IFCT2017,C005
GF-ING-00055,100 g analytical basis,100.0,g,100,g,SRC-IFCT2017,C006
GF-ING-00056,100 g analytical basis,100.0,g,100,g,SRC-IFCT2017,C007
GF-ING-00057,100 g analytical basis,100.0,g,100,g,SRC-IFCT2017,C008
GF-ING-00058,100 g analytical basis,100.0,g,100,g,SRC-IFCT2017,C009
GF-ING-00059,100 g analytical basis,100.0,g,100,g,SRC-IFCT2017,C010
GF-ING-00060,100 g analytical basis,100.0,g,100,g,SRC-IFCT2017,C011
GF-ING-00061,100 g analytical basis,100.0,g,100,g,SRC-IFCT2017,C012
GF-ING-00062,100 g analytical basis,100.0,g,100,g,SRC-IFCT2017,C013
GF-ING-00063,100 g analytical basis,100.0,g,100,g,SRC-IFCT2017,C014
GF-ING-00064,100 g analytical basis,100.0,g,100,g,SRC-IFCT2017,C015
GF-ING-00065,100 g analytical basis,100.0,g,100,g,SRC-IFCT2017,C016
GF-ING-00066,100 g analytical basis,100.0,g,100,g,SRC-IFCT2017,C017
GF-ING-00067,100 g analytical basis,100.0,g,100,g,SRC-IFCT2017,C018
GF-ING-00068,100 g analytical basis,100.0,g,100,g,SRC-IFCT2017,C019
GF-ING-00069,100 g analytical basis,100.0,g,100,g,SRC-IFCT2017,C020
GF-ING-00070,100 g analytical basis,100.0,g,100,g,SRC-IFCT2017,C021
GF-ING-00071,100 g analytical basis,100.0,g,100,g,SRC-IFCT2017,C022
GF-ING-00072,100 g analytical basis,100.0,g,100,g,SRC-IFCT2017,C023
GF-ING-00073,100 g analytical basis,100.0,g,100,g,SRC-IFCT2017,C024
GF-ING-00074,100 g analytical basis,100.0,g,100,g,SRC-IFCT2017,C025
GF-ING-00075,100 g analytical basis,100.0,g,100,g,SRC-IFCT2017,C026
GF-ING-00076,100 g analytical basis,100.0,g,100,g,SRC-IFCT2017,C027
GF-ING-00077,100 g analytical basis,100.0,g,100,g,SRC-IFCT2017,C028
GF-ING-00078,100 g analytical basis,100.0,g,100,g,SRC-IFCT2017,C029
GF-ING-00079,100 g analytical basis,100.0,g,100,g,SRC-IFCT2017,C030
GF-ING-00080,100 g analytical basis,100.0,g,100,g,SRC-IFCT2017,C031
GF-ING-00081,100 g analytical basis,100.0,g,100,g,SRC-IFCT2017,C032
GF-ING-00082,100 g analytical basis,100.0,g,100,g,SRC-IFCT2017,C033
GF-ING-00083,100 g analytical basis,100.0,g,100,g,SRC-IFCT2017,C034
GF-ING-00084,100 g analytical basis,100.0,g,100,g,SRC-IFCT2017,D001
GF-ING-00085,100 g analytical basis,100.0,g,100,g,SRC-IFCT2017,D002
GF-ING-00086,100 g analytical basis,100.0,g,100,g,SRC-IFCT2017,D003
GF-ING-00087,100 g analytical basis,100.0,g,100,g,SRC-IFCT2017,D004
GF-ING-00088,100 g analytical basis,100.0,g,100,g,SRC-IFCT2017,D005
GF-ING-00089,100 g analytical basis,100.0,g,100,g,SRC-IFCT2017,D006
GF-ING-00090,100 g analytical basis,100.0,g,100,g,SRC-IFCT2017,D007
GF-ING-00091,100 g analytical basis,100.0,g,100,g,SRC-IFCT2017,D008
GF-ING-00092,100 g analytical basis,100.0,g,100,g,SRC-IFCT2017,D009
GF-ING-00093,100 g analytical basis,100.0,g,100,g,SRC-IFCT2017,D010
GF-ING-00094,100 g analytical basis,100.0,g,100,g,SRC-IFCT2017,D011
GF-ING-00095,100 g analytical basis,100.0,g,100,g,SRC-IFCT2017,D012
GF-ING-00096,100 g analytical basis,100.0,g,100,g,SRC-IFCT2017,D013
GF-ING-00097,100 g analytical basis,100.0,g,100,g,SRC-IFCT2017,D014
GF-ING-00098,100 g analytical basis,100.0,g,100,g,SRC-IFCT2017,D015
GF-ING-00099,100 g analytical basis,100.0,g,100,g,SRC-IFCT2017,D016
GF-ING-00100,100 g analytical basis,100.0,g,100,g,SRC-IFCT2017,D017
GF-ING-00101,100 g analytical basis,100.0,g,100,g,SRC-IFCT2017,D018
GF-ING-00102,100 g analytical basis,100.0,g,100,g,SRC-IFCT2017,D019
GF-ING-00103,100 g analytical basis,100.0,g,100,g,SRC-IFCT2017,D020
GF-ING-00104,100 g analytical basis,100.0,g,100,g,SRC-IFCT2017,D021
GF-ING-00105,100 g analytical basis,100.0,g,100,g,SRC-IFCT2017,D022
GF-ING-00106,100 g analytical basis,100.0,g,100,g,SRC-IFCT2017,D023
GF-ING-00107,100 g analytical basis,100.0,g,100,g,SRC-IFCT2017,D024
GF-ING-00108,100 g analytical basis,100.0,g,100,g,SRC-IFCT2017,D025
GF-ING-00109,100 g analytical basis,100.0,g,100,g,SRC-IFCT2017,D026
GF-ING-00110,100 g analytical basis,100.0,g,100,g,SRC-IFCT2017,D027
GF-ING-00111,100 g analytical basis,100.0,g,100,g,SRC-IFCT2017,D028
GF-ING-00112,100 g analytical basis,100.0,g,100,g,SRC-IFCT2017,D029
GF-ING-00113,100 g analytical basis,100.0,g,100,g,SRC-IFCT2017,D030
GF-ING-00114,100 g analytical basis,100.0,g,100,g,SRC-IFCT2017,D031
GF-ING-00115,100 g analytical basis,100.0,g,100,g,SRC-IFCT2017,D032
GF-ING-00116,100 g analytical basis,100.0,g,100,g,SRC-IFCT2017,D033
GF-ING-00117,100 g analytical basis,100.0,g,100,g,SRC-IFCT2017,D034
GF-ING-00118,100 g analytical basis,100.0,g,100,g,SRC-IFCT2017,D035
GF-ING-00119,100 g analytical basis,100.0,g,100,g,SRC-IFCT2017,D036
GF-ING-00120,100 g analytical basis,100.0,g,100,g,SRC-IFCT2017,D037
GF-ING-00121,100 g analytical basis,100.0,g,100,g,SRC-IFCT2017,D038
GF-ING-00122,100 g analytical basis,100.0,g,100,g,SRC-IFCT2017,D039
GF-ING-00123,100 g analytical basis,100.0,g,100,g,SRC-IFCT2017,D040
GF-ING-00124,100 g analytical basis,100.0,g,100,g,SRC-IFCT2017,D041
GF-ING-00125,100 g analytical basis,100.0,g,100,g,SRC-IFCT2017,D042
GF-ING-00126,100 g analytical basis,100.0,g,100,g,SRC-IFCT2017,D043
GF-ING-00127,100 g analytical basis,100.0,g,100,g,SRC-IFCT2017,D044
GF-ING-00128,100 g analytical basis,100.0,g,100,g,SRC-IFCT2017,D045
GF-ING-00129,100 g analytical basis,100.0,g,100,g,SRC-IFCT2017,D046
GF-ING-00130,100 g analytical basis,100.0,g,100,g,SRC-IFCT2017,D047
GF-ING-00131,100 g analytical basis,100.0,g,100,g,SRC-IFCT2017,D048
GF-ING-00132,100 g analytical basis,100.0,g,100,g,SRC-IFCT2017,D049
GF-ING-00133,100 g analytical basis,100.0,g,100,g,SRC-IFCT2017,D050
GF-ING-00134,100 g analytical basis,100.0,g,100,g,SRC-IFCT2017,D051
GF-ING-00135,100 g analytical basis,100.0,g,100,g,SRC-IFCT2017,D052
GF-ING-00136,100 g analytical basis,100.0,g,100,g,SRC-IFCT2017,D053
GF-ING-00137,100 g analytical basis,100.0,g,100,g,SRC-IFCT2017,D054
GF-ING-00138,100 g analytical basis,100.0,g,100,g,SRC-IFCT2017,D055
GF-ING-00139,100 g analytical basis,100.0,g,100,g,SRC-IFCT2017,D056
GF-ING-00140,100 g analytical basis,100.0,g,100,g,SRC-IFCT2017,D057
GF-ING-00141,100 g analytical basis,100.0,g,100,g,SRC-IFCT2017,D058
GF-ING-00142,100 g analytical basis,100.0,g,100,g,SRC-IFCT2017,D059
GF-ING-00143,100 g analytical basis,100.0,g,100,g,SRC-IFCT2017,D060
GF-ING-00144,100 g analytical basis,100.0,g,100,g,SRC-IFCT2017,D061
GF-ING-00145,100 g analytical basis,100.0,g,100,g,SRC-IFCT2017,D062
GF-ING-00146,100 g analytical basis,100.0,g,100,g,SRC-IFCT2017,D063
GF-ING-00147,100 g analytical basis,100.0,g,100,g,SRC-IFCT2017,D064
GF-ING-00148,100 g analytical basis,100.0,g,100,g,SRC-IFCT2017,D065
GF-ING-00149,100 g analytical basis,100.0,g,100,g,SRC-IFCT2017,D066
GF-ING-00150,100 g analytical basis,100.0,g,100,g,SRC-IFCT2017,D067
GF-ING-00151,100 g analytical basis,100.0,g,100,g,SRC-IFCT2017,D068
GF-ING-00152,100 g analytical basis,100.0,g,100,g,SRC-IFCT2017,D069
GF-ING-00153,100 g analytical basis,100.0,g,100,g,SRC-IFCT2017,D070
GF-ING-00154,100 g analytical basis,100.0,g,100,g,SRC-IFCT2017,D071
GF-ING-00155,100 g analytical basis,100.0,g,100,g,SRC-IFCT2017,D072
GF-ING-00156,100 g analytical basis,100.0,g,100,g,SRC-IFCT2017,D073
GF-ING-00157,100 g analytical basis,100.0,g,100,g,SRC-IFCT2017,D074
GF-ING-00158,100 g analytical basis,100.0,g,100,g,SRC-IFCT2017,D075
GF-ING-00159,100 g analytical basis,100.0,g,100,g,SRC-IFCT2017,D076
GF-ING-00160,100 g analytical basis,100.0,g,100,g,SRC-IFCT2017,D077
GF-ING-00161,100 g analytical basis,100.0,g,100,g,SRC-IFCT2017,D078
GF-ING-00162,100 g analytical basis,100.0,g,100,g,SRC-IFCT2017,E001
GF-ING-00163,100 g analytical basis,100.0,g,100,g,SRC-IFCT2017,E002
GF-ING-00164,100 g analytical basis,100.0,g,100,g,SRC-IFCT2017,E003
GF-ING-00165,100 g analytical basis,100.0,g,100,g,SRC-IFCT2017,E004
GF-ING-00166,100 g analytical basis,100.0,g,100,g,SRC-IFCT2017,E005
GF-ING-00167,100 g analytical basis,100.0,g,100,g,SRC-IFCT2017,E006
GF-ING-00168,100 g analytical basis,100.0,g,100,g,SRC-IFCT2017,E007
GF-ING-00169,100 g analytical basis,100.0,g,100,g,SRC-IFCT2017,E008
GF-ING-00170,100 g analytical basis,100.0,g,100,g,SRC-IFCT2017,E009
GF-ING-00171,100 g analytical basis,100.0,g,100,g,SRC-IFCT2017,E010
GF-ING-00172,100 g analytical basis,100.0,g,100,g,SRC-IFCT2017,E011
GF-ING-00173,100 g analytical basis,100.0,g,100,g,SRC-IFCT2017,E012
GF-ING-00174,100 g analytical basis,100.0,g,100,g,SRC-IFCT2017,E013
GF-ING-00175,100 g analytical basis,100.0,g,100,g,SRC-IFCT2017,E014
GF-ING-00176,100 g analytical basis,100.0,g,100,g,SRC-IFCT2017,E015
GF-ING-00177,100 g analytical basis,100.0,g,100,g,SRC-IFCT2017,E016
GF-ING-00178,100 g analytical basis,100.0,g,100,g,SRC-IFCT2017,E017
GF-ING-00179,100 g analytical basis,100.0,g,100,g,SRC-IFCT2017,E018
GF-ING-00180,100 g analytical basis,100.0,g,100,g,SRC-IFCT2017,E019
GF-ING-00181,100 g analytical basis,100.0,g,100,g,SRC-IFCT2017,E020
GF-ING-00182,100 g analytical basis,100.0,g,100,g,SRC-IFCT2017,E021
GF-ING-00183,100 g analytical basis,100.0,g,100,g,SRC-IFCT2017,E022
GF-ING-00184,100 g analytical basis,100.0,g,100,g,SRC-IFCT2017,E023
GF-ING-00185,100 g analytical basis,100.0,g,100,g,SRC-IFCT2017,E024
GF-ING-00186,100 g analytical basis,100.0,g,100,g,SRC-IFCT2017,E025
GF-ING-00187,100 g analytical basis,100.0,g,100,g,SRC-IFCT2017,E026
GF-ING-00188,100 g analytical basis,100.0,g,100,g,SRC-IFCT2017,E027
GF-ING-00189,100 g analytical basis,100.0,g,100,g,SRC-IFCT2017,E028
GF-ING-00190,100 g analytical basis,100.0,g,100,g,SRC-IFCT2017,E029
GF-ING-00191,100 g analytical basis,100.0,g,100,g,SRC-IFCT2017,E030
GF-ING-00192,100 g analytical basis,100.0,g,100,g,SRC-IFCT2017,E031
GF-ING-00193,100 g analytical basis,100.0,g,100,g,SRC-IFCT2017,E032
GF-ING-00194,100 g analytical basis,100.0,g,100,g,SRC-IFCT2017,E033
GF-ING-00195,100 g analytical basis,100.0,g,100,g,SRC-IFCT2017,E034
GF-ING-00196,100 g analytical basis,100.0,g,100,g,SRC-IFCT2017,E035
GF-ING-00197,100 g analytical basis,100.0,g,100,g,SRC-IFCT2017,E036
GF-ING-00198,100 g analytical basis,100.0,g,100,g,SRC-IFCT2017,E037
GF-ING-00199,100 g analytical basis,100.0,g,100,g,SRC-IFCT2017,E038
GF-ING-00200,100 g analytical basis,100.0,g,100,g,SRC-IFCT2017,E039
GF-ING-00201,100 g analytical basis,100.0,g,100,g,SRC-IFCT2017,E040
GF-ING-00202,100 g analytical basis,100.0,g,100,g,SRC-IFCT2017,E041
GF-ING-00203,100 g analytical basis,100.0,g,100,g,SRC-IFCT2017,E042
GF-ING-00204,100 g analytical basis,100.0,g,100,g,SRC-IFCT2017,E043
GF-ING-00205,100 g analytical basis,100.0,g,100,g,SRC-IFCT2017,E044
GF-ING-00206,100 g analytical basis,100.0,g,100,g,SRC-IFCT2017,E045
GF-ING-00207,100 g analytical basis,100.0,g,100,g,SRC-IFCT2017,E046
GF-ING-00208,100 g analytical basis,100.0,g,100,g,SRC-IFCT2017,E047
GF-ING-00209,100 g analytical basis,100.0,g,100,g,SRC-IFCT2017,E048
GF-ING-00210,100 g analytical basis,100.0,g,100,g,SRC-IFCT2017,E049
GF-ING-00211,100 g analytical basis,100.0,g,100,g,SRC-IFCT2017,E050
GF-ING-00212,100 g analytical basis,100.0,g,100,g,SRC-IFCT2017,E051
GF-ING-00213,100 g analytical basis,100.0,g,100,g,SRC-IFCT2017,E052
GF-ING-00214,100 g analytical basis,100.0,g,100,g,SRC-IFCT2017,E053
GF-ING-00215,100 g analytical basis,100.0,g,100,g,SRC-IFCT2017,E054
GF-ING-00216,100 g analytical basis,100.0,g,100,g,SRC-IFCT2017,E055
GF-ING-00217,100 g analytical basis,100.0,g,100,g,SRC-IFCT2017,E056
GF-ING-00218,100 g analytical basis,100.0,g,100,g,SRC-IFCT2017,E057
GF-ING-00219,100 g analytical basis,100.0,g,100,g,SRC-IFCT2017,E058
GF-ING-00220,100 g analytical basis,100.0,g,100,g,SRC-IFCT2017,E059
GF-ING-00221,100 g analytical basis,100.0,g,100,g,SRC-IFCT2017,E060
GF-ING-00222,100 g analytical basis,100.0,g,100,g,SRC-IFCT2017,E061
GF-ING-00223,100 g analytical basis,100.0,g,100,g,SRC-IFCT2017,E062
GF-ING-00224,100 g analytical basis,100.0,g,100,g,SRC-IFCT2017,E063
GF-ING-00225,100 g analytical basis,100.0,g,100,g,SRC-IFCT2017,E064
GF-ING-00226,100 g analytical basis,100.0,g,100,g,SRC-IFCT2017,E065
GF-ING-00227,100 g analytical basis,100.0,g,100,g,SRC-IFCT2017,E066
GF-ING-00228,100 g analytical basis,100.0,g,100,g,SRC-IFCT2017,E067
GF-ING-00229,100 g analytical basis,100.0,g,100,g,SRC-IFCT2017,E068
GF-ING-00230,100 g analytical basis,100.0,g,100,g,SRC-IFCT2017,F001
GF-ING-00231,100 g analytical basis,100.0,g,100,g,SRC-IFCT2017,F002
GF-ING-00232,100 g analytical basis,100.0,g,100,g,SRC-IFCT2017,F003
GF-ING-00233,100 g analytical basis,100.0,g,100,g,SRC-IFCT2017,F004
GF-ING-00234,100 g analytical basis,100.0,g,100,g,SRC-IFCT2017,F005
GF-ING-00235,100 g analytical basis,100.0,g,100,g,SRC-IFCT2017,F006
GF-ING-00236,100 g analytical basis,100.0,g,100,g,SRC-IFCT2017,F007
GF-ING-00237,100 g analytical basis,100.0,g,100,g,SRC-IFCT2017,F008
GF-ING-00238,100 g analytical basis,100.0,g,100,g,SRC-IFCT2017,F009
GF-ING-00239,100 g analytical basis,100.0,g,100,g,SRC-IFCT2017,F010
GF-ING-00240,100 g analytical basis,100.0,g,100,g,SRC-IFCT2017,F011
GF-ING-00241,100 g analytical basis,100.0,g,100,g,SRC-IFCT2017,F012
GF-ING-00242,100 g analytical basis,100.0,g,100,g,SRC-IFCT2017,F013
GF-ING-00243,100 g analytical basis,100.0,g,100,g,SRC-IFCT2017,F014
GF-ING-00244,100 g analytical basis,100.0,g,100,g,SRC-IFCT2017,F015
GF-ING-00245,100 g analytical basis,100.0,g,100,g,SRC-IFCT2017,F016
GF-ING-00246,100 g analytical basis,100.0,g,100,g,SRC-IFCT2017,F017
GF-ING-00247,100 g analytical basis,100.0,g,100,g,SRC-IFCT2017,F018
GF-ING-00248,100 g analytical basis,100.0,g,100,g,SRC-IFCT2017,F019
GF-ING-00249,100 g analytical basis,100.0,g,100,g,SRC-IFCT2017,G001
GF-ING-00250,100 g analytical basis,100.0,g,100,g,SRC-IFCT2017,G002
GF-ING-00251,100 g analytical basis,100.0,g,100,g,SRC-IFCT2017,G003
GF-ING-00252,100 g analytical basis,100.0,g,100,g,SRC-IFCT2017,G004
GF-ING-00253,100 g analytical basis,100.0,g,100,g,SRC-IFCT2017,G005
GF-ING-00254,100 g analytical basis,100.0,g,100,g,SRC-IFCT2017,G006
GF-ING-00255,100 g analytical basis,100.0,g,100,g,SRC-IFCT2017,G007
GF-ING-00256,100 g analytical basis,100.0,g,100,g,SRC-IFCT2017,G008
GF-ING-00257,100 g analytical basis,100.0,g,100,g,SRC-IFCT2017,G009
GF-ING-00258,100 g analytical basis,100.0,g,100,g,SRC-IFCT2017,G010
GF-ING-00259,100 g analytical basis,100.0,g,100,g,SRC-IFCT2017,G011
GF-ING-00260,100 g analytical basis,100.0,g,100,g,SRC-IFCT2017,G012
GF-ING-00261,100 g analytical basis,100.0,g,100,g,SRC-IFCT2017,G013
GF-ING-00262,100 g analytical basis,100.0,g,100,g,SRC-IFCT2017,G014
GF-ING-00263,100 g analytical basis,100.0,g,100,g,SRC-IFCT2017,G015
GF-ING-00264,100 g analytical basis,100.0,g,100,g,SRC-IFCT2017,G016
GF-ING-00265,100 g analytical basis,100.0,g,100,g,SRC-IFCT2017,G017
GF-ING-00266,100 g analytical basis,100.0,g,100,g,SRC-IFCT2017,G018
GF-ING-00267,100 g analytical basis,100.0,g,100,g,SRC-IFCT2017,G019
GF-ING-00268,100 g analytical basis,100.0,g,100,g,SRC-IFCT2017,G020
GF-ING-00269,100 g analytical basis,100.0,g,100,g,SRC-IFCT2017,G021
GF-ING-00270,100 g analytical basis,100.0,g,100,g,SRC-IFCT2017,G022
GF-ING-00271,100 g analytical basis,100.0,g,100,g,SRC-IFCT2017,G023
GF-ING-00272,100 g analytical basis,100.0,g,100,g,SRC-IFCT2017,G024
GF-ING-00273,100 g analytical basis,100.0,g,100,g,SRC-IFCT2017,G025
GF-ING-00274,100 g analytical basis,100.0,g,100,g,SRC-IFCT2017,G026
GF-ING-00275,100 g analytical basis,100.0,g,100,g,SRC-IFCT2017,G027
GF-ING-00276,100 g analytical basis,100.0,g,100,g,SRC-IFCT2017,G028
GF-ING-00277,100 g analytical basis,100.0,g,100,g,SRC-IFCT2017,G029
GF-ING-00278,100 g analytical basis,100.0,g,100,g,SRC-IFCT2017,G030
GF-ING-00279,100 g analytical basis,100.0,g,100,g,SRC-IFCT2017,G031
GF-ING-00280,100 g analytical basis,100.0,g,100,g,SRC-IFCT2017,G032
GF-ING-00281,100 g analytical basis,100.0,g,100,g,SRC-IFCT2017,G033
GF-ING-00282,100 g analytical basis,100.0,g,100,g,SRC-IFCT2017,H001
GF-ING-00283,100 g analytical basis,100.0,g,100,g,SRC-IFCT2017,H002
GF-ING-00284,100 g analytical basis,100.0,g,100,g,SRC-IFCT2017,H003
GF-ING-00285,100 g analytical basis,100.0,g,100,g,SRC-IFCT2017,H004
GF-ING-00286,100 g analytical basis,100.0,g,100,g,SRC-IFCT2017,H005
GF-ING-00287,100 g analytical basis,100.0,g,100,g,SRC-IFCT2017,H006
GF-ING-00288,100 g analytical basis,100.0,g,100,g,SRC-IFCT2017,H007
GF-ING-00289,100 g analytical basis,100.0,g,100,g,SRC-IFCT2017,H008
GF-ING-00290,100 g analytical basis,100.0,g,100,g,SRC-IFCT2017,H009
GF-ING-00291,100 g analytical basis,100.0,g,100,g,SRC-IFCT2017,H010
GF-ING-00292,100 g analytical basis,100.0,g,100,g,SRC-IFCT2017,H011
GF-ING-00293,100 g analytical basis,100.0,g,100,g,SRC-IFCT2017,H012
GF-ING-00294,100 g analytical basis,100.0,g,100,g,SRC-IFCT2017,H013
GF-ING-00295,100 g analytical basis,100.0,g,100,g,SRC-IFCT2017,H014
GF-ING-00296,100 g analytical basis,100.0,g,100,g,SRC-IFCT2017,H015
GF-ING-00297,100 g analytical basis,100.0,g,100,g,SRC-IFCT2017,H016
GF-ING-00298,100 g analytical basis,100.0,g,100,g,SRC-IFCT2017,H017
GF-ING-00299,100 g analytical basis,100.0,g,100,g,SRC-IFCT2017,H018
GF-ING-00300,100 g analytical basis,100.0,g,100,g,SRC-IFCT2017,H019
GF-ING-00301,100 g analytical basis,100.0,g,100,g,SRC-IFCT2017,H020
GF-ING-00302,100 g analytical basis,100.0,g,100,g,SRC-IFCT2017,H021
GF-ING-00303,100 g analytical basis,100.0,g,100,g,SRC-IFCT2017,I001
GF-ING-00304,100 g analytical basis,100.0,g,100,g,SRC-IFCT2017,I002
GF-ING-00305,100 g analytical basis,100.0,g,100,g,SRC-IFCT2017,J001
GF-ING-00306,100 g analytical basis,100.0,g,100,g,SRC-IFCT2017,J002
GF-ING-00307,100 g analytical basis,100.0,g,100,g,SRC-IFCT2017,J003
GF-ING-00308,100 g analytical basis,100.0,g,100,g,SRC-IFCT2017,J004
GF-ING-00309,100 g analytical basis,100.0,g,100,g,SRC-IFCT2017,K001
GF-ING-00310,100 g analytical basis,100.0,g,100,g,SRC-IFCT2017,K002
GF-ING-00311,100 g analytical basis,100.0,g,100,g,SRC-IFCT2017,L001
GF-ING-00312,100 g analytical basis,100.0,g,100,g,SRC-IFCT2017,L002
GF-ING-00313,100 g analytical basis,100.0,g,100,g,SRC-IFCT2017,L003
GF-ING-00314,100 g analytical basis,100.0,g,100,g,SRC-IFCT2017,L004
GF-ING-00315,100 g analytical basis,100.0,g,100,g,SRC-IFCT2017,M001
GF-ING-00316,100 g analytical basis,100.0,g,100,g,SRC-IFCT2017,M002
GF-ING-00317,100 g analytical basis,100.0,g,100,g,SRC-IFCT2017,M003
GF-ING-00318,100 g analytical basis,100.0,g,100,g,SRC-IFCT2017,M004
GF-ING-00319,100 g analytical basis,100.0,g,100,g,SRC-IFCT2017,M005
GF-ING-00320,100 g analytical basis,100.0,g,100,g,SRC-IFCT2017,M006
GF-ING-00321,100 g analytical basis,100.0,g,100,g,SRC-IFCT2017,M007
GF-ING-00322,100 g analytical basis,100.0,g,100,g,SRC-IFCT2017,M008
GF-ING-00323,100 g analytical basis,100.0,g,100,g,SRC-IFCT2017,M009
GF-ING-00324,100 g analytical basis,100.0,g,100,g,SRC-IFCT2017,M010
GF-ING-00325,100 g analytical basis,100.0,g,100,g,SRC-IFCT2017,M011
GF-ING-00326,100 g analytical basis,100.0,g,100,g,SRC-IFCT2017,M012
GF-ING-00327,100 g analytical basis,100.0,g,100,g,SRC-IFCT2017,M013
GF-ING-00328,100 g analytical basis,100.0,g,100,g,SRC-IFCT2017,M014
GF-ING-00329,100 g analytical basis,100.0,g,100,g,SRC-IFCT2017,M015
GF-ING-00330,100 g analytical basis,100.0,g,100,g,SRC-IFCT2017,N001
GF-ING-00331,100 g analytical basis,100.0,g,100,g,SRC-IFCT2017,N002
GF-ING-00332,100 g analytical basis,100.0,g,100,g,SRC-IFCT2017,N003
GF-ING-00333,100 g analytical basis,100.0,g,100,g,SRC-IFCT2017,N004
GF-ING-00334,100 g analytical basis,100.0,g,100,g,SRC-IFCT2017,N005
GF-ING-00335,100 g analytical basis,100.0,g,100,g,SRC-IFCT2017,N006
GF-ING-00336,100 g analytical basis,100.0,g,100,g,SRC-IFCT2017,N007
GF-ING-00337,100 g analytical basis,100.0,g,100,g,SRC-IFCT2017,N008
GF-ING-00338,100 g analytical basis,100.0,g,100,g,SRC-IFCT2017,N009
GF-ING-00339,100 g analytical basis,100.0,g,100,g,SRC-IFCT2017,N010
GF-ING-00340,100 g analytical basis,100.0,g,100,g,SRC-IFCT2017,N011
GF-ING-00341,100 g analytical basis,100.0,g,100,g,SRC-IFCT2017,N012
GF-ING-00342,100 g analytical basis,100.0,g,100,g,SRC-IFCT2017,N013
GF-ING-00343,100 g analytical basis,100.0,g,100,g,SRC-IFCT2017,N014
GF-ING-00344,100 g analytical basis,100.0,g,100,g,SRC-IFCT2017,N015
GF-ING-00345,100 g analytical basis,100.0,g,100,g,SRC-IFCT2017,N016
GF-ING-00346,100 g analytical basis,100.0,g,100,g,SRC-IFCT2017,N017
GF-ING-00347,100 g analytical basis,100.0,g,100,g,SRC-IFCT2017,N018
GF-ING-00348,100 g analytical basis,100.0,g,100,g,SRC-IFCT2017,N019
GF-ING-00349,100 g analytical basis,100.0,g,100,g,SRC-IFCT2017,O001
GF-ING-00350,100 g analytical basis,100.0,g,100,g,SRC-IFCT2017,O002
GF-ING-00351,100 g analytical basis,100.0,g,100,g,SRC-IFCT2017,O003
GF-ING-00352,100 g analytical basis,100.0,g,100,g,SRC-IFCT2017,O004
GF-ING-00353,100 g analytical basis,100.0,g,100,g,SRC-IFCT2017,O005
GF-ING-00354,100 g analytical basis,100.0,g,100,g,SRC-IFCT2017,O006
GF-ING-00355,100 g analytical basis,100.0,g,100,g,SRC-IFCT2017,O007
GF-ING-00356,100 g analytical basis,100.0,g,100,g,SRC-IFCT2017,O008
GF-ING-00357,100 g analytical basis,100.0,g,100,g,SRC-IFCT2017,O009
GF-ING-00358,100 g analytical basis,100.0,g,100,g,SRC-IFCT2017,O010
GF-ING-00359,100 g analytical basis,100.0,g,100,g,SRC-IFCT2017,O011
GF-ING-00360,100 g analytical basis,100.0,g,100,g,SRC-IFCT2017,O012
GF-ING-00361,100 g analytical basis,100.0,g,100,g,SRC-IFCT2017,O013
GF-ING-00362,100 g analytical basis,100.0,g,100,g,SRC-IFCT2017,O014
GF-ING-00363,100 g analytical basis,100.0,g,100,g,SRC-IFCT2017,O015
GF-ING-00364,100 g analytical basis,100.0,g,100,g,SRC-IFCT2017,O016
GF-ING-00365,100 g analytical basis,100.0,g,100,g,SRC-IFCT2017,O017
GF-ING-00366,100 g analytical basis,100.0,g,100,g,SRC-IFCT2017,O018
GF-ING-00367,100 g analytical basis,100.0,g,100,g,SRC-IFCT2017,O019
GF-ING-00368,100 g analytical basis,100.0,g,100,g,SRC-IFCT2017,O020
GF-ING-00369,100 g analytical basis,100.0,g,100,g,SRC-IFCT2017,O021
GF-ING-00370,100 g analytical basis,100.0,g,100,g,SRC-IFCT2017,O022
GF-ING-00371,100 g analytical basis,100.0,g,100,g,SRC-IFCT2017,O023
GF-ING-00372,100 g analytical basis,100.0,g,100,g,SRC-IFCT2017,O024
GF-ING-00373,100 g analytical basis,100.0,g,100,g,SRC-IFCT2017,O025
GF-ING-00374,100 g analytical basis,100.0,g,100,g,SRC-IFCT2017,O026
GF-ING-00375,100 g analytical basis,100.0,g,100,g,SRC-IFCT2017,O027
GF-ING-00376,100 g analytical basis,100.0,g,100,g,SRC-IFCT2017,O028
GF-ING-00377,100 g analytical basis,100.0,g,100,g,SRC-IFCT2017,O029
GF-ING-00378,100 g analytical basis,100.0,g,100,g,SRC-IFCT2017,O030
GF-ING-00379,100 g analytical basis,100.0,g,100,g,SRC-IFCT2017,O031
GF-ING-00380,100 g analytical basis,100.0,g,100,g,SRC-IFCT2017,O032
GF-ING-00381,100 g analytical basis,100.0,g,100,g,SRC-IFCT2017,O033
GF-ING-00382,100 g analytical basis,100.0,g,100,g,SRC-IFCT2017,O034
GF-ING-00383,100 g analytical basis,100.0,g,100,g,SRC-IFCT2017,O035
GF-ING-00384,100 g analytical basis,100.0,g,100,g,SRC-IFCT2017,O036
GF-ING-00385,100 g analytical basis,100.0,g,100,g,SRC-IFCT2017,O037
GF-ING-00386,100 g analytical basis,100.0,g,100,g,SRC-IFCT2017,O038
GF-ING-00387,100 g analytical basis,100.0,g,100,g,SRC-IFCT2017,O039
GF-ING-00388,100 g analytical basis,100.0,g,100,g,SRC-IFCT2017,O040
GF-ING-00389,100 g analytical basis,100.0,g,100,g,SRC-IFCT2017,O041
GF-ING-00390,100 g analytical basis,100.0,g,100,g,SRC-IFCT2017,O042
GF-ING-00391,100 g analytical basis,100.0,g,100,g,SRC-IFCT2017,O043
GF-ING-00392,100 g analytical basis,100.0,g,100,g,SRC-IFCT2017,O044
GF-ING-00393,100 g analytical basis,100.0,g,100,g,SRC-IFCT2017,O045
GF-ING-00394,100 g analytical basis,100.0,g,100,g,SRC-IFCT2017,O046
GF-ING-00395,100 g analytical basis,100.0,g,100,g,SRC-IFCT2017,O047
GF-ING-00396,100 g analytical basis,100.0,g,100,g,SRC-IFCT2017,O048
GF-ING-00397,100 g analytical basis,100.0,g,100,g,SRC-IFCT2017,O049
GF-ING-00398,100 g analytical basis,100.0,g,100,g,SRC-IFCT2017,O050
GF-ING-00399,100 g analytical basis,100.0,g,100,g,SRC-IFCT2017,O051
GF-ING-00400,100 g analytical basis,100.0,g,100,g,SRC-IFCT2017,O052
GF-ING-00401,100 g analytical basis,100.0,g,100,g,SRC-IFCT2017,O053
GF-ING-00402,100 g analytical basis,100.0,g,100,g,SRC-IFCT2017,O054
GF-ING-00403,100 g analytical basis,100.0,g,100,g,SRC-IFCT2017,O055
GF-ING-00404,100 g analytical basis,100.0,g,100,g,SRC-IFCT2017,O056
GF-ING-00405,100 g analytical basis,100.0,g,100,g,SRC-IFCT2017,O057
GF-ING-00406,100 g analytical basis,100.0,g,100,g,SRC-IFCT2017,O058
GF-ING-00407,100 g analytical basis,100.0,g,100,g,SRC-IFCT2017,O059
GF-ING-00408,100 g analytical basis,100.0,g,100,g,SRC-IFCT2017,O060
GF-ING-00409,100 g analytical basis,100.0,g,100,g,SRC-IFCT2017,O061
GF-ING-00410,100 g analytical basis,100.0,g,100,g,SRC-IFCT2017,O062
GF-ING-00411,100 g analytical basis,100.0,g,100,g,SRC-IFCT2017,O063
GF-ING-00412,100 g analytical basis,100.0,g,100,g,SRC-IFCT2017,P001
GF-ING-00413,100 g analytical basis,100.0,g,100,g,SRC-IFCT2017,P002
GF-ING-00414,100 g analytical basis,100.0,g,100,g,SRC-IFCT2017,P003
GF-ING-00415,100 g analytical basis,100.0,g,100,g,SRC-IFCT2017,P004
GF-ING-00416,100 g analytical basis,100.0,g,100,g,SRC-IFCT2017,P005
GF-ING-00417,100 g analytical basis,100.0,g,100,g,SRC-IFCT2017,P006
GF-ING-00418,100 g analytical basis,100.0,g,100,g,SRC-IFCT2017,P007
GF-ING-00419,100 g analytical basis,100.0,g,100,g,SRC-IFCT2017,P008
GF-ING-00420,100 g analytical basis,100.0,g,100,g,SRC-IFCT2017,P009
GF-ING-00421,100 g analytical basis,100.0,g,100,g,SRC-IFCT2017,P010
GF-ING-00422,100 g analytical basis,100.0,g,100,g,SRC-IFCT2017,P011
GF-ING-00423,100 g analytical basis,100.0,g,100,g,SRC-IFCT2017,P012
GF-ING-00424,100 g analytical basis,100.0,g,100,g,SRC-IFCT2017,P013
GF-ING-00425,100 g analytical basis,100.0,g,100,g,SRC-IFCT2017,P014
GF-ING-00426,100 g analytical basis,100.0,g,100,g,SRC-IFCT2017,P015
GF-ING-00427,100 g analytical basis,100.0,g,100,g,SRC-IFCT2017,P016
GF-ING-00428,100 g analytical basis,100.0,g,100,g,SRC-IFCT2017,P017
GF-ING-00429,100 g analytical basis,100.0,g,100,g,SRC-IFCT2017,P018
GF-ING-00430,100 g analytical basis,100.0,g,100,g,SRC-IFCT2017,P019
GF-ING-00431,100 g analytical basis,100.0,g,100,g,SRC-IFCT2017,P020
GF-ING-00432,100 g analytical basis,100.0,g,100,g,SRC-IFCT2017,P021
GF-ING-00433,100 g analytical basis,100.0,g,100,g,SRC-IFCT2017,P022
GF-ING-00434,100 g analytical basis,100.0,g,100,g,SRC-IFCT2017,P023
GF-ING-00435,100 g analytical basis,100.0,g,100,g,SRC-IFCT2017,P024
GF-ING-00436,100 g analytical basis,100.0,g,100,g,SRC-IFCT2017,P025
GF-ING-00437,100 g analytical basis,100.0,g,100,g,SRC-IFCT2017,P026
GF-ING-00438,100 g analytical basis,100.0,g,100,g,SRC-IFCT2017,P027
GF-ING-00439,100 g analytical basis,100.0,g,100,g,SRC-IFCT2017,P028
GF-ING-00440,100 g analytical basis,100.0,g,100,g,SRC-IFCT2017,P029
GF-ING-00441,100 g analytical basis,100.0,g,100,g,SRC-IFCT2017,P030
GF-ING-00442,100 g analytical basis,100.0,g,100,g,SRC-IFCT2017,P031
GF-ING-00443,100 g analytical basis,100.0,g,100,g,SRC-IFCT2017,P032
GF-ING-00444,100 g analytical basis,100.0,g,100,g,SRC-IFCT2017,P033
GF-ING-00445,100 g analytical basis,100.0,g,100,g,SRC-IFCT2017,P034
GF-ING-00446,100 g analytical basis,100.0,g,100,g,SRC-IFCT2017,P035
GF-ING-00447,100 g analytical basis,100.0,g,100,g,SRC-IFCT2017,P036
GF-ING-00448,100 g analytical basis,100.0,g,100,g,SRC-IFCT2017,P037
GF-ING-00449,100 g analytical basis,100.0,g,100,g,SRC-IFCT2017,P038
GF-ING-00450,100 g analytical basis,100.0,g,100,g,SRC-IFCT2017,P039
GF-ING-00451,100 g analytical basis,100.0,g,100,g,SRC-IFCT2017,P040
GF-ING-00452,100 g analytical basis,100.0,g,100,g,SRC-IFCT2017,P041
GF-ING-00453,100 g analytical basis,100.0,g,100,g,SRC-IFCT2017,P042
GF-ING-00454,100 g analytical basis,100.0,g,100,g,SRC-IFCT2017,P043
GF-ING-00455,100 g analytical basis,100.0,g,100,g,SRC-IFCT2017,P044
GF-ING-00456,100 g analytical basis,100.0,g,100,g,SRC-IFCT2017,P045
GF-ING-00457,100 g analytical basis,100.0,g,100,g,SRC-IFCT2017,P046
GF-ING-00458,100 g analytical basis,100.0,g,100,g,SRC-IFCT2017,P047
GF-ING-00459,100 g analytical basis,100.0,g,100,g,SRC-IFCT2017,P048
GF-ING-00460,100 g analytical basis,100.0,g,100,g,SRC-IFCT2017,P049
GF-ING-00461,100 g analytical basis,100.0,g,100,g,SRC-IFCT2017,P050
GF-ING-00462,100 g analytical basis,100.0,g,100,g,SRC-IFCT2017,P051
GF-ING-00463,100 g analytical basis,100.0,g,100,g,SRC-IFCT2017,P052
GF-ING-00464,100 g analytical basis,100.0,g,100,g,SRC-IFCT2017,P053
GF-ING-00465,100 g analytical basis,100.0,g,100,g,SRC-IFCT2017,P054
GF-ING-00466,100 g analytical basis,100.0,g,100,g,SRC-IFCT2017,P055
GF-ING-00467,100 g analytical basis,100.0,g,100,g,SRC-IFCT2017,P056
GF-ING-00468,100 g analytical basis,100.0,g,100,g,SRC-IFCT2017,P057
GF-ING-00469,100 g analytical basis,100.0,g,100,g,SRC-IFCT2017,P058
GF-ING-00470,100 g analytical basis,100.0,g,100,g,SRC-IFCT2017,P059
GF-ING-00471,100 g analytical basis,100.0,g,100,g,SRC-IFCT2017,P060
GF-ING-00472,100 g analytical basis,100.0,g,100,g,SRC-IFCT2017,P061
GF-ING-00473,100 g analytical basis,100.0,g,100,g,SRC-IFCT2017,P062
GF-ING-00474,100 g analytical basis,100.0,g,100,g,SRC-IFCT2017,P063
GF-ING-00475,100 g analytical basis,100.0,g,100,g,SRC-IFCT2017,P064
GF-ING-00476,100 g analytical basis,100.0,g,100,g,SRC-IFCT2017,P065
GF-ING-00477,100 g analytical basis,100.0,g,100,g,SRC-IFCT2017,P066
GF-ING-00478,100 g analytical basis,100.0,g,100,g,SRC-IFCT2017,P067
GF-ING-00479,100 g analytical basis,100.0,g,100,g,SRC-IFCT2017,P068
GF-ING-00480,100 g analytical basis,100.0,g,100,g,SRC-IFCT2017,P069
GF-ING-00481,100 g analytical basis,100.0,g,100,g,SRC-IFCT2017,P070
GF-ING-00482,100 g analytical basis,100.0,g,100,g,SRC-IFCT2017,P071
GF-ING-00483,100 g analytical basis,100.0,g,100,g,SRC-IFCT2017,P072
GF-ING-00484,100 g analytical basis,100.0,g,100,g,SRC-IFCT2017,P073
GF-ING-00485,100 g analytical basis,100.0,g,100,g,SRC-IFCT2017,P074
GF-ING-00486,100 g analytical basis,100.0,g,100,g,SRC-IFCT2017,P075
GF-ING-00487,100 g analytical basis,100.0,g,100,g,SRC-IFCT2017,P076
GF-ING-00488,100 g analytical basis,100.0,g,100,g,SRC-IFCT2017,P077
GF-ING-00489,100 g analytical basis,100.0,g,100,g,SRC-IFCT2017,P078
GF-ING-00490,100 g analytical basis,100.0,g,100,g,SRC-IFCT2017,P079
GF-ING-00491,100 g analytical basis,100.0,g,100,g,SRC-IFCT2017,P080
GF-ING-00492,100 g analytical basis,100.0,g,100,g,SRC-IFCT2017,P081
GF-ING-00493,100 g analytical basis,100.0,g,100,g,SRC-IFCT2017,P082
GF-ING-00494,100 g analytical basis,100.0,g,100,g,SRC-IFCT2017,P083
GF-ING-00495,100 g analytical basis,100.0,g,100,g,SRC-IFCT2017,P084
GF-ING-00496,100 g analytical basis,100.0,g,100,g,SRC-IFCT2017,P085
GF-ING-00497,100 g analytical basis,100.0,g,100,g,SRC-IFCT2017,P086
GF-ING-00498,100 g analytical basis,100.0,g,100,g,SRC-IFCT2017,P087
GF-ING-00499,100 g analytical basis,100.0,g,100,g,SRC-IFCT2017,P088
GF-ING-00500,100 g analytical basis,100.0,g,100,g,SRC-IFCT2017,P089
GF-ING-00501,100 g analytical basis,100.0,g,100,g,SRC-IFCT2017,P090
GF-ING-00502,100 g analytical basis,100.0,g,100,g,SRC-IFCT2017,P091
GF-ING-00503,100 g analytical basis,100.0,g,100,g,SRC-IFCT2017,P092
GF-ING-00504,100 g analytical basis,100.0,g,100,g,SRC-IFCT2017,Q001
GF-ING-00505,100 g analytical basis,100.0,g,100,g,SRC-IFCT2017,Q002
GF-ING-00506,100 g analytical basis,100.0,g,100,g,SRC-IFCT2017,Q003
GF-ING-00507,100 g analytical basis,100.0,g,100,g,SRC-IFCT2017,Q004
GF-ING-00508,100 g analytical basis,100.0,g,100,g,SRC-IFCT2017,Q005
GF-ING-00509,100 g analytical basis,100.0,g,100,g,SRC-IFCT2017,Q006
GF-ING-00510,100 g analytical basis,100.0,g,100,g,SRC-IFCT2017,Q007
GF-ING-00511,100 g analytical basis,100.0,g,100,g,SRC-IFCT2017,Q008
GF-ING-00512,100 g analytical basis,100.0,g,100,g,SRC-IFCT2017,R001
GF-ING-00513,100 g analytical basis,100.0,g,100,g,SRC-IFCT2017,R002
GF-ING-00514,100 g analytical basis,100.0,g,100,g,SRC-IFCT2017,R003
GF-ING-00515,100 g analytical basis,100.0,g,100,g,SRC-IFCT2017,R004
GF-ING-00516,100 g analytical basis,100.0,g,100,g,SRC-IFCT2017,R005
GF-ING-00517,100 g analytical basis,100.0,g,100,g,SRC-IFCT2017,R006
GF-ING-00518,100 g analytical basis,100.0,g,100,g,SRC-IFCT2017,R007
GF-ING-00420,100 g analytical basis,100.0,g,100,g,SRC-IFCT2017,S001
GF-ING-00519,100 g analytical basis,100.0,g,100,g,SRC-IFCT2017,S002
GF-ING-00520,100 g analytical basis,100.0,g,100,g,SRC-IFCT2017,S003
GF-ING-00521,100 g analytical basis,100.0,g,100,g,SRC-IFCT2017,S004
GF-ING-00522,100 g analytical basis,100.0,g,100,g,SRC-IFCT2017,S005
GF-ING-00523,100 g analytical basis,100.0,g,100,g,SRC-IFCT2017,S006
GF-ING-00504,100 g analytical basis,100.0,g,100,g,SRC-IFCT2017,S007
GF-ING-00524,100 g analytical basis,100.0,g,100,g,SRC-IFCT2017,S008
GF-ING-00525,100 g analytical basis,100.0,g,100,g,SRC-IFCT2017,S009
GF-ING-00526,100 g analytical basis,100.0,g,100,g,SRC-IFCT2017,S010
GF-ING-00527,100 g analytical basis,100.0,g,100,g,SRC-IFCT2017,T001
GF-ING-00528,100 g analytical basis,100.0,g,100,g,SRC-IFCT2017,T002
GF-ING-00529,100 g analytical basis,100.0,g,100,g,SRC-IFCT2017,T003
GF-ING-00530,100 g analytical basis,100.0,g,100,g,SRC-IFCT2017,T004
GF-ING-00531,100 g analytical basis,100.0,g,100,g,SRC-IFCT2017,T005
GF-ING-00532,100 g analytical basis,100.0,g,100,g,SRC-IFCT2017,T006
GF-ING-00533,100 g analytical basis,100.0,g,100,g,SRC-IFCT2017,T007
GF-ING-00534,100 g analytical basis,100.0,g,100,g,SRC-IFCT2017,T008
GF-ING-00535,100 g analytical basis,100.0,g,100,g,SRC-IFCT2017,T009
GF-ING-00536,100 g analytical basis,100.0,g,100,g,SRC-IFCT2017,T010
GF-ING-00537,100 g analytical basis,100.0,g,100,g,SRC-IFCT2017,T011
GF-ING-00538,100 g analytical basis,100.0,g,100,g,SRC-IFCT2017,T012
GF-ING-00539,100 g analytical basis,100.0,g,100,g,SRC-IFCT2017,T013
GF-ING-00540,100 g analytical basis,100.0,g,100,g,SRC-IFCT2017,T014
