food_id,canonical_name,source_id,source_record_id,usage_status,reason
GF-ING-00001,"Amaranth seed, black",SRC-IFCT2017,A001,usable_source_value,India-first primary source.
GF-ING-00002,"Amaranth seed, pale brown",SRC-IFCT2017,A002,usable_source_value,India-first primary source.
GF-ING-00003,Bajra,SRC-IFCT2017,A003,usable_source_value,India-first primary source.
GF-ING-00004,Barley,SRC-IFCT2017,A004,usable_source_value,India-first primary source.
GF-ING-00005,Jowar,SRC-IFCT2017,A005,usable_source_value,India-first primary source.
GF-ING-00006,"Maize, dry",SRC-IFCT2017,A006,usable_source_value,India-first primary source.
GF-ING-00007,"Maize, tender, local",SRC-IFCT2017,A007,usable_source_value,India-first primary source.
GF-ING-00008,"Maize, tender, sweet",SRC-IFCT2017,A008,usable_source_value,India-first primary source.
GF-ING-00009,Quinoa,SRC-IFCT2017,A009,usable_source_value,India-first primary source.
GF-ING-00010,Ragi,SRC-IFCT2017,A010,usable_source_value,India-first primary source.
GF-ING-00011,"Rice, flakes",SRC-IFCT2017,A011,usable_source_value,India-first primary source.
GF-ING-00012,"Rice, puffed",SRC-IFCT2017,A012,usable_source_value,India-first primary source.
GF-ING-00013,"Rice, raw, brown",SRC-IFCT2017,A013,usable_source_value,India-first primary source.
GF-ING-00014,"Rice, parboiled, milled",SRC-IFCT2017,A014,usable_source_value,India-first primary source.
GF-ING-00015,"Rice, raw, milled",SRC-IFCT2017,A015,usable_source_value,India-first primary source.
GF-ING-00016,Samai,SRC-IFCT2017,A016,usable_source_value,India-first primary source.
GF-ING-00017,Varagu,SRC-IFCT2017,A017,usable_source_value,India-first primary source.
GF-ING-00018,"Wheat flour, refined",SRC-IFCT2017,A018,usable_source_value,India-first primary source.
GF-ING-00019,"Wheat flour, atta",SRC-IFCT2017,A019,usable_source_value,India-first primary source.
GF-ING-00020,"Wheat, whole",SRC-IFCT2017,A020,usable_source_value,India-first primary source.
GF-ING-00021,"Wheat, bulgur",SRC-IFCT2017,A021,usable_source_value,India-first primary source.
GF-ING-00022,"Wheat, semolina",SRC-IFCT2017,A022,usable_source_value,India-first primary source.
GF-ING-00023,"Wheat, vermicelli",SRC-IFCT2017,A023,usable_source_value,India-first primary source.
GF-ING-00024,"Wheat, vermicelli, roasted",SRC-IFCT2017,A024,usable_source_value,India-first primary source.
GF-ING-00025,"Bengal gram, dal",SRC-IFCT2017,B001,usable_source_value,India-first primary source.
GF-ING-00026,"Bengal gram, whole",SRC-IFCT2017,B002,usable_source_value,India-first primary source.
GF-ING-00027,"Black gram, dal",SRC-IFCT2017,B003,usable_source_value,India-first primary source.
GF-ING-00028,"Black gram, whole",SRC-IFCT2017,B004,usable_source_value,India-first primary source.
GF-ING-00029,"Cowpea, brown",SRC-IFCT2017,B005,usable_source_value,India-first primary source.
GF-ING-00030,"Cowpea, white",SRC-IFCT2017,B006,usable_source_value,India-first primary source.
GF-ING-00031,"Field bean, black",SRC-IFCT2017,B007,usable_source_value,India-first primary source.
GF-ING-00032,"Field bean, brown",SRC-IFCT2017,B008,usable_source_value,India-first primary source.
GF-ING-00033,"Field bean, white",SRC-IFCT2017,B009,usable_source_value,India-first primary source.
GF-ING-00034,"Green gram, dal",SRC-IFCT2017,B010,usable_source_value,India-first primary source.
GF-ING-00035,"Green gram, whole",SRC-IFCT2017,B011,usable_source_value,India-first primary source.
GF-ING-00036,"Horse gram, whole",SRC-IFCT2017,B012,usable_source_value,India-first primary source.
GF-ING-00037,"Lentil, dal",SRC-IFCT2017,B013,usable_source_value,India-first primary source.
GF-ING-00038,"Lentil, whole, brown",SRC-IFCT2017,B014,usable_source_value,India-first primary source.
GF-ING-00039,"Lentil, whole, yellowish",SRC-IFCT2017,B015,usable_source_value,India-first primary source.
GF-ING-00040,Moth bean,SRC-IFCT2017,B016,usable_source_value,India-first primary source.
GF-ING-00041,"Peas, dry",SRC-IFCT2017,B017,usable_source_value,India-first primary source.
GF-ING-00042,"Rajmah, black",SRC-IFCT2017,B018,usable_source_value,India-first primary source.
GF-ING-00043,"Rajmah, brown",SRC-IFCT2017,B019,usable_source_value,India-first primary source.
GF-ING-00044,"Rajmah, red",SRC-IFCT2017,B020,usable_source_value,India-first primary source.
GF-ING-00045,"Red gram, dal",SRC-IFCT2017,B021,usable_source_value,India-first primary source.
GF-ING-00046,"Red gram, whole",SRC-IFCT2017,B022,usable_source_value,India-first primary source.
GF-ING-00047,Ricebean,SRC-IFCT2017,B023,usable_source_value,India-first primary source.
GF-ING-00048,"Soya bean, brown",SRC-IFCT2017,B024,usable_source_value,India-first primary source.
GF-ING-00049,"Soya bean, white",SRC-IFCT2017,B025,usable_source_value,India-first primary source.
GF-ING-00050,Agathi leaves,SRC-IFCT2017,C001,usable_source_value,India-first primary source.
GF-ING-00051,"Amaranth leaves, green",SRC-IFCT2017,C002,usable_source_value,India-first primary source.
GF-ING-00052,"Amaranth leaves, red",SRC-IFCT2017,C003,usable_source_value,India-first primary source.
GF-ING-00053,"Amaranth leaves, red and green",SRC-IFCT2017,C004,usable_source_value,India-first primary source.
GF-ING-00054,"Amaranth, spinous, leaves, green",SRC-IFCT2017,C005,usable_source_value,India-first primary source.
GF-ING-00055,"Amaranth, spinous, leaves, red and green",SRC-IFCT2017,C006,usable_source_value,India-first primary source.
GF-ING-00056,Basella leaves,SRC-IFCT2017,C007,usable_source_value,India-first primary source.
GF-ING-00057,Bathua leaves,SRC-IFCT2017,C008,usable_source_value,India-first primary source.
GF-ING-00058,Beetroot leaves,SRC-IFCT2017,C009,usable_source_value,India-first primary source.
GF-ING-00059,"Betel leaves, big (kolkata)",SRC-IFCT2017,C010,usable_source_value,India-first primary source.
GF-ING-00060,"Betel leaves, small",SRC-IFCT2017,C011,usable_source_value,India-first primary source.
GF-ING-00061,Brussels sprouts,SRC-IFCT2017,C012,usable_source_value,India-first primary source.
GF-ING-00062,"Cabbage, Chinese",SRC-IFCT2017,C013,usable_source_value,India-first primary source.
GF-ING-00063,"Cabbage, collard greens",SRC-IFCT2017,C014,usable_source_value,India-first primary source.
GF-ING-00064,"Cabbage, green",SRC-IFCT2017,C015,usable_source_value,India-first primary source.
GF-ING-00065,"Cabbage, violet",SRC-IFCT2017,C016,usable_source_value,India-first primary source.
GF-ING-00066,Cauliflower leaves,SRC-IFCT2017,C017,usable_source_value,India-first primary source.
GF-ING-00067,"Colocasia leaves, green",SRC-IFCT2017,C018,usable_source_value,India-first primary source.
GF-ING-00068,Drumstick leaves,SRC-IFCT2017,C019,usable_source_value,India-first primary source.
GF-ING-00069,Fenugreek leaves,SRC-IFCT2017,C020,usable_source_value,India-first primary source.
GF-ING-00070,Garden cress,SRC-IFCT2017,C021,usable_source_value,India-first primary source.
GF-ING-00071,"Gogu leaves, green stem",SRC-IFCT2017,C022,usable_source_value,India-first primary source.
GF-ING-00072,"Gogu leaves, red stem",SRC-IFCT2017,C023,usable_source_value,India-first primary source.
GF-ING-00073,"Knol-Khol, leaves",SRC-IFCT2017,C024,usable_source_value,India-first primary source.
GF-ING-00074,Lettuce,SRC-IFCT2017,C025,usable_source_value,India-first primary source.
GF-ING-00075,Mustard leaves,SRC-IFCT2017,C026,usable_source_value,India-first primary source.
GF-ING-00076,Pak Choi leaves,SRC-IFCT2017,C027,usable_source_value,India-first primary source.
GF-ING-00077,Parsley,SRC-IFCT2017,C028,usable_source_value,India-first primary source.
GF-ING-00078,Ponnaganni,SRC-IFCT2017,C029,usable_source_value,India-first primary source.
GF-ING-00079,"Pumpkin leaves, tender",SRC-IFCT2017,C030,usable_source_value,India-first primary source.
GF-ING-00080,Radish leaves,SRC-IFCT2017,C031,usable_source_value,India-first primary source.
GF-ING-00081,Rumex leaves,SRC-IFCT2017,C032,usable_source_value,India-first primary source.
GF-ING-00082,Spinach,SRC-IFCT2017,C033,usable_source_value,India-first primary source.
GF-ING-00083,"Tamarind leaves, tender",SRC-IFCT2017,C034,usable_source_value,India-first primary source.
GF-ING-00084,Ash gourd,SRC-IFCT2017,D001,usable_source_value,India-first primary source.
GF-ING-00085,"Bamboo shoot, tender",SRC-IFCT2017,D002,usable_source_value,India-first primary source.
GF-ING-00086,"Bean scarlet, tender",SRC-IFCT2017,D003,usable_source_value,India-first primary source.
GF-ING-00087,"Bitter gourd, jagged, teeth ridges, elongate",SRC-IFCT2017,D004,usable_source_value,India-first primary source.
GF-ING-00088,"Bitter gourd, jagged, teeth ridges, short",SRC-IFCT2017,D005,usable_source_value,India-first primary source.
GF-ING-00089,"Bitter gourd, jagged, smooth ridges, elongate",SRC-IFCT2017,D006,usable_source_value,India-first primary source.
GF-ING-00090,"Bottle gourd, elongate, pale green",SRC-IFCT2017,D007,usable_source_value,India-first primary source.
GF-ING-00091,"Bottle gourd, round, pale green",SRC-IFCT2017,D008,usable_source_value,India-first primary source.
GF-ING-00092,"Bottle gourd, elongate, dark green",SRC-IFCT2017,D009,usable_source_value,India-first primary source.
GF-ING-00093,Brinjal 1,SRC-IFCT2017,D010,usable_source_value,India-first primary source.
GF-ING-00094,Brinjal 2,SRC-IFCT2017,D011,usable_source_value,India-first primary source.
GF-ING-00095,Brinjal 3,SRC-IFCT2017,D012,usable_source_value,India-first primary source.
GF-ING-00096,Brinjal 4,SRC-IFCT2017,D013,usable_source_value,India-first primary source.
GF-ING-00097,Brinjal 5,SRC-IFCT2017,D014,usable_source_value,India-first primary source.
GF-ING-00098,Brinjal 6,SRC-IFCT2017,D015,usable_source_value,India-first primary source.
GF-ING-00099,Brinjal 7,SRC-IFCT2017,D016,usable_source_value,India-first primary source.
GF-ING-00100,Brinjal 8,SRC-IFCT2017,D017,usable_source_value,India-first primary source.
GF-ING-00101,Brinjal 9,SRC-IFCT2017,D018,usable_source_value,India-first primary source.
GF-ING-00102,Brinjal 10,SRC-IFCT2017,D019,usable_source_value,India-first primary source.
GF-ING-00103,Brinjal 11,SRC-IFCT2017,D020,usable_source_value,India-first primary source.
GF-ING-00104,Brinjal 12,SRC-IFCT2017,D021,usable_source_value,India-first primary source.
GF-ING-00105,Brinjal 13,SRC-IFCT2017,D022,usable_source_value,India-first primary source.
GF-ING-00106,Brinjal 14,SRC-IFCT2017,D023,usable_source_value,India-first primary source.
GF-ING-00107,Brinjal 15,SRC-IFCT2017,D024,usable_source_value,India-first primary source.
GF-ING-00108,Brinjal 16,SRC-IFCT2017,D025,usable_source_value,India-first primary source.
GF-ING-00109,Brinjal 17,SRC-IFCT2017,D026,usable_source_value,India-first primary source.
GF-ING-00110,Brinjal 18,SRC-IFCT2017,D027,usable_source_value,India-first primary source.
GF-ING-00111,Brinjal 19,SRC-IFCT2017,D028,usable_source_value,India-first primary source.
GF-ING-00112,Brinjal 20,SRC-IFCT2017,D029,usable_source_value,India-first primary source.
GF-ING-00113,Brinjal 21,SRC-IFCT2017,D030,usable_source_value,India-first primary source.
GF-ING-00114,Brinjal - all varieties,SRC-IFCT2017,D031,usable_source_value,India-first primary source.
GF-ING-00115,Broad beans,SRC-IFCT2017,D032,usable_source_value,India-first primary source.
GF-ING-00116,"Capsicum, green",SRC-IFCT2017,D033,usable_source_value,India-first primary source.
GF-ING-00117,"Capsicum, red",SRC-IFCT2017,D034,usable_source_value,India-first primary source.
GF-ING-00118,"Capsicum, yellow",SRC-IFCT2017,D035,usable_source_value,India-first primary source.
GF-ING-00119,Cauliflower,SRC-IFCT2017,D036,usable_source_value,India-first primary source.
GF-ING-00120,Celery stalk,SRC-IFCT2017,D037,usable_source_value,India-first primary source.
GF-ING-00121,Cho-cho-marrow,SRC-IFCT2017,D038,usable_source_value,India-first primary source.
GF-ING-00122,Cluster beans,SRC-IFCT2017,D039,usable_source_value,India-first primary source.
GF-ING-00123,"Colocasia, stem, black",SRC-IFCT2017,D040,usable_source_value,India-first primary source.
GF-ING-00124,"Colocasia, stem, green",SRC-IFCT2017,D041,usable_source_value,India-first primary source.
GF-ING-00125,"Corn, baby",SRC-IFCT2017,D042,usable_source_value,India-first primary source.
GF-ING-00126,"Cucumber, green, elongate",SRC-IFCT2017,D043,usable_source_value,India-first primary source.
GF-ING-00127,"Cucumber, green, short",SRC-IFCT2017,D044,usable_source_value,India-first primary source.
GF-ING-00128,"Cucumber, orange, round",SRC-IFCT2017,D045,usable_source_value,India-first primary source.
GF-ING-00129,Drumstick,SRC-IFCT2017,D046,usable_source_value,India-first primary source.
GF-ING-00130,"Field beans, tender, broad",SRC-IFCT2017,D047,usable_source_value,India-first primary source.
GF-ING-00131,"Field beans, tender, lean",SRC-IFCT2017,D048,usable_source_value,India-first primary source.
GF-ING-00132,"French beans, country",SRC-IFCT2017,D049,usable_source_value,India-first primary source.
GF-ING-00133,"French beans, hybrid",SRC-IFCT2017,D050,usable_source_value,India-first primary source.
GF-ING-00134,"Jack fruit, raw",SRC-IFCT2017,D051,usable_source_value,India-first primary source.
GF-ING-00135,"Jack fruit, seeds, mature",SRC-IFCT2017,D052,usable_source_value,India-first primary source.
GF-ING-00136,Knol - Khol,SRC-IFCT2017,D053,usable_source_value,India-first primary source.
GF-ING-00137,"Kovai, big",SRC-IFCT2017,D054,usable_source_value,India-first primary source.
GF-ING-00138,"Kovai, small",SRC-IFCT2017,D055,usable_source_value,India-first primary source.
GF-ING-00139,Ladies finger,SRC-IFCT2017,D056,usable_source_value,India-first primary source.
GF-ING-00140,"Mango, green, raw",SRC-IFCT2017,D057,usable_source_value,India-first primary source.
GF-ING-00141,"Onion, stalk",SRC-IFCT2017,D058,usable_source_value,India-first primary source.
GF-ING-00142,"Papaya, raw",SRC-IFCT2017,D059,usable_source_value,India-first primary source.
GF-ING-00143,Parwar,SRC-IFCT2017,D060,usable_source_value,India-first primary source.
GF-ING-00144,"Peas, fresh",SRC-IFCT2017,D061,usable_source_value,India-first primary source.
GF-ING-00145,"Plantain, flower",SRC-IFCT2017,D062,usable_source_value,India-first primary source.
GF-ING-00146,"Plantain, green",SRC-IFCT2017,D063,usable_source_value,India-first primary source.
GF-ING-00147,"Plantain, stem",SRC-IFCT2017,D064,usable_source_value,India-first primary source.
GF-ING-00148,"Pumpkin, green, cylindrical",SRC-IFCT2017,D065,usable_source_value,India-first primary source.
GF-ING-00149,"Pumpkin, orange, round",SRC-IFCT2017,D066,usable_source_value,India-first primary source.
GF-ING-00150,"Red gram, tender, fresh",SRC-IFCT2017,D067,usable_source_value,India-first primary source.
GF-ING-00151,Ridge gourd,SRC-IFCT2017,D068,usable_source_value,India-first primary source.
GF-ING-00152,"Ridge gourd, smooth skin",SRC-IFCT2017,D069,usable_source_value,India-first primary source.
GF-ING-00153,"Snake gourd, long, pale green",SRC-IFCT2017,D070,usable_source_value,India-first primary source.
GF-ING-00154,"Snake gourd, long, dark green",SRC-IFCT2017,D071,usable_source_value,India-first primary source.
GF-ING-00155,"Snake gourd, short",SRC-IFCT2017,D072,usable_source_value,India-first primary source.
GF-ING-00156,"Tinda, tender",SRC-IFCT2017,D073,usable_source_value,India-first primary source.
GF-ING-00157,"Tomato, green",SRC-IFCT2017,D074,usable_source_value,India-first primary source.
GF-ING-00158,"Tomato, ripe, hybrid",SRC-IFCT2017,D075,usable_source_value,India-first primary source.
GF-ING-00159,"Tomato, ripe, local",SRC-IFCT2017,D076,usable_source_value,India-first primary source.
GF-ING-00160,"Zucchini, green",SRC-IFCT2017,D077,usable_source_value,India-first primary source.
GF-ING-00161,"Zucchini, yellow",SRC-IFCT2017,D078,usable_source_value,India-first primary source.
GF-ING-00162,"Apple, big",SRC-IFCT2017,E001,usable_source_value,India-first primary source.
GF-ING-00163,"Apple, green",SRC-IFCT2017,E002,usable_source_value,India-first primary source.
GF-ING-00164,"Apple, small",SRC-IFCT2017,E003,usable_source_value,India-first primary source.
GF-ING-00165,"Apple, small, Kashmir",SRC-IFCT2017,E004,usable_source_value,India-first primary source.
GF-ING-00166,"Apricot, dried",SRC-IFCT2017,E005,usable_source_value,India-first primary source.
GF-ING-00167,"Apricot, processed",SRC-IFCT2017,E006,usable_source_value,India-first primary source.
GF-ING-00168,Avocado fruit,SRC-IFCT2017,E007,usable_source_value,India-first primary source.
GF-ING-00169,Bael fruit,SRC-IFCT2017,E008,usable_source_value,India-first primary source.
GF-ING-00170,"Banana, ripe, montham",SRC-IFCT2017,E009,usable_source_value,India-first primary source.
GF-ING-00171,"Banana, ripe, poovam",SRC-IFCT2017,E010,usable_source_value,India-first primary source.
GF-ING-00172,"Banana, ripe, red",SRC-IFCT2017,E011,usable_source_value,India-first primary source.
GF-ING-00173,"Banana, ripe, robusta",SRC-IFCT2017,E012,usable_source_value,India-first primary source.
GF-ING-00174,Black berry,SRC-IFCT2017,E013,usable_source_value,India-first primary source.
GF-ING-00175,"Cherries, red",SRC-IFCT2017,E014,usable_source_value,India-first primary source.
GF-ING-00176,"Currants, black",SRC-IFCT2017,E015,usable_source_value,India-first primary source.
GF-ING-00177,Custard apple,SRC-IFCT2017,E016,usable_source_value,India-first primary source.
GF-ING-00178,"Dates, dry, pale brown",SRC-IFCT2017,E017,usable_source_value,India-first primary source.
GF-ING-00179,"Dates, dry, dark brown",SRC-IFCT2017,E018,usable_source_value,India-first primary source.
GF-ING-00180,"Dates, processed",SRC-IFCT2017,E019,usable_source_value,India-first primary source.
GF-ING-00181,Fig,SRC-IFCT2017,E020,usable_source_value,India-first primary source.
GF-ING-00182,Goosberry,SRC-IFCT2017,E021,usable_source_value,India-first primary source.
GF-ING-00183,"Grapes, seeded, round, black",SRC-IFCT2017,E022,usable_source_value,India-first primary source.
GF-ING-00184,"Grapes, seeded, round, green",SRC-IFCT2017,E023,usable_source_value,India-first primary source.
GF-ING-00185,"Grapes, seeded, round, red",SRC-IFCT2017,E024,usable_source_value,India-first primary source.
GF-ING-00186,"Grapes, seedless, oval, black",SRC-IFCT2017,E025,usable_source_value,India-first primary source.
GF-ING-00187,"Grapes, seedless, round, green",SRC-IFCT2017,E026,usable_source_value,India-first primary source.
GF-ING-00188,"Grapes, seedless, round, black",SRC-IFCT2017,E027,usable_source_value,India-first primary source.
GF-ING-00189,"Guava, white flesh",SRC-IFCT2017,E028,usable_source_value,India-first primary source.
GF-ING-00190,"Guava, pink flesh",SRC-IFCT2017,E029,usable_source_value,India-first primary source.
GF-ING-00191,"Jack fruit, ripe",SRC-IFCT2017,E030,usable_source_value,India-first primary source.
GF-ING-00192,"Jambu fruit, ripe",SRC-IFCT2017,E031,usable_source_value,India-first primary source.
GF-ING-00193,Karonda fruit,SRC-IFCT2017,E032,usable_source_value,India-first primary source.
GF-ING-00194,"Lemon, juice",SRC-IFCT2017,E033,review_before_calorie_use,IFCT energy-to-macro reconciliation flag; preserve source value but do not silently use it as the canonical calorie value.
GF-ING-00195,"Lime, sweet, pulp",SRC-IFCT2017,E034,usable_source_value,India-first primary source.
GF-ING-00196,Litchi,SRC-IFCT2017,E035,usable_source_value,India-first primary source.
GF-ING-00197,"Mango, ripe, banganapalli",SRC-IFCT2017,E036,usable_source_value,India-first primary source.
GF-ING-00198,"Mango, ripe, gulabkhas",SRC-IFCT2017,E037,usable_source_value,India-first primary source.
GF-ING-00199,"Mango, ripe, himsagar",SRC-IFCT2017,E038,usable_source_value,India-first primary source.
GF-ING-00200,"Mango, ripe, kesar",SRC-IFCT2017,E039,usable_source_value,India-first primary source.
GF-ING-00201,"Mango, ripe, neelam",SRC-IFCT2017,E040,usable_source_value,India-first primary source.
GF-ING-00202,"Mango, ripe, paheri",SRC-IFCT2017,E041,usable_source_value,India-first primary source.
GF-ING-00203,"Mango, ripe, totapari",SRC-IFCT2017,E042,usable_source_value,India-first primary source.
GF-ING-00204,Mangosteen,SRC-IFCT2017,E043,usable_source_value,India-first primary source.
GF-ING-00205,Manila tamarind,SRC-IFCT2017,E044,usable_source_value,India-first primary source.
GF-ING-00206,"Musk melon, orange flesh",SRC-IFCT2017,E045,usable_source_value,India-first primary source.
GF-ING-00207,"Musk melon, yellow flesh",SRC-IFCT2017,E046,usable_source_value,India-first primary source.
GF-ING-00208,"Orange, pulp",SRC-IFCT2017,E047,usable_source_value,India-first primary source.
GF-ING-00209,"Palm fruit, tender",SRC-IFCT2017,E048,usable_source_value,India-first primary source.
GF-ING-00210,"Papaya, ripe",SRC-IFCT2017,E049,usable_source_value,India-first primary source.
GF-ING-00211,Peach,SRC-IFCT2017,E050,usable_source_value,India-first primary source.
GF-ING-00212,Pear,SRC-IFCT2017,E051,usable_source_value,India-first primary source.
GF-ING-00213,Phalsa,SRC-IFCT2017,E052,usable_source_value,India-first primary source.
GF-ING-00214,Pineapple,SRC-IFCT2017,E053,usable_source_value,India-first primary source.
GF-ING-00215,Plum,SRC-IFCT2017,E054,usable_source_value,India-first primary source.
GF-ING-00216,"Pomegranate, maroon seeds",SRC-IFCT2017,E055,usable_source_value,India-first primary source.
GF-ING-00217,Pummelo,SRC-IFCT2017,E056,usable_source_value,India-first primary source.
GF-ING-00218,"Raisins, dried, black",SRC-IFCT2017,E057,usable_source_value,India-first primary source.
GF-ING-00219,"Raisins, dried, golden",SRC-IFCT2017,E058,usable_source_value,India-first primary source.
GF-ING-00220,Rambutan,SRC-IFCT2017,E059,usable_source_value,India-first primary source.
GF-ING-00221,Sapota,SRC-IFCT2017,E060,usable_source_value,India-first primary source.
GF-ING-00222,Soursop,SRC-IFCT2017,E061,usable_source_value,India-first primary source.
GF-ING-00223,Star fruit,SRC-IFCT2017,E062,usable_source_value,India-first primary source.
GF-ING-00224,Strawberry,SRC-IFCT2017,E063,usable_source_value,India-first primary source.
GF-ING-00225,"Tamarind, pulp",SRC-IFCT2017,E064,usable_source_value,India-first primary source.
GF-ING-00226,"Water melon, dark green (sugar baby)",SRC-IFCT2017,E065,usable_source_value,India-first primary source.
GF-ING-00227,"Water melon, pale green",SRC-IFCT2017,E066,usable_source_value,India-first primary source.
GF-ING-00228,Wood apple,SRC-IFCT2017,E067,usable_source_value,India-first primary source.
GF-ING-00229,Zizyphus,SRC-IFCT2017,E068,usable_source_value,India-first primary source.
GF-ING-00230,Beetroot,SRC-IFCT2017,F001,usable_source_value,India-first primary source.
GF-ING-00231,"Carrot, orange",SRC-IFCT2017,F002,usable_source_value,India-first primary source.
GF-ING-00232,"Carrot, red",SRC-IFCT2017,F003,usable_source_value,India-first primary source.
GF-ING-00233,Colocasia,SRC-IFCT2017,F004,usable_source_value,India-first primary source.
GF-ING-00234,Lotus root,SRC-IFCT2017,F005,usable_source_value,India-first primary source.
GF-ING-00235,"Potato, brown skin, big",SRC-IFCT2017,F006,usable_source_value,India-first primary source.
GF-ING-00236,"Potato, brown skin, small",SRC-IFCT2017,F007,usable_source_value,India-first primary source.
GF-ING-00237,"Potato, red skin",SRC-IFCT2017,F008,usable_source_value,India-first primary source.
GF-ING-00238,"Radish, elongate, red skin",SRC-IFCT2017,F009,usable_source_value,India-first primary source.
GF-ING-00239,"Radish, elongate, white skin",SRC-IFCT2017,F010,usable_source_value,India-first primary source.
GF-ING-00240,"Radish, round, red skin",SRC-IFCT2017,F011,usable_source_value,India-first primary source.
GF-ING-00241,"Radish, round, white skin",SRC-IFCT2017,F012,usable_source_value,India-first primary source.
GF-ING-00242,"Sweet potato, brown skin",SRC-IFCT2017,F013,usable_source_value,India-first primary source.
GF-ING-00243,"Sweet potato, pink skin",SRC-IFCT2017,F014,usable_source_value,India-first primary source.
GF-ING-00244,Tapioca,SRC-IFCT2017,F015,usable_source_value,India-first primary source.
GF-ING-00245,Water Chestnut,SRC-IFCT2017,F016,usable_source_value,India-first primary source.
GF-ING-00246,"Yam, elephant",SRC-IFCT2017,F017,usable_source_value,India-first primary source.
GF-ING-00247,"Yam, ordinary",SRC-IFCT2017,F018,usable_source_value,India-first primary source.
GF-ING-00248,"Yam, wild",SRC-IFCT2017,F019,usable_source_value,India-first primary source.
GF-ING-00249,"Chillies, green-1",SRC-IFCT2017,G001,usable_source_value,India-first primary source.
GF-ING-00250,"Chillies, green-2",SRC-IFCT2017,G002,usable_source_value,India-first primary source.
GF-ING-00251,"Chillies, green-3",SRC-IFCT2017,G003,usable_source_value,India-first primary source.
GF-ING-00252,"Chillies, green-4",SRC-IFCT2017,G004,usable_source_value,India-first primary source.
GF-ING-00253,"Chillies, green-5",SRC-IFCT2017,G005,usable_source_value,India-first primary source.
GF-ING-00254,"Chillies, green-6",SRC-IFCT2017,G006,usable_source_value,India-first primary source.
GF-ING-00255,"Chillies, green-7",SRC-IFCT2017,G007,usable_source_value,India-first primary source.
GF-ING-00256,"Chillies, green - all varieties",SRC-IFCT2017,G008,usable_source_value,India-first primary source.
GF-ING-00257,Coriander leaves,SRC-IFCT2017,G009,usable_source_value,India-first primary source.
GF-ING-00258,Curry leaves,SRC-IFCT2017,G010,usable_source_value,India-first primary source.
GF-ING-00259,"Garlic, big cloves",SRC-IFCT2017,G011,usable_source_value,India-first primary source.
GF-ING-00260,"Garlic, small cloves",SRC-IFCT2017,G012,usable_source_value,India-first primary source.
GF-ING-00261,"Garlic, single clove, Kashmir",SRC-IFCT2017,G013,usable_source_value,India-first primary source.
GF-ING-00262,"Ginger, fresh",SRC-IFCT2017,G014,usable_source_value,India-first primary source.
GF-ING-00263,Mango ginger,SRC-IFCT2017,G015,usable_source_value,India-first primary source.
GF-ING-00264,Mint leaves,SRC-IFCT2017,G016,usable_source_value,India-first primary source.
GF-ING-00265,"Onion, big",SRC-IFCT2017,G017,usable_source_value,India-first primary source.
GF-ING-00266,"Onion, small",SRC-IFCT2017,G018,usable_source_value,India-first primary source.
GF-ING-00267,Asafoetida,SRC-IFCT2017,G019,usable_source_value,India-first primary source.
GF-ING-00268,"Cardamom, green",SRC-IFCT2017,G020,usable_source_value,India-first primary source.
GF-ING-00269,"Cardamom, black",SRC-IFCT2017,G021,usable_source_value,India-first primary source.
GF-ING-00270,"Chillies, red",SRC-IFCT2017,G022,usable_source_value,India-first primary source.
GF-ING-00271,Cloves,SRC-IFCT2017,G023,usable_source_value,India-first primary source.
GF-ING-00272,Coriander seeds,SRC-IFCT2017,G024,usable_source_value,India-first primary source.
GF-ING-00273,Cumin seeds,SRC-IFCT2017,G025,usable_source_value,India-first primary source.
GF-ING-00274,Fenugreek seeds,SRC-IFCT2017,G026,usable_source_value,India-first primary source.
GF-ING-00275,Mace,SRC-IFCT2017,G027,usable_source_value,India-first primary source.
GF-ING-00276,Nutmeg,SRC-IFCT2017,G028,usable_source_value,India-first primary source.
GF-ING-00277,Omum,SRC-IFCT2017,G029,usable_source_value,India-first primary source.
GF-ING-00278,Pippali,SRC-IFCT2017,G030,usable_source_value,India-first primary source.
GF-ING-00279,"Pepper, black",SRC-IFCT2017,G031,usable_source_value,India-first primary source.
GF-ING-00280,Poppy seeds,SRC-IFCT2017,G032,usable_source_value,India-first primary source.
GF-ING-00281,Turmeric powder,SRC-IFCT2017,G033,usable_source_value,India-first primary source.
GF-ING-00282,Almond,SRC-IFCT2017,H001,usable_source_value,India-first primary source.
GF-ING-00283,"Arecanut, dried, brown",SRC-IFCT2017,H002,usable_source_value,India-first primary source.
GF-ING-00284,"Arecanut, dried, red color",SRC-IFCT2017,H003,usable_source_value,India-first primary source.
GF-ING-00285,"Arecanut, fresh",SRC-IFCT2017,H004,usable_source_value,India-first primary source.
GF-ING-00286,Cashew nut,SRC-IFCT2017,H005,usable_source_value,India-first primary source.
GF-ING-00287,"Coconut, kernel, dry",SRC-IFCT2017,H006,usable_source_value,India-first primary source.
GF-ING-00288,"Coconut, kernel, fresh",SRC-IFCT2017,H007,usable_source_value,India-first primary source.
GF-ING-00289,"Garden cress, seeds",SRC-IFCT2017,H008,usable_source_value,India-first primary source.
GF-ING-00290,"Gingelly seeds, black",SRC-IFCT2017,H009,usable_source_value,India-first primary source.
GF-ING-00291,"Gingelly seeds, brown",SRC-IFCT2017,H010,usable_source_value,India-first primary source.
GF-ING-00292,"Gingelly seeds, white",SRC-IFCT2017,H011,usable_source_value,India-first primary source.
GF-ING-00293,Ground nut,SRC-IFCT2017,H012,usable_source_value,India-first primary source.
GF-ING-00294,Mustard seeds,SRC-IFCT2017,H013,usable_source_value,India-first primary source.
GF-ING-00295,Linseeds,SRC-IFCT2017,H014,usable_source_value,India-first primary source.
GF-ING-00296,"Niger seeds, black",SRC-IFCT2017,H015,usable_source_value,India-first primary source.
GF-ING-00297,"Niger seeds, grey",SRC-IFCT2017,H016,usable_source_value,India-first primary source.
GF-ING-00298,Pine seeds,SRC-IFCT2017,H017,usable_source_value,India-first primary source.
GF-ING-00299,Pistachio nuts,SRC-IFCT2017,H018,usable_source_value,India-first primary source.
GF-ING-00300,Safflower seeds,SRC-IFCT2017,H019,usable_source_value,India-first primary source.
GF-ING-00301,Sunflower seeds,SRC-IFCT2017,H020,usable_source_value,India-first primary source.
GF-ING-00302,Walnut,SRC-IFCT2017,H021,usable_source_value,India-first primary source.
GF-ING-00303,"Jaggery, cane",SRC-IFCT2017,I001,usable_source_value,India-first primary source.
GF-ING-00304,"Sugarcane, juice",SRC-IFCT2017,I002,usable_source_value,India-first primary source.
GF-ING-00305,"Button mushroom, fresh",SRC-IFCT2017,J001,usable_source_value,India-first primary source.
GF-ING-00306,"Chicken mushroom, fresh",SRC-IFCT2017,J002,usable_source_value,India-first primary source.
GF-ING-00307,"Shiitake mushroom, fresh",SRC-IFCT2017,J003,usable_source_value,India-first primary source.
GF-ING-00308,"Oyster mushroom, dried",SRC-IFCT2017,J004,usable_source_value,India-first primary source.
GF-ING-00309,Toddy,SRC-IFCT2017,K001,usable_source_value,India-first primary source.
GF-ING-00310,Coconut water,SRC-IFCT2017,K002,usable_source_value,India-first primary source.
GF-ING-00311,"Milk, whole, Buffalo",SRC-IFCT2017,L001,usable_source_value,India-first primary source.
GF-ING-00312,"Milk, whole, Cow",SRC-IFCT2017,L002,usable_source_value,India-first primary source.
GF-ING-00313,Paneer,SRC-IFCT2017,L003,usable_source_value,India-first primary source.
GF-ING-00314,Khoa,SRC-IFCT2017,L004,usable_source_value,India-first primary source.
GF-ING-00315,"Egg, poultry, whole, raw",SRC-IFCT2017,M001,usable_source_value,India-first primary source.
GF-ING-00316,"Egg, poultry, white, raw",SRC-IFCT2017,M002,usable_source_value,India-first primary source.
GF-ING-00317,"Egg, poultry, yolk, raw",SRC-IFCT2017,M003,usable_source_value,India-first primary source.
GF-ING-00318,"Egg, poultry, whole, boiled",SRC-IFCT2017,M004,usable_source_value,India-first primary source.
GF-ING-00319,"Egg, poultry, white, boiled",SRC-IFCT2017,M005,usable_source_value,India-first primary source.
GF-ING-00320,"Egg, poultry, yolk, boiled",SRC-IFCT2017,M006,usable_source_value,India-first primary source.
GF-ING-00321,"Egg, poultry, omlet",SRC-IFCT2017,M007,usable_source_value,India-first primary source.
GF-ING-00322,"Egg, country hen, whole, raw",SRC-IFCT2017,M008,usable_source_value,India-first primary source.
GF-ING-00323,"Egg, country hen, whole, boiled",SRC-IFCT2017,M009,usable_source_value,India-first primary source.
GF-ING-00324,"Egg, country hen, omlet",SRC-IFCT2017,M010,usable_source_value,India-first primary source.
GF-ING-00325,"Egg, duck, whole, boiled",SRC-IFCT2017,M011,usable_source_value,India-first primary source.
GF-ING-00326,"Egg, duck, whole, raw",SRC-IFCT2017,M012,usable_source_value,India-first primary source.
GF-ING-00327,"Egg, duck, whole, omlet",SRC-IFCT2017,M013,usable_source_value,India-first primary source.
GF-ING-00328,"Egg, quial, whole, raw",SRC-IFCT2017,M014,usable_source_value,India-first primary source.
GF-ING-00329,"Egg, quial, whole, boiled",SRC-IFCT2017,M015,usable_source_value,India-first primary source.
GF-ING-00330,"Chicken, poultry, leg, skinless",SRC-IFCT2017,N001,review_before_calorie_use,IFCT energy-to-macro reconciliation flag; preserve source value but do not silently use it as the canonical calorie value.
GF-ING-00331,"Chicken, poultry, thigh, skinless",SRC-IFCT2017,N002,usable_source_value,India-first primary source.
GF-ING-00332,"Chicken, poultry, breast, skinless",SRC-IFCT2017,N003,usable_source_value,India-first primary source.
GF-ING-00333,"Chicken, poultry, wing, skinless",SRC-IFCT2017,N004,usable_source_value,India-first primary source.
GF-ING-00334,"Poultry, chicken, liver",SRC-IFCT2017,N005,usable_source_value,India-first primary source.
GF-ING-00335,"Poultry, chicken, gizzard",SRC-IFCT2017,N006,usable_source_value,India-first primary source.
GF-ING-00336,"Country hen, leg, with skin",SRC-IFCT2017,N007,usable_source_value,India-first primary source.
GF-ING-00337,"Country hen, thigh, with skin",SRC-IFCT2017,N008,usable_source_value,India-first primary source.
GF-ING-00338,"Country hen, breast, with skin",SRC-IFCT2017,N009,usable_source_value,India-first primary source.
GF-ING-00339,"Country hen, wing, with skin",SRC-IFCT2017,N010,usable_source_value,India-first primary source.
GF-ING-00340,"Duck, meat, with skin",SRC-IFCT2017,N011,usable_source_value,India-first primary source.
GF-ING-00341,"Emu, meat, skinless",SRC-IFCT2017,N012,usable_source_value,India-first primary source.
GF-ING-00342,"Guinea fowl, meat, with skin",SRC-IFCT2017,N013,usable_source_value,India-first primary source.
GF-ING-00343,"Pigeon, meat, with skin",SRC-IFCT2017,N014,usable_source_value,India-first primary source.
GF-ING-00344,"Quail, meat, skinless",SRC-IFCT2017,N015,usable_source_value,India-first primary source.
GF-ING-00345,"Turkey, leg, with skin",SRC-IFCT2017,N016,usable_source_value,India-first primary source.
GF-ING-00346,"Turkey, thigh, with skin",SRC-IFCT2017,N017,usable_source_value,India-first primary source.
GF-ING-00347,"Turkey, breast, with skin",SRC-IFCT2017,N018,usable_source_value,India-first primary source.
GF-ING-00348,"Turkey, wing, with skin",SRC-IFCT2017,N019,usable_source_value,India-first primary source.
GF-ING-00349,"Goat, shoulder, meat",SRC-IFCT2017,O001,usable_source_value,India-first primary source.
GF-ING-00350,"Goat, chops",SRC-IFCT2017,O002,usable_source_value,India-first primary source.
GF-ING-00351,"Goat, legs",SRC-IFCT2017,O003,usable_source_value,India-first primary source.
GF-ING-00352,"Goat, brain",SRC-IFCT2017,O004,usable_source_value,India-first primary source.
GF-ING-00353,"Goat, tongue",SRC-IFCT2017,O005,usable_source_value,India-first primary source.
GF-ING-00354,"Goat, lungs",SRC-IFCT2017,O006,usable_source_value,India-first primary source.
GF-ING-00355,"Goat, heart",SRC-IFCT2017,O007,usable_source_value,India-first primary source.
GF-ING-00356,"Goat, liver",SRC-IFCT2017,O008,usable_source_value,India-first primary source.
GF-ING-00357,"Goat, tripe",SRC-IFCT2017,O009,usable_source_value,India-first primary source.
GF-ING-00358,"Goat, spleen",SRC-IFCT2017,O010,usable_source_value,India-first primary source.
GF-ING-00359,"Goat, kidneys",SRC-IFCT2017,O011,usable_source_value,India-first primary source.
GF-ING-00360,"Goat, tube (small intestine)",SRC-IFCT2017,O012,usable_source_value,India-first primary source.
GF-ING-00361,"Goat, testis",SRC-IFCT2017,O013,usable_source_value,India-first primary source.
GF-ING-00362,"Sheep, shoulder",SRC-IFCT2017,O014,usable_source_value,India-first primary source.
GF-ING-00363,"Sheep, chops",SRC-IFCT2017,O015,usable_source_value,India-first primary source.
GF-ING-00364,"Sheep, leg",SRC-IFCT2017,O016,usable_source_value,India-first primary source.
GF-ING-00365,"Sheep, brain",SRC-IFCT2017,O017,usable_source_value,India-first primary source.
GF-ING-00366,"Sheep, tongue",SRC-IFCT2017,O018,usable_source_value,India-first primary source.
GF-ING-00367,"Sheep, lungs",SRC-IFCT2017,O019,usable_source_value,India-first primary source.
GF-ING-00368,"Sheep, heart",SRC-IFCT2017,O020,usable_source_value,India-first primary source.
GF-ING-00369,"Sheep, liver",SRC-IFCT2017,O021,usable_source_value,India-first primary source.
GF-ING-00370,"Sheep, tripe",SRC-IFCT2017,O022,usable_source_value,India-first primary source.
GF-ING-00371,"Sheep, spleen",SRC-IFCT2017,O023,usable_source_value,India-first primary source.
GF-ING-00372,"Sheep, kidneys",SRC-IFCT2017,O024,usable_source_value,India-first primary source.
GF-ING-00373,"Beef, shoulder",SRC-IFCT2017,O025,usable_source_value,India-first primary source.
GF-ING-00374,"Beef, chops",SRC-IFCT2017,O026,usable_source_value,India-first primary source.
GF-ING-00375,"Beef, round (leg)",SRC-IFCT2017,O027,usable_source_value,India-first primary source.
GF-ING-00376,"Beef, brain",SRC-IFCT2017,O028,usable_source_value,India-first primary source.
GF-ING-00377,"Beef, tongue",SRC-IFCT2017,O029,usable_source_value,India-first primary source.
GF-ING-00378,"Beef, lungs",SRC-IFCT2017,O030,usable_source_value,India-first primary source.
GF-ING-00379,"Beef, heart",SRC-IFCT2017,O031,usable_source_value,India-first primary source.
GF-ING-00380,"Beef, liver",SRC-IFCT2017,O032,usable_source_value,India-first primary source.
GF-ING-00381,"Beef, tripe",SRC-IFCT2017,O033,usable_source_value,India-first primary source.
GF-ING-00382,"Beef, spleen",SRC-IFCT2017,O034,usable_source_value,India-first primary source.
GF-ING-00383,"Beef, kidneys",SRC-IFCT2017,O035,usable_source_value,India-first primary source.
GF-ING-00384,"Calf, shoulder",SRC-IFCT2017,O036,usable_source_value,India-first primary source.
GF-ING-00385,"Calf, chops",SRC-IFCT2017,O037,usable_source_value,India-first primary source.
GF-ING-00386,"Calf, round (leg)",SRC-IFCT2017,O038,usable_source_value,India-first primary source.
GF-ING-00387,"Calf, brain",SRC-IFCT2017,O039,usable_source_value,India-first primary source.
GF-ING-00388,"Calf, tongue",SRC-IFCT2017,O040,usable_source_value,India-first primary source.
GF-ING-00389,"Calf, heart",SRC-IFCT2017,O041,usable_source_value,India-first primary source.
GF-ING-00390,"Calf, liver",SRC-IFCT2017,O042,usable_source_value,India-first primary source.
GF-ING-00391,"Calf, spleen",SRC-IFCT2017,O043,usable_source_value,India-first primary source.
GF-ING-00392,"Calf, kidneys",SRC-IFCT2017,O044,usable_source_value,India-first primary source.
GF-ING-00393,"Mithun, shoulder",SRC-IFCT2017,O045,usable_source_value,India-first primary source.
GF-ING-00394,"Mithun, chops",SRC-IFCT2017,O046,usable_source_value,India-first primary source.
GF-ING-00395,"Mithun, round (leg)",SRC-IFCT2017,O047,usable_source_value,India-first primary source.
GF-ING-00396,"Pork, shoulder",SRC-IFCT2017,O048,usable_source_value,India-first primary source.
GF-ING-00397,"Pork, chops",SRC-IFCT2017,O049,usable_source_value,India-first primary source.
GF-ING-00398,"Pork, ham",SRC-IFCT2017,O050,usable_source_value,India-first primary source.
GF-ING-00399,"Pork, lungs",SRC-IFCT2017,O051,usable_source_value,India-first primary source.
GF-ING-00400,"Pork, heart",SRC-IFCT2017,O052,usable_source_value,India-first primary source.
GF-ING-00401,"Pork, liver",SRC-IFCT2017,O053,usable_source_value,India-first primary source.
GF-ING-00402,"Pork, stomach",SRC-IFCT2017,O054,usable_source_value,India-first primary source.
GF-ING-00403,"Pork, spleen",SRC-IFCT2017,O055,usable_source_value,India-first primary source.
GF-ING-00404,"Pork, kidneys",SRC-IFCT2017,O056,usable_source_value,India-first primary source.
GF-ING-00405,"Pork, tube (small intestine)",SRC-IFCT2017,O057,usable_source_value,India-first primary source.
GF-ING-00406,"Hare, shoulder",SRC-IFCT2017,O058,usable_source_value,India-first primary source.
GF-ING-00407,"Hare, chops",SRC-IFCT2017,O059,usable_source_value,India-first primary source.
GF-ING-00408,"Hare, leg",SRC-IFCT2017,O060,usable_source_value,India-first primary source.
GF-ING-00409,"Rabbit, shoulder",SRC-IFCT2017,O061,usable_source_value,India-first primary source.
GF-ING-00410,"Rabbit, chops",SRC-IFCT2017,O062,usable_source_value,India-first primary source.
GF-ING-00411,"Rabbit, leg",SRC-IFCT2017,O063,usable_source_value,India-first primary source.
GF-ING-00412,Allathi,SRC-IFCT2017,P001,usable_source_value,India-first primary source.
GF-ING-00413,Aluva,SRC-IFCT2017,P002,usable_source_value,India-first primary source.
GF-ING-00414,Anchovy,SRC-IFCT2017,P003,usable_source_value,India-first primary source.
GF-ING-00415,Ari fish,SRC-IFCT2017,P004,usable_source_value,India-first primary source.
GF-ING-00416,Betki,SRC-IFCT2017,P005,usable_source_value,India-first primary source.
GF-ING-00417,Black snapper,SRC-IFCT2017,P006,usable_source_value,India-first primary source.
GF-ING-00418,Bombay duck,SRC-IFCT2017,P007,usable_source_value,India-first primary source.
GF-ING-00419,Bommuralu,SRC-IFCT2017,P008,usable_source_value,India-first primary source.
GF-ING-00420,Cat fish,SRC-IFCT2017,P009,usable_source_value,India-first primary source.
GF-ING-00421,Chakla,SRC-IFCT2017,P010,usable_source_value,India-first primary source.
GF-ING-00422,Chappal,SRC-IFCT2017,P011,usable_source_value,India-first primary source.
GF-ING-00423,Chelu,SRC-IFCT2017,P012,usable_source_value,India-first primary source.
GF-ING-00424,Chembali,SRC-IFCT2017,P013,usable_source_value,India-first primary source.
GF-ING-00425,Eri meen,SRC-IFCT2017,P014,usable_source_value,India-first primary source.
GF-ING-00426,Gobro,SRC-IFCT2017,P015,usable_source_value,India-first primary source.
GF-ING-00427,Guitar fish,SRC-IFCT2017,P016,usable_source_value,India-first primary source.
GF-ING-00428,Hilsa,SRC-IFCT2017,P017,usable_source_value,India-first primary source.
GF-ING-00429,Jallal,SRC-IFCT2017,P018,usable_source_value,India-first primary source.
GF-ING-00430,Jathi vela meen,SRC-IFCT2017,P019,usable_source_value,India-first primary source.
GF-ING-00431,Kadal bral,SRC-IFCT2017,P020,usable_source_value,India-first primary source.
GF-ING-00432,Kadali,SRC-IFCT2017,P021,usable_source_value,India-first primary source.
GF-ING-00433,Kalamaara,SRC-IFCT2017,P022,usable_source_value,India-first primary source.
GF-ING-00434,Kalava,SRC-IFCT2017,P023,usable_source_value,India-first primary source.
GF-ING-00435,Kanamayya,SRC-IFCT2017,P024,usable_source_value,India-first primary source.
GF-ING-00436,Kannadi paarai,SRC-IFCT2017,P025,usable_source_value,India-first primary source.
GF-ING-00437,Karimeen,SRC-IFCT2017,P026,usable_source_value,India-first primary source.
GF-ING-00438,Karnagawala,SRC-IFCT2017,P027,usable_source_value,India-first primary source.
GF-ING-00439,Kayrai,SRC-IFCT2017,P028,usable_source_value,India-first primary source.
GF-ING-00440,Kiriyan,SRC-IFCT2017,P029,usable_source_value,India-first primary source.
GF-ING-00441,Kite fish,SRC-IFCT2017,P030,usable_source_value,India-first primary source.
GF-ING-00442,Korka,SRC-IFCT2017,P031,usable_source_value,India-first primary source.
GF-ING-00443,Kulam paarai,SRC-IFCT2017,P032,usable_source_value,India-first primary source.
GF-ING-00444,Maagaa,SRC-IFCT2017,P033,usable_source_value,India-first primary source.
GF-ING-00445,Mackerel,SRC-IFCT2017,P034,usable_source_value,India-first primary source.
GF-ING-00446,Manda clathi,SRC-IFCT2017,P035,usable_source_value,India-first primary source.
GF-ING-00447,Matha,SRC-IFCT2017,P036,usable_source_value,India-first primary source.
GF-ING-00448,Milk fish,SRC-IFCT2017,P037,usable_source_value,India-first primary source.
GF-ING-00449,Moon fish,SRC-IFCT2017,P038,usable_source_value,India-first primary source.
GF-ING-00450,Mullet,SRC-IFCT2017,P039,usable_source_value,India-first primary source.
GF-ING-00451,Mural,SRC-IFCT2017,P040,usable_source_value,India-first primary source.
GF-ING-00452,Myil meen,SRC-IFCT2017,P041,usable_source_value,India-first primary source.
GF-ING-00453,Nalla bontha,SRC-IFCT2017,P042,usable_source_value,India-first primary source.
GF-ING-00454,Narba,SRC-IFCT2017,P043,usable_source_value,India-first primary source.
GF-ING-00455,Paarai,SRC-IFCT2017,P044,usable_source_value,India-first primary source.
GF-ING-00456,Padayappa,SRC-IFCT2017,P045,usable_source_value,India-first primary source.
GF-ING-00457,Pali kora,SRC-IFCT2017,P046,usable_source_value,India-first primary source.
GF-ING-00458,Pambada,SRC-IFCT2017,P047,usable_source_value,India-first primary source.
GF-ING-00459,Pandukopa,SRC-IFCT2017,P048,usable_source_value,India-first primary source.
GF-ING-00460,Parava,SRC-IFCT2017,P049,usable_source_value,India-first primary source.
GF-ING-00461,Parcus,SRC-IFCT2017,P050,usable_source_value,India-first primary source.
GF-ING-00462,Parrot fish,SRC-IFCT2017,P051,usable_source_value,India-first primary source.
GF-ING-00463,Perinkilichai,SRC-IFCT2017,P052,usable_source_value,India-first primary source.
GF-ING-00464,Phopat,SRC-IFCT2017,P053,usable_source_value,India-first primary source.
GF-ING-00465,Piranha,SRC-IFCT2017,P054,usable_source_value,India-first primary source.
GF-ING-00466,"Pomfret, black",SRC-IFCT2017,P055,usable_source_value,India-first primary source.
GF-ING-00467,"Pomfret, snub nose",SRC-IFCT2017,P056,usable_source_value,India-first primary source.
GF-ING-00468,"Pomfret, white",SRC-IFCT2017,P057,usable_source_value,India-first primary source.
GF-ING-00469,Pranel,SRC-IFCT2017,P058,usable_source_value,India-first primary source.
GF-ING-00470,Pulli paarai,SRC-IFCT2017,P059,usable_source_value,India-first primary source.
GF-ING-00471,Queen fish,SRC-IFCT2017,P060,usable_source_value,India-first primary source.
GF-ING-00472,Raai fish,SRC-IFCT2017,P061,usable_source_value,India-first primary source.
GF-ING-00473,Raai vanthu,SRC-IFCT2017,P062,usable_source_value,India-first primary source.
GF-ING-00474,Rani,SRC-IFCT2017,P063,usable_source_value,India-first primary source.
GF-ING-00475,"Ray fish, bow head, spotted",SRC-IFCT2017,P064,usable_source_value,India-first primary source.
GF-ING-00476,Red snapper,SRC-IFCT2017,P065,usable_source_value,India-first primary source.
GF-ING-00477,"Red snapper, small",SRC-IFCT2017,P066,usable_source_value,India-first primary source.
GF-ING-00478,Sadaya,SRC-IFCT2017,P067,usable_source_value,India-first primary source.
GF-ING-00479,Salmon,SRC-IFCT2017,P068,usable_source_value,India-first primary source.
GF-ING-00480,Sangada,SRC-IFCT2017,P069,usable_source_value,India-first primary source.
GF-ING-00481,Sankata parai,SRC-IFCT2017,P070,usable_source_value,India-first primary source.
GF-ING-00482,Sardine,SRC-IFCT2017,P071,usable_source_value,India-first primary source.
GF-ING-00483,Shark,SRC-IFCT2017,P072,usable_source_value,India-first primary source.
GF-ING-00484,"Shark, hammer head",SRC-IFCT2017,P073,usable_source_value,India-first primary source.
GF-ING-00485,"Shark, spotted",SRC-IFCT2017,P074,usable_source_value,India-first primary source.
GF-ING-00486,Shelavu,SRC-IFCT2017,P075,usable_source_value,India-first primary source.
GF-ING-00487,Silan,SRC-IFCT2017,P076,usable_source_value,India-first primary source.
GF-ING-00488,Silk fish,SRC-IFCT2017,P077,usable_source_value,India-first primary source.
GF-ING-00489,Silver carp,SRC-IFCT2017,P078,usable_source_value,India-first primary source.
GF-ING-00490,Sole fish,SRC-IFCT2017,P079,usable_source_value,India-first primary source.
GF-ING-00491,Stingray,SRC-IFCT2017,P080,usable_source_value,India-first primary source.
GF-ING-00492,Tarlava,SRC-IFCT2017,P081,usable_source_value,India-first primary source.
GF-ING-00493,Tholam,SRC-IFCT2017,P082,usable_source_value,India-first primary source.
GF-ING-00494,Tilapia,SRC-IFCT2017,P083,usable_source_value,India-first primary source.
GF-ING-00495,Tuna,SRC-IFCT2017,P084,usable_source_value,India-first primary source.
GF-ING-00496,"Tuna, striped",SRC-IFCT2017,P085,usable_source_value,India-first primary source.
GF-ING-00497,Valava,SRC-IFCT2017,P086,usable_source_value,India-first primary source.
GF-ING-00498,Vanjaram,SRC-IFCT2017,P087,usable_source_value,India-first primary source.
GF-ING-00499,Vela meen,SRC-IFCT2017,P088,usable_source_value,India-first primary source.
GF-ING-00500,Vora,SRC-IFCT2017,P089,usable_source_value,India-first primary source.
GF-ING-00501,Whale shark,SRC-IFCT2017,P090,usable_source_value,India-first primary source.
GF-ING-00502,Xiphinis,SRC-IFCT2017,P091,usable_source_value,India-first primary source.
GF-ING-00503,"Eggs, cat fish",SRC-IFCT2017,P092,usable_source_value,India-first primary source.
GF-ING-00504,Crab,SRC-IFCT2017,Q001,review_before_calorie_use,IFCT energy-to-macro reconciliation flag; preserve source value but do not silently use it as the canonical calorie value.
GF-ING-00505,"Crab, sea",SRC-IFCT2017,Q002,usable_source_value,India-first primary source.
GF-ING-00506,"Lobster, brown",SRC-IFCT2017,Q003,usable_source_value,India-first primary source.
GF-ING-00507,"Lobster, king size",SRC-IFCT2017,Q004,usable_source_value,India-first primary source.
GF-ING-00508,Mud crab,SRC-IFCT2017,Q005,usable_source_value,India-first primary source.
GF-ING-00509,Oyster,SRC-IFCT2017,Q006,usable_source_value,India-first primary source.
GF-ING-00510,"Tiger prawns, brown",SRC-IFCT2017,Q007,usable_source_value,India-first primary source.
GF-ING-00511,"Tiger Prawns, orange",SRC-IFCT2017,Q008,usable_source_value,India-first primary source.
GF-ING-00512,"Clam, green shell",SRC-IFCT2017,R001,usable_source_value,India-first primary source.
GF-ING-00513,"Clam, white shell, ribbed",SRC-IFCT2017,R002,usable_source_value,India-first primary source.
GF-ING-00514,Octopus,SRC-IFCT2017,R003,usable_source_value,India-first primary source.
GF-ING-00515,"Squid, black",SRC-IFCT2017,R004,usable_source_value,India-first primary source.
GF-ING-00516,"Squid, hard shell",SRC-IFCT2017,R005,usable_source_value,India-first primary source.
GF-ING-00517,"Squid, red",SRC-IFCT2017,R006,usable_source_value,India-first primary source.
GF-ING-00518,"Squid, white, small",SRC-IFCT2017,R007,usable_source_value,India-first primary source.
GF-ING-00519,Catla,SRC-IFCT2017,S002,usable_source_value,India-first primary source.
GF-ING-00520,Fresh water Eel,SRC-IFCT2017,S003,usable_source_value,India-first primary source.
GF-ING-00521,Gold fish,SRC-IFCT2017,S004,usable_source_value,India-first primary source.
GF-ING-00522,Pangas,SRC-IFCT2017,S005,usable_source_value,India-first primary source.
GF-ING-00523,Rohu,SRC-IFCT2017,S006,usable_source_value,India-first primary source.
GF-ING-00524,"Prawns, big",SRC-IFCT2017,S008,usable_source_value,India-first primary source.
GF-ING-00525,"Prawns, small",SRC-IFCT2017,S009,usable_source_value,India-first primary source.
GF-ING-00526,Tiger prawns,SRC-IFCT2017,S010,usable_source_value,India-first primary source.
GF-ING-00527,Coconut oil,SRC-IFCT2017,T001,review_before_calorie_use,IFCT energy-to-macro reconciliation flag; preserve source value but do not silently use it as the canonical calorie value.
GF-ING-00528,Corn oil,SRC-IFCT2017,T002,review_before_calorie_use,IFCT energy-to-macro reconciliation flag; preserve source value but do not silently use it as the canonical calorie value.
GF-ING-00529,Cotton seed oil,SRC-IFCT2017,T003,review_before_calorie_use,IFCT energy-to-macro reconciliation flag; preserve source value but do not silently use it as the canonical calorie value.
GF-ING-00530,Gingelly oil,SRC-IFCT2017,T004,review_before_calorie_use,IFCT energy-to-macro reconciliation flag; preserve source value but do not silently use it as the canonical calorie value.
GF-ING-00531,Groundnut oil,SRC-IFCT2017,T005,review_before_calorie_use,IFCT energy-to-macro reconciliation flag; preserve source value but do not silently use it as the canonical calorie value.
GF-ING-00532,Mustard oil,SRC-IFCT2017,T006,review_before_calorie_use,IFCT energy-to-macro reconciliation flag; preserve source value but do not silently use it as the canonical calorie value.
GF-ING-00533,Palm oil,SRC-IFCT2017,T007,review_before_calorie_use,IFCT energy-to-macro reconciliation flag; preserve source value but do not silently use it as the canonical calorie value.
GF-ING-00534,Rice bran oil,SRC-IFCT2017,T008,review_before_calorie_use,IFCT energy-to-macro reconciliation flag; preserve source value but do not silently use it as the canonical calorie value.
GF-ING-00535,Safflower oil,SRC-IFCT2017,T009,review_before_calorie_use,IFCT energy-to-macro reconciliation flag; preserve source value but do not silently use it as the canonical calorie value.
GF-ING-00536,Safflower oil (blended),SRC-IFCT2017,T010,review_before_calorie_use,IFCT energy-to-macro reconciliation flag; preserve source value but do not silently use it as the canonical calorie value.
GF-ING-00537,Soyabean oil,SRC-IFCT2017,T011,review_before_calorie_use,IFCT energy-to-macro reconciliation flag; preserve source value but do not silently use it as the canonical calorie value.
GF-ING-00538,Sunflower oil,SRC-IFCT2017,T012,review_before_calorie_use,IFCT energy-to-macro reconciliation flag; preserve source value but do not silently use it as the canonical calorie value.
GF-ING-00539,Ghee,SRC-IFCT2017,T013,review_before_calorie_use,IFCT energy-to-macro reconciliation flag; preserve source value but do not silently use it as the canonical calorie value.
GF-ING-00540,Vanaspati,SRC-IFCT2017,T014,review_before_calorie_use,IFCT energy-to-macro reconciliation flag; preserve source value but do not silently use it as the canonical calorie value.
GF-ING-00541,"Agar, dried",SRC-UKFCT,G509,usable_source_value,Secondary international source used where INDB did not have an IFCT ingredient record.
GF-ING-00542,Amla,SRC-UKFCT,E507,usable_source_value,Secondary international source used where INDB did not have an IFCT ingredient record.
GF-ING-00543,"Apple juice, clear, ambient and chilled",SRC-UKFCT,V500,usable_source_value,Secondary international source used where INDB did not have an IFCT ingredient record.
GF-ING-00544,"Bacon rashers, back, raw",SRC-UKFCT,O500,usable_source_value,Secondary international source used where INDB did not have an IFCT ingredient record.
GF-ING-00545,Baking powder,SRC-UKFCT,K500,usable_source_value,Secondary international source used where INDB did not have an IFCT ingredient record.
GF-ING-00546,"Bananas, raw, flesh only, weighed with skin",SRC-UKFCT,E503,usable_source_value,Secondary international source used where INDB did not have an IFCT ingredient record.
GF-ING-00547,"Basil, dried, ground",SRC-UKFCT,G511,usable_source_value,Secondary international source used where INDB did not have an IFCT ingredient record.
GF-ING-00548,"Bay leaf, dried",SRC-UKFCT,G512,usable_source_value,Secondary international source used where INDB did not have an IFCT ingredient record.
GF-ING-00549,"Beans, broad, whole, raw",SRC-UKFCT,D508,usable_source_value,Secondary international source used where INDB did not have an IFCT ingredient record.
GF-ING-00550,"Beans, chick peas, Kabuli, whole, dried, raw",SRC-UKFCT,B500,usable_source_value,Secondary international source used where INDB did not have an IFCT ingredient record.
GF-ING-00551,"Beansprouts, mung, boiled in unsalted water",SRC-UKFCT,B501,usable_source_value,Secondary international source used where INDB did not have an IFCT ingredient record.
GF-ING-00552,Bicarbonate of soda,SRC-UKFCT,K501,usable_source_value,Secondary international source used where INDB did not have an IFCT ingredient record.
GF-ING-00553,"Biscuits, digestive, plain",SRC-UKFCT,U500,usable_source_value,Secondary international source used where INDB did not have an IFCT ingredient record.
GF-ING-00554,Blueberries,SRC-UKFCT,E500,usable_source_value,Secondary international source used where INDB did not have an IFCT ingredient record.
GF-ING-00555,"Bread, brown, average",SRC-UKFCT,U501,usable_source_value,Secondary international source used where INDB did not have an IFCT ingredient record.
GF-ING-00556,"Bread, brown, toasted",SRC-UKFCT,U502,usable_source_value,Secondary international source used where INDB did not have an IFCT ingredient record.
GF-ING-00557,"Bread, white, average",SRC-UKFCT,U511,usable_source_value,Secondary international source used where INDB did not have an IFCT ingredient record.
GF-ING-00558,"Breakfast cereal, crunchy clusters type, without nuts, unfortified",SRC-UKFCT,A501,usable_source_value,Secondary international source used where INDB did not have an IFCT ingredient record.
GF-ING-00559,"Broccoli, green, raw",SRC-UKFCT,C500,usable_source_value,Secondary international source used where INDB did not have an IFCT ingredient record.
GF-ING-00560,"Buckwheat, groats",SRC-UKFCT,A514,usable_source_value,Secondary international source used where INDB did not have an IFCT ingredient record.
GF-ING-00561,"Butter, salted",SRC-UKFCT,T500,usable_source_value,Secondary international source used where INDB did not have an IFCT ingredient record.
GF-ING-00562,"Butter, unsalted",SRC-UKFCT,T501,usable_source_value,Secondary international source used where INDB did not have an IFCT ingredient record.
GF-ING-00563,"Cheese, Cheddar, English",SRC-UKFCT,L500,usable_source_value,Secondary international source used where INDB did not have an IFCT ingredient record.
GF-ING-00564,"Cheese, cottage, plain",SRC-UKFCT,L502,usable_source_value,Secondary international source used where INDB did not have an IFCT ingredient record.
GF-ING-00565,"Cheese, Feta",SRC-UKFCT,L506,usable_source_value,Secondary international source used where INDB did not have an IFCT ingredient record.
GF-ING-00566,"Cheese, Mozzarella, fresh",SRC-UKFCT,L503,usable_source_value,Secondary international source used where INDB did not have an IFCT ingredient record.
GF-ING-00567,"Cheese, processed, plain",SRC-UKFCT,L505,usable_source_value,Secondary international source used where INDB did not have an IFCT ingredient record.
GF-ING-00568,"Cheese, Ricotta",SRC-UKFCT,L511,usable_source_value,Secondary international source used where INDB did not have an IFCT ingredient record.
GF-ING-00569,"Cherries, glace",SRC-UKFCT,E511,usable_source_value,Secondary international source used where INDB did not have an IFCT ingredient record.
GF-ING-00570,"Cherries, West Indian, flesh only",SRC-UKFCT,E504,usable_source_value,Secondary international source used where INDB did not have an IFCT ingredient record.
GF-ING-00571,"Chicken, whole, corn-fed, raw, meat and skin, weighed with bone",SRC-UKFCT,N500,usable_source_value,Secondary international source used where INDB did not have an IFCT ingredient record.
GF-ING-00572,Chilli powder,SRC-UKFCT,G516,usable_source_value,Secondary international source used where INDB did not have an IFCT ingredient record.
GF-ING-00573,Chilli sauce,SRC-UKFCT,G517,usable_source_value,Secondary international source used where INDB did not have an IFCT ingredient record.
GF-ING-00574,"Chocolate, plain",SRC-UKFCT,I509,usable_source_value,Secondary international source used where INDB did not have an IFCT ingredient record.
GF-ING-00575,"Cinnamon, ground",SRC-UKFCT,G518,usable_source_value,Secondary international source used where INDB did not have an IFCT ingredient record.
GF-ING-00576,Cocoa powder,SRC-UKFCT,V501,usable_source_value,Secondary international source used where INDB did not have an IFCT ingredient record.
GF-ING-00577,Coconut milk,SRC-UKFCT,H501,usable_source_value,Secondary international source used where INDB did not have an IFCT ingredient record.
GF-ING-00578,"Coffee, powder, instant",SRC-UKFCT,V502,usable_source_value,Secondary international source used where INDB did not have an IFCT ingredient record.
GF-ING-00579,Cola,SRC-UKFCT,V503,usable_source_value,Secondary international source used where INDB did not have an IFCT ingredient record.
GF-ING-00580,"Couscous, plain, raw",SRC-UKFCT,A502,usable_source_value,Secondary international source used where INDB did not have an IFCT ingredient record.
GF-ING-00581,Cranberries,SRC-UKFCT,E501,usable_source_value,Secondary international source used where INDB did not have an IFCT ingredient record.
GF-ING-00582,Cream of tartar,SRC-UKFCT,U505,usable_source_value,Secondary international source used where INDB did not have an IFCT ingredient record.
GF-ING-00583,"Cream, fresh, single",SRC-UKFCT,L519,usable_source_value,Secondary international source used where INDB did not have an IFCT ingredient record.
GF-ING-00584,"Cream, fresh, whipping",SRC-UKFCT,L512,usable_source_value,Secondary international source used where INDB did not have an IFCT ingredient record.
GF-ING-00585,"Curly kale, raw",SRC-UKFCT,D500,usable_source_value,Secondary international source used where INDB did not have an IFCT ingredient record.
GF-ING-00586,Currants,SRC-UKFCT,E510,usable_source_value,Secondary international source used where INDB did not have an IFCT ingredient record.
GF-ING-00587,Curry powder,SRC-UKFCT,G520,usable_source_value,Secondary international source used where INDB did not have an IFCT ingredient record.
GF-ING-00588,Custard powder,SRC-UKFCT,K503,usable_source_value,Secondary international source used where INDB did not have an IFCT ingredient record.
GF-ING-00589,"Dips, sour-cream based, assorted flavours",SRC-UKFCT,X508,usable_source_value,Secondary international source used where INDB did not have an IFCT ingredient record.
GF-ING-00590,"Dressing, French",SRC-UKFCT,X510,usable_source_value,Secondary international source used where INDB did not have an IFCT ingredient record.
GF-ING-00591,"Dressing, thousand island",SRC-UKFCT,X509,usable_source_value,Secondary international source used where INDB did not have an IFCT ingredient record.
GF-ING-00592,"Drinking chocolate, powder",SRC-UKFCT,V504,usable_source_value,Secondary international source used where INDB did not have an IFCT ingredient record.
GF-ING-00593,"Energy drink, carbonated",SRC-UKFCT,V505,usable_source_value,Secondary international source used where INDB did not have an IFCT ingredient record.
GF-ING-00594,Fennel seeds,SRC-UKFCT,G510,usable_source_value,Secondary international source used where INDB did not have an IFCT ingredient record.
GF-ING-00595,"Flour, corn",SRC-UKFCT,A503,usable_source_value,Secondary international source used where INDB did not have an IFCT ingredient record.
GF-ING-00596,"Flour, gram",SRC-UKFCT,A504,usable_source_value,Secondary international source used where INDB did not have an IFCT ingredient record.
GF-ING-00597,"Flour, rice",SRC-UKFCT,A505,usable_source_value,Secondary international source used where INDB did not have an IFCT ingredient record.
GF-ING-00598,"Flour, soya",SRC-UKFCT,B503,usable_source_value,Secondary international source used where INDB did not have an IFCT ingredient record.
GF-ING-00599,"Fruit cocktail, canned in juice, whole contents",SRC-UKFCT,E516,usable_source_value,Secondary international source used where INDB did not have an IFCT ingredient record.
GF-ING-00600,"Fruit cocktail, canned in syrup, whole contents",SRC-UKFCT,V506,usable_source_value,Secondary international source used where INDB did not have an IFCT ingredient record.
GF-ING-00601,"Fruit juice drink/squash, diluted",SRC-UKFCT,V507,usable_source_value,Secondary international source used where INDB did not have an IFCT ingredient record.
GF-ING-00602,"Fruit juice drink/squash, undiluted",SRC-UKFCT,V508,usable_source_value,Secondary international source used where INDB did not have an IFCT ingredient record.
GF-ING-00603,Garam masala,SRC-UKFCT,G523,usable_source_value,Secondary international source used where INDB did not have an IFCT ingredient record.
GF-ING-00604,Garlic powder,SRC-UKFCT,G524,usable_source_value,Secondary international source used where INDB did not have an IFCT ingredient record.
GF-ING-00605,Gelatine,SRC-UKFCT,K504,usable_source_value,Secondary international source used where INDB did not have an IFCT ingredient record.
GF-ING-00606,"Ghee, butter",SRC-UKFCT,T506,usable_source_value,Secondary international source used where INDB did not have an IFCT ingredient record.
GF-ING-00607,"Gherkins, pickled, drained",SRC-UKFCT,D505,usable_source_value,Secondary international source used where INDB did not have an IFCT ingredient record.
GF-ING-00608,"Ginger, ground",SRC-UKFCT,G554,usable_source_value,Secondary international source used where INDB did not have an IFCT ingredient record.
GF-ING-00609,Ham,SRC-UKFCT,O501,usable_source_value,Secondary international source used where INDB did not have an IFCT ingredient record.
GF-ING-00610,"Hazelnuts, kernel only",SRC-UKFCT,H502,usable_source_value,Secondary international source used where INDB did not have an IFCT ingredient record.
GF-ING-00611,Honey,SRC-UKFCT,I507,usable_source_value,Secondary international source used where INDB did not have an IFCT ingredient record.
GF-ING-00612,"Ice cream, dairy, vanilla, soft scoop",SRC-UKFCT,I501,usable_source_value,Secondary international source used where INDB did not have an IFCT ingredient record.
GF-ING-00613,"Jelly, made with water",SRC-UKFCT,W501,usable_source_value,Secondary international source used where INDB did not have an IFCT ingredient record.
GF-ING-00614,"Kiwi fruit, flesh only, raw",SRC-UKFCT,E502,usable_source_value,Secondary international source used where INDB did not have an IFCT ingredient record.
GF-ING-00615,"Lamb, mince, raw",SRC-UKFCT,O502,usable_source_value,Secondary international source used where INDB did not have an IFCT ingredient record.
GF-ING-00616,"Lemons, flesh only, raw, weighed with peel and pips",SRC-UKFCT,E520,usable_source_value,Secondary international source used where INDB did not have an IFCT ingredient record.
GF-ING-00617,Marmalade,SRC-UKFCT,W502,usable_source_value,Secondary international source used where INDB did not have an IFCT ingredient record.
GF-ING-00618,"Mayonnaise, standard, retail",SRC-UKFCT,L507,usable_source_value,Secondary international source used where INDB did not have an IFCT ingredient record.
GF-ING-00619,Melon seeds,SRC-UKFCT,H500,usable_source_value,Secondary international source used where INDB did not have an IFCT ingredient record.
GF-ING-00620,"Milk, condensed, whole, sweetened",SRC-UKFCT,L508,usable_source_value,Secondary international source used where INDB did not have an IFCT ingredient record.
GF-ING-00621,"Milk, evaporated, light",SRC-UKFCT,L509,usable_source_value,Secondary international source used where INDB did not have an IFCT ingredient record.
GF-ING-00622,"Milk, skimmed, dried, fortified",SRC-UKFCT,L510,usable_source_value,Secondary international source used where INDB did not have an IFCT ingredient record.
GF-ING-00623,"Mint sauce, homemade",SRC-UKFCT,X512,usable_source_value,Secondary international source used where INDB did not have an IFCT ingredient record.
GF-ING-00624,Mixed curry spices,SRC-UKFCT,G515,usable_source_value,Secondary international source used where INDB did not have an IFCT ingredient record.
GF-ING-00625,"Mixed herbs, dried",SRC-UKFCT,G521,usable_source_value,Secondary international source used where INDB did not have an IFCT ingredient record.
GF-ING-00626,Mustard powder,SRC-UKFCT,G533,usable_source_value,Secondary international source used where INDB did not have an IFCT ingredient record.
GF-ING-00627,"Oil, coconut",SRC-UKFCT,T507,usable_source_value,Secondary international source used where INDB did not have an IFCT ingredient record.
GF-ING-00628,"Oil, olive",SRC-UKFCT,T502,usable_source_value,Secondary international source used where INDB did not have an IFCT ingredient record.
GF-ING-00629,"Oil, sesame",SRC-UKFCT,T509,usable_source_value,Secondary international source used where INDB did not have an IFCT ingredient record.
GF-ING-00630,"Oil, sunflower",SRC-UKFCT,T508,usable_source_value,Secondary international source used where INDB did not have an IFCT ingredient record.
GF-ING-00631,"Olives, green, in brine, drained, flesh and skin",SRC-UKFCT,D504,usable_source_value,Secondary international source used where INDB did not have an IFCT ingredient record.
GF-ING-00632,"Orange juice, freshly squeezed",SRC-UKFCT,E518,usable_source_value,Secondary international source used where INDB did not have an IFCT ingredient record.
GF-ING-00633,"Oregano, dried, ground",SRC-UKFCT,G526,usable_source_value,Secondary international source used where INDB did not have an IFCT ingredient record.
GF-ING-00634,Paprika,SRC-UKFCT,G545,usable_source_value,Secondary international source used where INDB did not have an IFCT ingredient record.
GF-ING-00635,"Pasta, white, dried, raw",SRC-UKFCT,A507,usable_source_value,Secondary international source used where INDB did not have an IFCT ingredient record.
GF-ING-00636,"Peaches, canned in syrup, whole contents",SRC-UKFCT,E508,usable_source_value,Secondary international source used where INDB did not have an IFCT ingredient record.
GF-ING-00637,"Peanut butter, smooth",SRC-UKFCT,B504,usable_source_value,Secondary international source used where INDB did not have an IFCT ingredient record.
GF-ING-00638,"Peanuts, dry roasted",SRC-UKFCT,B505,usable_source_value,Secondary international source used where INDB did not have an IFCT ingredient record.
GF-ING-00639,"Pears, canned in juice, whole contents",SRC-UKFCT,E509,usable_source_value,Secondary international source used where INDB did not have an IFCT ingredient record.
GF-ING-00640,"Pepper, white",SRC-UKFCT,G527,usable_source_value,Secondary international source used where INDB did not have an IFCT ingredient record.
GF-ING-00641,"Pickle, sweet",SRC-UKFCT,D506,usable_source_value,Secondary international source used where INDB did not have an IFCT ingredient record.
GF-ING-00642,"Pineapple juice, unsweetened",SRC-UKFCT,V509,usable_source_value,Secondary international source used where INDB did not have an IFCT ingredient record.
GF-ING-00643,"Pizza base, raw",SRC-UKFCT,X513,usable_source_value,Secondary international source used where INDB did not have an IFCT ingredient record.
GF-ING-00644,"Porridge oats, unfortified",SRC-UKFCT,A508,usable_source_value,Secondary international source used where INDB did not have an IFCT ingredient record.
GF-ING-00645,Pumpkin seeds,SRC-UKFCT,H518,usable_source_value,Secondary international source used where INDB did not have an IFCT ingredient record.
GF-ING-00646,"Redcurrants, raw",SRC-UKFCT,E505,usable_source_value,Secondary international source used where INDB did not have an IFCT ingredient record.
GF-ING-00647,"Rosemary, dried",SRC-UKFCT,G525,usable_source_value,Secondary international source used where INDB did not have an IFCT ingredient record.
GF-ING-00648,Saffron,SRC-UKFCT,G529,usable_source_value,Secondary international source used where INDB did not have an IFCT ingredient record.
GF-ING-00649,"Sago, raw",SRC-UKFCT,I508,usable_source_value,Secondary international source used where INDB did not have an IFCT ingredient record.
GF-ING-00650,Salami,SRC-UKFCT,O503,usable_source_value,Secondary international source used where INDB did not have an IFCT ingredient record.
GF-ING-00651,Salt,SRC-UKFCT,G528,usable_source_value,Secondary international source used where INDB did not have an IFCT ingredient record.
GF-ING-00652,"Sauces, Indian cook in, other",SRC-UKFCT,X500,usable_source_value,Secondary international source used where INDB did not have an IFCT ingredient record.
GF-ING-00653,"Sausages, premium, raw",SRC-UKFCT,O504,usable_source_value,Secondary international source used where INDB did not have an IFCT ingredient record.
GF-ING-00654,Sesame seeds,SRC-UKFCT,G513,usable_source_value,Secondary international source used where INDB did not have an IFCT ingredient record.
GF-ING-00655,"Shallots, raw",SRC-UKFCT,G546,usable_source_value,Secondary international source used where INDB did not have an IFCT ingredient record.
GF-ING-00656,"Soy sauce, light and dark varieties",SRC-UKFCT,X501,usable_source_value,Secondary international source used where INDB did not have an IFCT ingredient record.
GF-ING-00657,"Spirits, 40% volume",SRC-UKFCT,K502,usable_source_value,Secondary international source used where INDB did not have an IFCT ingredient record.
GF-ING-00658,"Spring onions, bulbs and tops, raw",SRC-UKFCT,G547,usable_source_value,Secondary international source used where INDB did not have an IFCT ingredient record.
GF-ING-00659,"Spring onions, bulbs only, raw",SRC-UKFCT,G501,usable_source_value,Secondary international source used where INDB did not have an IFCT ingredient record.
GF-ING-00660,"Stock cubes, chicken",SRC-UKFCT,K506,usable_source_value,Secondary international source used where INDB did not have an IFCT ingredient record.
GF-ING-00661,"Stock cubes, vegetable",SRC-UKFCT,K507,usable_source_value,Secondary international source used where INDB did not have an IFCT ingredient record.
GF-ING-00662,"Sugar, brown",SRC-UKFCT,I503,usable_source_value,Secondary international source used where INDB did not have an IFCT ingredient record.
GF-ING-00663,"Sugar, icing",SRC-UKFCT,I504,usable_source_value,Secondary international source used where INDB did not have an IFCT ingredient record.
GF-ING-00664,"Sugar, white",SRC-UKFCT,I502,usable_source_value,Secondary international source used where INDB did not have an IFCT ingredient record.
GF-ING-00665,Sultanas,SRC-UKFCT,E506,usable_source_value,Secondary international source used where INDB did not have an IFCT ingredient record.
GF-ING-00666,"Sweetcorn, kernels, raw",SRC-UKFCT,D503,usable_source_value,Secondary international source used where INDB did not have an IFCT ingredient record.
GF-ING-00667,"Syrup, corn, dark",SRC-UKFCT,I505,usable_source_value,Secondary international source used where INDB did not have an IFCT ingredient record.
GF-ING-00668,"Tea, black, infusion, average",SRC-UKFCT,V510,usable_source_value,Secondary international source used where INDB did not have an IFCT ingredient record.
GF-ING-00669,"Tea, green, infusion",SRC-UKFCT,V511,usable_source_value,Secondary international source used where INDB did not have an IFCT ingredient record.
GF-ING-00670,"Thyme, dried, ground",SRC-UKFCT,G531,usable_source_value,Secondary international source used where INDB did not have an IFCT ingredient record.
GF-ING-00671,"Tofu, soya bean, steamed",SRC-UKFCT,B506,usable_source_value,Secondary international source used where INDB did not have an IFCT ingredient record.
GF-ING-00672,Tomato ketchup,SRC-UKFCT,X503,usable_source_value,Secondary international source used where INDB did not have an IFCT ingredient record.
GF-ING-00673,Tomato puree,SRC-UKFCT,X504,usable_source_value,Secondary international source used where INDB did not have an IFCT ingredient record.
GF-ING-00674,"Tomato sauce, homemade",SRC-UKFCT,X505,usable_source_value,Secondary international source used where INDB did not have an IFCT ingredient record.
GF-ING-00675,"Tomatoes, cherry, raw",SRC-UKFCT,D502,usable_source_value,Secondary international source used where INDB did not have an IFCT ingredient record.
GF-ING-00676,"Turnip, flesh only, raw",SRC-UKFCT,F501,usable_source_value,Secondary international source used where INDB did not have an IFCT ingredient record.
GF-ING-00677,Vinegar,SRC-UKFCT,G532,usable_source_value,Secondary international source used where INDB did not have an IFCT ingredient record.
GF-ING-00678,"Wafers, plain ice cream wafers, not filled",SRC-UKFCT,U509,usable_source_value,Secondary international source used where INDB did not have an IFCT ingredient record.
GF-ING-00679,"Water, distilled",SRC-UKFCT,K505,usable_source_value,Secondary international source used where INDB did not have an IFCT ingredient record.
GF-ING-00680,"Watercress, raw",SRC-UKFCT,C502,usable_source_value,Secondary international source used where INDB did not have an IFCT ingredient record.
GF-ING-00681,"White sauce, savoury, made with whole milk, homemade",SRC-UKFCT,X506,usable_source_value,Secondary international source used where INDB did not have an IFCT ingredient record.
GF-ING-00682,Worcestershire sauce,SRC-UKFCT,X507,usable_source_value,Secondary international source used where INDB did not have an IFCT ingredient record.
GF-ING-00683,Yeast extract,SRC-UKFCT,G534,usable_source_value,Secondary international source used where INDB did not have an IFCT ingredient record.
GF-ING-00684,"Yogurt, whole milk, plain",SRC-UKFCT,L520,usable_source_value,Secondary international source used where INDB did not have an IFCT ingredient record.
GF-ING-00685,AJWAIN SEED WHOLE ORGANIC SPICES,SRC-USDA-FCT,G536,usable_source_value,Secondary international source used where INDB did not have an IFCT ingredient record.
GF-ING-00686,"ALMOND FLOUR, ALMOND",SRC-USDA-FCT,A513,usable_source_value,Secondary international source used where INDB did not have an IFCT ingredient record.
GF-ING-00687,ALMOND MILK,SRC-USDA-FCT,H507,usable_source_value,Secondary international source used where INDB did not have an IFCT ingredient record.
GF-ING-00688,BALSAMIC VINEGAR,SRC-USDA-FCT,G539,usable_source_value,Secondary international source used where INDB did not have an IFCT ingredient record.
GF-ING-00689,BLACK BEANS,SRC-USDA-FCT,B507,usable_source_value,Secondary international source used where INDB did not have an IFCT ingredient record.
GF-ING-00690,BLACK RICE,SRC-USDA-FCT,A509,usable_source_value,Secondary international source used where INDB did not have an IFCT ingredient record.
GF-ING-00691,"CAJUN SEASONING, CAJUN",SRC-USDA-FCT,X517,usable_source_value,Secondary international source used where INDB did not have an IFCT ingredient record.
GF-ING-00692,"Candies, gum drops, no sugar or low calorie (sorbitol)",SRC-USDA-FCT,I510,usable_source_value,Secondary international source used where INDB did not have an IFCT ingredient record.
GF-ING-00693,"Capers, canned",SRC-USDA-FCT,G542,usable_source_value,Secondary international source used where INDB did not have an IFCT ingredient record.
GF-ING-00694,"Cheese spread, cream cheese, regular",SRC-USDA-FCT,L501,usable_source_value,Secondary international source used where INDB did not have an IFCT ingredient record.
GF-ING-00695,"Cheese, cream, low fat",SRC-USDA-FCT,L518,usable_source_value,Secondary international source used where INDB did not have an IFCT ingredient record.
GF-ING-00696,"Cheese, provolone",SRC-USDA-FCT,L513,usable_source_value,Secondary international source used where INDB did not have an IFCT ingredient record.
GF-ING-00697,Chia seeds,SRC-USDA-FCT,H506,usable_source_value,Secondary international source used where INDB did not have an IFCT ingredient record.
GF-ING-00698,"Chickpeas (garbanzo beans, bengal gram), mature seeds, raw",SRC-USDA-FCT,B509,usable_source_value,Secondary international source used where INDB did not have an IFCT ingredient record.
GF-ING-00699,CRACKED WHEAT,SRC-USDA-FCT,A510,usable_source_value,Secondary international source used where INDB did not have an IFCT ingredient record.
GF-ING-00700,"Cream, fluid, light (coffee cream or table cream)",SRC-USDA-FCT,L515,usable_source_value,Secondary international source used where INDB did not have an IFCT ingredient record.
GF-ING-00701,CREAMED CORN,SRC-USDA-FCT,X518,usable_source_value,Secondary international source used where INDB did not have an IFCT ingredient record.
GF-ING-00702,"DIJON MUSTARD, DIJON",SRC-USDA-FCT,X515,usable_source_value,Secondary international source used where INDB did not have an IFCT ingredient record.
GF-ING-00703,DRIED MANGO,SRC-USDA-FCT,E514,usable_source_value,Secondary international source used where INDB did not have an IFCT ingredient record.
GF-ING-00704,"GINGER JUICE, GINGER",SRC-USDA-FCT,G548,usable_source_value,Secondary international source used where INDB did not have an IFCT ingredient record.
GF-ING-00705,"Gooseberries, raw",SRC-USDA-FCT,E515,usable_source_value,Secondary international source used where INDB did not have an IFCT ingredient record.
GF-ING-00706,HIMALAYAN BLACK SALT,SRC-USDA-FCT,G540,usable_source_value,Secondary international source used where INDB did not have an IFCT ingredient record.
GF-ING-00707,HOT DOG BUNS,SRC-USDA-FCT,U506,usable_source_value,Secondary international source used where INDB did not have an IFCT ingredient record.
GF-ING-00708,JAM,SRC-USDA-FCT,W504,usable_source_value,Secondary international source used where INDB did not have an IFCT ingredient record.
GF-ING-00709,"Lemon grass (citronella), raw",SRC-USDA-FCT,G551,usable_source_value,Secondary international source used where INDB did not have an IFCT ingredient record.
GF-ING-00710,"Lemon peel, raw",SRC-USDA-FCT,G550,usable_source_value,Secondary international source used where INDB did not have an IFCT ingredient record.
GF-ING-00711,MARGARINE,SRC-USDA-FCT,T504,usable_source_value,Secondary international source used where INDB did not have an IFCT ingredient record.
GF-ING-00712,"Milk, buttermilk, fluid, whole",SRC-USDA-FCT,L521,usable_source_value,Secondary international source used where INDB did not have an IFCT ingredient record.
GF-ING-00713,"Milk, dry, nonfat, regular, without added vitamin A and vitamin D",SRC-USDA-FCT,L516,usable_source_value,Secondary international source used where INDB did not have an IFCT ingredient record.
GF-ING-00714,"MIXED NUTS CASHEWS, ALMONDS, HAZELNUTS, PISTACHIOS, PECANS, MIXED NUTS",SRC-USDA-FCT,H505,usable_source_value,Secondary international source used where INDB did not have an IFCT ingredient record.
GF-ING-00715,MSG MONOSODIUM GLUTAMATE,SRC-USDA-FCT,G541,usable_source_value,Secondary international source used where INDB did not have an IFCT ingredient record.
GF-ING-00716,MUSTARD SAUCE,SRC-USDA-FCT,X514,usable_source_value,Secondary international source used where INDB did not have an IFCT ingredient record.
GF-ING-00717,"Nuts, coconut water (liquid from coconuts)",SRC-USDA-FCT,H508,usable_source_value,Secondary international source used where INDB did not have an IFCT ingredient record.
GF-ING-00718,"Oil, mustard",SRC-USDA-FCT,T510,usable_source_value,Secondary international source used where INDB did not have an IFCT ingredient record.
GF-ING-00719,"Orange peel, raw",SRC-USDA-FCT,G552,usable_source_value,Secondary international source used where INDB did not have an IFCT ingredient record.
GF-ING-00720,"Peppers, jalapeno, raw",SRC-USDA-FCT,G549,usable_source_value,Secondary international source used where INDB did not have an IFCT ingredient record.
GF-ING-00721,PITTED BLACK OLIVES,SRC-USDA-FCT,D507,usable_source_value,Secondary international source used where INDB did not have an IFCT ingredient record.
GF-ING-00722,"Raspberries, raw",SRC-USDA-FCT,E513,usable_source_value,Secondary international source used where INDB did not have an IFCT ingredient record.
GF-ING-00723,RICE VINEGAR,SRC-USDA-FCT,G543,usable_source_value,Secondary international source used where INDB did not have an IFCT ingredient record.
GF-ING-00724,ROASTED CHICKPEAS,SRC-USDA-FCT,B511,usable_source_value,Secondary international source used where INDB did not have an IFCT ingredient record.
GF-ING-00725,"Seeds, lotus seeds, dried",SRC-USDA-FCT,H503,usable_source_value,Secondary international source used where INDB did not have an IFCT ingredient record.
GF-ING-00726,"SIVA'S, AMHUR POWDER (DRY MANGO POWDER)",SRC-USDA-FCT,G535,usable_source_value,Secondary international source used where INDB did not have an IFCT ingredient record.
GF-ING-00727,"Sour cream, regular",SRC-USDA-FCT,L514,usable_source_value,Secondary international source used where INDB did not have an IFCT ingredient record.
GF-ING-00728,"Soybeans, mature seeds, raw",SRC-USDA-FCT,B508,usable_source_value,Secondary international source used where INDB did not have an IFCT ingredient record.
GF-ING-00729,"Spices, onion powder",SRC-USDA-FCT,G555,usable_source_value,Secondary international source used where INDB did not have an IFCT ingredient record.
GF-ING-00730,STAR ANISE,SRC-USDA-FCT,G537,usable_source_value,Secondary international source used where INDB did not have an IFCT ingredient record.
GF-ING-00731,STRAWBERRY JAM,SRC-USDA-FCT,W505,usable_source_value,Secondary international source used where INDB did not have an IFCT ingredient record.
GF-ING-00732,"SWEET SUNNAH, WHOLE BLACK SEEDS NIGELLA SATIVA",SRC-USDA-FCT,A512,usable_source_value,Secondary international source used where INDB did not have an IFCT ingredient record.
GF-ING-00733,"TUTTI FRUTTI GUMBALLS, TUTTI FRUTTI",SRC-USDA-FCT,I511,usable_source_value,Secondary international source used where INDB did not have an IFCT ingredient record.
GF-ING-00734,Vanilla extract,SRC-USDA-FCT,G544,usable_source_value,Secondary international source used where INDB did not have an IFCT ingredient record.
GF-ING-00735,"Vinegar, distilled",SRC-USDA-FCT,G538,usable_source_value,Secondary international source used where INDB did not have an IFCT ingredient record.
GF-ING-00736,"Whey, acid, fluid",SRC-USDA-FCT,L517,usable_source_value,Secondary international source used where INDB did not have an IFCT ingredient record.
GF-ING-00737,WHITE HAMBURGER BUNS,SRC-USDA-FCT,U507,usable_source_value,Secondary international source used where INDB did not have an IFCT ingredient record.
GF-ING-00738,WHOLE WHEAT HAMBURGER BUNS,SRC-USDA-FCT,U508,usable_source_value,Secondary international source used where INDB did not have an IFCT ingredient record.
GF-REC-00001,Hot tea (Garam Chai),SRC-INDB,ASC001,usable_source_value,Recipe nutrition comes from INDB; retain serving provenance.
GF-REC-00002,Instant coffee,SRC-INDB,ASC002,usable_source_value,Recipe nutrition comes from INDB; retain serving provenance.
GF-REC-00003,Espreso coffee,SRC-INDB,ASC003,usable_source_value,Recipe nutrition comes from INDB; retain serving provenance.
GF-REC-00004,Iced tea,SRC-INDB,ASC004,usable_source_value,Recipe nutrition comes from INDB; retain serving provenance.
GF-REC-00005,Raw mango drink (Aam panna),SRC-INDB,ASC005,usable_source_value,Recipe nutrition comes from INDB; retain serving provenance.
GF-REC-00006,Fruit Punch (with fresh juices),SRC-INDB,ASC006,usable_source_value,Recipe nutrition comes from INDB; retain serving provenance.
GF-REC-00007,Fruit Punch (with squashes),SRC-INDB,ASC007,usable_source_value,Recipe nutrition comes from INDB; retain serving provenance.
GF-REC-00008,Lemonade,SRC-INDB,ASC008,usable_source_value,Recipe nutrition comes from INDB; retain serving provenance.
GF-REC-00009,Lem-o-gin,SRC-INDB,ASC009,usable_source_value,Recipe nutrition comes from INDB; retain serving provenance.
GF-REC-00010,Cumin infused water (Jeere/Zeere ka pani),SRC-INDB,ASC010,usable_source_value,Recipe nutrition comes from INDB; retain serving provenance.
GF-REC-00011,Coco pine cooler,SRC-INDB,ASC011,usable_source_value,Recipe nutrition comes from INDB; retain serving provenance.
GF-REC-00012,Summer cooler,SRC-INDB,ASC012,usable_source_value,Recipe nutrition comes from INDB; retain serving provenance.
GF-REC-00013,Hot cocoa,SRC-INDB,ASC014,usable_source_value,Recipe nutrition comes from INDB; retain serving provenance.
GF-REC-00014,Cold coffee with ice cream,SRC-INDB,ASC015,usable_source_value,Recipe nutrition comes from INDB; retain serving provenance.
GF-REC-00015,Banana milkshake (Kele milkshake),SRC-INDB,ASC016,usable_source_value,Recipe nutrition comes from INDB; retain serving provenance.
GF-REC-00016,Mango milkshake (Aam milkshake),SRC-INDB,ASC017,usable_source_value,Recipe nutrition comes from INDB; retain serving provenance.
GF-REC-00017,Pineapple milkshake (Ananas milkshake),SRC-INDB,ASC018,usable_source_value,Recipe nutrition comes from INDB; retain serving provenance.
GF-REC-00018,Orange milkshake (Narangi milkshake),SRC-INDB,ASC019,usable_source_value,Recipe nutrition comes from INDB; retain serving provenance.
GF-REC-00019,Egg nog,SRC-INDB,ASC020,usable_source_value,Recipe nutrition comes from INDB; retain serving provenance.
GF-REC-00020,Sweet Lassi (Meethi lassi),SRC-INDB,ASC021,usable_source_value,Recipe nutrition comes from INDB; retain serving provenance.
GF-REC-00021,Lassi (salted),SRC-INDB,ASC022,usable_source_value,Recipe nutrition comes from INDB; retain serving provenance.
GF-REC-00022,Cheese and chilli sandwich ,SRC-INDB,ASC023,usable_source_value,Recipe nutrition comes from INDB; retain serving provenance.
GF-REC-00023,Egg sandwich (Ande ka sandwich),SRC-INDB,ASC024,usable_source_value,Recipe nutrition comes from INDB; retain serving provenance.
GF-REC-00024,Cucumber sandwich (Kheere ka sandwich),SRC-INDB,ASC025,usable_source_value,Recipe nutrition comes from INDB; retain serving provenance.
GF-REC-00025,Cheese and pineapple sandwich (Cheese aur ananas ka sandwich),SRC-INDB,ASC026,usable_source_value,Recipe nutrition comes from INDB; retain serving provenance.
GF-REC-00026,Cheese and tomato sandwich (Cheese aur tamatar ke sandwich),SRC-INDB,ASC027,usable_source_value,Recipe nutrition comes from INDB; retain serving provenance.
GF-REC-00027,Chicken sandwich,SRC-INDB,ASC028,usable_source_value,Recipe nutrition comes from INDB; retain serving provenance.
GF-REC-00028,Peanut and tomato sandwich (Moongfali aur tamatar ka sandwich),SRC-INDB,ASC029,usable_source_value,Recipe nutrition comes from INDB; retain serving provenance.
GF-REC-00029,Rainbow sandwich,SRC-INDB,ASC030,usable_source_value,Recipe nutrition comes from INDB; retain serving provenance.
GF-REC-00030,Club sandwich ,SRC-INDB,ASC031,usable_source_value,Recipe nutrition comes from INDB; retain serving provenance.
GF-REC-00031,Vegetarian club sandwich,SRC-INDB,ASC032,usable_source_value,Recipe nutrition comes from INDB; retain serving provenance.
GF-REC-00032,Pin wheel sandwich,SRC-INDB,ASC033,usable_source_value,Recipe nutrition comes from INDB; retain serving provenance.
GF-REC-00033,Carrot apple sandwich (Gajar aur seb ka sandwich),SRC-INDB,ASC034,usable_source_value,Recipe nutrition comes from INDB; retain serving provenance.
GF-REC-00034,Salami sandwich,SRC-INDB,ASC035,usable_source_value,Recipe nutrition comes from INDB; retain serving provenance.
GF-REC-00035,Vegetable and mayonnaise sandwich,SRC-INDB,ASC036,usable_source_value,Recipe nutrition comes from INDB; retain serving provenance.
GF-REC-00036,Egg and tomato sandwich (Ande aur tamatar ka sandwich),SRC-INDB,ASC037,usable_source_value,Recipe nutrition comes from INDB; retain serving provenance.
GF-REC-00037,Sweet open sandwich,SRC-INDB,ASC038,usable_source_value,Recipe nutrition comes from INDB; retain serving provenance.
GF-REC-00038,Mushroom and cheese sandwich (toasted),SRC-INDB,ASC039,usable_source_value,Recipe nutrition comes from INDB; retain serving provenance.
GF-REC-00039,Cheese and tomato sandwich (toasted) (Cheese aur tamatar ke sandwich (toasted)),SRC-INDB,ASC040,usable_source_value,Recipe nutrition comes from INDB; retain serving provenance.
GF-REC-00040,Pea potato sandwich (toasted) (Matar aloo ka sandwich),SRC-INDB,ASC041,usable_source_value,Recipe nutrition comes from INDB; retain serving provenance.
GF-REC-00041,Paneer pea sandwich (toasted) (Paneer matar ka sandwich),SRC-INDB,ASC042,usable_source_value,Recipe nutrition comes from INDB; retain serving provenance.
GF-REC-00042,Chicken sandwich (toasted),SRC-INDB,ASC043,usable_source_value,Recipe nutrition comes from INDB; retain serving provenance.
GF-REC-00043,Pea keema sandwich (toasted) (Matar aur keema ka sandwich),SRC-INDB,ASC044,usable_source_value,Recipe nutrition comes from INDB; retain serving provenance.
GF-REC-00044,Classic club sandwich,SRC-INDB,ASC045,usable_source_value,Recipe nutrition comes from INDB; retain serving provenance.
GF-REC-00045,Sesame toast,SRC-INDB,ASC046,usable_source_value,Recipe nutrition comes from INDB; retain serving provenance.
GF-REC-00046,Cracked wheat porridge (Meetha daliya),SRC-INDB,ASC047,usable_source_value,Recipe nutrition comes from INDB; retain serving provenance.
GF-REC-00047,Semolina porridge (Suji/Rava daliya),SRC-INDB,ASC048,usable_source_value,Recipe nutrition comes from INDB; retain serving provenance.
GF-REC-00048,Oatmeal Porridge,SRC-INDB,ASC050,usable_source_value,Recipe nutrition comes from INDB; retain serving provenance.
GF-REC-00049,Cornflakes with milk,SRC-INDB,ASC051,usable_source_value,Recipe nutrition comes from INDB; retain serving provenance.
GF-REC-00050,Rice flakes (Chiwda/Aval),SRC-INDB,ASC052,usable_source_value,Recipe nutrition comes from INDB; retain serving provenance.
GF-REC-00051,Wheat flakes,SRC-INDB,ASC053,usable_source_value,Recipe nutrition comes from INDB; retain serving provenance.
GF-REC-00052,Murmura (Puffed rice),SRC-INDB,ASC054,usable_source_value,Recipe nutrition comes from INDB; retain serving provenance.
GF-REC-00053,Puffed wheat (Murmure/Moori),SRC-INDB,ASC055,usable_source_value,Recipe nutrition comes from INDB; retain serving provenance.
GF-REC-00054,Boiled egg (Ubla anda),SRC-INDB,ASC056,usable_source_value,Recipe nutrition comes from INDB; retain serving provenance.
GF-REC-00055,Fried Egg ,SRC-INDB,ASC057,usable_source_value,Recipe nutrition comes from INDB; retain serving provenance.
GF-REC-00056,Poached egg,SRC-INDB,ASC058,usable_source_value,Recipe nutrition comes from INDB; retain serving provenance.
GF-REC-00057,Scrambled egg (Ande ki bhurji),SRC-INDB,ASC059,usable_source_value,Recipe nutrition comes from INDB; retain serving provenance.
GF-REC-00058,Baked egg ,SRC-INDB,ASC060,usable_source_value,Recipe nutrition comes from INDB; retain serving provenance.
GF-REC-00059,Plain omelette/omlet,SRC-INDB,ASC061,usable_source_value,Recipe nutrition comes from INDB; retain serving provenance.
GF-REC-00060,Stuffed egg omelette/omlet,SRC-INDB,ASC062,usable_source_value,Recipe nutrition comes from INDB; retain serving provenance.
GF-REC-00061,Pancake,SRC-INDB,ASC063,usable_source_value,Recipe nutrition comes from INDB; retain serving provenance.
GF-REC-00062,Keema pancake,SRC-INDB,ASC064,usable_source_value,Recipe nutrition comes from INDB; retain serving provenance.
GF-REC-00063,Vegetable pancake,SRC-INDB,ASC065,usable_source_value,Recipe nutrition comes from INDB; retain serving provenance.
GF-REC-00064,Jam and fruit pancake,SRC-INDB,ASC066,usable_source_value,Recipe nutrition comes from INDB; retain serving provenance.
GF-REC-00065,Khoa and coconut pancake,SRC-INDB,ASC067,usable_source_value,Recipe nutrition comes from INDB; retain serving provenance.
GF-REC-00066,Brown stock,SRC-INDB,ASC068,usable_source_value,Recipe nutrition comes from INDB; retain serving provenance.
GF-REC-00067,Vegetable stock,SRC-INDB,ASC069,usable_source_value,Recipe nutrition comes from INDB; retain serving provenance.
GF-REC-00068,Chicken stock,SRC-INDB,ASC070,usable_source_value,Recipe nutrition comes from INDB; retain serving provenance.
GF-REC-00069,White sauce (thin),SRC-INDB,ASC071,usable_source_value,Recipe nutrition comes from INDB; retain serving provenance.
GF-REC-00070,White sauce (medium),SRC-INDB,ASC072,usable_source_value,Recipe nutrition comes from INDB; retain serving provenance.
GF-REC-00071,White sauce (thick),SRC-INDB,ASC073,usable_source_value,Recipe nutrition comes from INDB; retain serving provenance.
GF-REC-00072,Cheese sauce,SRC-INDB,ASC074,usable_source_value,Recipe nutrition comes from INDB; retain serving provenance.
GF-REC-00073,Egg sauce,SRC-INDB,ASC075,usable_source_value,Recipe nutrition comes from INDB; retain serving provenance.
GF-REC-00074,Mushroom sauce,SRC-INDB,ASC076,usable_source_value,Recipe nutrition comes from INDB; retain serving provenance.
GF-REC-00075,Mustard sauce,SRC-INDB,ASC077,usable_source_value,Recipe nutrition comes from INDB; retain serving provenance.
GF-REC-00076,Brown sauce,SRC-INDB,ASC078,usable_source_value,Recipe nutrition comes from INDB; retain serving provenance.
GF-REC-00077,Clear tomato soup (Tamatar ka soup),SRC-INDB,ASC079,usable_source_value,Recipe nutrition comes from INDB; retain serving provenance.
GF-REC-00078,Lentil soup,SRC-INDB,ASC080,usable_source_value,Recipe nutrition comes from INDB; retain serving provenance.
GF-REC-00079,Chicken consomme (Clear chicken soup),SRC-INDB,ASC081,usable_source_value,Recipe nutrition comes from INDB; retain serving provenance.
GF-REC-00080,Cream of tomato soup,SRC-INDB,ASC082,usable_source_value,Recipe nutrition comes from INDB; retain serving provenance.
GF-REC-00081,Cream of green peas soup,SRC-INDB,ASC083,usable_source_value,Recipe nutrition comes from INDB; retain serving provenance.
GF-REC-00082,Cream of spinach soup,SRC-INDB,ASC084,usable_source_value,Recipe nutrition comes from INDB; retain serving provenance.
GF-REC-00083,Cream of mixed vegetable soup,SRC-INDB,ASC085,usable_source_value,Recipe nutrition comes from INDB; retain serving provenance.
GF-REC-00084,Cream of mushroom soup,SRC-INDB,ASC086,usable_source_value,Recipe nutrition comes from INDB; retain serving provenance.
GF-REC-00085,Chicken sweet corn soup,SRC-INDB,ASC087,usable_source_value,Recipe nutrition comes from INDB; retain serving provenance.
GF-REC-00086,Minestrone soup,SRC-INDB,ASC088,usable_source_value,Recipe nutrition comes from INDB; retain serving provenance.
GF-REC-00087,Egg drop soup,SRC-INDB,ASC089,usable_source_value,Recipe nutrition comes from INDB; retain serving provenance.
GF-REC-00088,Chinese cabbage and meat ball soup,SRC-INDB,ASC090,usable_source_value,Recipe nutrition comes from INDB; retain serving provenance.
GF-REC-00089,French onion soup,SRC-INDB,ASC091,usable_source_value,Recipe nutrition comes from INDB; retain serving provenance.
GF-REC-00090,Hot and sour soup,SRC-INDB,ASC092,usable_source_value,Recipe nutrition comes from INDB; retain serving provenance.
GF-REC-00091,Talaumein soup,SRC-INDB,ASC093,usable_source_value,Recipe nutrition comes from INDB; retain serving provenance.
GF-REC-00092,Cold cucumber soup (Thanda kheere ka soup),SRC-INDB,ASC094,usable_source_value,Recipe nutrition comes from INDB; retain serving provenance.
GF-REC-00093,Cold summer garden soup,SRC-INDB,ASC095,usable_source_value,Recipe nutrition comes from INDB; retain serving provenance.
GF-REC-00094,Chapati/Roti,SRC-INDB,ASC096,usable_source_value,Recipe nutrition comes from INDB; retain serving provenance.
GF-REC-00095,Plain parantha/paratha,SRC-INDB,ASC097,usable_source_value,Recipe nutrition comes from INDB; retain serving provenance.
GF-REC-00096,Potato parantha/paratha (Aloo ka parantha/paratha),SRC-INDB,ASC098,usable_source_value,Recipe nutrition comes from INDB; retain serving provenance.
GF-REC-00097,Radish parantha/paratha (Mooli ka parantha/paratha),SRC-INDB,ASC099,usable_source_value,Recipe nutrition comes from INDB; retain serving provenance.
GF-REC-00098,Cauliflower parantha/paratha (Phoolgobhi ka parantha/paratha),SRC-INDB,ASC100,usable_source_value,Recipe nutrition comes from INDB; retain serving provenance.
GF-REC-00099,Dal parantha/paratha,SRC-INDB,ASC101,usable_source_value,Recipe nutrition comes from INDB; retain serving provenance.
GF-REC-00100,Sprouted moong parantha/paratha,SRC-INDB,ASC102,usable_source_value,Recipe nutrition comes from INDB; retain serving provenance.
GF-REC-00101,Pea parantha/paratha (Matar ka parantha/paratha),SRC-INDB,ASC103,usable_source_value,Recipe nutrition comes from INDB; retain serving provenance.
GF-REC-00102,Keema parantha/paratha,SRC-INDB,ASC104,usable_source_value,Recipe nutrition comes from INDB; retain serving provenance.
GF-REC-00103,Paneer parantha/paratha,SRC-INDB,ASC105,usable_source_value,Recipe nutrition comes from INDB; retain serving provenance.
GF-REC-00104,Besan and spinach parantha/paratha (Besan aur palak ka parantha/paratha),SRC-INDB,ASC106,usable_source_value,Recipe nutrition comes from INDB; retain serving provenance.
GF-REC-00105,Poori,SRC-INDB,ASC107,usable_source_value,Recipe nutrition comes from INDB; retain serving provenance.
GF-REC-00106,Spinach poori (Palak poori),SRC-INDB,ASC108,usable_source_value,Recipe nutrition comes from INDB; retain serving provenance.
GF-REC-00107,Methi poori,SRC-INDB,ASC109,usable_source_value,Recipe nutrition comes from INDB; retain serving provenance.
GF-REC-00108,Dal stuffed poori,SRC-INDB,ASC110,usable_source_value,Recipe nutrition comes from INDB; retain serving provenance.
GF-REC-00109,Potato stuffed poori (Aloo ki poori),SRC-INDB,ASC111,usable_source_value,Recipe nutrition comes from INDB; retain serving provenance.
GF-REC-00110,Tandoori parantha/paratha,SRC-INDB,ASC112,usable_source_value,Recipe nutrition comes from INDB; retain serving provenance.
GF-REC-00111,Boiled rice (Uble chawal),SRC-INDB,ASC113,usable_source_value,Recipe nutrition comes from INDB; retain serving provenance.
GF-REC-00112,Plain pulao,SRC-INDB,ASC114,usable_source_value,Recipe nutrition comes from INDB; retain serving provenance.
GF-REC-00113,Mixed vegetable pulao,SRC-INDB,ASC115,usable_source_value,Recipe nutrition comes from INDB; retain serving provenance.
GF-REC-00114,Mushroom pulao,SRC-INDB,ASC116,usable_source_value,Recipe nutrition comes from INDB; retain serving provenance.
GF-REC-00115,Sprouted moong pulao,SRC-INDB,ASC117,usable_source_value,Recipe nutrition comes from INDB; retain serving provenance.
GF-REC-00116,Paneer pulao,SRC-INDB,ASC118,usable_source_value,Recipe nutrition comes from INDB; retain serving provenance.
GF-REC-00117,Peanut pulao ,SRC-INDB,ASC119,usable_source_value,Recipe nutrition comes from INDB; retain serving provenance.
GF-REC-00118,Navratan pulao,SRC-INDB,ASC120,usable_source_value,Recipe nutrition comes from INDB; retain serving provenance.
GF-REC-00119,Green chickpeas pulao (Choliya pulao/Hare chane ka pulao),SRC-INDB,ASC121,usable_source_value,Recipe nutrition comes from INDB; retain serving provenance.
GF-REC-00120,Mutton biryani/biriyani,SRC-INDB,ASC122,usable_source_value,Recipe nutrition comes from INDB; retain serving provenance.
GF-REC-00121,Vegetable biryani/biriyani,SRC-INDB,ASC123,usable_source_value,Recipe nutrition comes from INDB; retain serving provenance.
GF-REC-00122,"Lemon rice (Pulihora, Elumichai sadam, Chitranna)",SRC-INDB,ASC124,usable_source_value,Recipe nutrition comes from INDB; retain serving provenance.
GF-REC-00123,Sweet rice (Meethe chawal),SRC-INDB,ASC125,usable_source_value,Recipe nutrition comes from INDB; retain serving provenance.
GF-REC-00124,Curd rice (Dahi bhaat/Dahi chawal/ Perugu annam/Daddojanam/Thayir saadam),SRC-INDB,ASC126,usable_source_value,Recipe nutrition comes from INDB; retain serving provenance.
GF-REC-00125,Tamarind rice (Chintapandu pulihora/Puliyodharai/Puli sadam/Huli anna),SRC-INDB,ASC127,usable_source_value,Recipe nutrition comes from INDB; retain serving provenance.
GF-REC-00126,Spanish rice,SRC-INDB,ASC128,usable_source_value,Recipe nutrition comes from INDB; retain serving provenance.
GF-REC-00127,Chinese fried rice,SRC-INDB,ASC129,usable_source_value,Recipe nutrition comes from INDB; retain serving provenance.
GF-REC-00128,Classic italian pasta,SRC-INDB,ASC130,usable_source_value,Recipe nutrition comes from INDB; retain serving provenance.
GF-REC-00129,Pasta spinach sauce,SRC-INDB,ASC131,usable_source_value,Recipe nutrition comes from INDB; retain serving provenance.
GF-REC-00130,Pasta cheese sauce,SRC-INDB,ASC132,usable_source_value,Recipe nutrition comes from INDB; retain serving provenance.
GF-REC-00131,Macroni cheese pie,SRC-INDB,ASC133,usable_source_value,Recipe nutrition comes from INDB; retain serving provenance.
GF-REC-00132,Vegetable chowmein,SRC-INDB,ASC134,usable_source_value,Recipe nutrition comes from INDB; retain serving provenance.
GF-REC-00133,Chicken chowmein,SRC-INDB,ASC135,usable_source_value,Recipe nutrition comes from INDB; retain serving provenance.
GF-REC-00134,Cheese noodle ring,SRC-INDB,ASC136,usable_source_value,Recipe nutrition comes from INDB; retain serving provenance.
GF-REC-00135,Spaghetti and cheese balls in tomato sauce,SRC-INDB,ASC137,usable_source_value,Recipe nutrition comes from INDB; retain serving provenance.
GF-REC-00136,Penne platter,SRC-INDB,ASC138,usable_source_value,Recipe nutrition comes from INDB; retain serving provenance.
GF-REC-00137,Pasta hot pot,SRC-INDB,ASC139,usable_source_value,Recipe nutrition comes from INDB; retain serving provenance.
GF-REC-00138,Chicken lasagne,SRC-INDB,ASC140,usable_source_value,Recipe nutrition comes from INDB; retain serving provenance.
GF-REC-00139,Fettuccine with spinach sauce,SRC-INDB,ASC141,usable_source_value,Recipe nutrition comes from INDB; retain serving provenance.
GF-REC-00140,Naan,SRC-INDB,ASC142,usable_source_value,Recipe nutrition comes from INDB; retain serving provenance.
GF-REC-00141,Bhatura,SRC-INDB,ASC143,usable_source_value,Recipe nutrition comes from INDB; retain serving provenance.
GF-REC-00142,Idli,SRC-INDB,ASC144,usable_source_value,Recipe nutrition comes from INDB; retain serving provenance.
GF-REC-00143,Masala dosa,SRC-INDB,ASC146,usable_source_value,Recipe nutrition comes from INDB; retain serving provenance.
GF-REC-00144,Semolina dosa (Suji/Rava dosa),SRC-INDB,ASC147,usable_source_value,Recipe nutrition comes from INDB; retain serving provenance.
GF-REC-00145,Onion tomato uttapam,SRC-INDB,ASC148,usable_source_value,Recipe nutrition comes from INDB; retain serving provenance.
GF-REC-00146,Paneer kaathi roll,SRC-INDB,ASC149,usable_source_value,Recipe nutrition comes from INDB; retain serving provenance.
GF-REC-00147,Makki ki roti,SRC-INDB,ASC150,usable_source_value,Recipe nutrition comes from INDB; retain serving provenance.
GF-REC-00148,Washed moong dal (Dhuli moong ki dal),SRC-INDB,ASC151,usable_source_value,Recipe nutrition comes from INDB; retain serving provenance.
GF-REC-00149,Washed urad dal (Dhuli urad ki dal),SRC-INDB,ASC152,usable_source_value,Recipe nutrition comes from INDB; retain serving provenance.
GF-REC-00150,Split bengal gram with bottle gourd (Channa dal with ghiya/lauki),SRC-INDB,ASC153,usable_source_value,Recipe nutrition comes from INDB; retain serving provenance.
GF-REC-00151,Dry washed urad,SRC-INDB,ASC154,usable_source_value,Recipe nutrition comes from INDB; retain serving provenance.
GF-REC-00152,Mixed dal,SRC-INDB,ASC155,usable_source_value,Recipe nutrition comes from INDB; retain serving provenance.
GF-REC-00153,Whole moong (Moong ki dal),SRC-INDB,ASC156,usable_source_value,Recipe nutrition comes from INDB; retain serving provenance.
GF-REC-00154,Whole masoor (Masoor ki dal),SRC-INDB,ASC157,usable_source_value,Recipe nutrition comes from INDB; retain serving provenance.
GF-REC-00155,Whole moth (Moth ki dal),SRC-INDB,ASC158,usable_source_value,Recipe nutrition comes from INDB; retain serving provenance.
GF-REC-00156,Whole urad (Urad ki dal),SRC-INDB,ASC159,usable_source_value,Recipe nutrition comes from INDB; retain serving provenance.
GF-REC-00157,Moti mahal dal (Urad rajmah mix dal),SRC-INDB,ASC160,usable_source_value,Recipe nutrition comes from INDB; retain serving provenance.
GF-REC-00158,Black channa curry/Bengal gram curry (Kale chane ki curry),SRC-INDB,ASC161,usable_source_value,Recipe nutrition comes from INDB; retain serving provenance.
GF-REC-00159,Chickpeas curry (Safed channa curry),SRC-INDB,ASC162,usable_source_value,Recipe nutrition comes from INDB; retain serving provenance.
GF-REC-00160,Lobia curry,SRC-INDB,ASC163,usable_source_value,Recipe nutrition comes from INDB; retain serving provenance.
GF-REC-00161,Soyabean curry,SRC-INDB,ASC164,usable_source_value,Recipe nutrition comes from INDB; retain serving provenance.
GF-REC-00162,Kidney bean curry (Rajmah curry),SRC-INDB,ASC165,usable_source_value,Recipe nutrition comes from INDB; retain serving provenance.
GF-REC-00163,Sambar,SRC-INDB,ASC167,usable_source_value,Recipe nutrition comes from INDB; retain serving provenance.
GF-REC-00164,Besan kadhi with pakodies,SRC-INDB,ASC168,usable_source_value,Recipe nutrition comes from INDB; retain serving provenance.
GF-REC-00165,Khatta channa,SRC-INDB,ASC169,usable_source_value,Recipe nutrition comes from INDB; retain serving provenance.
GF-REC-00166,Sprouted moong dal chat,SRC-INDB,ASC170,usable_source_value,Recipe nutrition comes from INDB; retain serving provenance.
GF-REC-00167,Potato cauliflower (Aloo gobhi),SRC-INDB,ASC171,usable_source_value,Recipe nutrition comes from INDB; retain serving provenance.
GF-REC-00168,Potato capsicum (Shimla mirch aloo),SRC-INDB,ASC172,usable_source_value,Recipe nutrition comes from INDB; retain serving provenance.
GF-REC-00169,Cabbage and peas (Pattagobhi aur matar),SRC-INDB,ASC173,usable_source_value,Recipe nutrition comes from INDB; retain serving provenance.
GF-REC-00170,Carrot and fenugreek leaves (Gajar methi),SRC-INDB,ASC174,usable_source_value,Recipe nutrition comes from INDB; retain serving provenance.
GF-REC-00171,Potato fenugreek (Aloo methi),SRC-INDB,ASC175,usable_source_value,Recipe nutrition comes from INDB; retain serving provenance.
GF-REC-00172,Brinjal bhartha (Baingan ka bhartha),SRC-INDB,ASC177,usable_source_value,Recipe nutrition comes from INDB; retain serving provenance.
GF-REC-00173,Dry potato (Sookhe aloo),SRC-INDB,ASC178,usable_source_value,Recipe nutrition comes from INDB; retain serving provenance.
GF-REC-00174,Beans with coconut (Nariyal aur sem/phali; Beans thoran),SRC-INDB,ASC179,usable_source_value,Recipe nutrition comes from INDB; retain serving provenance.
GF-REC-00175,Cauliflower with coconut (Nariyal ke saath phoolgobhi),SRC-INDB,ASC180,usable_source_value,Recipe nutrition comes from INDB; retain serving provenance.
GF-REC-00176,Carrot and cabbage with coconut (Nariyal ke saath pattagobhi aur gajar),SRC-INDB,ASC181,usable_source_value,Recipe nutrition comes from INDB; retain serving provenance.
GF-REC-00177,Raw turnip with coconut ,SRC-INDB,ASC182,usable_source_value,Recipe nutrition comes from INDB; retain serving provenance.
GF-REC-00178,Raw papaya with coconut (Papaya thoran),SRC-INDB,ASC183,usable_source_value,Recipe nutrition comes from INDB; retain serving provenance.
GF-REC-00179,Stuffed okra (Bharwa bhindi),SRC-INDB,ASC184,usable_source_value,Recipe nutrition comes from INDB; retain serving provenance.
GF-REC-00180,Stuffed round gourd (Bharwa tinde),SRC-INDB,ASC185,usable_source_value,Recipe nutrition comes from INDB; retain serving provenance.
GF-REC-00181,Stuffed capsicum (Bharwa shimla mirch),SRC-INDB,ASC186,usable_source_value,Recipe nutrition comes from INDB; retain serving provenance.
GF-REC-00182,Stuffed brinjal (Bharwa baingan),SRC-INDB,ASC187,usable_source_value,Recipe nutrition comes from INDB; retain serving provenance.
GF-REC-00183,Stuffed tomatoes (Bharwa tamatar),SRC-INDB,ASC189,usable_source_value,Recipe nutrition comes from INDB; retain serving provenance.
GF-REC-00184,Pea potato curry (Aloo matar),SRC-INDB,ASC190,usable_source_value,Recipe nutrition comes from INDB; retain serving provenance.
GF-REC-00185,Pea paneer curry (Matar paneer),SRC-INDB,ASC191,usable_source_value,Recipe nutrition comes from INDB; retain serving provenance.
GF-REC-00186,Pea mushroom curry (Matar mushroom),SRC-INDB,ASC192,usable_source_value,Recipe nutrition comes from INDB; retain serving provenance.
GF-REC-00187,Pea curry (Matar ki sabzi),SRC-INDB,ASC193,usable_source_value,Recipe nutrition comes from INDB; retain serving provenance.
GF-REC-00188,Pea vadi curry,SRC-INDB,ASC194,usable_source_value,Recipe nutrition comes from INDB; retain serving provenance.
GF-REC-00189,Paneer curry,SRC-INDB,ASC195,usable_source_value,Recipe nutrition comes from INDB; retain serving provenance.
GF-REC-00190,Lotus stem curry (Kamal kakdi curry),SRC-INDB,ASC196,usable_source_value,Recipe nutrition comes from INDB; retain serving provenance.
GF-REC-00191,Gravy for kofta,SRC-INDB,ASC197,usable_source_value,Recipe nutrition comes from INDB; retain serving provenance.
GF-REC-00192,Pea kofta curry (Matar kofta curry),SRC-INDB,ASC198,usable_source_value,Recipe nutrition comes from INDB; retain serving provenance.
GF-REC-00193,Spinach kofta curry (Palak kofta curry),SRC-INDB,ASC199,usable_source_value,Recipe nutrition comes from INDB; retain serving provenance.
GF-REC-00194,Paneer kofta curry,SRC-INDB,ASC200,usable_source_value,Recipe nutrition comes from INDB; retain serving provenance.
GF-REC-00195,Lotus stem kofta curry (Kamal kakdi kofta curry),SRC-INDB,ASC201,usable_source_value,Recipe nutrition comes from INDB; retain serving provenance.
GF-REC-00196,Raw banana kofta curry (Kela kofta curry),SRC-INDB,ASC202,usable_source_value,Recipe nutrition comes from INDB; retain serving provenance.
GF-REC-00197,Cauliflower kofta curry (Phoolgobhi kofta curry),SRC-INDB,ASC203,usable_source_value,Recipe nutrition comes from INDB; retain serving provenance.
GF-REC-00198,Cabbage kofta curry (Pattagobhi kofta curry),SRC-INDB,ASC204,usable_source_value,Recipe nutrition comes from INDB; retain serving provenance.
GF-REC-00199,Ghiya/Lauki Kofta Curry,SRC-INDB,ASC205,usable_source_value,Recipe nutrition comes from INDB; retain serving provenance.
GF-REC-00200,Spinach paneer kofta curry (Palak paneer kofta curry),SRC-INDB,ASC206,usable_source_value,Recipe nutrition comes from INDB; retain serving provenance.
GF-REC-00201,Vegetarian egg kofta curry,SRC-INDB,ASC207,usable_source_value,Recipe nutrition comes from INDB; retain serving provenance.
GF-REC-00202,Baked vegetables,SRC-INDB,ASC208,usable_source_value,Recipe nutrition comes from INDB; retain serving provenance.
GF-REC-00203,Cauliflower musallam (Phoolgobhi musallam),SRC-INDB,ASC209,usable_source_value,Recipe nutrition comes from INDB; retain serving provenance.
GF-REC-00204,Baked vegetables with spinach ,SRC-INDB,ASC210,usable_source_value,Recipe nutrition comes from INDB; retain serving provenance.
GF-REC-00205,Baked potato with skin ,SRC-INDB,ASC211,usable_source_value,Recipe nutrition comes from INDB; retain serving provenance.
GF-REC-00206,Shepherd's pie (vegetarian),SRC-INDB,ASC212,usable_source_value,Recipe nutrition comes from INDB; retain serving provenance.
GF-REC-00207,Baked brinjal in tomato sauce,SRC-INDB,ASC213,usable_source_value,Recipe nutrition comes from INDB; retain serving provenance.
GF-REC-00208,Dum aloo,SRC-INDB,ASC214,usable_source_value,Recipe nutrition comes from INDB; retain serving provenance.
GF-REC-00209,Spinach paneer (Palak paneer),SRC-INDB,ASC215,usable_source_value,Recipe nutrition comes from INDB; retain serving provenance.
GF-REC-00210,Methi chaman,SRC-INDB,ASC216,usable_source_value,Recipe nutrition comes from INDB; retain serving provenance.
GF-REC-00211,Sarson ka saag,SRC-INDB,ASC217,usable_source_value,Recipe nutrition comes from INDB; retain serving provenance.
GF-REC-00212,Jackfruit sabzi (Kathal ki sabzi),SRC-INDB,ASC218,usable_source_value,Recipe nutrition comes from INDB; retain serving provenance.
GF-REC-00213,Avial,SRC-INDB,ASC219,usable_source_value,Recipe nutrition comes from INDB; retain serving provenance.
GF-REC-00214,Al yakhani,SRC-INDB,ASC220,usable_source_value,Recipe nutrition comes from INDB; retain serving provenance.
GF-REC-00215,Shahi paneer,SRC-INDB,ASC221,usable_source_value,Recipe nutrition comes from INDB; retain serving provenance.
GF-REC-00216,Paneer in butter sauce,SRC-INDB,ASC222,usable_source_value,Recipe nutrition comes from INDB; retain serving provenance.
GF-REC-00217,Methi malai paneer,SRC-INDB,ASC223,usable_source_value,Recipe nutrition comes from INDB; retain serving provenance.
GF-REC-00218,Chilli paneer,SRC-INDB,ASC224,usable_source_value,Recipe nutrition comes from INDB; retain serving provenance.
GF-REC-00219,Paneer makhana korma,SRC-INDB,ASC225,usable_source_value,Recipe nutrition comes from INDB; retain serving provenance.
GF-REC-00220,Kadhai Paneer,SRC-INDB,ASC226,usable_source_value,Recipe nutrition comes from INDB; retain serving provenance.
GF-REC-00221,Roghan josh,SRC-INDB,ASC227,usable_source_value,Recipe nutrition comes from INDB; retain serving provenance.
GF-REC-00222,Spinach mutton (Palak mutton),SRC-INDB,ASC228,usable_source_value,Recipe nutrition comes from INDB; retain serving provenance.
GF-REC-00223,Pea keema curry (Matar keema ki sabzi),SRC-INDB,ASC229,usable_source_value,Recipe nutrition comes from INDB; retain serving provenance.
GF-REC-00224,Keema kofta curry,SRC-INDB,ASC230,usable_source_value,Recipe nutrition comes from INDB; retain serving provenance.
GF-REC-00225,Kashmiri mutton koftas (Gushtaba),SRC-INDB,ASC231,usable_source_value,Recipe nutrition comes from INDB; retain serving provenance.
GF-REC-00226,Mutton yakhni,SRC-INDB,ASC232,usable_source_value,Recipe nutrition comes from INDB; retain serving provenance.
GF-REC-00227,Chicken yakhni,SRC-INDB,ASC233,usable_source_value,Recipe nutrition comes from INDB; retain serving provenance.
GF-REC-00228,Mutton do piaza,SRC-INDB,ASC234,usable_source_value,Recipe nutrition comes from INDB; retain serving provenance.
GF-REC-00229,Mutton chops,SRC-INDB,ASC236,usable_source_value,Recipe nutrition comes from INDB; retain serving provenance.
GF-REC-00230,Shammi kebab,SRC-INDB,ASC237,usable_source_value,Recipe nutrition comes from INDB; retain serving provenance.
GF-REC-00231,Scotch egg,SRC-INDB,ASC238,usable_source_value,Recipe nutrition comes from INDB; retain serving provenance.
GF-REC-00232,Chicken curry,SRC-INDB,ASC240,usable_source_value,Recipe nutrition comes from INDB; retain serving provenance.
GF-REC-00233,Tandoori chicken,SRC-INDB,ASC241,usable_source_value,Recipe nutrition comes from INDB; retain serving provenance.
GF-REC-00234,Butter chicken,SRC-INDB,ASC242,usable_source_value,Recipe nutrition comes from INDB; retain serving provenance.
GF-REC-00235,Chicken kebab,SRC-INDB,ASC243,usable_source_value,Recipe nutrition comes from INDB; retain serving provenance.
GF-REC-00236,Chilli chicken,SRC-INDB,ASC244,usable_source_value,Recipe nutrition comes from INDB; retain serving provenance.
GF-REC-00237,Fried chicken with tomato sauce (Fried chicken tamatar ki chutney kay saath),SRC-INDB,ASC245,usable_source_value,Recipe nutrition comes from INDB; retain serving provenance.
GF-REC-00238,Fish curry (Machli curry),SRC-INDB,ASC246,usable_source_value,Recipe nutrition comes from INDB; retain serving provenance.
GF-REC-00239,Fried fish (Indian style) (Tali hui machli),SRC-INDB,ASC247,usable_source_value,Recipe nutrition comes from INDB; retain serving provenance.
GF-REC-00240,Fried fish and Chips (English Style) (Tali hui machli aur chips),SRC-INDB,ASC248,usable_source_value,Recipe nutrition comes from INDB; retain serving provenance.
GF-REC-00241,Tomato fish,SRC-INDB,ASC249,usable_source_value,Recipe nutrition comes from INDB; retain serving provenance.
GF-REC-00242,Baked fish with cheese sauce,SRC-INDB,ASC250,usable_source_value,Recipe nutrition comes from INDB; retain serving provenance.
GF-REC-00243,Fish tikka,SRC-INDB,ASC251,usable_source_value,Recipe nutrition comes from INDB; retain serving provenance.
GF-REC-00244,Tandoori fish,SRC-INDB,ASC252,usable_source_value,Recipe nutrition comes from INDB; retain serving provenance.
GF-REC-00245,"Paneer, apple and pineapple salad",SRC-INDB,ASC253,usable_source_value,Recipe nutrition comes from INDB; retain serving provenance.
GF-REC-00246,Russian salad,SRC-INDB,ASC254,usable_source_value,Recipe nutrition comes from INDB; retain serving provenance.
GF-REC-00247,Pasta salad,SRC-INDB,ASC255,usable_source_value,Recipe nutrition comes from INDB; retain serving provenance.
GF-REC-00248,Deviled egg,SRC-INDB,ASC256,usable_source_value,Recipe nutrition comes from INDB; retain serving provenance.
GF-REC-00249,Hawain salad,SRC-INDB,ASC257,usable_source_value,Recipe nutrition comes from INDB; retain serving provenance.
GF-REC-00250,Mixed pulse and vegetable salad,SRC-INDB,ASC258,usable_source_value,Recipe nutrition comes from INDB; retain serving provenance.
GF-REC-00251,Sprouted moong salad ,SRC-INDB,ASC259,usable_source_value,Recipe nutrition comes from INDB; retain serving provenance.
GF-REC-00252,Tossed salad,SRC-INDB,ASC260,usable_source_value,Recipe nutrition comes from INDB; retain serving provenance.
GF-REC-00253,Mixed vegetable salad with curd sauce,SRC-INDB,ASC261,usable_source_value,Recipe nutrition comes from INDB; retain serving provenance.
GF-REC-00254,Potato salad (Aloo ka salaad),SRC-INDB,ASC262,usable_source_value,Recipe nutrition comes from INDB; retain serving provenance.
GF-REC-00255,Waldroff salad,SRC-INDB,ASC263,usable_source_value,Recipe nutrition comes from INDB; retain serving provenance.
GF-REC-00256,Coleslaw,SRC-INDB,ASC264,usable_source_value,Recipe nutrition comes from INDB; retain serving provenance.
GF-REC-00257,Fruit salad (Phalon ka salaad),SRC-INDB,ASC265,usable_source_value,Recipe nutrition comes from INDB; retain serving provenance.
GF-REC-00258,Mayonnaise,SRC-INDB,ASC266,usable_source_value,Recipe nutrition comes from INDB; retain serving provenance.
GF-REC-00259,Low calorie quick mayonnaise,SRC-INDB,ASC267,usable_source_value,Recipe nutrition comes from INDB; retain serving provenance.
GF-REC-00260,Thousand island dressing,SRC-INDB,ASC268,usable_source_value,Recipe nutrition comes from INDB; retain serving provenance.
GF-REC-00261,Tomato onion raita (Tamatar aur pyaaz ka raita),SRC-INDB,ASC269,usable_source_value,Recipe nutrition comes from INDB; retain serving provenance.
GF-REC-00262,Peanut raita (Mungfali ka raita),SRC-INDB,ASC270,usable_source_value,Recipe nutrition comes from INDB; retain serving provenance.
GF-REC-00263,Sprouted moong raita ,SRC-INDB,ASC271,usable_source_value,Recipe nutrition comes from INDB; retain serving provenance.
GF-REC-00264,Bottle gourd raita (Ghiya/Lauki ka raita),SRC-INDB,ASC272,usable_source_value,Recipe nutrition comes from INDB; retain serving provenance.
GF-REC-00265,Cucumber raita (Kheere ka raita),SRC-INDB,ASC273,usable_source_value,Recipe nutrition comes from INDB; retain serving provenance.
GF-REC-00266,Carrot and spinach raita (Gajar aur palak ka raita),SRC-INDB,ASC274,usable_source_value,Recipe nutrition comes from INDB; retain serving provenance.
GF-REC-00267,Mint raita (Pudinay ka raita),SRC-INDB,ASC275,usable_source_value,Recipe nutrition comes from INDB; retain serving provenance.
GF-REC-00268,Potato raita (Aloo ka raita),SRC-INDB,ASC276,usable_source_value,Recipe nutrition comes from INDB; retain serving provenance.
GF-REC-00269,Boondi raita,SRC-INDB,ASC277,usable_source_value,Recipe nutrition comes from INDB; retain serving provenance.
GF-REC-00270,Sweet raita (Meetha raita),SRC-INDB,ASC278,usable_source_value,Recipe nutrition comes from INDB; retain serving provenance.
GF-REC-00271,Dahi vadas/Dahi bhalla,SRC-INDB,ASC279,usable_source_value,Recipe nutrition comes from INDB; retain serving provenance.
GF-REC-00272,Gunjia,SRC-INDB,ASC280,usable_source_value,Recipe nutrition comes from INDB; retain serving provenance.
GF-REC-00273,Saunth/Sonth chutney with tamarind/imli,SRC-INDB,ASC281,usable_source_value,Recipe nutrition comes from INDB; retain serving provenance.
GF-REC-00274,Rice kheer (Chawal ki kheer),SRC-INDB,ASC282,usable_source_value,Recipe nutrition comes from INDB; retain serving provenance.
GF-REC-00275,Makhana kheer,SRC-INDB,ASC283,usable_source_value,Recipe nutrition comes from INDB; retain serving provenance.
GF-REC-00276,Vermicelli kheer (Semiya/Seviyan ki kheer),SRC-INDB,ASC285,usable_source_value,Recipe nutrition comes from INDB; retain serving provenance.
GF-REC-00277,Semolina kheer (Suji/Rava kheer),SRC-INDB,ASC286,usable_source_value,Recipe nutrition comes from INDB; retain serving provenance.
GF-REC-00278,Paneer kheer,SRC-INDB,ASC287,usable_source_value,Recipe nutrition comes from INDB; retain serving provenance.
GF-REC-00279,Cabbage kheer (Pattagobhi ki kheer),SRC-INDB,ASC288,usable_source_value,Recipe nutrition comes from INDB; retain serving provenance.
GF-REC-00280,Carrot kheer (Gajar ki kheer),SRC-INDB,ASC289,usable_source_value,Recipe nutrition comes from INDB; retain serving provenance.
GF-REC-00281,Cauliflower kheer (Phoolgobhi ki kheer),SRC-INDB,ASC290,usable_source_value,Recipe nutrition comes from INDB; retain serving provenance.
GF-REC-00282,Moong dal kheer,SRC-INDB,ASC291,usable_source_value,Recipe nutrition comes from INDB; retain serving provenance.
GF-REC-00283,Phirni,SRC-INDB,ASC292,usable_source_value,Recipe nutrition comes from INDB; retain serving provenance.
GF-REC-00284,Semolina halwa (Suji ka halwa),SRC-INDB,ASC293,usable_source_value,Recipe nutrition comes from INDB; retain serving provenance.
GF-REC-00285,Shahi suji halwa,SRC-INDB,ASC294,usable_source_value,Recipe nutrition comes from INDB; retain serving provenance.
GF-REC-00286,Carrot halwa (Gajar ka halwa),SRC-INDB,ASC295,usable_source_value,Recipe nutrition comes from INDB; retain serving provenance.
GF-REC-00287,Egg halwa (Ande ka halwa),SRC-INDB,ASC296,usable_source_value,Recipe nutrition comes from INDB; retain serving provenance.
GF-REC-00288,Potato halwa (Aloo ka halwa),SRC-INDB,ASC297,usable_source_value,Recipe nutrition comes from INDB; retain serving provenance.
GF-REC-00289,Pumpkin halwa (Kaddu ka halwa),SRC-INDB,ASC298,usable_source_value,Recipe nutrition comes from INDB; retain serving provenance.
GF-REC-00290,Moong dal halwa,SRC-INDB,ASC299,usable_source_value,Recipe nutrition comes from INDB; retain serving provenance.
GF-REC-00291,Caramel custard (steamed),SRC-INDB,ASC300,usable_source_value,Recipe nutrition comes from INDB; retain serving provenance.
GF-REC-00292,Baked custard,SRC-INDB,ASC301,usable_source_value,Recipe nutrition comes from INDB; retain serving provenance.
GF-REC-00293,Soft Custard (stirred),SRC-INDB,ASC302,usable_source_value,Recipe nutrition comes from INDB; retain serving provenance.
GF-REC-00294,Chocolate ice cream,SRC-INDB,ASC304,usable_source_value,Recipe nutrition comes from INDB; retain serving provenance.
GF-REC-00295,Mango ice cream,SRC-INDB,ASC305,usable_source_value,Recipe nutrition comes from INDB; retain serving provenance.
GF-REC-00296,Fruit Ice cream (Phalon ka Ice cream),SRC-INDB,ASC307,usable_source_value,Recipe nutrition comes from INDB; retain serving provenance.
GF-REC-00297,Caramel ice cream,SRC-INDB,ASC308,usable_source_value,Recipe nutrition comes from INDB; retain serving provenance.
GF-REC-00298,Lemon souffle,SRC-INDB,ASC309,usable_source_value,Recipe nutrition comes from INDB; retain serving provenance.
GF-REC-00299,Orange souffle,SRC-INDB,ASC310,usable_source_value,Recipe nutrition comes from INDB; retain serving provenance.
GF-REC-00300,Vanilla souffle,SRC-INDB,ASC311,usable_source_value,Recipe nutrition comes from INDB; retain serving provenance.
GF-REC-00301,Chocolate souffle,SRC-INDB,ASC312,usable_source_value,Recipe nutrition comes from INDB; retain serving provenance.
GF-REC-00302,Pineapple souffle ,SRC-INDB,ASC313,usable_source_value,Recipe nutrition comes from INDB; retain serving provenance.
GF-REC-00303,Apple mousse,SRC-INDB,ASC314,usable_source_value,Recipe nutrition comes from INDB; retain serving provenance.
GF-REC-00304,Rich chocolate mousse,SRC-INDB,ASC315,usable_source_value,Recipe nutrition comes from INDB; retain serving provenance.
GF-REC-00305,Mango mousse,SRC-INDB,ASC316,usable_source_value,Recipe nutrition comes from INDB; retain serving provenance.
GF-REC-00306,Orange and pineapple cream,SRC-INDB,ASC317,usable_source_value,Recipe nutrition comes from INDB; retain serving provenance.
GF-REC-00307,Charlotte rousse,SRC-INDB,ASC318,usable_source_value,Recipe nutrition comes from INDB; retain serving provenance.
GF-REC-00308,Triffle pudding,SRC-INDB,ASC319,usable_source_value,Recipe nutrition comes from INDB; retain serving provenance.
GF-REC-00309,Snow flakes pudding,SRC-INDB,ASC320,usable_source_value,Recipe nutrition comes from INDB; retain serving provenance.
GF-REC-00310,Kulfi,SRC-INDB,ASC321,usable_source_value,Recipe nutrition comes from INDB; retain serving provenance.
GF-REC-00311,Steamed orange pudding,SRC-INDB,ASC322,usable_source_value,Recipe nutrition comes from INDB; retain serving provenance.
GF-REC-00312,Meringue and rice pudding,SRC-INDB,ASC323,usable_source_value,Recipe nutrition comes from INDB; retain serving provenance.
GF-REC-00313,Cheese pudding,SRC-INDB,ASC324,usable_source_value,Recipe nutrition comes from INDB; retain serving provenance.
GF-REC-00314,Chocolate pudding,SRC-INDB,ASC325,usable_source_value,Recipe nutrition comes from INDB; retain serving provenance.
GF-REC-00315,Bread and butter pudding ,SRC-INDB,ASC326,usable_source_value,Recipe nutrition comes from INDB; retain serving provenance.
GF-REC-00316,Queen of pudding,SRC-INDB,ASC327,usable_source_value,Recipe nutrition comes from INDB; retain serving provenance.
GF-REC-00317,Pineapple upside down pudding,SRC-INDB,ASC328,usable_source_value,Recipe nutrition comes from INDB; retain serving provenance.
GF-REC-00318,Date and nut pie,SRC-INDB,ASC329,usable_source_value,Recipe nutrition comes from INDB; retain serving provenance.
GF-REC-00319,Stewed apple with custard,SRC-INDB,ASC330,usable_source_value,Recipe nutrition comes from INDB; retain serving provenance.
GF-REC-00320,Apple snowballs,SRC-INDB,ASC331,usable_source_value,Recipe nutrition comes from INDB; retain serving provenance.
GF-REC-00321,Hot orange souffle,SRC-INDB,ASC332,usable_source_value,Recipe nutrition comes from INDB; retain serving provenance.
GF-REC-00322,Hot chocolate souffle,SRC-INDB,ASC333,usable_source_value,Recipe nutrition comes from INDB; retain serving provenance.
GF-REC-00323,Hot vanilla souffle,SRC-INDB,ASC334,usable_source_value,Recipe nutrition comes from INDB; retain serving provenance.
GF-REC-00324,Plain burfi (Burfi),SRC-INDB,ASC335,usable_source_value,Recipe nutrition comes from INDB; retain serving provenance.
GF-REC-00325,Coconut burfi (Nariyal ki burfi),SRC-INDB,ASC336,usable_source_value,Recipe nutrition comes from INDB; retain serving provenance.
GF-REC-00326,Bottle gourd burfi (Ghiya/Lauki burfi),SRC-INDB,ASC337,usable_source_value,Recipe nutrition comes from INDB; retain serving provenance.
GF-REC-00327,Chocolate burfi,SRC-INDB,ASC338,usable_source_value,Recipe nutrition comes from INDB; retain serving provenance.
GF-REC-00328,Cashewnut burfi (Kaju burfi/Kaju katli),SRC-INDB,ASC339,usable_source_value,Recipe nutrition comes from INDB; retain serving provenance.
GF-REC-00329,Gram flour burfi (Besan burfi),SRC-INDB,ASC340,usable_source_value,Recipe nutrition comes from INDB; retain serving provenance.
GF-REC-00330,Semolina ladoo with khoya (Suji/Rava aur khoye ke ladoo ),SRC-INDB,ASC341,usable_source_value,Recipe nutrition comes from INDB; retain serving provenance.
GF-REC-00331,Semolina ladoo with coconut (Suji/Rava aur nariyal ke ladoo ),SRC-INDB,ASC342,usable_source_value,Recipe nutrition comes from INDB; retain serving provenance.
GF-REC-00332,Gram flour ladoo (Besan ladoo),SRC-INDB,ASC343,usable_source_value,Recipe nutrition comes from INDB; retain serving provenance.
GF-REC-00333,Sesame ladoo (Til ke ladoo),SRC-INDB,ASC344,usable_source_value,Recipe nutrition comes from INDB; retain serving provenance.
GF-REC-00334,Chenna murki,SRC-INDB,ASC345,usable_source_value,Recipe nutrition comes from INDB; retain serving provenance.
GF-REC-00335,Milk cake,SRC-INDB,ASC346,usable_source_value,Recipe nutrition comes from INDB; retain serving provenance.
GF-REC-00336,Ghujia/Lavang latika,SRC-INDB,ASC347,usable_source_value,Recipe nutrition comes from INDB; retain serving provenance.
GF-REC-00337,Gulab Jamun with khoya,SRC-INDB,ASC348,usable_source_value,Recipe nutrition comes from INDB; retain serving provenance.
GF-REC-00338,Mal pua,SRC-INDB,ASC349,usable_source_value,Recipe nutrition comes from INDB; retain serving provenance.
GF-REC-00339,Shahi tukre,SRC-INDB,ASC350,usable_source_value,Recipe nutrition comes from INDB; retain serving provenance.
GF-REC-00340,Potato pakora/pakoda (Aloo pakoda),SRC-INDB,ASC351,usable_source_value,Recipe nutrition comes from INDB; retain serving provenance.
GF-REC-00341,Onion pakora/pakoda (Pyaaz ke pakode),SRC-INDB,ASC352,usable_source_value,Recipe nutrition comes from INDB; retain serving provenance.
GF-REC-00342,Cauliflower pakora/pakoda (Phoolgobhi ke pakode),SRC-INDB,ASC353,usable_source_value,Recipe nutrition comes from INDB; retain serving provenance.
GF-REC-00343,Mixed vegetable pakora/pakoda,SRC-INDB,ASC354,usable_source_value,Recipe nutrition comes from INDB; retain serving provenance.
GF-REC-00344,Spinach pakora/pakoda (Palak pakoda),SRC-INDB,ASC355,usable_source_value,Recipe nutrition comes from INDB; retain serving provenance.
GF-REC-00345,Methi pakora/pakoda (Methi ke pakode),SRC-INDB,ASC356,usable_source_value,Recipe nutrition comes from INDB; retain serving provenance.
GF-REC-00346,Egg pakora/pakoda (Ande ke pakode),SRC-INDB,ASC357,usable_source_value,Recipe nutrition comes from INDB; retain serving provenance.
GF-REC-00347,Bread pakora/pakoda,SRC-INDB,ASC358,usable_source_value,Recipe nutrition comes from INDB; retain serving provenance.
GF-REC-00348,Paneer pakora/pakoda,SRC-INDB,ASC359,usable_source_value,Recipe nutrition comes from INDB; retain serving provenance.
GF-REC-00349,Potato bonda (Aloo bonda),SRC-INDB,ASC360,usable_source_value,Recipe nutrition comes from INDB; retain serving provenance.
GF-REC-00350,Potato samosa (Aloo ka samosa),SRC-INDB,ASC361,usable_source_value,Recipe nutrition comes from INDB; retain serving provenance.
GF-REC-00351,Minced meat samosa (Keema ka samosa),SRC-INDB,ASC362,usable_source_value,Recipe nutrition comes from INDB; retain serving provenance.
GF-REC-00352,Paneer and pea samosa (Paneer matar ka samosa),SRC-INDB,ASC363,usable_source_value,Recipe nutrition comes from INDB; retain serving provenance.
GF-REC-00353,Mathri,SRC-INDB,ASC364,usable_source_value,Recipe nutrition comes from INDB; retain serving provenance.
GF-REC-00354,Khasta kachori,SRC-INDB,ASC365,usable_source_value,Recipe nutrition comes from INDB; retain serving provenance.
GF-REC-00355,Vegetable cutlet,SRC-INDB,ASC366,usable_source_value,Recipe nutrition comes from INDB; retain serving provenance.
GF-REC-00356,Flattened rice cutlet (Chirwa cutlet/Chivda cutlet/Poha cutlet),SRC-INDB,ASC367,usable_source_value,Recipe nutrition comes from INDB; retain serving provenance.
GF-REC-00357,Peanut cutlet (Mungfali ke cutlet),SRC-INDB,ASC368,usable_source_value,Recipe nutrition comes from INDB; retain serving provenance.
GF-REC-00358,Fish cutlet (Machli ka cutlet),SRC-INDB,ASC369,usable_source_value,Recipe nutrition comes from INDB; retain serving provenance.
GF-REC-00359,Paneer potato cutlet (Paneer aloo cutlet),SRC-INDB,ASC370,usable_source_value,Recipe nutrition comes from INDB; retain serving provenance.
GF-REC-00360,Spinach chickpeas cutlet (Palak channa dal cutlet),SRC-INDB,ASC371,usable_source_value,Recipe nutrition comes from INDB; retain serving provenance.
GF-REC-00361,Cheese toast,SRC-INDB,ASC372,usable_source_value,Recipe nutrition comes from INDB; retain serving provenance.
GF-REC-00362,Vegetable burger,SRC-INDB,ASC375,usable_source_value,Recipe nutrition comes from INDB; retain serving provenance.
GF-REC-00363,Cheese pizza,SRC-INDB,ASC376,usable_source_value,Recipe nutrition comes from INDB; retain serving provenance.
GF-REC-00364,Vegetable seekh kebab,SRC-INDB,ASC377,usable_source_value,Recipe nutrition comes from INDB; retain serving provenance.
GF-REC-00365,Masala vada,SRC-INDB,ASC378,usable_source_value,Recipe nutrition comes from INDB; retain serving provenance.
GF-REC-00366,Peanut sago vada (Sabudana mungfali vada),SRC-INDB,ASC379,usable_source_value,Recipe nutrition comes from INDB; retain serving provenance.
GF-REC-00367,Vegeterian scotch egg,SRC-INDB,ASC380,usable_source_value,Recipe nutrition comes from INDB; retain serving provenance.
GF-REC-00368,Paneer shaslik/tikka,SRC-INDB,ASC381,usable_source_value,Recipe nutrition comes from INDB; retain serving provenance.
GF-REC-00369,Peanut brittle (Moongfali ki chikki),SRC-INDB,ASC382,usable_source_value,Recipe nutrition comes from INDB; retain serving provenance.
GF-REC-00370,Spring roll,SRC-INDB,ASC383,usable_source_value,Recipe nutrition comes from INDB; retain serving provenance.
GF-REC-00371,Dry mango chutney (Sookhe aam ki chutney),SRC-INDB,ASC384,usable_source_value,Recipe nutrition comes from INDB; retain serving provenance.
GF-REC-00372,Peanut chutney (Mungfali ki chutney),SRC-INDB,ASC385,usable_source_value,Recipe nutrition comes from INDB; retain serving provenance.
GF-REC-00373,Coconut chutney (Nariyal ki chutney),SRC-INDB,ASC386,usable_source_value,Recipe nutrition comes from INDB; retain serving provenance.
GF-REC-00374,Mint and coriander chutney (Pudinay aur dhaniye ki chutney),SRC-INDB,ASC387,usable_source_value,Recipe nutrition comes from INDB; retain serving provenance.
GF-REC-00375,Curd dip,SRC-INDB,ASC388,usable_source_value,Recipe nutrition comes from INDB; retain serving provenance.
GF-REC-00376,Short crust pastry,SRC-INDB,ASC394,usable_source_value,Recipe nutrition comes from INDB; retain serving provenance.
GF-REC-00377,Custard tart,SRC-INDB,ASC395,usable_source_value,Recipe nutrition comes from INDB; retain serving provenance.
GF-REC-00378,Lemon tart,SRC-INDB,ASC396,usable_source_value,Recipe nutrition comes from INDB; retain serving provenance.
GF-REC-00379,Jam tart,SRC-INDB,ASC397,usable_source_value,Recipe nutrition comes from INDB; retain serving provenance.
GF-REC-00380,Orange cream tart,SRC-INDB,ASC398,usable_source_value,Recipe nutrition comes from INDB; retain serving provenance.
GF-REC-00381,Pineapple tart,SRC-INDB,ASC399,usable_source_value,Recipe nutrition comes from INDB; retain serving provenance.
GF-REC-00382,Cheese and mushroom tart,SRC-INDB,ASC400,usable_source_value,Recipe nutrition comes from INDB; retain serving provenance.
GF-REC-00383,Cottage cheese pie,SRC-INDB,ASC401,usable_source_value,Recipe nutrition comes from INDB; retain serving provenance.
GF-REC-00384,Minced meat pie,SRC-INDB,ASC402,usable_source_value,Recipe nutrition comes from INDB; retain serving provenance.
GF-REC-00385,Apple cinnamon pie,SRC-INDB,ASC403,usable_source_value,Recipe nutrition comes from INDB; retain serving provenance.
GF-REC-00386,Lemon meringue pie,SRC-INDB,ASC404,usable_source_value,Recipe nutrition comes from INDB; retain serving provenance.
GF-REC-00387,Chocolate meringue pie,SRC-INDB,ASC405,usable_source_value,Recipe nutrition comes from INDB; retain serving provenance.
GF-REC-00388,Choux pastry,SRC-INDB,ASC406,usable_source_value,Recipe nutrition comes from INDB; retain serving provenance.
GF-REC-00389,Cream puffs,SRC-INDB,ASC407,usable_source_value,Recipe nutrition comes from INDB; retain serving provenance.
GF-REC-00390,Chocolate eclairs,SRC-INDB,ASC408,usable_source_value,Recipe nutrition comes from INDB; retain serving provenance.
GF-REC-00391,Cheese balls,SRC-INDB,ASC409,usable_source_value,Recipe nutrition comes from INDB; retain serving provenance.
GF-REC-00392,Flaky pastry,SRC-INDB,ASC410,usable_source_value,Recipe nutrition comes from INDB; retain serving provenance.
GF-REC-00393,Minced meat patties,SRC-INDB,ASC411,usable_source_value,Recipe nutrition comes from INDB; retain serving provenance.
GF-REC-00394,Cheese patties,SRC-INDB,ASC412,usable_source_value,Recipe nutrition comes from INDB; retain serving provenance.
GF-REC-00395,Hot cheese souffle,SRC-INDB,ASC413,usable_source_value,Recipe nutrition comes from INDB; retain serving provenance.
GF-REC-00396,Hot potato souffle,SRC-INDB,ASC414,usable_source_value,Recipe nutrition comes from INDB; retain serving provenance.
GF-REC-00397,Hot fish souffle,SRC-INDB,ASC415,usable_source_value,Recipe nutrition comes from INDB; retain serving provenance.
GF-REC-00398,Hot spinach souffle,SRC-INDB,ASC416,usable_source_value,Recipe nutrition comes from INDB; retain serving provenance.
GF-REC-00399,Plain cream cake,SRC-INDB,ASC417,usable_source_value,Recipe nutrition comes from INDB; retain serving provenance.
GF-REC-00400,Apple cake (Seb ka cake),SRC-INDB,ASC418,usable_source_value,Recipe nutrition comes from INDB; retain serving provenance.
GF-REC-00401,Marble cake,SRC-INDB,ASC419,usable_source_value,Recipe nutrition comes from INDB; retain serving provenance.
GF-REC-00402,Chocolate cake,SRC-INDB,ASC420,usable_source_value,Recipe nutrition comes from INDB; retain serving provenance.
GF-REC-00403,Orange cake,SRC-INDB,ASC421,usable_source_value,Recipe nutrition comes from INDB; retain serving provenance.
GF-REC-00404,Fruit Loaf ,SRC-INDB,ASC422,usable_source_value,Recipe nutrition comes from INDB; retain serving provenance.
GF-REC-00405,Banana cake (Kele ka cake),SRC-INDB,ASC423,usable_source_value,Recipe nutrition comes from INDB; retain serving provenance.
GF-REC-00406,Chocolate chiffon cake,SRC-INDB,ASC424,usable_source_value,Recipe nutrition comes from INDB; retain serving provenance.
GF-REC-00407,Christmas cake,SRC-INDB,ASC425,usable_source_value,Recipe nutrition comes from INDB; retain serving provenance.
GF-REC-00408,Strawberry and vanilla cake with butter icing,SRC-INDB,ASC426,usable_source_value,Recipe nutrition comes from INDB; retain serving provenance.
GF-REC-00409,Eggless cake,SRC-INDB,ASC427,usable_source_value,Recipe nutrition comes from INDB; retain serving provenance.
GF-REC-00410,Sponge cake ,SRC-INDB,ASC428,usable_source_value,Recipe nutrition comes from INDB; retain serving provenance.
GF-REC-00411,Swiss roll,SRC-INDB,ASC429,usable_source_value,Recipe nutrition comes from INDB; retain serving provenance.
GF-REC-00412,Pineapple pastry ,SRC-INDB,ASC430,usable_source_value,Recipe nutrition comes from INDB; retain serving provenance.
GF-REC-00413,Black forest pastry,SRC-INDB,ASC431,usable_source_value,Recipe nutrition comes from INDB; retain serving provenance.
GF-REC-00414,Coconut finger,SRC-INDB,ASC432,usable_source_value,Recipe nutrition comes from INDB; retain serving provenance.
GF-REC-00415,Pineapple cake ,SRC-INDB,ASC433,usable_source_value,Recipe nutrition comes from INDB; retain serving provenance.
GF-REC-00416,Glace icing,SRC-INDB,ASC434,usable_source_value,Recipe nutrition comes from INDB; retain serving provenance.
GF-REC-00417,Royal icing,SRC-INDB,ASC436,usable_source_value,Recipe nutrition comes from INDB; retain serving provenance.
GF-REC-00418,American frosting,SRC-INDB,ASC437,usable_source_value,Recipe nutrition comes from INDB; retain serving provenance.
GF-REC-00419,Gum icing,SRC-INDB,ASC438,usable_source_value,Recipe nutrition comes from INDB; retain serving provenance.
GF-REC-00420,Chocolate walnut cookies (Chocolate aur akhrot ke cookies),SRC-INDB,ASC439,usable_source_value,Recipe nutrition comes from INDB; retain serving provenance.
GF-REC-00421,Chocolate chip cookies,SRC-INDB,ASC440,usable_source_value,Recipe nutrition comes from INDB; retain serving provenance.
GF-REC-00422,Sweet plain biscuit,SRC-INDB,ASC441,usable_source_value,Recipe nutrition comes from INDB; retain serving provenance.
GF-REC-00423,Chocolate biscuit,SRC-INDB,ASC442,usable_source_value,Recipe nutrition comes from INDB; retain serving provenance.
GF-REC-00424,Coconut biscuit (Nariyal ke biscuit),SRC-INDB,ASC443,usable_source_value,Recipe nutrition comes from INDB; retain serving provenance.
GF-REC-00425,Sweet and salty biscuit (Meethay aur namkeen biscuit),SRC-INDB,ASC444,usable_source_value,Recipe nutrition comes from INDB; retain serving provenance.
GF-REC-00426,Peanut biscuit,SRC-INDB,ASC445,usable_source_value,Recipe nutrition comes from INDB; retain serving provenance.
GF-REC-00427,Pin wheel biscuit,SRC-INDB,ASC446,usable_source_value,Recipe nutrition comes from INDB; retain serving provenance.
GF-REC-00428,Saffron biscuit (Kesar biscuit),SRC-INDB,ASC447,usable_source_value,Recipe nutrition comes from INDB; retain serving provenance.
GF-REC-00429,Masala biscuit,SRC-INDB,ASC448,usable_source_value,Recipe nutrition comes from INDB; retain serving provenance.
GF-REC-00430,Ice box cookies,SRC-INDB,ASC449,usable_source_value,Recipe nutrition comes from INDB; retain serving provenance.
GF-REC-00431,Ginger bread man,SRC-INDB,ASC450,usable_source_value,Recipe nutrition comes from INDB; retain serving provenance.
GF-REC-00432,Danish cookies,SRC-INDB,ASC451,usable_source_value,Recipe nutrition comes from INDB; retain serving provenance.
GF-REC-00433,Short bread cookies,SRC-INDB,ASC452,usable_source_value,Recipe nutrition comes from INDB; retain serving provenance.
GF-REC-00434,Coffee biscuit,SRC-INDB,ASC453,usable_source_value,Recipe nutrition comes from INDB; retain serving provenance.
GF-REC-00435,Melting moments,SRC-INDB,ASC454,usable_source_value,Recipe nutrition comes from INDB; retain serving provenance.
GF-REC-00436,Ginger biscuit (Adarak ke biscuit),SRC-INDB,ASC455,usable_source_value,Recipe nutrition comes from INDB; retain serving provenance.
GF-REC-00437,Soyabean muthias,SRC-INDB,ASC456,usable_source_value,Recipe nutrition comes from INDB; retain serving provenance.
GF-REC-00438,Soyabean tikki,SRC-INDB,ASC457,usable_source_value,Recipe nutrition comes from INDB; retain serving provenance.
GF-REC-00439,Soyabean namak paras,SRC-INDB,ASC458,usable_source_value,Recipe nutrition comes from INDB; retain serving provenance.
GF-REC-00440,Peanut burfi (Moongfali ki burfi),SRC-INDB,ASC459,usable_source_value,Recipe nutrition comes from INDB; retain serving provenance.
GF-REC-00441,Spinach peanut namak paras (Palak moongfali namak paras),SRC-INDB,ASC460,usable_source_value,Recipe nutrition comes from INDB; retain serving provenance.
GF-REC-00442,Gram flour and semolina chilla/cheela/savory pancake (Besan suji chilla/cheela),SRC-INDB,ASC461,usable_source_value,Recipe nutrition comes from INDB; retain serving provenance.
GF-REC-00443,Rice moong dal cheela (Chawal aur moong dal ka cheela),SRC-INDB,ASC462,usable_source_value,Recipe nutrition comes from INDB; retain serving provenance.
GF-REC-00444,Split bengal gram sweet rice (Channa dal sweet rice),SRC-INDB,ASC463,usable_source_value,Recipe nutrition comes from INDB; retain serving provenance.
GF-REC-00445,Sweet poori (Meethi poori),SRC-INDB,ASC464,usable_source_value,Recipe nutrition comes from INDB; retain serving provenance.
GF-REC-00446,Wheat flour and moong dal burfi (Atta aur moong dal ki burfi),SRC-INDB,ASC465,usable_source_value,Recipe nutrition comes from INDB; retain serving provenance.
GF-REC-00447,Spinach burfi (Palak burfi),SRC-INDB,ASC466,usable_source_value,Recipe nutrition comes from INDB; retain serving provenance.
GF-REC-00448,Sweet split chickpea roti (Sweet channa dal roti/Puranpoli),SRC-INDB,ASC467,usable_source_value,Recipe nutrition comes from INDB; retain serving provenance.
GF-REC-00449,Sprouted moong daliya ,SRC-INDB,ASC468,usable_source_value,Recipe nutrition comes from INDB; retain serving provenance.
GF-REC-00450,Sprouted moong poha ,SRC-INDB,ASC469,usable_source_value,Recipe nutrition comes from INDB; retain serving provenance.
GF-REC-00451,Pearl millet ladoo (Bajra ladoo),SRC-INDB,ASC470,usable_source_value,Recipe nutrition comes from INDB; retain serving provenance.
GF-REC-00452,Paushtik ladoo,SRC-INDB,ASC471,usable_source_value,Recipe nutrition comes from INDB; retain serving provenance.
GF-REC-00453,Paushtik roti,SRC-INDB,ASC472,usable_source_value,Recipe nutrition comes from INDB; retain serving provenance.
GF-REC-00454,Semolina carrot vada (Suji gajar vada),SRC-INDB,ASC473,usable_source_value,Recipe nutrition comes from INDB; retain serving provenance.
GF-REC-00455,Dhokla,SRC-INDB,ASC474,usable_source_value,Recipe nutrition comes from INDB; retain serving provenance.
GF-REC-00456,Channa murmura premix,SRC-INDB,ASC475,usable_source_value,Recipe nutrition comes from INDB; retain serving provenance.
GF-REC-00457,Cracked wheat and green gram dal premix (Dalia moong dal premix),SRC-INDB,ASC476,usable_source_value,Recipe nutrition comes from INDB; retain serving provenance.
GF-REC-00458,Rice flakes and roasted channa ,SRC-INDB,ASC477,usable_source_value,Recipe nutrition comes from INDB; retain serving provenance.
GF-REC-00459,Spinach soup in milk ,SRC-INDB,ASC479,usable_source_value,Recipe nutrition comes from INDB; retain serving provenance.
GF-REC-00460,Vegetable soup,SRC-INDB,ASC480,usable_source_value,Recipe nutrition comes from INDB; retain serving provenance.
GF-REC-00461,Mashed banana with milk,SRC-INDB,ASC481,usable_source_value,Recipe nutrition comes from INDB; retain serving provenance.
GF-REC-00462,Poha with curd (Poha aur dahi),SRC-INDB,ASC484,usable_source_value,Recipe nutrition comes from INDB; retain serving provenance.
GF-REC-00463,Potato with curd,SRC-INDB,ASC485,usable_source_value,Recipe nutrition comes from INDB; retain serving provenance.
GF-REC-00464,Sweet wheat porridge (Sweet dalia),SRC-INDB,ASC486,usable_source_value,Recipe nutrition comes from INDB; retain serving provenance.
GF-REC-00465,Vegetable khichdi/khichri,SRC-INDB,ASC487,usable_source_value,Recipe nutrition comes from INDB; retain serving provenance.
GF-REC-00466,Moong dal mixture,SRC-INDB,ASC489,usable_source_value,Recipe nutrition comes from INDB; retain serving provenance.
GF-REC-00467,Cracked wheat khichri/khichdi (Dalia khichri/khichdi),SRC-INDB,ASC490,usable_source_value,Recipe nutrition comes from INDB; retain serving provenance.
GF-REC-00468,Stewed apple,SRC-INDB,ASC492,usable_source_value,Recipe nutrition comes from INDB; retain serving provenance.
GF-REC-00469,Lemon squash (Nimbu ka squash),SRC-INDB,ASC493,usable_source_value,Recipe nutrition comes from INDB; retain serving provenance.
GF-REC-00470,Orange squash (Santre ka squash),SRC-INDB,ASC494,usable_source_value,Recipe nutrition comes from INDB; retain serving provenance.
GF-REC-00471,Lichi squash,SRC-INDB,ASC495,usable_source_value,Recipe nutrition comes from INDB; retain serving provenance.
GF-REC-00472,Mango squash (Aam ka squash),SRC-INDB,ASC496,usable_source_value,Recipe nutrition comes from INDB; retain serving provenance.
GF-REC-00473,Pineapple squash (Ananas ka squash),SRC-INDB,ASC497,usable_source_value,Recipe nutrition comes from INDB; retain serving provenance.
GF-REC-00474,Lemon and ginger squash (Nimbu aur adrak ka squash),SRC-INDB,ASC498,usable_source_value,Recipe nutrition comes from INDB; retain serving provenance.
GF-REC-00475,Apple jam (Seb ka murabba),SRC-INDB,ASC499,usable_source_value,Recipe nutrition comes from INDB; retain serving provenance.
GF-REC-00476,Plum jam (Aloo bukhara jam),SRC-INDB,ASC500,usable_source_value,Recipe nutrition comes from INDB; retain serving provenance.
GF-REC-00477,Pineapple jam ,SRC-INDB,ASC501,usable_source_value,Recipe nutrition comes from INDB; retain serving provenance.
GF-REC-00478,Guava jelly (Amrood ki jelly),SRC-INDB,ASC502,usable_source_value,Recipe nutrition comes from INDB; retain serving provenance.
GF-REC-00479,Orange marmalade (Santray ka murabba),SRC-INDB,ASC503,usable_source_value,Recipe nutrition comes from INDB; retain serving provenance.
GF-REC-00480,Carrot murabba (Gajar ka murabba),SRC-INDB,ASC504,usable_source_value,Recipe nutrition comes from INDB; retain serving provenance.
GF-REC-00481,Gooseberry marmalade (Amla murabba),SRC-INDB,ASC505,usable_source_value,Recipe nutrition comes from INDB; retain serving provenance.
GF-REC-00482,Ginger candy (Adrak ki candy),SRC-INDB,ASC506,usable_source_value,Recipe nutrition comes from INDB; retain serving provenance.
GF-REC-00483,Mango pickle (Aam ka achaar),SRC-INDB,ASC507,usable_source_value,Recipe nutrition comes from INDB; retain serving provenance.
GF-REC-00484,Mixed vegetable pickle (Sabziyoon ka achaar),SRC-INDB,ASC509,usable_source_value,Recipe nutrition comes from INDB; retain serving provenance.
GF-REC-00485,Sweet lemon pickle (Neembu ka meetha achaar),SRC-INDB,ASC511,usable_source_value,Recipe nutrition comes from INDB; retain serving provenance.
GF-REC-00486,Plum chutney (Aloo bukhara ki chutney),SRC-INDB,ASC512,usable_source_value,Recipe nutrition comes from INDB; retain serving provenance.
GF-REC-00487,Raw mango chutney (Kachhe aam/Kairi ki chutney),SRC-INDB,ASC513,usable_source_value,Recipe nutrition comes from INDB; retain serving provenance.
GF-REC-00488,Tomato sauce,SRC-INDB,ASC514,usable_source_value,Recipe nutrition comes from INDB; retain serving provenance.
GF-REC-00489,Tomato puree,SRC-INDB,ASC515,usable_source_value,Recipe nutrition comes from INDB; retain serving provenance.
GF-REC-00490,Garam masala,SRC-INDB,BFP001,usable_source_value,Recipe nutrition comes from INDB; retain serving provenance.
GF-REC-00491,Chat masala,SRC-INDB,BFP002,usable_source_value,Recipe nutrition comes from INDB; retain serving provenance.
GF-REC-00492,Kashmiri masala,SRC-INDB,BFP003,usable_source_value,Recipe nutrition comes from INDB; retain serving provenance.
GF-REC-00493,Rasam powder (Rasam masala),SRC-INDB,BFP004,usable_source_value,Recipe nutrition comes from INDB; retain serving provenance.
GF-REC-00494,Sambar powder (Sambar masala),SRC-INDB,BFP005,usable_source_value,Recipe nutrition comes from INDB; retain serving provenance.
GF-REC-00495,Kashmiri tea (Kehwa),SRC-INDB,BFP007,usable_source_value,Recipe nutrition comes from INDB; retain serving provenance.
GF-REC-00496,Steeped hot coffee,SRC-INDB,BFP008,usable_source_value,Recipe nutrition comes from INDB; retain serving provenance.
GF-REC-00497,Hot chocolate,SRC-INDB,BFP011,usable_source_value,Recipe nutrition comes from INDB; retain serving provenance.
GF-REC-00498,Cold coffee (with cream),SRC-INDB,BFP013,usable_source_value,Recipe nutrition comes from INDB; retain serving provenance.
GF-REC-00499,Banana milkshake with ice cream (Kele ka milkshake ice cream ke saath),SRC-INDB,BFP015,usable_source_value,Recipe nutrition comes from INDB; retain serving provenance.
GF-REC-00500,Flavoured milkshake,SRC-INDB,BFP019,usable_source_value,Recipe nutrition comes from INDB; retain serving provenance.
GF-REC-00501,Jal jeera,SRC-INDB,BFP024,usable_source_value,Recipe nutrition comes from INDB; retain serving provenance.
GF-REC-00502,Gingo,SRC-INDB,BFP026,usable_source_value,Recipe nutrition comes from INDB; retain serving provenance.
GF-REC-00503,Mintade,SRC-INDB,BFP027,usable_source_value,Recipe nutrition comes from INDB; retain serving provenance.
GF-REC-00504,Canjee,SRC-INDB,BFP029,usable_source_value,Recipe nutrition comes from INDB; retain serving provenance.
GF-REC-00505,Cauliflower canjee (Phoolgobhi ki canjee),SRC-INDB,BFP030,usable_source_value,Recipe nutrition comes from INDB; retain serving provenance.
GF-REC-00506,Potato canjee (Aloo canjee),SRC-INDB,BFP031,usable_source_value,Recipe nutrition comes from INDB; retain serving provenance.
GF-REC-00507,Vermicelli porridge (Semiya/Seviyan porridge),SRC-INDB,BFP036,usable_source_value,Recipe nutrition comes from INDB; retain serving provenance.
GF-REC-00508,Semolina upma (Suji/Rava upma),SRC-INDB,BFP039,usable_source_value,Recipe nutrition comes from INDB; retain serving provenance.
GF-REC-00509,Vermicelli upma (Semiya/Seviyan upma),SRC-INDB,BFP040,usable_source_value,Recipe nutrition comes from INDB; retain serving provenance.
GF-REC-00510,Rice upma,SRC-INDB,BFP041,usable_source_value,Recipe nutrition comes from INDB; retain serving provenance.
GF-REC-00511,Bread upma,SRC-INDB,BFP042,usable_source_value,Recipe nutrition comes from INDB; retain serving provenance.
GF-REC-00512,Vegetable upma,SRC-INDB,BFP043,usable_source_value,Recipe nutrition comes from INDB; retain serving provenance.
GF-REC-00513,Poha,SRC-INDB,BFP044,usable_source_value,Recipe nutrition comes from INDB; retain serving provenance.
GF-REC-00514,Vegetable poha,SRC-INDB,BFP045,usable_source_value,Recipe nutrition comes from INDB; retain serving provenance.
GF-REC-00515,Moong dal stuffed cheela/chilla (Moong dal ka cheela/chilla),SRC-INDB,BFP046,usable_source_value,Recipe nutrition comes from INDB; retain serving provenance.
GF-REC-00516,Paneer stuffed cheela/chilla,SRC-INDB,BFP047,usable_source_value,Recipe nutrition comes from INDB; retain serving provenance.
GF-REC-00517,Indian style egg bhujia (Anda bhujia (Indian style)),SRC-INDB,BFP052,usable_source_value,Recipe nutrition comes from INDB; retain serving provenance.
GF-REC-00518,French omelette/omlet,SRC-INDB,BFP054,usable_source_value,Recipe nutrition comes from INDB; retain serving provenance.
GF-REC-00519,Puffy omelette/omlet,SRC-INDB,BFP055,usable_source_value,Recipe nutrition comes from INDB; retain serving provenance.
GF-REC-00520,Orange omelette/omlet,SRC-INDB,BFP056,usable_source_value,Recipe nutrition comes from INDB; retain serving provenance.
GF-REC-00521,Cheese and mushroom omelette/omlet,SRC-INDB,BFP057,usable_source_value,Recipe nutrition comes from INDB; retain serving provenance.
GF-REC-00522,Spanish omelette/omlet,SRC-INDB,BFP058,usable_source_value,Recipe nutrition comes from INDB; retain serving provenance.
GF-REC-00523,Mixed stock,SRC-INDB,BFP059,usable_source_value,Recipe nutrition comes from INDB; retain serving provenance.
GF-REC-00524,Meat stock,SRC-INDB,BFP060,usable_source_value,Recipe nutrition comes from INDB; retain serving provenance.
GF-REC-00525,White stock,SRC-INDB,BFP062,usable_source_value,Recipe nutrition comes from INDB; retain serving provenance.
GF-REC-00526,Meat consomme (with mutton),SRC-INDB,BFP065,usable_source_value,Recipe nutrition comes from INDB; retain serving provenance.
GF-REC-00527,Consomme au julienne,SRC-INDB,BFP066,usable_source_value,Recipe nutrition comes from INDB; retain serving provenance.
GF-REC-00528,Consomme au vermicelli,SRC-INDB,BFP067,usable_source_value,Recipe nutrition comes from INDB; retain serving provenance.
GF-REC-00529,Green pea soup (Matar ka soup),SRC-INDB,BFP072,usable_source_value,Recipe nutrition comes from INDB; retain serving provenance.
GF-REC-00530,Spinach soup (Palak ka soup),SRC-INDB,BFP073,usable_source_value,Recipe nutrition comes from INDB; retain serving provenance.
GF-REC-00531,Mixed vegetable soup,SRC-INDB,BFP074,usable_source_value,Recipe nutrition comes from INDB; retain serving provenance.
GF-REC-00532,Cheese soup,SRC-INDB,BFP075,usable_source_value,Recipe nutrition comes from INDB; retain serving provenance.
GF-REC-00533,Mulligatawny soup,SRC-INDB,BFP076,usable_source_value,Recipe nutrition comes from INDB; retain serving provenance.
GF-REC-00534,Cream of carrot soup,SRC-INDB,BFP079,usable_source_value,Recipe nutrition comes from INDB; retain serving provenance.
GF-REC-00535,Cream of broccoli soup,SRC-INDB,BFP080,usable_source_value,Recipe nutrition comes from INDB; retain serving provenance.
GF-REC-00536,Cream of potato soup,SRC-INDB,BFP082,usable_source_value,Recipe nutrition comes from INDB; retain serving provenance.
GF-REC-00537,Almond soup (Badam ka soup),SRC-INDB,BFP087,usable_source_value,Recipe nutrition comes from INDB; retain serving provenance.
GF-REC-00538,Cold cucumber cream soup ,SRC-INDB,BFP088,usable_source_value,Recipe nutrition comes from INDB; retain serving provenance.
GF-REC-00539,Cold tomato soup,SRC-INDB,BFP089,usable_source_value,Recipe nutrition comes from INDB; retain serving provenance.
GF-REC-00540,Chicken stew,SRC-INDB,BFP090,usable_source_value,Recipe nutrition comes from INDB; retain serving provenance.
GF-REC-00541,Veg paneer stew,SRC-INDB,BFP091,usable_source_value,Recipe nutrition comes from INDB; retain serving provenance.
GF-REC-00542,Tartare sauce,SRC-INDB,BFP095,usable_source_value,Recipe nutrition comes from INDB; retain serving provenance.
GF-REC-00543,Barbeque sauce,SRC-INDB,BFP096,usable_source_value,Recipe nutrition comes from INDB; retain serving provenance.
GF-REC-00544,Bread sauce,SRC-INDB,BFP097,usable_source_value,Recipe nutrition comes from INDB; retain serving provenance.
GF-REC-00545,Onion-green chilli parantha/paratha (Pyaaz aur hari mirch ka parantha/paratha),SRC-INDB,BFP108,usable_source_value,Recipe nutrition comes from INDB; retain serving provenance.
GF-REC-00546,Methi parantha/paratha,SRC-INDB,BFP110,usable_source_value,Recipe nutrition comes from INDB; retain serving provenance.
GF-REC-00547,Bathua poori,SRC-INDB,BFP114,usable_source_value,Recipe nutrition comes from INDB; retain serving provenance.
GF-REC-00548,Gram flour poori (Besan poori),SRC-INDB,BFP115,usable_source_value,Recipe nutrition comes from INDB; retain serving provenance.
GF-REC-00549,Beetroot poori (Chukandar ki poori),SRC-INDB,BFP116,usable_source_value,Recipe nutrition comes from INDB; retain serving provenance.
GF-REC-00550,Peas poori (Matar ki poori),SRC-INDB,BFP117,usable_source_value,Recipe nutrition comes from INDB; retain serving provenance.
GF-REC-00551,Peas kachori (Matar kachori),SRC-INDB,BFP118,usable_source_value,Recipe nutrition comes from INDB; retain serving provenance.
GF-REC-00552,Pizza,SRC-INDB,BFP122,usable_source_value,Recipe nutrition comes from INDB; retain serving provenance.
GF-REC-00553,Bacon and mushroom pancake,SRC-INDB,BFP124,usable_source_value,Recipe nutrition comes from INDB; retain serving provenance.
GF-REC-00554,Cheese and tomato pancake,SRC-INDB,BFP125,usable_source_value,Recipe nutrition comes from INDB; retain serving provenance.
GF-REC-00555,Minced meat pancake (with chicken),SRC-INDB,BFP127,usable_source_value,Recipe nutrition comes from INDB; retain serving provenance.
GF-REC-00556,Eggplant/Brinjal rice (Vangi bhat),SRC-INDB,BFP132,usable_source_value,Recipe nutrition comes from INDB; retain serving provenance.
GF-REC-00557,Kashmiri 'tahar',SRC-INDB,BFP133,usable_source_value,Recipe nutrition comes from INDB; retain serving provenance.
GF-REC-00558,Cumin pulao (Jeera/Zeera pulao),SRC-INDB,BFP134,usable_source_value,Recipe nutrition comes from INDB; retain serving provenance.
GF-REC-00559,Peas pulao (Matar pulao),SRC-INDB,BFP136,usable_source_value,Recipe nutrition comes from INDB; retain serving provenance.
GF-REC-00560,Split bengal gram dal and vegetable pulao (Channa dal and vegetable pulao),SRC-INDB,BFP137,usable_source_value,Recipe nutrition comes from INDB; retain serving provenance.
GF-REC-00561,Black channa pulao/ Bengal gram pulao (Kale chane ka pulao),SRC-INDB,BFP138,usable_source_value,Recipe nutrition comes from INDB; retain serving provenance.
GF-REC-00562,Mutton pulao,SRC-INDB,BFP141,usable_source_value,Recipe nutrition comes from INDB; retain serving provenance.
GF-REC-00563,Chicken pulao,SRC-INDB,BFP142,usable_source_value,Recipe nutrition comes from INDB; retain serving provenance.
GF-REC-00564,Mexican rice,SRC-INDB,BFP143,usable_source_value,Recipe nutrition comes from INDB; retain serving provenance.
GF-REC-00565,Plain khitchdi (Plain khichri/khichdi),SRC-INDB,BFP144,usable_source_value,Recipe nutrition comes from INDB; retain serving provenance.
GF-REC-00566,Instant idli (with semolina),SRC-INDB,BFP147,usable_source_value,Recipe nutrition comes from INDB; retain serving provenance.
GF-REC-00567,Plain dosa,SRC-INDB,BFP148,usable_source_value,Recipe nutrition comes from INDB; retain serving provenance.
GF-REC-00568,Masala dosa mixed vegetable fillings,SRC-INDB,BFP150,usable_source_value,Recipe nutrition comes from INDB; retain serving provenance.
GF-REC-00569,Masala dosa paneer fillings,SRC-INDB,BFP151,usable_source_value,Recipe nutrition comes from INDB; retain serving provenance.
GF-REC-00570,Uttapam,SRC-INDB,BFP152,usable_source_value,Recipe nutrition comes from INDB; retain serving provenance.
GF-REC-00571,Appam,SRC-INDB,BFP153,usable_source_value,Recipe nutrition comes from INDB; retain serving provenance.
GF-REC-00572,Beans and macaroni,SRC-INDB,BFP154,usable_source_value,Recipe nutrition comes from INDB; retain serving provenance.
GF-REC-00573,Spaghetti bolognese,SRC-INDB,BFP155,usable_source_value,Recipe nutrition comes from INDB; retain serving provenance.
GF-REC-00574,Meat and macaroni casserole,SRC-INDB,BFP157,usable_source_value,Recipe nutrition comes from INDB; retain serving provenance.
GF-REC-00575,Spaghetti with meat balls and tomato sauce,SRC-INDB,BFP158,usable_source_value,Recipe nutrition comes from INDB; retain serving provenance.
GF-REC-00576,Spaghetti with paneer balls and tomato sauce,SRC-INDB,BFP159,usable_source_value,Recipe nutrition comes from INDB; retain serving provenance.
GF-REC-00577,Lasagne with meat sauce,SRC-INDB,BFP161,usable_source_value,Recipe nutrition comes from INDB; retain serving provenance.
GF-REC-00578,Lasagne with vegetables,SRC-INDB,BFP162,usable_source_value,Recipe nutrition comes from INDB; retain serving provenance.
GF-REC-00579,Green chilli sauce,SRC-INDB,BFP163,usable_source_value,Recipe nutrition comes from INDB; retain serving provenance.
GF-REC-00580,Home made plain noodles,SRC-INDB,BFP164,usable_source_value,Recipe nutrition comes from INDB; retain serving provenance.
GF-REC-00581,Home made egg noodles,SRC-INDB,BFP165,usable_source_value,Recipe nutrition comes from INDB; retain serving provenance.
GF-REC-00582,Dal moong,SRC-INDB,BFP166,usable_source_value,Recipe nutrition comes from INDB; retain serving provenance.
GF-REC-00583,Cumin seeds baghar (Jeera baghar/tadka),SRC-INDB,BFP167,usable_source_value,Recipe nutrition comes from INDB; retain serving provenance.
GF-REC-00584,Onion tomato baghar (Pyaaz tamatar ka tadka),SRC-INDB,BFP168,usable_source_value,Recipe nutrition comes from INDB; retain serving provenance.
GF-REC-00585,Mustard seeds baghar (Mustard seed tadka),SRC-INDB,BFP169,usable_source_value,Recipe nutrition comes from INDB; retain serving provenance.
GF-REC-00586,Sour lentils (Khatti dal),SRC-INDB,BFP170,usable_source_value,Recipe nutrition comes from INDB; retain serving provenance.
GF-REC-00587,Urad special dehusked,SRC-INDB,BFP171,usable_source_value,Recipe nutrition comes from INDB; retain serving provenance.
GF-REC-00588,Arhar with spinach (Arhar dal aur palak),SRC-INDB,BFP172,usable_source_value,Recipe nutrition comes from INDB; retain serving provenance.
GF-REC-00589,Moong dal with vadi,SRC-INDB,BFP174,usable_source_value,Recipe nutrition comes from INDB; retain serving provenance.
GF-REC-00590,Rasam with tamarind (Puli rasam/ Chintapandu rasam/ Charu/Saaru),SRC-INDB,BFP176,usable_source_value,Recipe nutrition comes from INDB; retain serving provenance.
GF-REC-00591,Rasam with lemon (Nimmakaya rasam/Nimmakaya charu/Elumichai rasam/Nimbe hannina saaru),SRC-INDB,BFP177,usable_source_value,Recipe nutrition comes from INDB; retain serving provenance.
GF-REC-00592,Green gram whole with baghar (Sabut moong dal with tadka),SRC-INDB,BFP178,usable_source_value,Recipe nutrition comes from INDB; retain serving provenance.
GF-REC-00593,Urad sabut special,SRC-INDB,BFP179,usable_source_value,Recipe nutrition comes from INDB; retain serving provenance.
GF-REC-00594,Kabuli channa curry,SRC-INDB,BFP185,usable_source_value,Recipe nutrition comes from INDB; retain serving provenance.
GF-REC-00595,Besan gatte curry,SRC-INDB,BFP187,usable_source_value,Recipe nutrition comes from INDB; retain serving provenance.
GF-REC-00596,Dry masala chops,SRC-INDB,BFP190,usable_source_value,Recipe nutrition comes from INDB; retain serving provenance.
GF-REC-00597,Mutton korma,SRC-INDB,BFP194,usable_source_value,Recipe nutrition comes from INDB; retain serving provenance.
GF-REC-00598,Shahi keema kofta curry,SRC-INDB,BFP196,usable_source_value,Recipe nutrition comes from INDB; retain serving provenance.
GF-REC-00599,Minced meat ball curry,SRC-INDB,BFP197,usable_source_value,Recipe nutrition comes from INDB; retain serving provenance.
GF-REC-00600,Boti kebab,SRC-INDB,BFP198,usable_source_value,Recipe nutrition comes from INDB; retain serving provenance.
GF-REC-00601,Mutton seekh kebab,SRC-INDB,BFP199,usable_source_value,Recipe nutrition comes from INDB; retain serving provenance.
GF-REC-00602,Indian lamb and egg curry (Nargisi kofta),SRC-INDB,BFP201,usable_source_value,Recipe nutrition comes from INDB; retain serving provenance.
GF-REC-00603,Soya chunks sweet and sour (Nutrinugget sweet and sour),SRC-INDB,BFP203,usable_source_value,Recipe nutrition comes from INDB; retain serving provenance.
GF-REC-00604,Soya chunks korma (Nutrinugget korma),SRC-INDB,BFP204,usable_source_value,Recipe nutrition comes from INDB; retain serving provenance.
GF-REC-00605,Mushroom matar,SRC-INDB,BFP205,usable_source_value,Recipe nutrition comes from INDB; retain serving provenance.
GF-REC-00606,Soya chunks and peas (Nutrinugget matar),SRC-INDB,BFP206,usable_source_value,Recipe nutrition comes from INDB; retain serving provenance.
GF-REC-00607,Vegetable yakhni,SRC-INDB,BFP207,usable_source_value,Recipe nutrition comes from INDB; retain serving provenance.
GF-REC-00608,Spinach mushroom (Palak mushroom),SRC-INDB,BFP208,usable_source_value,Recipe nutrition comes from INDB; retain serving provenance.
GF-REC-00609,Vegetarian nargisi kofta curry,SRC-INDB,BFP210,usable_source_value,Recipe nutrition comes from INDB; retain serving provenance.
GF-REC-00610,Roast chicken,SRC-INDB,BFP212,usable_source_value,Recipe nutrition comes from INDB; retain serving provenance.
GF-REC-00611,Shahi chicken masala,SRC-INDB,BFP214,usable_source_value,Recipe nutrition comes from INDB; retain serving provenance.
GF-REC-00612,Tomato chicken,SRC-INDB,BFP216,usable_source_value,Recipe nutrition comes from INDB; retain serving provenance.
GF-REC-00613,Creamy chicken,SRC-INDB,BFP217,usable_source_value,Recipe nutrition comes from INDB; retain serving provenance.
GF-REC-00614,Broccoli chicken ala king,SRC-INDB,BFP218,usable_source_value,Recipe nutrition comes from INDB; retain serving provenance.
GF-REC-00615,Ginger chicken,SRC-INDB,BFP220,usable_source_value,Recipe nutrition comes from INDB; retain serving provenance.
GF-REC-00616,Chicken sweet and sour,SRC-INDB,BFP221,usable_source_value,Recipe nutrition comes from INDB; retain serving provenance.
GF-REC-00617,Chicken korma,SRC-INDB,BFP222,usable_source_value,Recipe nutrition comes from INDB; retain serving provenance.
GF-REC-00618,Bengal fish curry (Bengali machli curry),SRC-INDB,BFP223,usable_source_value,Recipe nutrition comes from INDB; retain serving provenance.
GF-REC-00619,Fish finger,SRC-INDB,BFP226,usable_source_value,Recipe nutrition comes from INDB; retain serving provenance.
GF-REC-00620,Fish in coconut milk (Nariyal ke doodh ke saath machli),SRC-INDB,BFP229,usable_source_value,Recipe nutrition comes from INDB; retain serving provenance.
GF-REC-00621,Prawn curry (with coconut) (Jhinga curry),SRC-INDB,BFP230,usable_source_value,Recipe nutrition comes from INDB; retain serving provenance.
GF-REC-00622,Baked stuffed fish,SRC-INDB,BFP231,usable_source_value,Recipe nutrition comes from INDB; retain serving provenance.
GF-REC-00623,Fish pie,SRC-INDB,BFP232,usable_source_value,Recipe nutrition comes from INDB; retain serving provenance.
GF-REC-00624,Crispy baked fish,SRC-INDB,BFP233,usable_source_value,Recipe nutrition comes from INDB; retain serving provenance.
GF-REC-00625,Fish souffle,SRC-INDB,BFP234,usable_source_value,Recipe nutrition comes from INDB; retain serving provenance.
GF-REC-00626,Potato curry (Aloo ki sabzi),SRC-INDB,BFP239,usable_source_value,Recipe nutrition comes from INDB; retain serving provenance.
GF-REC-00627,Egg curry (Anda curry),SRC-INDB,BFP240,usable_source_value,Recipe nutrition comes from INDB; retain serving provenance.
GF-REC-00628,Vegetable curry with coconut ,SRC-INDB,BFP241,usable_source_value,Recipe nutrition comes from INDB; retain serving provenance.
GF-REC-00629,Curd with potatoes (Dahi aloo),SRC-INDB,BFP242,usable_source_value,Recipe nutrition comes from INDB; retain serving provenance.
GF-REC-00630,Potato kofta curry (Aloo kofta curry),SRC-INDB,BFP246,usable_source_value,Recipe nutrition comes from INDB; retain serving provenance.
GF-REC-00631,Yam kofta curry (Zimikand/Suran kofta curry),SRC-INDB,BFP249,usable_source_value,Recipe nutrition comes from INDB; retain serving provenance.
GF-REC-00632,Jackfruit kofta curry (Kathal ka kofta curry),SRC-INDB,BFP250,usable_source_value,Recipe nutrition comes from INDB; retain serving provenance.
GF-REC-00633,Spinach and potato (Palak aloo),SRC-INDB,BFP257,usable_source_value,Recipe nutrition comes from INDB; retain serving provenance.
GF-REC-00634,Mooli bhujia,SRC-INDB,BFP258,usable_source_value,Recipe nutrition comes from INDB; retain serving provenance.
GF-REC-00635,Bathua bhujia,SRC-INDB,BFP259,usable_source_value,Recipe nutrition comes from INDB; retain serving provenance.
GF-REC-00636,Cabbage rolls (dry) ((Pattagobhi rolls) (dry)),SRC-INDB,BFP261,usable_source_value,Recipe nutrition comes from INDB; retain serving provenance.
GF-REC-00637,Cabbage rolls (curry) ((Pattagobhi rolls)(curry)),SRC-INDB,BFP262,usable_source_value,Recipe nutrition comes from INDB; retain serving provenance.
GF-REC-00638,Dry arbi (Sookhi arbi),SRC-INDB,BFP263,usable_source_value,Recipe nutrition comes from INDB; retain serving provenance.
GF-REC-00639,Masala arbi,SRC-INDB,BFP264,usable_source_value,Recipe nutrition comes from INDB; retain serving provenance.
GF-REC-00640,Peas brinjal bhartha (Matar baingan bhartha),SRC-INDB,BFP266,usable_source_value,Recipe nutrition comes from INDB; retain serving provenance.
GF-REC-00641,Okra/Lady's fingers fry (Bhindi sabzi/sabji/subji),SRC-INDB,BFP269,usable_source_value,Recipe nutrition comes from INDB; retain serving provenance.
GF-REC-00642,Crispy okra/Crispy lady's fingers (Karare bhindi),SRC-INDB,BFP270,usable_source_value,Recipe nutrition comes from INDB; retain serving provenance.
GF-REC-00643,Beans foogath,SRC-INDB,BFP272,usable_source_value,Recipe nutrition comes from INDB; retain serving provenance.
GF-REC-00644,Stuffed bittergourd (wet) (Bharwa karele),SRC-INDB,BFP273,usable_source_value,Recipe nutrition comes from INDB; retain serving provenance.
GF-REC-00645,Jackfruit/Kathal (dry),SRC-INDB,BFP274,usable_source_value,Recipe nutrition comes from INDB; retain serving provenance.
GF-REC-00646,Yam fried (Zimikand/Suran fried),SRC-INDB,BFP275,usable_source_value,Recipe nutrition comes from INDB; retain serving provenance.
GF-REC-00647,"Cauliflower, pea and potato bhujia (Phoolgobhi, matar aur aloo bhujia)",SRC-INDB,BFP276,usable_source_value,Recipe nutrition comes from INDB; retain serving provenance.
GF-REC-00648,Vegetable jalfrezi,SRC-INDB,BFP277,usable_source_value,Recipe nutrition comes from INDB; retain serving provenance.
GF-REC-00649,Vegetables stir fry ,SRC-INDB,BFP278,usable_source_value,Recipe nutrition comes from INDB; retain serving provenance.
GF-REC-00650,Broccoli delight,SRC-INDB,BFP279,usable_source_value,Recipe nutrition comes from INDB; retain serving provenance.
GF-REC-00651,Dhansak (vegetarian),SRC-INDB,BFP280,usable_source_value,Recipe nutrition comes from INDB; retain serving provenance.
GF-REC-00652,Cauliflower basket,SRC-INDB,BFP282,usable_source_value,Recipe nutrition comes from INDB; retain serving provenance.
GF-REC-00653,Stuffed bottle gourd (Stuffed ghiya/lauki),SRC-INDB,BFP284,usable_source_value,Recipe nutrition comes from INDB; retain serving provenance.
GF-REC-00654,Ducheese potato,SRC-INDB,BFP286,usable_source_value,Recipe nutrition comes from INDB; retain serving provenance.
GF-REC-00655,Roast potatoes ,SRC-INDB,BFP287,usable_source_value,Recipe nutrition comes from INDB; retain serving provenance.
GF-REC-00656,Stuffed baked potatoes ,SRC-INDB,BFP288,usable_source_value,Recipe nutrition comes from INDB; retain serving provenance.
GF-REC-00657,Potato nests,SRC-INDB,BFP289,usable_source_value,Recipe nutrition comes from INDB; retain serving provenance.
GF-REC-00658,Parsley potato,SRC-INDB,BFP290,usable_source_value,Recipe nutrition comes from INDB; retain serving provenance.
GF-REC-00659,Creamed spinach and mushroom,SRC-INDB,BFP291,usable_source_value,Recipe nutrition comes from INDB; retain serving provenance.
GF-REC-00660,Fricassee of Mushroom,SRC-INDB,BFP292,usable_source_value,Recipe nutrition comes from INDB; retain serving provenance.
GF-REC-00661,Cauliflower au gratin,SRC-INDB,BFP293,usable_source_value,Recipe nutrition comes from INDB; retain serving provenance.
GF-REC-00662,Vegetable and cheese pie,SRC-INDB,BFP294,usable_source_value,Recipe nutrition comes from INDB; retain serving provenance.
GF-REC-00663,Spinach souffle ,SRC-INDB,BFP296,usable_source_value,Recipe nutrition comes from INDB; retain serving provenance.
GF-REC-00664,Beetroot and egg salad (Chukandar aur ande ka salad),SRC-INDB,BFP299,usable_source_value,Recipe nutrition comes from INDB; retain serving provenance.
GF-REC-00665,Sour cream potato salad,SRC-INDB,BFP300,usable_source_value,Recipe nutrition comes from INDB; retain serving provenance.
GF-REC-00666,Tossed green salad,SRC-INDB,BFP301,usable_source_value,Recipe nutrition comes from INDB; retain serving provenance.
GF-REC-00667,Spring basket salad,SRC-INDB,BFP302,usable_source_value,Recipe nutrition comes from INDB; retain serving provenance.
GF-REC-00668,Cucumber and yogurt salad (Kheere aur dahi ka salad),SRC-INDB,BFP303,usable_source_value,Recipe nutrition comes from INDB; retain serving provenance.
GF-REC-00669,Chicken and tomato towers,SRC-INDB,BFP305,usable_source_value,Recipe nutrition comes from INDB; retain serving provenance.
GF-REC-00670,Jellied sunshine fruit salad,SRC-INDB,BFP306,usable_source_value,Recipe nutrition comes from INDB; retain serving provenance.
GF-REC-00671,Tomato aspic,SRC-INDB,BFP307,usable_source_value,Recipe nutrition comes from INDB; retain serving provenance.
GF-REC-00672,Frozen frosty fruit salad (Phalon ka salaad),SRC-INDB,BFP308,usable_source_value,Recipe nutrition comes from INDB; retain serving provenance.
GF-REC-00673,French dressing,SRC-INDB,BFP310,usable_source_value,Recipe nutrition comes from INDB; retain serving provenance.
GF-REC-00674,Mayonnaise without eggs,SRC-INDB,BFP312,usable_source_value,Recipe nutrition comes from INDB; retain serving provenance.
GF-REC-00675,Curd dressing ,SRC-INDB,BFP313,usable_source_value,Recipe nutrition comes from INDB; retain serving provenance.
GF-REC-00676,Carrot raita (Gajar ka raita),SRC-INDB,BFP316,usable_source_value,Recipe nutrition comes from INDB; retain serving provenance.
GF-REC-00677,Pumpkin raita (Kaddu ka raita),SRC-INDB,BFP318,usable_source_value,Recipe nutrition comes from INDB; retain serving provenance.
GF-REC-00678,Mint and peanut raita (Pudinay aur moongfali ka raita),SRC-INDB,BFP320,usable_source_value,Recipe nutrition comes from INDB; retain serving provenance.
GF-REC-00679,Spinach raita (Palak ka raita),SRC-INDB,BFP321,usable_source_value,Recipe nutrition comes from INDB; retain serving provenance.
GF-REC-00680,Bathua raita,SRC-INDB,BFP322,usable_source_value,Recipe nutrition comes from INDB; retain serving provenance.
GF-REC-00681,Pineapple raita (Ananas ka raita),SRC-INDB,BFP325,usable_source_value,Recipe nutrition comes from INDB; retain serving provenance.
GF-REC-00682,Banana raita (Kele ka raita),SRC-INDB,BFP326,usable_source_value,Recipe nutrition comes from INDB; retain serving provenance.
GF-REC-00683,Mango raita (Aam ka raita),SRC-INDB,BFP327,usable_source_value,Recipe nutrition comes from INDB; retain serving provenance.
GF-REC-00684,Guava raita (Amarood ka raita),SRC-INDB,BFP328,usable_source_value,Recipe nutrition comes from INDB; retain serving provenance.
GF-REC-00685,Grapes raita (Angoor ka raita),SRC-INDB,BFP329,usable_source_value,Recipe nutrition comes from INDB; retain serving provenance.
GF-REC-00686,Bottle gourd kheer (Ghiya/Lauki kheer),SRC-INDB,BFP334,usable_source_value,Recipe nutrition comes from INDB; retain serving provenance.
GF-REC-00687,Pumpkin kheer (Kaddu ki kheer),SRC-INDB,BFP336,usable_source_value,Recipe nutrition comes from INDB; retain serving provenance.
GF-REC-00688,Apple kheer (Seb ki kheer),SRC-INDB,BFP338,usable_source_value,Recipe nutrition comes from INDB; retain serving provenance.
GF-REC-00689,Caramel custard (baked),SRC-INDB,BFP345,usable_source_value,Recipe nutrition comes from INDB; retain serving provenance.
GF-REC-00690,Vanilla ice cream without egg,SRC-INDB,BFP346,usable_source_value,Recipe nutrition comes from INDB; retain serving provenance.
GF-REC-00691,Vanilla ice cream with egg,SRC-INDB,BFP347,usable_source_value,Recipe nutrition comes from INDB; retain serving provenance.
GF-REC-00692,Strawberry ice cream,SRC-INDB,BFP348,usable_source_value,Recipe nutrition comes from INDB; retain serving provenance.
GF-REC-00693,Chocochip ice cream,SRC-INDB,BFP350,usable_source_value,Recipe nutrition comes from INDB; retain serving provenance.
GF-REC-00694,Choconut ice cream,SRC-INDB,BFP351,usable_source_value,Recipe nutrition comes from INDB; retain serving provenance.
GF-REC-00695,Pear chocholate sunday,SRC-INDB,BFP352,usable_source_value,Recipe nutrition comes from INDB; retain serving provenance.
GF-REC-00696,Chocolate sauce,SRC-INDB,BFP353,usable_source_value,Recipe nutrition comes from INDB; retain serving provenance.
GF-REC-00697,Coffee ice cream,SRC-INDB,BFP354,usable_source_value,Recipe nutrition comes from INDB; retain serving provenance.
GF-REC-00698,Coffee pear alaska,SRC-INDB,BFP355,usable_source_value,Recipe nutrition comes from INDB; retain serving provenance.
GF-REC-00699,Crunchy butterscotch,SRC-INDB,BFP356,usable_source_value,Recipe nutrition comes from INDB; retain serving provenance.
GF-REC-00700,Peach melba ice cream,SRC-INDB,BFP358,usable_source_value,Recipe nutrition comes from INDB; retain serving provenance.
GF-REC-00701,Vanilla ice cream with apples in hot cherry sauce,SRC-INDB,BFP359,usable_source_value,Recipe nutrition comes from INDB; retain serving provenance.
GF-REC-00702,Hot cherry sauce,SRC-INDB,BFP360,usable_source_value,Recipe nutrition comes from INDB; retain serving provenance.
GF-REC-00703,Grape and orange whip,SRC-INDB,BFP361,usable_source_value,Recipe nutrition comes from INDB; retain serving provenance.
GF-REC-00704,Honey banana cream,SRC-INDB,BFP362,usable_source_value,Recipe nutrition comes from INDB; retain serving provenance.
GF-REC-00705,Raspberry bavarian cream,SRC-INDB,BFP363,usable_source_value,Recipe nutrition comes from INDB; retain serving provenance.
GF-REC-00706,Fruit delight,SRC-INDB,BFP364,usable_source_value,Recipe nutrition comes from INDB; retain serving provenance.
GF-REC-00707,Creamy chocolate mousse,SRC-INDB,BFP365,usable_source_value,Recipe nutrition comes from INDB; retain serving provenance.
GF-REC-00708,Cold lemon souffle,SRC-INDB,BFP366,usable_source_value,Recipe nutrition comes from INDB; retain serving provenance.
GF-REC-00709,Cold orange souffle,SRC-INDB,BFP367,usable_source_value,Recipe nutrition comes from INDB; retain serving provenance.
GF-REC-00710,Cold pineapple souffle,SRC-INDB,BFP368,usable_source_value,Recipe nutrition comes from INDB; retain serving provenance.
GF-REC-00711,Cold vanilla souffle,SRC-INDB,BFP369,usable_source_value,Recipe nutrition comes from INDB; retain serving provenance.
GF-REC-00712,Cold chocolate souffle,SRC-INDB,BFP370,usable_source_value,Recipe nutrition comes from INDB; retain serving provenance.
GF-REC-00713,Stewed fruit (with pear),SRC-INDB,BFP371,usable_source_value,Recipe nutrition comes from INDB; retain serving provenance.
GF-REC-00714,Apricot fool,SRC-INDB,BFP372,usable_source_value,Recipe nutrition comes from INDB; retain serving provenance.
GF-REC-00715,Pavlova,SRC-INDB,BFP373,usable_source_value,Recipe nutrition comes from INDB; retain serving provenance.
GF-REC-00716,Apple crumb pudding,SRC-INDB,BFP379,usable_source_value,Recipe nutrition comes from INDB; retain serving provenance.
GF-REC-00717,Steamed cake with chocolate sauce,SRC-INDB,BFP380,usable_source_value,Recipe nutrition comes from INDB; retain serving provenance.
GF-REC-00718,Hot lemon souffle,SRC-INDB,BFP382,usable_source_value,Recipe nutrition comes from INDB; retain serving provenance.
GF-REC-00719,Gulab jamun with milk powder,SRC-INDB,BFP386,usable_source_value,Recipe nutrition comes from INDB; retain serving provenance.
GF-REC-00720,Chum chum,SRC-INDB,BFP388,usable_source_value,Recipe nutrition comes from INDB; retain serving provenance.
GF-REC-00721,Dil bahar,SRC-INDB,BFP389,usable_source_value,Recipe nutrition comes from INDB; retain serving provenance.
GF-REC-00722,Rasbhari,SRC-INDB,BFP390,usable_source_value,Recipe nutrition comes from INDB; retain serving provenance.
GF-REC-00723,Rajbogh,SRC-INDB,BFP391,usable_source_value,Recipe nutrition comes from INDB; retain serving provenance.
GF-REC-00724,Rasgulla,SRC-INDB,BFP392,usable_source_value,Recipe nutrition comes from INDB; retain serving provenance.
GF-REC-00725,Rasmalai,SRC-INDB,BFP393,usable_source_value,Recipe nutrition comes from INDB; retain serving provenance.
GF-REC-00726,Khoa coconut burfi,SRC-INDB,BFP396,usable_source_value,Recipe nutrition comes from INDB; retain serving provenance.
GF-REC-00727,Danedar burfi,SRC-INDB,BFP397,usable_source_value,Recipe nutrition comes from INDB; retain serving provenance.
GF-REC-00728,Semolina burfi (Suji/Rava burfi),SRC-INDB,BFP401,usable_source_value,Recipe nutrition comes from INDB; retain serving provenance.
GF-REC-00729,Pumpkin coconut burfi (Kaddu aur nariyal ki burfi),SRC-INDB,BFP403,usable_source_value,Recipe nutrition comes from INDB; retain serving provenance.
GF-REC-00730,Khoa ladoo,SRC-INDB,BFP404,usable_source_value,Recipe nutrition comes from INDB; retain serving provenance.
GF-REC-00731,Wheat and gram flour ladoo (Atta besan ladoo),SRC-INDB,BFP406,usable_source_value,Recipe nutrition comes from INDB; retain serving provenance.
GF-REC-00732,Semolina ladoo with nuts (Suji/Rava ladoo with nuts),SRC-INDB,BFP407,usable_source_value,Recipe nutrition comes from INDB; retain serving provenance.
GF-REC-00733,Sesame chickpeas brittle (Til aur channe ki chikki),SRC-INDB,BFP412,usable_source_value,Recipe nutrition comes from INDB; retain serving provenance.
GF-REC-00734,Murmura chikki,SRC-INDB,BFP413,usable_source_value,Recipe nutrition comes from INDB; retain serving provenance.
GF-REC-00735,Masala onion pakora/pakoda (Pyaaz ke pakode),SRC-INDB,BFP415,usable_source_value,Recipe nutrition comes from INDB; retain serving provenance.
GF-REC-00736,Masala green chilli pakora/pakoda (Hari mirch kay pakode),SRC-INDB,BFP416,usable_source_value,Recipe nutrition comes from INDB; retain serving provenance.
GF-REC-00737,Chicken pakora/pakoda,SRC-INDB,BFP420,usable_source_value,Recipe nutrition comes from INDB; retain serving provenance.
GF-REC-00738,Fish pakora/pakoda,SRC-INDB,BFP421,usable_source_value,Recipe nutrition comes from INDB; retain serving provenance.
GF-REC-00739,Paneer cutlet,SRC-INDB,BFP424,usable_source_value,Recipe nutrition comes from INDB; retain serving provenance.
GF-REC-00740,Sago cutlet/vadas (Sabudana cutlet/vadas),SRC-INDB,BFP425,usable_source_value,Recipe nutrition comes from INDB; retain serving provenance.
GF-REC-00741,Poshtik cutlet,SRC-INDB,BFP427,usable_source_value,Recipe nutrition comes from INDB; retain serving provenance.
GF-REC-00742,Egg cutlet (Anda cutlet),SRC-INDB,BFP428,usable_source_value,Recipe nutrition comes from INDB; retain serving provenance.
GF-REC-00743,Minced meat cutlet,SRC-INDB,BFP430,usable_source_value,Recipe nutrition comes from INDB; retain serving provenance.
GF-REC-00744,Vegetable samosa,SRC-INDB,BFP431,usable_source_value,Recipe nutrition comes from INDB; retain serving provenance.
GF-REC-00745,Plain urad dal vada (Uzunne vada/Minapa garelu/Ulundu vadai/Medu vada),SRC-INDB,BFP436,usable_source_value,Recipe nutrition comes from INDB; retain serving provenance.
GF-REC-00746,Masala urad dal vada,SRC-INDB,BFP437,usable_source_value,Recipe nutrition comes from INDB; retain serving provenance.
GF-REC-00747,Khaman (dhokla),SRC-INDB,BFP439,usable_source_value,Recipe nutrition comes from INDB; retain serving provenance.
GF-REC-00748,Instant dhokla,SRC-INDB,BFP440,usable_source_value,Recipe nutrition comes from INDB; retain serving provenance.
GF-REC-00749,Tomato ginger chutney (Tamatar adarak ki chutney),SRC-INDB,BFP442,usable_source_value,Recipe nutrition comes from INDB; retain serving provenance.
GF-REC-00750,Mint tomato chutney (Pudinay aur tamatar ki chutney),SRC-INDB,BFP443,usable_source_value,Recipe nutrition comes from INDB; retain serving provenance.
GF-REC-00751,Coriander chutney (Hare dhaniye ki chutney),SRC-INDB,BFP444,usable_source_value,Recipe nutrition comes from INDB; retain serving provenance.
GF-REC-00752,Gooseberry chutney (Amla chutney),SRC-INDB,BFP445,usable_source_value,Recipe nutrition comes from INDB; retain serving provenance.
GF-REC-00753,Walnut chutney (Akhrot ki chutney),SRC-INDB,BFP446,usable_source_value,Recipe nutrition comes from INDB; retain serving provenance.
GF-REC-00754,Saunth/Sonth chutney with ginger,SRC-INDB,BFP447,usable_source_value,Recipe nutrition comes from INDB; retain serving provenance.
GF-REC-00755,Gun powder chutney,SRC-INDB,BFP448,usable_source_value,Recipe nutrition comes from INDB; retain serving provenance.
GF-REC-00756,Dessicated coconut chutney (Sookhe kase nariyal ki chutney) ,SRC-INDB,BFP450,usable_source_value,Recipe nutrition comes from INDB; retain serving provenance.
GF-REC-00757,Curd mint dip ,SRC-INDB,BFP451,usable_source_value,Recipe nutrition comes from INDB; retain serving provenance.
GF-REC-00758,Curd vegetable dip,SRC-INDB,BFP452,usable_source_value,Recipe nutrition comes from INDB; retain serving provenance.
GF-REC-00759,Mayonnaise vegetable dip,SRC-INDB,BFP453,usable_source_value,Recipe nutrition comes from INDB; retain serving provenance.
GF-REC-00760,Tomato and cucumber sandwich (Tamatar aur kheere ka sandwich),SRC-INDB,BFP455,usable_source_value,Recipe nutrition comes from INDB; retain serving provenance.
GF-REC-00761,Tomato sandwich (grilled),SRC-INDB,BFP456,usable_source_value,Recipe nutrition comes from INDB; retain serving provenance.
GF-REC-00762,French sandwich (toasted),SRC-INDB,BFP457,usable_source_value,Recipe nutrition comes from INDB; retain serving provenance.
GF-REC-00763,Peanut butter cucumber sandwich,SRC-INDB,BFP458,usable_source_value,Recipe nutrition comes from INDB; retain serving provenance.
GF-REC-00764,Mint and peanut sandwich,SRC-INDB,BFP459,usable_source_value,Recipe nutrition comes from INDB; retain serving provenance.
GF-REC-00765,Spicy chutney sandwich,SRC-INDB,BFP460,usable_source_value,Recipe nutrition comes from INDB; retain serving provenance.
GF-REC-00766,Chicken walnut sandwich (Chicken aur akhrot ke sandwich),SRC-INDB,BFP461,usable_source_value,Recipe nutrition comes from INDB; retain serving provenance.
GF-REC-00767,Rolled sandwich,SRC-INDB,BFP463,usable_source_value,Recipe nutrition comes from INDB; retain serving provenance.
GF-REC-00768,Ribbon sandwich,SRC-INDB,BFP466,usable_source_value,Recipe nutrition comes from INDB; retain serving provenance.
GF-REC-00769,Checker board sandwich,SRC-INDB,BFP467,usable_source_value,Recipe nutrition comes from INDB; retain serving provenance.
GF-REC-00770,Submarine sandwich,SRC-INDB,BFP468,usable_source_value,Recipe nutrition comes from INDB; retain serving provenance.
GF-REC-00771,Cheese open sandwich,SRC-INDB,BFP470,usable_source_value,Recipe nutrition comes from INDB; retain serving provenance.
GF-REC-00772,Sunset and sunrise open sandwich,SRC-INDB,BFP471,usable_source_value,Recipe nutrition comes from INDB; retain serving provenance.
GF-REC-00773,Danish luncheon sandwich,SRC-INDB,BFP472,usable_source_value,Recipe nutrition comes from INDB; retain serving provenance.
GF-REC-00774,Chicken and corn open sandwich,SRC-INDB,BFP473,usable_source_value,Recipe nutrition comes from INDB; retain serving provenance.
GF-REC-00775,Chocolate sponge cake,SRC-INDB,BFP476,usable_source_value,Recipe nutrition comes from INDB; retain serving provenance.
GF-REC-00776,Chocolate swiss roll,SRC-INDB,BFP478,usable_source_value,Recipe nutrition comes from INDB; retain serving provenance.
GF-REC-00777,Lemon curd filling,SRC-INDB,BFP479,usable_source_value,Recipe nutrition comes from INDB; retain serving provenance.
GF-REC-00778,Jam filling,SRC-INDB,BFP480,usable_source_value,Recipe nutrition comes from INDB; retain serving provenance.
GF-REC-00779,Chocolate pastry,SRC-INDB,BFP482,usable_source_value,Recipe nutrition comes from INDB; retain serving provenance.
GF-REC-00780,Assorted pastry,SRC-INDB,BFP483,usable_source_value,Recipe nutrition comes from INDB; retain serving provenance.
GF-REC-00781,Orange gateau,SRC-INDB,BFP484,usable_source_value,Recipe nutrition comes from INDB; retain serving provenance.
GF-REC-00782,Black forest gateau,SRC-INDB,BFP485,usable_source_value,Recipe nutrition comes from INDB; retain serving provenance.
GF-REC-00783,Lemon cake,SRC-INDB,BFP489,usable_source_value,Recipe nutrition comes from INDB; retain serving provenance.
GF-REC-00784,Dundee cake,SRC-INDB,BFP491,usable_source_value,Recipe nutrition comes from INDB; retain serving provenance.
GF-REC-00785,Victorian sandwich cake,SRC-INDB,BFP492,usable_source_value,Recipe nutrition comes from INDB; retain serving provenance.
GF-REC-00786,Chocolate eggless cake,SRC-INDB,BFP495,usable_source_value,Recipe nutrition comes from INDB; retain serving provenance.
GF-REC-00787,Orange eggless cake,SRC-INDB,BFP496,usable_source_value,Recipe nutrition comes from INDB; retain serving provenance.
GF-REC-00788,Chocolate glace icing,SRC-INDB,BFP498,usable_source_value,Recipe nutrition comes from INDB; retain serving provenance.
GF-REC-00789,Butter icing,SRC-INDB,BFP499,usable_source_value,Recipe nutrition comes from INDB; retain serving provenance.
GF-REC-00790,Chocolate butter icing,SRC-INDB,BFP500,usable_source_value,Recipe nutrition comes from INDB; retain serving provenance.
GF-REC-00791,Almond biscuit (Badam ke biscuit),SRC-INDB,BFP502,usable_source_value,Recipe nutrition comes from INDB; retain serving provenance.
GF-REC-00792,Orange biscuit,SRC-INDB,BFP505,usable_source_value,Recipe nutrition comes from INDB; retain serving provenance.
GF-REC-00793,Gingerman biscuit,SRC-INDB,BFP506,usable_source_value,Recipe nutrition comes from INDB; retain serving provenance.
GF-REC-00794,Coffee drops,SRC-INDB,BFP507,usable_source_value,Recipe nutrition comes from INDB; retain serving provenance.
GF-REC-00795,Christmas biscuit,SRC-INDB,BFP508,usable_source_value,Recipe nutrition comes from INDB; retain serving provenance.
GF-REC-00796,Christmas wreath biscuit,SRC-INDB,BFP509,usable_source_value,Recipe nutrition comes from INDB; retain serving provenance.
GF-REC-00797,Christmas bell biscuit,SRC-INDB,BFP510,usable_source_value,Recipe nutrition comes from INDB; retain serving provenance.
GF-REC-00798,Christmas star biscuit,SRC-INDB,BFP511,usable_source_value,Recipe nutrition comes from INDB; retain serving provenance.
GF-REC-00799,Christmas tree biscuit,SRC-INDB,BFP512,usable_source_value,Recipe nutrition comes from INDB; retain serving provenance.
GF-REC-00800,Chocolate cream shells,SRC-INDB,BFP513,usable_source_value,Recipe nutrition comes from INDB; retain serving provenance.
GF-REC-00801,Jelly biscuit,SRC-INDB,BFP516,usable_source_value,Recipe nutrition comes from INDB; retain serving provenance.
GF-REC-00802,Cherry and walnut cookies,SRC-INDB,BFP517,usable_source_value,Recipe nutrition comes from INDB; retain serving provenance.
GF-REC-00803,Cheese straws,SRC-INDB,BFP518,usable_source_value,Recipe nutrition comes from INDB; retain serving provenance.
GF-REC-00804,Butterfly biscuit,SRC-INDB,BFP519,usable_source_value,Recipe nutrition comes from INDB; retain serving provenance.
GF-REC-00805,Flan pastry,SRC-INDB,BFP521,usable_source_value,Recipe nutrition comes from INDB; retain serving provenance.
GF-REC-00806,Fruit flan,SRC-INDB,BFP522,usable_source_value,Recipe nutrition comes from INDB; retain serving provenance.
GF-REC-00807,Orange cream flan,SRC-INDB,BFP523,usable_source_value,Recipe nutrition comes from INDB; retain serving provenance.
GF-REC-00808,Fruit puree tart,SRC-INDB,BFP527,usable_source_value,Recipe nutrition comes from INDB; retain serving provenance.
GF-REC-00809,Apple banana pie,SRC-INDB,BFP529,usable_source_value,Recipe nutrition comes from INDB; retain serving provenance.
GF-REC-00810,Lemon chiffon pie,SRC-INDB,BFP531,usable_source_value,Recipe nutrition comes from INDB; retain serving provenance.
GF-REC-00811,Orange chiffon pie,SRC-INDB,BFP532,usable_source_value,Recipe nutrition comes from INDB; retain serving provenance.
GF-REC-00812,Cream buns,SRC-INDB,BFP534,usable_source_value,Recipe nutrition comes from INDB; retain serving provenance.
GF-REC-00813,Savoury puffs,SRC-INDB,BFP535,usable_source_value,Recipe nutrition comes from INDB; retain serving provenance.
GF-REC-00814,Choux swans,SRC-INDB,BFP536,usable_source_value,Recipe nutrition comes from INDB; retain serving provenance.
GF-REC-00815,Potato aigrettes,SRC-INDB,BFP539,usable_source_value,Recipe nutrition comes from INDB; retain serving provenance.
GF-REC-00816,Cream horns,SRC-INDB,BFP541,usable_source_value,Recipe nutrition comes from INDB; retain serving provenance.
GF-REC-00817,Savoury cheese horns,SRC-INDB,BFP542,usable_source_value,Recipe nutrition comes from INDB; retain serving provenance.
GF-REC-00818,Paneer patties,SRC-INDB,BFP544,usable_source_value,Recipe nutrition comes from INDB; retain serving provenance.
GF-REC-00819,Vegetable patties ,SRC-INDB,BFP545,usable_source_value,Recipe nutrition comes from INDB; retain serving provenance.
GF-REC-00820,Pearl millet infant food (Bajra shishu aahaar),SRC-INDB,BFP546,usable_source_value,Recipe nutrition comes from INDB; retain serving provenance.
GF-REC-00821,Sajina,SRC-INDB,BFP547,usable_source_value,Recipe nutrition comes from INDB; retain serving provenance.
GF-REC-00822,Cereal mix ,SRC-INDB,BFP548,usable_source_value,Recipe nutrition comes from INDB; retain serving provenance.
GF-REC-00823,Pulse mix,SRC-INDB,BFP549,usable_source_value,Recipe nutrition comes from INDB; retain serving provenance.
GF-REC-00824,Shishu ahar,SRC-INDB,BFP550,usable_source_value,Recipe nutrition comes from INDB; retain serving provenance.
GF-REC-00825,Cereal pulse mix with amylase rice flour,SRC-INDB,BFP552,usable_source_value,Recipe nutrition comes from INDB; retain serving provenance.
GF-REC-00826,Banana groundnut paste/puree,SRC-INDB,BFP553,usable_source_value,Recipe nutrition comes from INDB; retain serving provenance.
GF-REC-00827,Rice dal porridge (Chawal dal ki khichdi/khichri),SRC-INDB,BFP554,usable_source_value,Recipe nutrition comes from INDB; retain serving provenance.
GF-REC-00828,Lentils and semolina porridge (Dal suji porridge/daliya),SRC-INDB,BFP555,usable_source_value,Recipe nutrition comes from INDB; retain serving provenance.
GF-REC-00829,Spinach khichri (Palak khichri/khichdi),SRC-INDB,BFP556,usable_source_value,Recipe nutrition comes from INDB; retain serving provenance.
GF-REC-00830,Vegetable mix,SRC-INDB,BFP557,usable_source_value,Recipe nutrition comes from INDB; retain serving provenance.
GF-REC-00831,Lentils and wheat porridge (Dal wheat porridge/daliya ),SRC-INDB,BFP558,usable_source_value,Recipe nutrition comes from INDB; retain serving provenance.
GF-REC-00832,Maize porridge,SRC-INDB,BFP559,usable_source_value,Recipe nutrition comes from INDB; retain serving provenance.
GF-REC-00833,Spinach peanut burfi (Palak aur mungfali ki burfi),SRC-INDB,BFP560,usable_source_value,Recipe nutrition comes from INDB; retain serving provenance.
GF-REC-00834,Split bengal gram burfi/fudge (Channa dal burfi),SRC-INDB,BFP561,usable_source_value,Recipe nutrition comes from INDB; retain serving provenance.
GF-REC-00835,Chickpea flour cookies (Sweet besan rounds/cookies),SRC-INDB,BFP563,usable_source_value,Recipe nutrition comes from INDB; retain serving provenance.
GF-REC-00836,Pearl millet mathri (Bajra mathri),SRC-INDB,BFP564,usable_source_value,Recipe nutrition comes from INDB; retain serving provenance.
GF-REC-00837,Sesame biscuit (Til ke biscuit),SRC-INDB,BFP565,usable_source_value,Recipe nutrition comes from INDB; retain serving provenance.
GF-REC-00838,Fermented bengal gram vada (Khameerikrit/Ufna hua channa dal ka vada),SRC-INDB,BFP566,usable_source_value,Recipe nutrition comes from INDB; retain serving provenance.
GF-REC-00839,Poshtik namak paras,SRC-INDB,BFP568,usable_source_value,Recipe nutrition comes from INDB; retain serving provenance.
GF-REC-00840,Soya chikki,SRC-INDB,BFP569,usable_source_value,Recipe nutrition comes from INDB; retain serving provenance.
GF-REC-00841,Besan bathua chilla/cheela,SRC-INDB,BFP570,usable_source_value,Recipe nutrition comes from INDB; retain serving provenance.
GF-REC-00842,Wheat flour and nuts ladoos (Atta nuts ladoos),SRC-INDB,BFP571,usable_source_value,Recipe nutrition comes from INDB; retain serving provenance.
GF-REC-00843,Gram flour and semolina dhokla (Besan suji dhokla),SRC-INDB,BFP573,usable_source_value,Recipe nutrition comes from INDB; retain serving provenance.
GF-REC-00844,Atta dal burfi ,SRC-INDB,BFP574,usable_source_value,Recipe nutrition comes from INDB; retain serving provenance.
GF-REC-00845,Soya roti,SRC-INDB,BFP575,usable_source_value,Recipe nutrition comes from INDB; retain serving provenance.
GF-REC-00846,Poshtik khichdi/khichri,SRC-INDB,BFP576,usable_source_value,Recipe nutrition comes from INDB; retain serving provenance.
GF-REC-00847,Namkeen daliya,SRC-INDB,BFP577,usable_source_value,Recipe nutrition comes from INDB; retain serving provenance.
GF-REC-00848,Sprouts upma ,SRC-INDB,BFP578,usable_source_value,Recipe nutrition comes from INDB; retain serving provenance.
GF-REC-00849,Semolina idli (Suji/Rava idli),SRC-INDB,BFP579,usable_source_value,Recipe nutrition comes from INDB; retain serving provenance.
GF-REC-00850,Poshtik chilla/cheela,SRC-INDB,BFP580,usable_source_value,Recipe nutrition comes from INDB; retain serving provenance.
GF-REC-00851,Apple jelly (Seb ki jelly),SRC-INDB,BFP583,usable_source_value,Recipe nutrition comes from INDB; retain serving provenance.
GF-REC-00852,Marmalade (Murabba),SRC-INDB,BFP585,usable_source_value,Recipe nutrition comes from INDB; retain serving provenance.
GF-REC-00853,Plum squash (Aloo bukhara squash),SRC-INDB,BFP589,usable_source_value,Recipe nutrition comes from INDB; retain serving provenance.
GF-REC-00854,Lemon green chilli pickle (Nimboo aur hari mirch ka achaar),SRC-INDB,BFP595,usable_source_value,Recipe nutrition comes from INDB; retain serving provenance.
GF-REC-00855,Brinjal pickle (Baingan ka achaar),SRC-INDB,BFP597,usable_source_value,Recipe nutrition comes from INDB; retain serving provenance.
GF-REC-00856,Sweet and sour tomato pickle (Khatta meetha tamatar ka achaar),SRC-INDB,BFP598,usable_source_value,Recipe nutrition comes from INDB; retain serving provenance.
GF-REC-00857,Jhatpat achar with carrot (Jhatpat achaar gajar ke saath),SRC-INDB,BFP599,usable_source_value,Recipe nutrition comes from INDB; retain serving provenance.
GF-REC-00858,Tomato chutney (Tamatar ki chutney),SRC-INDB,BFP601,usable_source_value,Recipe nutrition comes from INDB; retain serving provenance.
GF-REC-00859,Tomato ketchup,SRC-INDB,BFP602,usable_source_value,Recipe nutrition comes from INDB; retain serving provenance.
GF-REC-00860,Stuffed bittergourd (dry) (Bharwa karela),SRC-INDB,BFP604,usable_source_value,Recipe nutrition comes from INDB; retain serving provenance.
GF-REC-00861,Cauliflower potato canjee,SRC-INDB,BFP605,usable_source_value,Recipe nutrition comes from INDB; retain serving provenance.
GF-REC-00862,Creamed spinach,SRC-INDB,BFP606,usable_source_value,Recipe nutrition comes from INDB; retain serving provenance.
GF-REC-00863,Mango milkshake with ice cream (Aam milkshake ice cream ke saath),SRC-INDB,BFP607,usable_source_value,Recipe nutrition comes from INDB; retain serving provenance.
GF-REC-00864,Pineapple milkshake with ice cream (Ananas milkshake ice cream ke saath),SRC-INDB,BFP608,usable_source_value,Recipe nutrition comes from INDB; retain serving provenance.
GF-REC-00865,Orange milkshake with ice cream (Narangi milkshake ice cream ke saath),SRC-INDB,BFP609,usable_source_value,Recipe nutrition comes from INDB; retain serving provenance.
GF-REC-00866,Woodapple juice (Bel ka sharbat),SRC-INDB,OSR001,usable_source_value,Recipe nutrition comes from INDB; retain serving provenance.
GF-REC-00867,Sattu drink,SRC-INDB,OSR002,usable_source_value,Recipe nutrition comes from INDB; retain serving provenance.
GF-REC-00868,Apple and honey sorbet (Seb aur shehad ka sharbat),SRC-INDB,OSR004,usable_source_value,Recipe nutrition comes from INDB; retain serving provenance.
GF-REC-00869,Thandai,SRC-INDB,OSR005,usable_source_value,Recipe nutrition comes from INDB; retain serving provenance.
GF-REC-00870,Cucumber sharbat (Kheere ka sharbat),SRC-INDB,OSR006,usable_source_value,Recipe nutrition comes from INDB; retain serving provenance.
GF-REC-00871,Apple oats chia seed smoothie,SRC-INDB,OSR007,usable_source_value,Recipe nutrition comes from INDB; retain serving provenance.
GF-REC-00872,Nannari sharbat,SRC-INDB,OSR008,usable_source_value,Recipe nutrition comes from INDB; retain serving provenance.
GF-REC-00873,Semolina milk drink (Thari kanji),SRC-INDB,OSR009,usable_source_value,Recipe nutrition comes from INDB; retain serving provenance.
GF-REC-00874,Saffron milk (Kesariya doodh),SRC-INDB,OSR010,usable_source_value,Recipe nutrition comes from INDB; retain serving provenance.
GF-REC-00875,Black rice kheer (Chak-hao kheer),SRC-INDB,OSR011,usable_source_value,Recipe nutrition comes from INDB; retain serving provenance.
GF-REC-00876,Coconut kheer (Nariyal ki kheer),SRC-INDB,OSR012,usable_source_value,Recipe nutrition comes from INDB; retain serving provenance.
GF-REC-00877,Apple sago payasam (Seb aur sabudana ki kheer),SRC-INDB,OSR013,usable_source_value,Recipe nutrition comes from INDB; retain serving provenance.
GF-REC-00878,Kesari bath,SRC-INDB,OSR014,usable_source_value,Recipe nutrition comes from INDB; retain serving provenance.
GF-REC-00879,Putharekulu,SRC-INDB,OSR015,usable_source_value,Recipe nutrition comes from INDB; retain serving provenance.
GF-REC-00880,Mango malpua,SRC-INDB,OSR016,usable_source_value,Recipe nutrition comes from INDB; retain serving provenance.
GF-REC-00881,Mango vanilla custard,SRC-INDB,OSR017,usable_source_value,Recipe nutrition comes from INDB; retain serving provenance.
GF-REC-00882,Kiwi granola pudding,SRC-INDB,OSR018,usable_source_value,Recipe nutrition comes from INDB; retain serving provenance.
GF-REC-00883,Oats burfi,SRC-INDB,OSR019,usable_source_value,Recipe nutrition comes from INDB; retain serving provenance.
GF-REC-00884,Lotus seed halwa (Kamal gattay ka halwa),SRC-INDB,OSR020,usable_source_value,Recipe nutrition comes from INDB; retain serving provenance.
GF-REC-00885,Amaranth ladoo (Rajgira ladoo),SRC-INDB,OSR021,usable_source_value,Recipe nutrition comes from INDB; retain serving provenance.
GF-REC-00886,Chhena poda,SRC-INDB,OSR022,usable_source_value,Recipe nutrition comes from INDB; retain serving provenance.
GF-REC-00887,Sweet couscous dessert,SRC-INDB,OSR023,usable_source_value,Recipe nutrition comes from INDB; retain serving provenance.
GF-REC-00888,Sweetened yogurt (Shrikhand),SRC-INDB,OSR024,usable_source_value,Recipe nutrition comes from INDB; retain serving provenance.
GF-REC-00889,Thickened sweetened milk (Rabri),SRC-INDB,OSR025,usable_source_value,Recipe nutrition comes from INDB; retain serving provenance.
GF-REC-00890,Gram flour halwa (Besan halwa),SRC-INDB,OSR026,usable_source_value,Recipe nutrition comes from INDB; retain serving provenance.
GF-REC-00891,Prawn sandwich,SRC-INDB,OSR027,usable_source_value,Recipe nutrition comes from INDB; retain serving provenance.
GF-REC-00892,Watercress sandwich,SRC-INDB,OSR028,usable_source_value,Recipe nutrition comes from INDB; retain serving provenance.
GF-REC-00893,Fish sandwich ,SRC-INDB,OSR029,usable_source_value,Recipe nutrition comes from INDB; retain serving provenance.
GF-REC-00894,Kidney bean sandwich with cottage cheese,SRC-INDB,OSR030,usable_source_value,Recipe nutrition comes from INDB; retain serving provenance.
GF-REC-00895,Finger millet biscuit (Ragi biscuit),SRC-INDB,OSR031,usable_source_value,Recipe nutrition comes from INDB; retain serving provenance.
GF-REC-00896,Buttermilk biscuit,SRC-INDB,OSR032,usable_source_value,Recipe nutrition comes from INDB; retain serving provenance.
GF-REC-00897,Lemon cookies,SRC-INDB,OSR033,usable_source_value,Recipe nutrition comes from INDB; retain serving provenance.
GF-REC-00898,Sweet potato biscuit (Shakarkand ke biscuit),SRC-INDB,OSR034,usable_source_value,Recipe nutrition comes from INDB; retain serving provenance.
GF-REC-00899,Raspberry shortbread cookies,SRC-INDB,OSR035,usable_source_value,Recipe nutrition comes from INDB; retain serving provenance.
GF-REC-00900,Pumpkin cookies ,SRC-INDB,OSR036,usable_source_value,Recipe nutrition comes from INDB; retain serving provenance.
GF-REC-00901,Greenpea cookies,SRC-INDB,OSR037,usable_source_value,Recipe nutrition comes from INDB; retain serving provenance.
GF-REC-00902,Sunflower cookies,SRC-INDB,OSR038,usable_source_value,Recipe nutrition comes from INDB; retain serving provenance.
GF-REC-00903,Cardamom cookies (Elaichi cookies),SRC-INDB,OSR039,usable_source_value,Recipe nutrition comes from INDB; retain serving provenance.
GF-REC-00904,Hazelnut cookies,SRC-INDB,OSR040,usable_source_value,Recipe nutrition comes from INDB; retain serving provenance.
GF-REC-00905,Milk cookies,SRC-INDB,OSR041,usable_source_value,Recipe nutrition comes from INDB; retain serving provenance.
GF-REC-00906,Cranberry cookies,SRC-INDB,OSR042,usable_source_value,Recipe nutrition comes from INDB; retain serving provenance.
GF-REC-00907,Olive biscuit,SRC-INDB,OSR043,usable_source_value,Recipe nutrition comes from INDB; retain serving provenance.
GF-REC-00908,Tutti fruitti biscuit,SRC-INDB,OSR045,usable_source_value,Recipe nutrition comes from INDB; retain serving provenance.
GF-REC-00909,Peach blueberry preserves,SRC-INDB,OSR046,usable_source_value,Recipe nutrition comes from INDB; retain serving provenance.
GF-REC-00910,Pear preserves (Naashpati ka murabba),SRC-INDB,OSR047,usable_source_value,Recipe nutrition comes from INDB; retain serving provenance.
GF-REC-00911,Starfruit preserves ,SRC-INDB,OSR048,usable_source_value,Recipe nutrition comes from INDB; retain serving provenance.
GF-REC-00912,Gooseberry pickle (Amla ka achaar),SRC-INDB,OSR049,usable_source_value,Recipe nutrition comes from INDB; retain serving provenance.
GF-REC-00913,Lotus stem pickle (Kamal kakdi ka achar),SRC-INDB,OSR050,usable_source_value,Recipe nutrition comes from INDB; retain serving provenance.
GF-REC-00914,Date pickle (Khajoor ka achaar),SRC-INDB,OSR051,usable_source_value,Recipe nutrition comes from INDB; retain serving provenance.
GF-REC-00915,Garlic pickle (Lahasun ka achar),SRC-INDB,OSR052,usable_source_value,Recipe nutrition comes from INDB; retain serving provenance.
GF-REC-00916,Fermented bamboo shoot pickle (Mesu pickle),SRC-INDB,OSR053,usable_source_value,Recipe nutrition comes from INDB; retain serving provenance.
GF-REC-00917,Sweet peach pickle (Aadoo ka achaar),SRC-INDB,OSR054,usable_source_value,Recipe nutrition comes from INDB; retain serving provenance.
GF-REC-00918,Pickled mustard greens ,SRC-INDB,OSR055,usable_source_value,Recipe nutrition comes from INDB; retain serving provenance.
GF-REC-00919,Small onion pickle ,SRC-INDB,OSR056,usable_source_value,Recipe nutrition comes from INDB; retain serving provenance.
GF-REC-00920,Green tomato pickle (Haray tamatar ka achaar),SRC-INDB,OSR057,usable_source_value,Recipe nutrition comes from INDB; retain serving provenance.
GF-REC-00921,Pickled cabbage ,SRC-INDB,OSR058,usable_source_value,Recipe nutrition comes from INDB; retain serving provenance.
GF-REC-00922,Coconut pickle (Nariyal ka aachar),SRC-INDB,OSR059,usable_source_value,Recipe nutrition comes from INDB; retain serving provenance.
GF-REC-00923,Potato pickle (Aloo ka achaar),SRC-INDB,OSR060,usable_source_value,Recipe nutrition comes from INDB; retain serving provenance.
GF-REC-00924,Mango murabba candy,SRC-INDB,OSR061,usable_source_value,Recipe nutrition comes from INDB; retain serving provenance.
GF-REC-00925,Afghani chicken,SRC-INDB,OSR062,usable_source_value,Recipe nutrition comes from INDB; retain serving provenance.
GF-REC-00926,Fish orly,SRC-INDB,OSR063,usable_source_value,Recipe nutrition comes from INDB; retain serving provenance.
GF-REC-00927,Hariyali Fish Tikka,SRC-INDB,OSR064,usable_source_value,Recipe nutrition comes from INDB; retain serving provenance.
GF-REC-00928,Chicken manchurian,SRC-INDB,OSR065,usable_source_value,Recipe nutrition comes from INDB; retain serving provenance.
GF-REC-00929,Handi chicken,SRC-INDB,OSR066,usable_source_value,Recipe nutrition comes from INDB; retain serving provenance.
GF-REC-00930,Lemon chicken,SRC-INDB,OSR067,usable_source_value,Recipe nutrition comes from INDB; retain serving provenance.
GF-REC-00931,Lemon butter fish,SRC-INDB,OSR068,usable_source_value,Recipe nutrition comes from INDB; retain serving provenance.
GF-REC-00932,Baked eggs in tomato sauce,SRC-INDB,OSR069,usable_source_value,Recipe nutrition comes from INDB; retain serving provenance.
GF-REC-00933,Egg in a pepper,SRC-INDB,OSR070,usable_source_value,Recipe nutrition comes from INDB; retain serving provenance.
GF-REC-00934,Spinach mushroom scrambled egg (Palak mushroom bhurji),SRC-INDB,OSR071,usable_source_value,Recipe nutrition comes from INDB; retain serving provenance.
GF-REC-00935,Corn omelette/omlet,SRC-INDB,OSR072,usable_source_value,Recipe nutrition comes from INDB; retain serving provenance.
GF-REC-00936,Cajun chicken,SRC-INDB,OSR073,usable_source_value,Recipe nutrition comes from INDB; retain serving provenance.
GF-REC-00937,Paaner do pyaza,SRC-INDB,OSR074,usable_source_value,Recipe nutrition comes from INDB; retain serving provenance.
GF-REC-00938,Cabbage manchurian (Pattagobhi manchurian),SRC-INDB,OSR075,usable_source_value,Recipe nutrition comes from INDB; retain serving provenance.
GF-REC-00939,Gobi 65,SRC-INDB,OSR076,usable_source_value,Recipe nutrition comes from INDB; retain serving provenance.
GF-REC-00940,Paneer lababdar,SRC-INDB,OSR077,usable_source_value,Recipe nutrition comes from INDB; retain serving provenance.
GF-REC-00941,Roasted cauliflower steak,SRC-INDB,OSR078,usable_source_value,Recipe nutrition comes from INDB; retain serving provenance.
GF-REC-00942,Sauteed radishes with green beans,SRC-INDB,OSR079,usable_source_value,Recipe nutrition comes from INDB; retain serving provenance.
GF-REC-00943,Garlic chutney/Poondu chutney (Lahasun ki chutney),SRC-INDB,OSR080,usable_source_value,Recipe nutrition comes from INDB; retain serving provenance.
GF-REC-00944,Schezwan chutney,SRC-INDB,OSR081,usable_source_value,Recipe nutrition comes from INDB; retain serving provenance.
GF-REC-00945,Bengal 5 Spice Blend (Panch Phoran),SRC-INDB,OSR082,usable_source_value,Recipe nutrition comes from INDB; retain serving provenance.
GF-REC-00946,Onion chutney (Pyaaz ki chutney/Vengaya chutney),SRC-INDB,OSR083,usable_source_value,Recipe nutrition comes from INDB; retain serving provenance.
GF-REC-00947,Dates chutney (Khajoor ki chutney),SRC-INDB,OSR085,usable_source_value,Recipe nutrition comes from INDB; retain serving provenance.
GF-REC-00948,Chicken salad,SRC-INDB,OSR086,usable_source_value,Recipe nutrition comes from INDB; retain serving provenance.
GF-REC-00949,Macaroni salad,SRC-INDB,OSR087,usable_source_value,Recipe nutrition comes from INDB; retain serving provenance.
GF-REC-00950,Cabbage raita (Pattagobhi raita),SRC-INDB,OSR088,usable_source_value,Recipe nutrition comes from INDB; retain serving provenance.
GF-REC-00951,Pomegranate raita (Anaar ka raita),SRC-INDB,OSR089,usable_source_value,Recipe nutrition comes from INDB; retain serving provenance.
GF-REC-00952,Onion raita (Pyaaz ka raita),SRC-INDB,OSR090,usable_source_value,Recipe nutrition comes from INDB; retain serving provenance.
GF-REC-00953,Green chilli raita (Hari mirch ka raita),SRC-INDB,OSR091,usable_source_value,Recipe nutrition comes from INDB; retain serving provenance.
GF-REC-00954,Kale salad,SRC-INDB,OSR092,usable_source_value,Recipe nutrition comes from INDB; retain serving provenance.
GF-REC-00955,Spinach and paneer souffle ,SRC-INDB,OSR093,usable_source_value,Recipe nutrition comes from INDB; retain serving provenance.
GF-REC-00956,Masala souffle ,SRC-INDB,OSR094,usable_source_value,Recipe nutrition comes from INDB; retain serving provenance.
GF-REC-00957,Chicken and cheese souffle,SRC-INDB,OSR095,usable_source_value,Recipe nutrition comes from INDB; retain serving provenance.
GF-REC-00958,Tamarind chutney (Chintapandu pachadi/Puli chutney),SRC-INDB,OSR096,usable_source_value,Recipe nutrition comes from INDB; retain serving provenance.
GF-REC-00959,Pav bhaji masala,SRC-INDB,OSR097,usable_source_value,Recipe nutrition comes from INDB; retain serving provenance.
GF-REC-00960,Green chutney,SRC-INDB,OSR098,usable_source_value,Recipe nutrition comes from INDB; retain serving provenance.
GF-REC-00961,Sago khitchdi/khichri (Sabudana khitchdi/khichri),SRC-INDB,OSR099,usable_source_value,Recipe nutrition comes from INDB; retain serving provenance.
GF-REC-00962,Gram flour chilla/cheela (Besan chilla/cheela),SRC-INDB,OSR100,usable_source_value,Recipe nutrition comes from INDB; retain serving provenance.
GF-REC-00963,Vegetable namkeen jave,SRC-INDB,OSR101,usable_source_value,Recipe nutrition comes from INDB; retain serving provenance.
GF-REC-00964,Khakhra,SRC-INDB,OSR102,usable_source_value,Recipe nutrition comes from INDB; retain serving provenance.
GF-REC-00965,Moong bean dosa (Pesarattu),SRC-INDB,OSR103,usable_source_value,Recipe nutrition comes from INDB; retain serving provenance.
GF-REC-00966,Methi thepla,SRC-INDB,OSR104,usable_source_value,Recipe nutrition comes from INDB; retain serving provenance.
GF-REC-00967,Rice puttu (Ari puttu),SRC-INDB,OSR105,usable_source_value,Recipe nutrition comes from INDB; retain serving provenance.
GF-REC-00968,Buckwheat pancake (Khura),SRC-INDB,OSR106,usable_source_value,Recipe nutrition comes from INDB; retain serving provenance.
GF-REC-00969,Quinoa khichdi/khichri,SRC-INDB,OSR107,usable_source_value,Recipe nutrition comes from INDB; retain serving provenance.
GF-REC-00970,Khakhra chaat,SRC-INDB,OSR108,usable_source_value,Recipe nutrition comes from INDB; retain serving provenance.
GF-REC-00971,Banana appam,SRC-INDB,OSR110,usable_source_value,Recipe nutrition comes from INDB; retain serving provenance.
GF-REC-00972,Veg manchurian,SRC-INDB,OSR111,usable_source_value,Recipe nutrition comes from INDB; retain serving provenance.
GF-REC-00973,Pav bhaji,SRC-INDB,OSR112,usable_source_value,Recipe nutrition comes from INDB; retain serving provenance.
GF-REC-00974,Rice murukku,SRC-INDB,OSR113,usable_source_value,Recipe nutrition comes from INDB; retain serving provenance.
GF-REC-00975,Bhel puri ,SRC-INDB,OSR114,usable_source_value,Recipe nutrition comes from INDB; retain serving provenance.
GF-REC-00976,Semolina dhokla (Suji/Rava dhokla),SRC-INDB,OSR115,usable_source_value,Recipe nutrition comes from INDB; retain serving provenance.
GF-REC-00977,Spicy corn chaat ,SRC-INDB,OSR116,usable_source_value,Recipe nutrition comes from INDB; retain serving provenance.
GF-REC-00978,Jackfruit fritters (Ponsa mulik/Kathal ka pakora),SRC-INDB,OSR118,usable_source_value,Recipe nutrition comes from INDB; retain serving provenance.
GF-REC-00979,Banana chips (Kele ke chips),SRC-INDB,OSR119,usable_source_value,Recipe nutrition comes from INDB; retain serving provenance.
GF-REC-00980,Wheat cake,SRC-INDB,OSR120,usable_source_value,Recipe nutrition comes from INDB; retain serving provenance.
GF-REC-00981,Mango cheesecake,SRC-INDB,OSR121,usable_source_value,Recipe nutrition comes from INDB; retain serving provenance.
GF-REC-00982,Carrot cake (Gajar ka cake),SRC-INDB,OSR122,usable_source_value,Recipe nutrition comes from INDB; retain serving provenance.
GF-REC-00983,Semolina cake (Suji/Rava cake),SRC-INDB,OSR123,usable_source_value,Recipe nutrition comes from INDB; retain serving provenance.
GF-REC-00984,Finger millet cake (Ragi cake),SRC-INDB,OSR124,usable_source_value,Recipe nutrition comes from INDB; retain serving provenance.
GF-REC-00985,Honey cake,SRC-INDB,OSR125,usable_source_value,Recipe nutrition comes from INDB; retain serving provenance.
GF-REC-00986,Almond cardamom cake (Badam elaichi cake),SRC-INDB,OSR126,usable_source_value,Recipe nutrition comes from INDB; retain serving provenance.
GF-REC-00987,Tutti frutti cake,SRC-INDB,OSR127,usable_source_value,Recipe nutrition comes from INDB; retain serving provenance.
GF-REC-00988,Ham and Bean soup,SRC-INDB,OSR128,usable_source_value,Recipe nutrition comes from INDB; retain serving provenance.
GF-REC-00989,Whey soup,SRC-INDB,OSR129,usable_source_value,Recipe nutrition comes from INDB; retain serving provenance.
GF-REC-00990,Bottle gourd soup (Ghiya/Lauki soup),SRC-INDB,OSR130,usable_source_value,Recipe nutrition comes from INDB; retain serving provenance.
GF-REC-00991,Baked potato soup,SRC-INDB,OSR131,usable_source_value,Recipe nutrition comes from INDB; retain serving provenance.
GF-REC-00992,Pumpkin soup,SRC-INDB,OSR132,usable_source_value,Recipe nutrition comes from INDB; retain serving provenance.
GF-REC-00993,Sweet corn soup,SRC-INDB,OSR133,usable_source_value,Recipe nutrition comes from INDB; retain serving provenance.
GF-REC-00994,Paneer soup,SRC-INDB,OSR134,usable_source_value,Recipe nutrition comes from INDB; retain serving provenance.
GF-REC-00995,Curried Cauliflower soup,SRC-INDB,OSR135,usable_source_value,Recipe nutrition comes from INDB; retain serving provenance.
GF-REC-00996,Millet soup,SRC-INDB,OSR136,usable_source_value,Recipe nutrition comes from INDB; retain serving provenance.
GF-REC-00997,Lemon coriander soup,SRC-INDB,OSR137,usable_source_value,Recipe nutrition comes from INDB; retain serving provenance.
GF-REC-00998,Garlic soup,SRC-INDB,OSR138,usable_source_value,Recipe nutrition comes from INDB; retain serving provenance.
GF-REC-00999,Dal makhani,SRC-INDB,OSR139,usable_source_value,Recipe nutrition comes from INDB; retain serving provenance.
GF-REC-01000,Dalma,SRC-INDB,OSR141,usable_source_value,Recipe nutrition comes from INDB; retain serving provenance.
GF-REC-01001,Split bengal gram dal (Channa dal),SRC-INDB,OSR142,usable_source_value,Recipe nutrition comes from INDB; retain serving provenance.
GF-REC-01002,Horsegram dal (Kulthi dal) ,SRC-INDB,OSR143,usable_source_value,Recipe nutrition comes from INDB; retain serving provenance.
GF-REC-01003,Panchmel dal,SRC-INDB,OSR144,usable_source_value,Recipe nutrition comes from INDB; retain serving provenance.
GF-REC-01004,Dal dhokli,SRC-INDB,OSR145,usable_source_value,Recipe nutrition comes from INDB; retain serving provenance.
GF-REC-01005,Gujarati handvo ,SRC-INDB,OSR146,usable_source_value,Recipe nutrition comes from INDB; retain serving provenance.
GF-REC-01006,Sev (Omapodi/Karapusa),SRC-INDB,OSR147,usable_source_value,Recipe nutrition comes from INDB; retain serving provenance.
GF-REC-01007,Papdi,SRC-INDB,OSR148,usable_source_value,Recipe nutrition comes from INDB; retain serving provenance.
GF-REC-01008,Jowar dosa,SRC-INDB,OSR151,usable_source_value,Recipe nutrition comes from INDB; retain serving provenance.
GF-REC-01009,Bread roll,SRC-INDB,OSR152,usable_source_value,Recipe nutrition comes from INDB; retain serving provenance.
GF-REC-01010,Soya seekh kebab,SRC-INDB,OSR153,usable_source_value,Recipe nutrition comes from INDB; retain serving provenance.
GF-REC-01011,Classic seasoned black beans,SRC-INDB,OSR154,usable_source_value,Recipe nutrition comes from INDB; retain serving provenance.
GF-REC-01012,Maa chaane ki dal,SRC-INDB,OSR155,usable_source_value,Recipe nutrition comes from INDB; retain serving provenance.
GF-REC-01013,Garlic chickpea soup (Lahasun aur chane ka shoraba),SRC-INDB,OSR156,usable_source_value,Recipe nutrition comes from INDB; retain serving provenance.
GF-REC-01014,Shepherd's pie (with minced meat),SRC-INDB,ASC239,usable_source_value,Recipe nutrition comes from INDB; retain serving provenance.
