recipe_food_id,ingredient_food_id,ingredient_name,quantity,quantity_unit,source_food_code,ingredient_name_original,amount_original,unit_original
GF-REC-00001,GF-ING-00312,"Milk, whole, Cow",50.0,ml,L002,Milk,50,ml (to taste)
GF-REC-00001,,"Sugar, white",2.0,tsp,UK-17-063,Sugar,2,tsp (to taste)
GF-REC-00001,,"Tea, black, infusion, average",1.5,tsp,UK-17-165,Tea leaves,1.5,tsp
GF-REC-00001,,"Water, distilled",1.5,C,UK-17-377,Water,1.5,cups
GF-REC-00002,GF-ING-00312,"Milk, whole, Cow",75.0,ml,L002,Hot milk,75,ml (to taste)
GF-REC-00002,,"Sugar, white",3.0,tsp,UK-17-063,Sugar,3,tsp (to taste)
GF-REC-00002,,"Coffee, powder, instant",1.5,tsp,UK-17-158,Instant coffee powder,1.5,tsp
GF-REC-00002,,"Water, distilled",1.5,C,UK-17-377,Water,1.5,cups
GF-REC-00003,GF-ING-00312,"Milk, whole, Cow",75.0,ml,L002,Milk,75,ml
GF-REC-00003,,"Sugar, white",1.5,tsp,UK-17-063,Sugar,1.5,tsp
GF-REC-00003,,"Coffee, powder, instant",1.0,tsp,UK-17-158,Instant coffee powder,1,tsp
GF-REC-00003,,"Water, distilled",75.0,ml,UK-17-377,Water,75,ml
GF-REC-00003,,"Drinking chocolate, powder",0.25,tsp,UK-17-498,Drinking chocolate,to sprinkle,
GF-REC-00004,,"Lemons, flesh only, raw, weighed with peel and pips",17.5,g,UK-14-130,Lemon,.5,nos
GF-REC-00004,,"Sugar, white",2.0,tsp,UK-17-063,Sugar,2,tsp (to taste)
GF-REC-00004,,"Tea, black, infusion, average",1.0,tsp,UK-17-165,Tea leaves,1,tsp
GF-REC-00004,,"Water, distilled",7.5,tbsp,UK-17-377,Ice cubes,2 to 3,cubes
GF-REC-00004,,"Water, distilled",0.75,C,UK-17-377,Water,.75,cups
GF-REC-00005,GF-ING-00140,"Mango, green, raw (Mangifera indica)",100.0,g,D057,Raw mango,100,g
GF-REC-00005,GF-ING-00264,Mint leaves (Mentha spicata ),1.0,sprig,G016,Mint leaves,a few,
GF-REC-00005,GF-ING-00273,Cumin seeds (Cuminum cyminum),0.125,tsp,G025,Roasted jeera powder,.125,tsp
GF-REC-00005,GF-ING-00279,"Pepper, black (Piper nigrum)",0.125,tsp,G031,Black pepper powder,.125,tsp
GF-REC-00005,,"Sugar, white",3.0,tbsp,UK-17-063,Sugar,3,tbsp
GF-REC-00005,,Salt,0.5,tsp,UK-17-367,Salt,.5,tsp
GF-REC-00005,,"Water, distilled",10.5,tbsp,UK-17-377,Ice cubes,3 to 4,cubes
GF-REC-00005,,"Water, distilled",1.0,C,UK-17-377,Water,1,cups
GF-REC-00006,GF-ING-00194,"Lemon, juice (Citrus limon)",1.0,tbsp,E033,Lemon juice,1,tbsp
GF-REC-00006,GF-ING-00262,"Ginger, fresh (Zingiber officinale)",10.0,g,G014,Ginger,10,g
GF-REC-00006,GF-ING-00264,Mint leaves (Mentha spicata ),1.0,sprig,G016,Mint,1,sprig
GF-REC-00006,,"Lemons, flesh only, raw, weighed with peel and pips",11.67,g,UK-14-130,Lemon slices,2,circular
GF-REC-00006,,"Pineapple juice, unsweetened",0.5,C,UK-14-286,Pineapple juice,.5,cups
GF-REC-00006,,"Orange juice, freshly squeezed",0.5,C,UK-14-369,Orange juice,.5,cups
GF-REC-00006,,"Sugar, white",4.0,tbsp,UK-17-063,Sugar,4,tbsp
GF-REC-00006,,"Tea, black, infusion, average",2.0,g,UK-17-165,Tea bag,1,nos
GF-REC-00006,,Cola,250.0,ml,UK-17-175,Soda,.25,bottle
GF-REC-00006,,"Water, distilled",18.0,tbsp,UK-17-377,Crushed ice,6,cubes
GF-REC-00006,,"Water, distilled",0.5,C,UK-17-377,Water (for ginger extract),.5,cups
GF-REC-00006,,"Water, distilled",0.5,C,UK-17-377,Water (for tea),.5,cups
GF-REC-00007,GF-ING-00214,Pineapple (Ananas comosus),30.0,g,E053,Pineapple slice,1,slice
GF-REC-00007,GF-ING-00262,"Ginger, fresh (Zingiber officinale)",10.0,g,G014,Ginger,10,g
GF-REC-00007,GF-ING-00264,Mint leaves (Mentha spicata ),1.0,sprig,G016,Mint,1,sprig
GF-REC-00007,,"Lemons, flesh only, raw, weighed with peel and pips",11.67,g,UK-14-130,Lemon slices,2,circular
GF-REC-00007,,"Orange juice, freshly squeezed",2.0,tbsp,UK-14-369,Orange squash,2,tbsp
GF-REC-00007,,"Sugar, white",2.0,tbsp,UK-17-063,Sugar,2,tbsp
GF-REC-00007,,"Tea, black, infusion, average",2.0,g,UK-17-165,Tea bag,1,nos
GF-REC-00007,,Cola,250.0,ml,UK-17-175,Soda,.25,bottle
GF-REC-00007,,"Water, distilled",18.0,tbsp,UK-17-377,Crushed ice,6,cubes
GF-REC-00007,,"Water, distilled",1.0,C,UK-17-377,Water,1,cups
GF-REC-00007,,"Water, distilled",0.5,C,UK-17-377,Water (for tea),.5,cups
GF-REC-00007,,"Fruit juice drink/squash, undiluted",2.0,tbsp,UK-17-738,Lemon squash,2,tbsp
GF-REC-00008,GF-ING-00264,Mint leaves (Mentha spicata ),1.0,sprig,G016,Mint leaves,1,sprig
GF-REC-00008,,"Lemons, flesh only, raw, weighed with peel and pips",30.0,g,UK-14-130,Lemon juice,1,nos
GF-REC-00008,,"Sugar, white",3.0,tbsp,UK-17-063,Sugar,3,tbsp
GF-REC-00008,,Salt,0.25,tsp,UK-17-367,Salt,a,pinch
GF-REC-00008,,"Water, distilled",18.0,tbsp,UK-17-377,Crushed ice,6,cubes
GF-REC-00008,,"Water, distilled",1.5,C,UK-17-377,Water,1.5,cups
GF-REC-00009,GF-ING-00262,"Ginger, fresh (Zingiber officinale)",15.0,g,G014,Ginger,15,g
GF-REC-00009,GF-ING-00264,Mint leaves (Mentha spicata ),1.0,sprig,G016,Mint leaves,1,sprig
GF-REC-00009,,"Lemons, flesh only, raw, weighed with peel and pips",30.0,g,UK-14-130,Lemon juice,1,nos
GF-REC-00009,,"Sugar, white",3.0,tbsp,UK-17-063,Sugar,3,tbsp
GF-REC-00009,,Salt,0.25,tsp,UK-17-367,Salt,a,pinch
GF-REC-00009,,"Water, distilled",18.0,tbsp,UK-17-377,Crushed ice,6,cubes
GF-REC-00009,,"Water, distilled",1.5,C,UK-17-377,Water,1.5,cups
GF-REC-00010,GF-ING-00225,"Tamarind, pulp (Tamarindus indica)",10.0,g,E064,Tamarind (without seeds,10,g
GF-REC-00010,GF-ING-00262,"Ginger, fresh (Zingiber officinale)",5.0,g,G014,Ginger,5,g
GF-REC-00010,GF-ING-00264,Mint leaves (Mentha spicata ),1.0,sprig,G016,Mint leaves,few,
GF-REC-00010,GF-ING-00271,Cloves (Syzygium aromaticum),0.75,tsp,G023,Cloves,.75,tsp
GF-REC-00010,GF-ING-00273,Cumin seeds (Cuminum cyminum),1.5,tsp,G025,Zeera (roasted and powdered),1.5,tsp
GF-REC-00010,,"Cinnamon, ground",0.75,tsp,UK-13-874,Cinnamon,.75,tsp
GF-REC-00010,,"Lemons, flesh only, raw, weighed with peel and pips",17.5,g,UK-14-130,Lemon,.5,nos
GF-REC-00010,,"Sugar, white",1.0,tsp,UK-17-063,Sugar,1,tsp
GF-REC-00010,,Salt,1.5,tsp,UK-17-367,Salt,1.5,tsp
GF-REC-00010,,"Water, distilled",18.0,tbsp,UK-17-377,Ice,to chill,
GF-REC-00010,,"Water, distilled",1.5,C,UK-17-377,Water,1.5,cups
GF-REC-00010,,HIMALAYAN BLACK SALT,0.125,tsp,US-806241,Black salt,.125,tsp
GF-REC-00011,GF-ING-00175,"Cherries, red (Prunus cerasus)",5.0,g,E014,Canned cherries,1,
GF-REC-00011,GF-ING-00214,Pineapple (Ananas comosus),3.7,g,E053,Pineapple slice,.125,pieces
GF-REC-00011,GF-ING-00264,Mint leaves (Mentha spicata ),1.0,sprig,G016,Mint leaves,1,sprig
GF-REC-00011,,"Ice cream, dairy, vanilla, soft scoop",50.0,ml,UK-12-508,Vanilla ice cream,50,ml
GF-REC-00011,,"Pineapple juice, unsweetened",60.0,ml,UK-14-286,Pineapple juice,60,ml
GF-REC-00011,,"Sugar, icing",1.0,tsp,UK-17-062,Castor sugar,1,tsp
GF-REC-00011,,"Water, distilled",16.5,tbsp,UK-17-377,Ice cubes,5 to 6,cubes
GF-REC-00011,,"Nuts, coconut water (liquid from coconuts)",60.0,ml,US-170174,Coconut water (Green coconut),60,ml
GF-REC-00012,GF-ING-00262,"Ginger, fresh (Zingiber officinale)",12.66,g,G014,Ginger juice,1,inch
GF-REC-00012,GF-ING-00264,Mint leaves (Mentha spicata ),2.5,sprig,G016,Mint leaves,2 to 3,sprig
GF-REC-00012,,"Lemons, flesh only, raw, weighed with peel and pips",17.5,g,UK-14-130,Lemon juice,.5,lemon
GF-REC-00012,,"Orange juice, freshly squeezed",200.0,ml,UK-14-369,Orange juice,200,ml
GF-REC-00012,,Honey,1.0,tbsp,UK-17-050,Honey,1,tbsp
GF-REC-00012,,"Water, distilled",16.5,tbsp,UK-17-377,Crushed ice,5 to 6,cubes
GF-REC-00013,GF-ING-00312,"Milk, whole, Cow",0.75,C,L002,Milk,.75,cups
GF-REC-00013,,Cocoa powder,1.5,tsp,UK-12-545,Cocoa,1.5,tsp
GF-REC-00013,,"Sugar, white",2.0,tsp,UK-17-063,Sugar,2,tsp
GF-REC-00014,GF-ING-00312,"Milk, whole, Cow",0.5,C,L002,Milk,.5,cups
GF-REC-00014,,"Ice cream, dairy, vanilla, soft scoop",1.0,tbsp,UK-12-508,Ice cream,1,tbsp
GF-REC-00014,,"Sugar, white",2.0,tbsp,UK-17-063,Sugar,2,tbsp
GF-REC-00014,,"Coffee, powder, instant",1.5,tsp,UK-17-158,Coffee powder,1.5,tsp
GF-REC-00014,,"Water, distilled",7.5,tbsp,UK-17-377,Ice cubes crushed,2 to 3,cubes
GF-REC-00014,,"Water, distilled",30.0,ml,UK-17-377,Water,30,ml
GF-REC-00015,GF-ING-00170,"Banana, ripe, montham (Musa x paradisiaca)",40.0,g,E009,Banana,40,g
GF-REC-00015,GF-ING-00312,"Milk, whole, Cow",0.75,C,L002,Milk,.75,cups
GF-REC-00015,,"Sugar, white",1.0,tbsp,UK-17-063,Sugar,1,tbsp
GF-REC-00015,,"Water, distilled",7.5,tbsp,UK-17-377,Ice cubes,2 to 3,cubes
GF-REC-00015,,Vanilla extract,0.5,tsp,US-173471,Vanilla essence,few,drops
GF-REC-00016,GF-ING-00197,"Mango, ripe, banganapalli (Mangifera indica)",50.0,g,E036,Mango,50,g
GF-REC-00016,GF-ING-00312,"Milk, whole, Cow",0.75,C,L002,Milk,.75,cups
GF-REC-00016,,"Sugar, white",1.0,tbsp,UK-17-063,Sugar,1,tbsp
GF-REC-00016,,"Water, distilled",7.5,tbsp,UK-17-377,Ice cubes,2 to 3,cubes
GF-REC-00016,,Vanilla extract,0.5,tsp,US-173471,Vanilla essence,few,drops
GF-REC-00017,,Pineapple Essesnce,0.5,tsp,,Pineapple Essesnce,few,drops
GF-REC-00017,GF-ING-00312,"Milk, whole, Cow",0.75,C,L002,Milk,.75,cups
GF-REC-00017,,"Pineapple juice, unsweetened",0.25,C,UK-14-286,Pineapple juice,.25,cups
GF-REC-00017,,"Sugar, white",1.0,tbsp,UK-17-063,Sugar,1,tbsp
GF-REC-00017,,"Water, distilled",7.5,tbsp,UK-17-377,Ice cubes,2 to 3,cubes
GF-REC-00018,,Orange Essesnce,0.5,tsp,,Orange Essesnce,few,drops
GF-REC-00018,GF-ING-00312,"Milk, whole, Cow",0.75,C,L002,Milk,.75,cups
GF-REC-00018,,"Orange juice, freshly squeezed",1.0,tbsp,UK-14-369,Orange squash (or juice of 0.5 orange),1,tbsp
GF-REC-00018,,"Sugar, white",1.0,tbsp,UK-17-063,Sugar,1,tbsp
GF-REC-00018,,"Water, distilled",7.5,tbsp,UK-17-377,Ice cubes,2 to 3,cubes
GF-REC-00019,GF-ING-00276,Nutmeg (Myristica fragrans),0.25,tsp,G028,Nutmeg,1,pinch
GF-REC-00019,GF-ING-00312,"Milk, whole, Cow",1.0,C,L002,Milk,1,cups
GF-REC-00019,GF-ING-00315,"Egg, poultry, whole, raw",50.0,g,M001,Egg,1,nos
GF-REC-00019,,"Sugar, white",1.0,tbsp,UK-17-063,Sugar,1,tbsp
GF-REC-00019,,Vanilla extract,0.5,tsp,US-173471,Vanilla essence,few,drops
GF-REC-00020,,"Yogurt, whole milk, plain",100.0,g,UK-12-184,Curds,100,g
GF-REC-00020,,"Sugar, white",20.0,g,UK-17-063,Sugar,20,g
GF-REC-00020,,"Water, distilled",13.5,tbsp,UK-17-377,Ice,4 to 5,cubes
GF-REC-00020,,"Water, distilled",0.5,C,UK-17-377,Water,.5,cups
GF-REC-00021,GF-ING-00273,Cumin seeds (Cuminum cyminum),0.125,tsp,G025,Jeera powder,.125,tsp
GF-REC-00021,,"Yogurt, whole milk, plain",100.0,g,UK-12-184,Curds,100,g
GF-REC-00021,,Salt,0.25,tsp,UK-17-367,Salt,.25,tsp
GF-REC-00021,,"Water, distilled",13.5,tbsp,UK-17-377,Ice,4 to 5,cubes
GF-REC-00021,,"Water, distilled",0.5,C,UK-17-377,Water,.5,cups
GF-REC-00022,GF-ING-00116,"Capsicum, green (Capsicum annuum)",20.0,g,D033,Capsicum,20,g
GF-REC-00022,GF-ING-00279,"Pepper, black (Piper nigrum)",0.25,tsp,G031,Pepper,to taste,
GF-REC-00022,,"Bread, white, average",60.0,g,UK-11-1145,Bread,2,slices
GF-REC-00022,,"Cheese, cottage, plain",20.0,g,UK-12-539,Cottage cheese (Paneer),20,g
GF-REC-00022,,Mustard powder,0.25,tsp,UK-17-362,Mustard powder,1,pinch
GF-REC-00022,,Salt,0.25,tsp,UK-17-367,Salt,to taste,
GF-REC-00022,,"Butter, unsalted",10.0,g,UK-17-661,Butter,10,g
GF-REC-00023,GF-ING-00279,"Pepper, black (Piper nigrum)",0.25,tsp,G031,Pepper,to taste,
GF-REC-00023,GF-ING-00315,"Egg, poultry, whole, raw",25.0,g,M001,Egg,.5,nos
GF-REC-00023,,"Bread, white, average",60.0,g,UK-11-1145,Bread,2,slices
GF-REC-00023,,Mustard powder,0.25,tsp,UK-17-362,Mustard powder,a,pinch
GF-REC-00023,,Salt,0.25,tsp,UK-17-367,Salt,to taste,
GF-REC-00023,,"Butter, unsalted",15.0,g,UK-17-661,Butter,15,g
GF-REC-00024,GF-ING-00126,"Cucumber, green, elongate (Cucumis sativus)",50.0,g,D043,Cucumber,50,g
GF-REC-00024,GF-ING-00279,"Pepper, black (Piper nigrum)",0.25,tsp,G031,Pepper,to taste,
GF-REC-00024,,"Bread, white, average",60.0,g,UK-11-1145,Bread,2,slices
GF-REC-00024,,Mustard powder,0.25,tsp,UK-17-362,Mustard powder,1,pinch
GF-REC-00024,,Salt,0.25,tsp,UK-17-367,Salt,to taste,
GF-REC-00024,,"Butter, unsalted",10.0,g,UK-17-661,Butter,10,g
GF-REC-00025,GF-ING-00214,Pineapple (Ananas comosus),20.0,g,E053,Pineapple slice,20,g
GF-REC-00025,GF-ING-00279,"Pepper, black (Piper nigrum)",0.25,tsp,G031,Pepper,to taste,
GF-REC-00025,,"Bread, white, average",60.0,g,UK-11-1145,Bread,2,slices
GF-REC-00025,,"Cheese, processed, plain",20.0,g,UK-12-527,Processed cheese,20,g
GF-REC-00025,,Mustard powder,0.25,tsp,UK-17-362,Mustard powder,1,pinch
GF-REC-00025,,Salt,0.25,tsp,UK-17-367,Salt,to taste,
GF-REC-00025,,"Butter, unsalted",10.0,g,UK-17-661,Butter,10,g
GF-REC-00026,GF-ING-00158,"Tomato, ripe, hybrid (Solanum lycopersicum)",25.0,g,D075,Tomato,25,g
GF-REC-00026,GF-ING-00279,"Pepper, black (Piper nigrum)",0.25,tsp,G031,Pepper,to taste,
GF-REC-00026,,"Bread, white, average",60.0,g,UK-11-1145,Bread,2,slices
GF-REC-00026,,"Cheese, processed, plain",20.0,g,UK-12-527,Cheese,20,g
GF-REC-00026,,Mustard powder,0.25,tsp,UK-17-362,Mustard powder,1,pinch
GF-REC-00026,,Salt,0.25,tsp,UK-17-367,Salt,to taste,
GF-REC-00026,,"Butter, unsalted",10.0,g,UK-17-661,Butter,10,g
GF-REC-00027,GF-ING-00279,"Pepper, black (Piper nigrum)",0.25,tsp,G031,Pepper,to taste,
GF-REC-00027,GF-ING-00332,"Chicken, poultry, breast, skinless",45.0,g,N003,Chicken (breast),40 to 50,g
GF-REC-00027,,"Bread, white, average",60.0,g,UK-11-1145,Bread,2,slices
GF-REC-00027,,Mustard powder,0.25,tsp,UK-17-362,Mustard powder,1,pinch
GF-REC-00027,,Salt,0.25,tsp,UK-17-367,Salt,to taste,
GF-REC-00027,,"Butter, unsalted",10.0,g,UK-17-661,Butter,10,g
GF-REC-00028,GF-ING-00158,"Tomato, ripe, hybrid (Solanum lycopersicum)",25.0,g,D075,Tomato,25,g
GF-REC-00028,GF-ING-00279,"Pepper, black (Piper nigrum)",0.25,tsp,G031,Pepper,to taste,
GF-REC-00028,GF-ING-00293,Ground nut (Arachis hypogea),25.0,g,H012,Peanuts,25,g
GF-REC-00028,,"Bread, white, average",60.0,g,UK-11-1145,Bread,2,slices
GF-REC-00028,,Mustard powder,0.25,tsp,UK-17-362,Mustard powder,1,pinch
GF-REC-00028,,Salt,0.25,tsp,UK-17-367,Salt,to taste,
GF-REC-00028,,"Butter, unsalted",10.0,g,UK-17-661,Butter,10,g
GF-REC-00029,GF-ING-00256,"Chillies, green - all varieties (Capsicum annum)",3.3,g,G008,Green chilli,1,nos
GF-REC-00029,GF-ING-00264,Mint leaves (Mentha spicata ),0.25,sprig,G016,Mint leaves,.25,bunch
GF-REC-00029,GF-ING-00279,"Pepper, black (Piper nigrum)",0.25,tsp,G031,Pepper,to taste,
GF-REC-00029,GF-ING-00312,"Milk, whole, Cow",1.0,tsp,L002,Milk,1,tsp
GF-REC-00029,,"Bread, white, average",120.0,g,UK-11-1145,Bread,4,slices
GF-REC-00029,,"Cheese, processed, plain",20.0,g,UK-12-527,Processed cheese,20,g
GF-REC-00029,,Mustard powder,0.25,tsp,UK-17-362,Mustard powder,1,pinch
GF-REC-00029,,Salt,0.25,tsp,UK-17-367,Salt,to taste,
GF-REC-00029,,Salt,0.25,tsp,UK-17-367,Salt,.25,tsp
GF-REC-00029,,"Butter, unsalted",20.0,g,UK-17-661,Butter,20,g
GF-REC-00029,,Tomato ketchup,0.5,tbsp,UK-17-709,Tomato ketchup,.5,tbsp
GF-REC-00029,,"Mint sauce, homemade",0.5,tbsp,UK-17-811,Mint chutney,.5,tbsp
GF-REC-00029,,"SIVA'S, AMHUR POWDER (DRY MANGO POWDER)",0.25,tsp,US-400113,Amchur,.25,tsp
GF-REC-00030,GF-ING-00064,"Cabbage, green (Brassica oleracea var. capitata f. alba)",25.0,g,C015,Shredded cabbage,25,g
GF-REC-00030,GF-ING-00126,"Cucumber, green, elongate (Cucumis sativus)",50.0,g,D043,Cucumber,50,g
GF-REC-00030,GF-ING-00158,"Tomato, ripe, hybrid (Solanum lycopersicum)",50.0,g,D075,Tomato,50,g
GF-REC-00030,GF-ING-00279,"Pepper, black (Piper nigrum)",0.25,tsp,G031,Pepper,to taste,
GF-REC-00030,,"Bread, white, average",120.0,g,UK-11-1145,Bread,4,slices
GF-REC-00030,,"Cheese, processed, plain",30.0,g,UK-12-527,Cheese,1,slices
GF-REC-00030,,Mustard powder,0.25,tsp,UK-17-362,Mustard powder,1,pinch
GF-REC-00030,,Salt,0.25,tsp,UK-17-367,Salt,to taste,
GF-REC-00030,,"Mayonnaise, standard, retail",1.0,tbsp,UK-17-654,Mayonnaise,1,tbsp
GF-REC-00030,,"Butter, unsalted",20.0,g,UK-17-661,Butter,20,g
GF-REC-00030,,Salami,40.0,g,UK-19-517,Salami,40,g
GF-REC-00031,GF-ING-00064,"Cabbage, green (Brassica oleracea var. capitata f. alba)",25.0,g,C015,Shredded cabbage,25,g
GF-REC-00031,GF-ING-00126,"Cucumber, green, elongate (Cucumis sativus)",50.0,g,D043,Cucumber,50,g
GF-REC-00031,GF-ING-00158,"Tomato, ripe, hybrid (Solanum lycopersicum)",50.0,g,D075,Tomato,50,g
GF-REC-00031,GF-ING-00279,"Pepper, black (Piper nigrum)",0.25,tsp,G031,Pepper,to taste,
GF-REC-00031,GF-ING-00305,"Button mushroom, fresh (Agaricus sp.)",20.0,g,J001,Mushroom,20,g
GF-REC-00031,,"Bread, white, average",120.0,g,UK-11-1145,Bread,4,slices
GF-REC-00031,,"Cheese, processed, plain",30.0,g,UK-12-527,Cheese,1,slices
GF-REC-00031,,Mustard powder,0.25,tsp,UK-17-362,Mustard powder,1,pinch
GF-REC-00031,,Salt,0.25,tsp,UK-17-367,Salt,to taste,
GF-REC-00031,,"Mayonnaise, standard, retail",1.0,tbsp,UK-17-654,Mayonnaise,1,tbsp
GF-REC-00031,,"Butter, unsalted",20.0,g,UK-17-661,Butter,20,g
GF-REC-00032,GF-ING-00279,"Pepper, black (Piper nigrum)",0.25,tsp,G031,Pepper,to taste,
GF-REC-00032,GF-ING-00315,"Egg, poultry, whole, raw",50.0,g,M001,Egg,1,nos
GF-REC-00032,,"Bread, white, average",30.0,g,UK-11-1145,Fresh bread,1,slices
GF-REC-00032,,Mustard powder,0.25,tsp,UK-17-362,Mustard powder,1,pinch
GF-REC-00032,,Salt,0.25,tsp,UK-17-367,Salt,to taste,
GF-REC-00032,,"Mayonnaise, standard, retail",2.0,tbsp,UK-17-654,Mayonnaise,2,tbsp
GF-REC-00033,GF-ING-00074,Lettuce (Lactuca sativa),24.0,g,C025,Lettuce leaf,1,nos
GF-REC-00033,GF-ING-00162,"Apple, big (Malus domestica)",25.0,g,E001,Red apple,25,g
GF-REC-00033,GF-ING-00218,"Raisins, dried, black (Vitis vinifera)",5.0,g,E057,Raisins,5,g
GF-REC-00033,GF-ING-00231,"Carrot, orange (Daucus carota)",25.0,g,F002,Carrot,25,g
GF-REC-00033,GF-ING-00279,"Pepper, black (Piper nigrum)",0.125,tsp,G031,Pepper,.125,tsp
GF-REC-00033,,"Bread, brown, toasted",60.0,g,UK-11-1136,Brown bread,2,slices
GF-REC-00033,,"Bread, white, average",30.0,g,UK-11-1145,White bread,1,slices
GF-REC-00033,,Salt,0.125,tsp,UK-17-367,Salt,.125,tsp
GF-REC-00033,,"Butter, unsalted",15.0,g,UK-17-661,Butter,15,g
GF-REC-00033,,"Cheese spread, cream cheese, regular",2.0,tsp,US-1098072,Cheese spread,2,tsp
GF-REC-00034,GF-ING-00126,"Cucumber, green, elongate (Cucumis sativus)",40.0,g,D043,Cucumber,2,slices
GF-REC-00034,GF-ING-00279,"Pepper, black (Piper nigrum)",0.25,tsp,G031,Pepper,to taste,
GF-REC-00034,,"Bread, white, average",60.0,g,UK-11-1145,Bread,2,slices
GF-REC-00034,,Mustard powder,0.25,tsp,UK-17-362,Mustard powder,1,pinch
GF-REC-00034,,Salt,0.25,tsp,UK-17-367,Salt,to taste,
GF-REC-00034,,"Butter, unsalted",10.0,g,UK-17-661,Butter,10,g
GF-REC-00034,,Tomato ketchup,0.5,tsp,UK-17-709,Tomato ketchup,.5,tsp
GF-REC-00034,,Salami,34.0,g,UK-19-517,Salami,2,slices (thin)
GF-REC-00035,GF-ING-00116,"Capsicum, green (Capsicum annuum)",16.7,g,D033,Shredded capsicum,16.7,g
GF-REC-00035,GF-ING-00158,"Tomato, ripe, hybrid (Solanum lycopersicum)",16.7,g,D075,Shredded tomato,16.7,g
GF-REC-00035,GF-ING-00231,"Carrot, orange (Daucus carota)",16.7,g,F002,Shredded carrots,16.7,g
GF-REC-00035,GF-ING-00279,"Pepper, black (Piper nigrum)",0.25,tsp,G031,Pepper,to taste,
GF-REC-00035,,"Bread, white, average",60.0,g,UK-11-1145,Bread,2,slices
GF-REC-00035,,Mustard powder,0.25,tsp,UK-17-362,Mustard powder,1,pinch
GF-REC-00035,,Salt,0.25,tsp,UK-17-367,Salt,to taste,
GF-REC-00035,,"Mayonnaise, standard, retail",1.0,tbsp,UK-17-654,Mayonnaise,1,tbsp
GF-REC-00035,,"Butter, unsalted",10.0,g,UK-17-661,Butter,10,g
GF-REC-00036,GF-ING-00158,"Tomato, ripe, hybrid (Solanum lycopersicum)",12.5,g,D075,Tomato,2,round slices
GF-REC-00036,GF-ING-00279,"Pepper, black (Piper nigrum)",0.25,tsp,G031,Pepper,to taste,
GF-REC-00036,GF-ING-00315,"Egg, poultry, whole, raw",25.0,g,M001,Egg (hard boiled),2,round slices
GF-REC-00036,,"Bread, white, average",60.0,g,UK-11-1145,Bread,2,slices
GF-REC-00036,,Mustard powder,0.25,tsp,UK-17-362,Mustard powder,1,pinch
GF-REC-00036,,Salt,0.25,tsp,UK-17-367,Salt,to taste,
GF-REC-00036,,"Butter, unsalted",10.0,g,UK-17-661,Butter,10,g
GF-REC-00036,,"Tomato sauce, homemade",0.5,tbsp,UK-50-1173,Tomato sauce,.5,tbsp
GF-REC-00037,GF-ING-00170,"Banana, ripe, montham (Musa x paradisiaca)",40.0,g,E009,Banana,40,g
GF-REC-00037,GF-ING-00218,"Raisins, dried, black (Vitis vinifera)",4.0,g,E057,Raisins,8,nos
GF-REC-00037,,"Bread, white, average",60.0,g,UK-11-1145,Bread,2,slices
GF-REC-00037,,"Sugar, icing",1.0,tsp,UK-17-062,Castor sugar,1,tsp
GF-REC-00037,,"Butter, unsalted",10.0,g,UK-17-661,Butter,10,g
GF-REC-00038,GF-ING-00279,"Pepper, black (Piper nigrum)",0.25,tsp,G031,Pepper,to taste,
GF-REC-00038,GF-ING-00305,"Button mushroom, fresh (Agaricus sp.)",50.0,g,J001,Mushroom,50,g
GF-REC-00038,,"Bread, white, average",60.0,g,UK-11-1145,Bread,2,slices
GF-REC-00038,,"Cheese, processed, plain",25.0,g,UK-12-527,Processed cheese,25,g
GF-REC-00038,,Mustard powder,0.25,tsp,UK-17-362,Mustard powder,1,pinch
GF-REC-00038,,Salt,0.25,tsp,UK-17-367,Salt,to taste,
GF-REC-00038,,"Butter, unsalted",15.0,g,UK-17-661,Butter,15,g
GF-REC-00039,GF-ING-00158,"Tomato, ripe, hybrid (Solanum lycopersicum)",50.0,g,D075,Tomato,50,g
GF-REC-00039,GF-ING-00279,"Pepper, black (Piper nigrum)",0.25,tsp,G031,Pepper,to taste,
GF-REC-00039,,"Bread, white, average",60.0,g,UK-11-1145,Bread,2,slices
GF-REC-00039,,"Cheese, processed, plain",25.0,g,UK-12-527,Processed cheese,25,g
GF-REC-00039,,Mustard powder,0.25,tsp,UK-17-362,Mustard powder,1,pinch
GF-REC-00039,,Salt,0.25,tsp,UK-17-367,Salt,to taste,
GF-REC-00039,,"Butter, unsalted",15.0,g,UK-17-661,Butter,15,g
GF-REC-00040,GF-ING-00144,"Peas, fresh (Pisum sativum)",20.0,g,D061,Peas (shelled),20,g
GF-REC-00040,GF-ING-00235,"Potato, brown skin, big (Solanum tuberosum)",80.0,g,F006,Potato,80,g
GF-REC-00040,GF-ING-00256,"Chillies, green - all varieties (Capsicum annum)",1.67,g,G008,Green chilli,.5,nos
GF-REC-00040,GF-ING-00262,"Ginger, fresh (Zingiber officinale)",6.33,g,G014,Ginger,.5,inch
GF-REC-00040,GF-ING-00273,Cumin seeds (Cuminum cyminum),0.25,tsp,G025,Cumin seeds,.25,tsp
GF-REC-00040,,"Bread, white, average",60.0,g,UK-11-1145,Bread,2,slices
GF-REC-00040,,Chilli powder,0.125,tsp,UK-13-873,Red chilli powder,.125,tsp
GF-REC-00040,,"Oil, sunflower",2.0,tsp,UK-17-045,Fat/Oil,2,tsp
GF-REC-00040,,Salt,0.25,tsp,UK-17-367,Salt,.25,tsp
GF-REC-00040,,"SIVA'S, AMHUR POWDER (DRY MANGO POWDER)",0.25,tsp,US-400113,Amchur,.25,tsp
GF-REC-00041,GF-ING-00144,"Peas, fresh (Pisum sativum)",20.0,g,D061,Peas (shelled),20,g
GF-REC-00041,GF-ING-00256,"Chillies, green - all varieties (Capsicum annum)",1.67,g,G008,Green chilli,.5,nos
GF-REC-00041,GF-ING-00262,"Ginger, fresh (Zingiber officinale)",6.33,g,G014,Ginger,.5,inch
GF-REC-00041,GF-ING-00273,Cumin seeds (Cuminum cyminum),0.25,tsp,G025,Cumin seeds,.25,tsp
GF-REC-00041,GF-ING-00313,Paneer,80.0,g,L003,Paneer,80,g
GF-REC-00041,,"Bread, white, average",60.0,g,UK-11-1145,Bread,2,slices
GF-REC-00041,,Chilli powder,0.125,tsp,UK-13-873,Red chilli powder,.125,tsp
GF-REC-00041,,"Oil, sunflower",2.0,tsp,UK-17-045,Fat/Oil,2,tsp
GF-REC-00041,,Salt,0.25,tsp,UK-17-367,Salt,.25,tsp
GF-REC-00041,,"SIVA'S, AMHUR POWDER (DRY MANGO POWDER)",0.25,tsp,US-400113,Amchur,.25,tsp
GF-REC-00042,GF-ING-00116,"Capsicum, green (Capsicum annuum)",20.0,g,D033,Chopped capsicum,20,g
GF-REC-00042,GF-ING-00265,"Onion, big (Allium cepa)",20.0,g,G017,Chopped onions,20,g
GF-REC-00042,GF-ING-00279,"Pepper, black (Piper nigrum)",0.25,tsp,G031,Pepper,to taste,
GF-REC-00042,GF-ING-00332,"Chicken, poultry, breast, skinless",60.0,g,N003,Chicken (boiled flaked),60,g
GF-REC-00042,,"Bread, white, average",60.0,g,UK-11-1145,Bread,2,slices
GF-REC-00042,,"Cheese, processed, plain",10.0,g,UK-12-527,Grated cheese,10,g
GF-REC-00042,,Salt,0.25,tsp,UK-17-367,Salt,to taste,
GF-REC-00043,GF-ING-00144,"Peas, fresh (Pisum sativum)",20.0,g,D061,Peas,20,g
GF-REC-00043,GF-ING-00256,"Chillies, green - all varieties (Capsicum annum)",1.7,g,G008,Green chilli,.5,nos
GF-REC-00043,GF-ING-00262,"Ginger, fresh (Zingiber officinale)",6.33,g,G014,Ginger,.5,inch
GF-REC-00043,GF-ING-00265,"Onion, big (Allium cepa)",20.0,g,G017,Onion,20,g
GF-REC-00043,GF-ING-00273,Cumin seeds (Cuminum cyminum),0.25,tsp,G025,Cumin seeds,.25,tsp
GF-REC-00043,,"Bread, white, average",60.0,g,UK-11-1145,Bread,2,slices
GF-REC-00043,,Chilli powder,0.125,tsp,UK-13-873,Red chilli powder,.125,tsp
GF-REC-00043,,Salt,0.25,tsp,UK-17-367,Salt,.25,tsp
GF-REC-00043,,"Lamb, mince, raw",60.0,g,UK-18-481,Boiled keema,60,g
GF-REC-00044,GF-ING-00064,"Cabbage, green (Brassica oleracea var. capitata f. alba)",50.0,g,C015,Cabbage,50,g
GF-REC-00044,GF-ING-00074,Lettuce (Lactuca sativa),24.0,g,C025,Lettuce leaf,1,nos
GF-REC-00044,GF-ING-00126,"Cucumber, green, elongate (Cucumis sativus)",30.0,g,D043,Cucumber,30,g
GF-REC-00044,GF-ING-00158,"Tomato, ripe, hybrid (Solanum lycopersicum)",40.0,g,D075,Tomato,40,g
GF-REC-00044,GF-ING-00315,"Egg, poultry, whole, raw",50.0,g,M001,Egg,1,nos
GF-REC-00044,,"Bread, white, average",120.0,g,UK-11-1145,Bread,4,slices (large)
GF-REC-00044,,"Wafers, plain ice cream wafers, not filled",20.0,g,UK-11-800,Potato wafers,20,g
GF-REC-00044,,"Cheese, processed, plain",30.0,g,UK-12-527,Cheese,1,slice (large)
GF-REC-00044,,"Olives, green, in brine, drained, flesh and skin",12.0,g,UK-14-340,Canned cherries olives,2,nos
GF-REC-00044,,"Oil, sunflower",0.5,tsp,UK-17-045,Oil,.5,tsp
GF-REC-00044,,Mustard powder,1.0,tsp,UK-17-362,Mustard sauce,1,tsp
GF-REC-00044,,"Mayonnaise, standard, retail",1.0,tbsp,UK-17-654,Mayonnaise,1,tbsp
GF-REC-00044,,"Butter, unsalted",25.0,g,UK-17-661,Butter,25,g
GF-REC-00044,,Ham,15.0,g,UK-19-496,Ham,1,slice
GF-REC-00044,,"Tomato sauce, homemade",2.0,tsp,UK-50-1173,Tomato sauce,2,tsp
GF-REC-00045,GF-ING-00116,"Capsicum, green (Capsicum annuum)",20.0,g,D033,Capsicum,20,g
GF-REC-00045,GF-ING-00231,"Carrot, orange (Daucus carota)",30.0,g,F002,Carrot,30,g
GF-REC-00045,GF-ING-00235,"Potato, brown skin, big (Solanum tuberosum)",100.0,g,F006,Potato,100,g
GF-REC-00045,GF-ING-00292,"Gingelly seeds, white (Sesamum indicum)",1.0,tbsp,H011,Sesame seeds,1,tbsp
GF-REC-00045,,"Flour, corn",5.0,g,UK-11-1045,Cornflour,5,g
GF-REC-00045,,"Bread, white, average",60.0,g,UK-11-1145,Bread,2,slices
GF-REC-00045,,"Spring onions, bulbs and tops, raw",20.0,g,UK-13-352,Spring onion,20,g
GF-REC-00045,,"Pepper, white",0.25,tsp,UK-13-881,White pepper,.25,tsp
GF-REC-00045,,"Oil, sunflower",240.0,ml,UK-17-045,Oil (for frying),,
GF-REC-00045,,"Oil, sunflower",0.5,tsp,UK-17-045,Oil (to saute),.5,tsp
GF-REC-00045,,Salt,0.25,tsp,UK-17-367,Salt,to taste,
GF-REC-00045,,Tomato ketchup,2.0,tsp,UK-17-709,Tomato ketchup,2,tsp
GF-REC-00045,,Chilli sauce,1.0,tsp,UK-17-719,Chilli sauce,1,tsp
GF-REC-00045,,MSG MONOSODIUM GLUTAMATE,0.25,tsp,US-711552,Ajinomoto,.25,tsp
GF-REC-00046,GF-ING-00312,"Milk, whole, Cow",250.0,ml,L002,Milk,250,ml
GF-REC-00046,,"Oil, sunflower",5.0,g,UK-17-045,Fat,5,g
GF-REC-00046,,"Sugar, white",2.0,tsp,UK-17-063,Sugar,2,tsp
GF-REC-00046,,"Water, distilled",0.5,C,UK-17-377,Water,.5,cups
GF-REC-00046,,CRACKED WHEAT,20.0,g,US-473921,Cracked wheat,20,g
GF-REC-00047,GF-ING-00022,"Wheat, semolina (Triticum aestivum)",20.0,g,A022,Semolina (suji),20,g
GF-REC-00047,GF-ING-00312,"Milk, whole, Cow",250.0,ml,L002,Milk,250,ml
GF-REC-00047,,"Sugar, white",2.0,tsp,UK-17-063,Sugar,2,tsp
GF-REC-00048,GF-ING-00312,"Milk, whole, Cow",250.0,ml,L002,Milk,250,ml
GF-REC-00048,,"Porridge oats, unfortified",20.0,g,UK-11-788,Oatmeal,20,g
GF-REC-00048,,"Sugar, white",2.0,tsp,UK-17-063,Sugar,2,tsp
GF-REC-00048,,"Water, distilled",0.5,C,UK-17-377,Water,.5,cups
GF-REC-00049,GF-ING-00312,"Milk, whole, Cow",1.0,C,L002,Milk,1,cups
GF-REC-00049,,"Breakfast cereal, crunchy clusters type, without nuts, unfortified",30.0,g,UK-11-938,Cornflakes,30,g
GF-REC-00049,,"Sugar, white",2.0,tsp,UK-17-063,Sugar,2,tsp
GF-REC-00050,GF-ING-00011,Rice flakes (Oryza sativa ),30.0,g,A011,Rice flakes,30,g
GF-REC-00050,GF-ING-00312,"Milk, whole, Cow",1.0,C,L002,Milk,1,cups
GF-REC-00050,,"Sugar, white",2.0,tsp,UK-17-063,Sugar,2,tsp
GF-REC-00051,GF-ING-00011,Rice flakes (Oryza sativa ),30.0,g,A011,Wheat flakes,30,g
GF-REC-00051,GF-ING-00312,"Milk, whole, Cow",1.0,C,L002,Milk,1,cups
GF-REC-00051,,"Sugar, white",2.0,tsp,UK-17-063,Sugar,2,tsp
GF-REC-00052,GF-ING-00012,Rice puffed (Oryza sativa ),30.0,g,A012,Puffed rice,30,g
GF-REC-00052,GF-ING-00312,"Milk, whole, Cow",1.0,C,L002,Milk,1,cups
GF-REC-00052,,"Sugar, white",2.0,tsp,UK-17-063,Sugar,2,tsp
GF-REC-00053,GF-ING-00012,Rice puffed (Oryza sativa ),30.0,g,A012,Puffed wheat,30,g
GF-REC-00053,GF-ING-00312,"Milk, whole, Cow",1.0,C,L002,Milk,1,cups
GF-REC-00053,,"Sugar, white",2.0,tsp,UK-17-063,Sugar,2,tsp
GF-REC-00054,GF-ING-00279,"Pepper, black (Piper nigrum)",0.25,tsp,G031,Black pepper,to taste,
GF-REC-00054,GF-ING-00315,"Egg, poultry, whole, raw",50.0,g,M001,Egg,1,nos
GF-REC-00054,,Salt,0.25,tsp,UK-17-367,Salt,to taste,
GF-REC-00054,,"Water, distilled",100.0,ml,UK-17-377,Water,enough to immerse egg,
GF-REC-00055,GF-ING-00279,"Pepper, black (Piper nigrum)",0.25,tsp,G031,Black pepper,to taste,
GF-REC-00055,GF-ING-00315,"Egg, poultry, whole, raw",50.0,g,M001,Egg,1,nos
GF-REC-00055,,"Oil, sunflower",0.5,tbsp,UK-17-045,Butter or fat,.5,tbsp
GF-REC-00055,,Salt,0.25,tsp,UK-17-367,Salt,to taste,
GF-REC-00056,GF-ING-00279,"Pepper, black (Piper nigrum)",0.25,tsp,G031,Black pepper,to taste,
GF-REC-00056,GF-ING-00315,"Egg, poultry, whole, raw",50.0,g,M001,Egg,1,nos
GF-REC-00056,,Vinegar,2.0,tsp,UK-17-339,Vinegar,2,tsp
GF-REC-00056,,Salt,0.25,tsp,UK-17-367,Salt,to taste,
GF-REC-00056,,Salt,0.5,tsp,UK-17-367,Salt,.5,tsp
GF-REC-00057,GF-ING-00279,"Pepper, black (Piper nigrum)",0.25,tsp,G031,Black pepper,to taste,
GF-REC-00057,GF-ING-00312,"Milk, whole, Cow",1.0,tbsp,L002,Milk,1,tbsp
GF-REC-00057,GF-ING-00315,"Egg, poultry, whole, raw",50.0,g,M001,Egg,1,nos
GF-REC-00057,,Salt,0.25,tsp,UK-17-367,Salt,to taste,
GF-REC-00057,,"Butter, unsalted",1.0,tsp,UK-17-661,Butter,1,tsp
GF-REC-00058,GF-ING-00279,"Pepper, black (Piper nigrum)",0.25,tsp,G031,Pepper,to taste,
GF-REC-00058,GF-ING-00315,"Egg, poultry, whole, raw",50.0,g,M001,Egg,1,nos
GF-REC-00058,,"Bread, white, average",30.0,g,UK-11-1145,Bread,1,slices
GF-REC-00058,,"Cheese, processed, plain",15.0,g,UK-12-527,Processed cheese,15,g
GF-REC-00058,,Salt,0.25,tsp,UK-17-367,Salt,to taste,
GF-REC-00058,,"Butter, unsalted",5.0,g,UK-17-661,Butter,5,g
GF-REC-00059,GF-ING-00279,"Pepper, black (Piper nigrum)",0.25,tsp,G031,Pepper,to taste,
GF-REC-00059,GF-ING-00312,"Milk, whole, Cow",1.0,tbsp,L002,Milk,1,tbsp
GF-REC-00059,GF-ING-00315,"Egg, poultry, whole, raw",100.0,g,M001,Egg,2,nos
GF-REC-00059,,"Oil, sunflower",2.0,tbsp,UK-17-045,Butter/fat,2,tbsp
GF-REC-00059,,Salt,0.25,tsp,UK-17-367,Salt,to taste,
GF-REC-00060,GF-ING-00158,"Tomato, ripe, hybrid (Solanum lycopersicum)",25.0,g,D075,Chopped tomatoes,25,g
GF-REC-00060,GF-ING-00265,"Onion, big (Allium cepa)",25.0,g,G017,Chopped onions,25,g
GF-REC-00060,GF-ING-00279,"Pepper, black (Piper nigrum)",0.25,tsp,G031,Pepper,to taste,
GF-REC-00060,GF-ING-00305,"Button mushroom, fresh (Agaricus sp.)",25.0,g,J001,Mushroom,25,g
GF-REC-00060,GF-ING-00312,"Milk, whole, Cow",1.0,tbsp,L002,Milk,1,tbsp
GF-REC-00060,GF-ING-00315,"Egg, poultry, whole, raw",100.0,g,M001,Egg,2,nos
GF-REC-00060,,"Cheese, processed, plain",25.0,g,UK-12-527,Grated cheese,25,g
GF-REC-00060,,"Oil, sunflower",2.0,tbsp,UK-17-045,Butter/fat,2,tbsp
GF-REC-00060,,Salt,0.25,tsp,UK-17-367,Salt,to taste,
GF-REC-00060,,"Butter, unsalted",1.0,tsp,UK-17-661,Butter,1,tsp
GF-REC-00060,,Ham,15.0,g,UK-19-496,Ham,1,slices
GF-REC-00061,GF-ING-00018,"Wheat flour, refined (Triticum aestivum)",40.0,g,A018,Maida,40,g
GF-REC-00061,GF-ING-00312,"Milk, whole, Cow",100.0,ml,L002,Milk,100,ml
GF-REC-00061,GF-ING-00315,"Egg, poultry, whole, raw",16.6,g,M001,Egg,.33,nos
GF-REC-00061,,"Oil, sunflower",3.0,tsp,UK-17-045,Fat,3,tsp
GF-REC-00061,,Salt,0.25,tsp,UK-17-367,Salt,1,pinch
GF-REC-00062,GF-ING-00018,"Wheat flour, refined (Triticum aestivum)",40.0,g,A018,Maida,40,g
GF-REC-00062,GF-ING-00158,"Tomato, ripe, hybrid (Solanum lycopersicum)",50.0,g,D075,Tomato,50,g
GF-REC-00062,GF-ING-00260,"Garlic, small clove (Allium sativum)",1.6,g,G012,Garlic,2 to 3,cloves
GF-REC-00062,GF-ING-00262,"Ginger, fresh (Zingiber officinale)",6.33,g,G014,Ginger,.5,inch
GF-REC-00062,GF-ING-00265,"Onion, big (Allium cepa)",50.0,g,G017,Onion,50,g
GF-REC-00062,GF-ING-00279,"Pepper, black (Piper nigrum)",0.25,tsp,G031,Black pepper,to taste,
GF-REC-00062,GF-ING-00312,"Milk, whole, Cow",100.0,ml,L002,Milk,100,ml
GF-REC-00062,GF-ING-00315,"Egg, poultry, whole, raw",16.6,g,M001,Egg,.33,nos
GF-REC-00062,,"Oil, sunflower",3.0,tsp,UK-17-045,Fat,3,tsp
GF-REC-00062,,Salt,0.25,tsp,UK-17-367,Salt,to taste,
GF-REC-00062,,Salt,0.25,tsp,UK-17-367,Salt,1,pinch
GF-REC-00062,,"Butter, unsalted",1.0,tbsp,UK-17-661,Butter/oil,1,tbsp
GF-REC-00062,,"Lamb, mince, raw",150.0,g,UK-18-481,Minced mutton or keema,150,g
GF-REC-00063,GF-ING-00018,"Wheat flour, refined (Triticum aestivum)",40.0,g,A018,Maida,40,g
GF-REC-00063,GF-ING-00119,Cauliflower (Brassica oleracea var. botrytis),50.0,g,D036,Cauliflower,50,g
GF-REC-00063,GF-ING-00144,"Peas, fresh (Pisum sativum)",75.0,g,D061,Peas (unshelled),75,g
GF-REC-00063,GF-ING-00158,"Tomato, ripe, hybrid (Solanum lycopersicum)",50.0,g,D075,Tomatoes,50,g
GF-REC-00063,GF-ING-00231,"Carrot, orange (Daucus carota)",50.0,g,F002,Carrot,50,g
GF-REC-00063,GF-ING-00235,"Potato, brown skin, big (Solanum tuberosum)",50.0,g,F006,Potato,50,g
GF-REC-00063,GF-ING-00312,"Milk, whole, Cow",100.0,ml,L002,Milk,100,ml
GF-REC-00063,GF-ING-00315,"Egg, poultry, whole, raw",16.6,g,M001,Egg,.33,nos
GF-REC-00063,,Chilli powder,0.25,tsp,UK-13-873,Chilli powder,to taste,
GF-REC-00063,,"Oil, sunflower",3.0,tsp,UK-17-045,Fat,3,tsp
GF-REC-00063,,Salt,0.25,tsp,UK-17-367,Salt,to taste,
GF-REC-00063,,Salt,0.25,tsp,UK-17-367,Salt,1,pinch
GF-REC-00063,,"Butter, unsalted",1.0,tbsp,UK-17-661,Butter/oil,1,tbsp
GF-REC-00063,,"Tomato sauce, homemade",0.5,tbsp,UK-50-1173,Tomato sauce,.5,tbsp
GF-REC-00064,GF-ING-00018,"Wheat flour, refined (Triticum aestivum)",40.0,g,A018,Maida,40,g
GF-REC-00064,GF-ING-00194,"Lemon, juice (Citrus limon)",0.5,tsp,E033,Lemon juice,few ,drops
GF-REC-00064,GF-ING-00214,Pineapple (Ananas comosus),60.0,g,E053,Pineapple slice,2,slices
GF-REC-00064,GF-ING-00312,"Milk, whole, Cow",100.0,ml,L002,Milk,100,ml
GF-REC-00064,GF-ING-00315,"Egg, poultry, whole, raw",16.6,g,M001,Egg,.33,nos
GF-REC-00064,,"Flour, corn",0.5,tbsp,UK-11-1045,Cornflour,.5,tbsp
GF-REC-00064,,"Pineapple juice, unsweetened",1.0,tbsp,UK-14-286,Pineapple juice,1,tbsp
GF-REC-00064,,"Oil, sunflower",3.0,tsp,UK-17-045,Fat,3,tsp
GF-REC-00064,,Salt,0.25,tsp,UK-17-367,Salt,1,pinch
GF-REC-00064,,JAM,20.0,g,US-499195,Pineapple jam,1,tbsp
GF-REC-00065,GF-ING-00018,"Wheat flour, refined (Triticum aestivum)",40.0,g,A018,Maida,40,g
GF-REC-00065,GF-ING-00268,"Cardamom, green (Elettaria cardamomum)",0.25,tsp,G020,Cardamom,1,nos
GF-REC-00065,GF-ING-00288,"Coconut, kernel, fresh (Cocos nucifera)",30.0,g,H007,Dessicated coconut,30,g
GF-REC-00065,GF-ING-00312,"Milk, whole, Cow",100.0,ml,L002,Milk,100,ml
GF-REC-00065,GF-ING-00314,Khoa,50.0,g,L004,Khoa,50,g
GF-REC-00065,GF-ING-00315,"Egg, poultry, whole, raw",16.6,g,M001,Egg,.33,nos
GF-REC-00065,,"Oil, sunflower",3.0,tsp,UK-17-045,Fat,3,tsp
GF-REC-00065,,"Sugar, icing",30.0,g,UK-17-062,Castor sugar,30,g
GF-REC-00065,,Salt,0.25,tsp,UK-17-367,Salt,1,pinch
GF-REC-00065,,"MIXED NUTS CASHEWS, ALMONDS, HAZELNUTS, PISTACHIOS, PECANS, MIXED NUTS",5.0,g,US-851134,Nuts,a few,
GF-REC-00066,GF-ING-00231,"Carrot, orange (Daucus carota)",10.0,g,F002,Carrots,10,g
GF-REC-00066,GF-ING-00265,"Onion, big (Allium cepa)",10.0,g,G017,Sliced onion,10,g
GF-REC-00066,GF-ING-00279,"Pepper, black (Piper nigrum)",0.375,tsp,G031,Pepper,1 to 2,pepper corns
GF-REC-00066,,"MUTTON, muscle",100.0,g,O064,Bones and mutton knuckles,100,g
GF-REC-00066,,"Turnip, flesh only, raw",10.0,g,UK-13-389,Turnip,10,g
GF-REC-00066,,"Bay leaf, dried",0.4,g,UK-13-806,Bay leaves,1,nos
GF-REC-00066,,Salt,0.5,tsp,UK-17-367,Salt,.5,tsp
GF-REC-00066,,"Water, distilled",3.5,C,UK-17-377,Water,3 to 4,cups
GF-REC-00067,GF-ING-00144,"Peas, fresh (Pisum sativum)",20.0,g,D061,Shelled green peas,20,g
GF-REC-00067,GF-ING-00231,"Carrot, orange (Daucus carota)",25.0,g,F002,Carrots,25,g
GF-REC-00067,GF-ING-00265,"Onion, big (Allium cepa)",25.0,g,G017,Onion,25,g
GF-REC-00067,GF-ING-00279,"Pepper, black (Piper nigrum)",0.375,tsp,G031,Pepper,1 to 2,pepper corns
GF-REC-00067,,"Turnip, flesh only, raw",25.0,g,UK-13-389,Turnip,25,g
GF-REC-00067,,"Bay leaf, dried",0.6,g,UK-13-806,Bay leaves,1 to 2,nos
GF-REC-00067,,Salt,0.5,tsp,UK-17-367,Salt,.5,tsp
GF-REC-00067,,"Water, distilled",3.0,C,UK-17-377,Water,3,cups
GF-REC-00067,,"Butter, unsalted",1.0,tbsp,UK-17-661,Butter,1,tbsp
GF-REC-00068,GF-ING-00265,"Onion, big (Allium cepa)",50.0,g,G017,Sliced onion,50,g
GF-REC-00068,GF-ING-00279,"Pepper, black (Piper nigrum)",0.5,tsp,G031,Pepper corns,2,pepper corns
GF-REC-00068,GF-ING-00332,"Chicken, poultry, breast, skinless",250.0,g,N003,Chicken,250,g
GF-REC-00068,,"Bay leaf, dried",0.8,g,UK-13-806,Bay leaves,2,nos
GF-REC-00068,,Salt,1.0,tsp,UK-17-367,Salt,1,tsp
GF-REC-00068,,"Water, distilled",5.0,C,UK-17-377,Water,5,cups
GF-REC-00069,GF-ING-00018,"Wheat flour, refined (Triticum aestivum)",1.0,tbsp,A018,Flour,1,tbsp
GF-REC-00069,GF-ING-00312,"Milk, whole, Cow",1.0,C,L002,Milk,1,cups
GF-REC-00069,,"Butter, unsalted",1.0,tbsp,UK-17-661,Butter,1,tbsp
GF-REC-00070,GF-ING-00018,"Wheat flour, refined (Triticum aestivum)",2.0,tbsp,A018,Flour,2,tbsp
GF-REC-00070,GF-ING-00312,"Milk, whole, Cow",1.0,C,L002,Milk,1,cups
GF-REC-00070,,"Butter, unsalted",2.0,tbsp,UK-17-661,Butter,2,tbsp
GF-REC-00071,GF-ING-00018,"Wheat flour, refined (Triticum aestivum)",4.0,tbsp,A018,Flour,4,tbsp
GF-REC-00071,GF-ING-00312,"Milk, whole, Cow",1.0,C,L002,Milk,1,cups
GF-REC-00071,,"Butter, unsalted",4.0,tbsp,UK-17-661,Butter,4,tbsp
GF-REC-00072,GF-ING-00018,"Wheat flour, refined (Triticum aestivum)",2.0,tbsp,A018,Flour,2,tbsp
GF-REC-00072,GF-ING-00312,"Milk, whole, Cow",1.0,C,L002,Milk,1,cups
GF-REC-00072,,"Cheese, processed, plain",120.0,g,UK-12-527,Grated cheese,.5,cups
GF-REC-00072,,Chilli powder,0.25,g,UK-13-873,Chilli flakes,few ,grains
GF-REC-00072,,"Butter, unsalted",2.0,tbsp,UK-17-661,Butter,2,tbsp
GF-REC-00073,GF-ING-00018,"Wheat flour, refined (Triticum aestivum)",2.0,tbsp,A018,Flour,2,tbsp
GF-REC-00073,GF-ING-00312,"Milk, whole, Cow",1.0,C,L002,Milk,1,cups
GF-REC-00073,GF-ING-00315,"Egg, poultry, whole, raw",100.0,g,M001,Egg,2,nos
GF-REC-00073,,Chilli powder,0.25,g,UK-13-873,Chilli flakes,few ,grains
GF-REC-00073,,"Butter, unsalted",2.0,tbsp,UK-17-661,Butter,2,tbsp
GF-REC-00074,GF-ING-00018,"Wheat flour, refined (Triticum aestivum)",2.0,tbsp,A018,Flour,2,tbsp
GF-REC-00074,GF-ING-00305,"Button mushroom, fresh (Agaricus sp.)",35.0,g,J001,Mushroom,.5,cups
GF-REC-00074,GF-ING-00312,"Milk, whole, Cow",1.0,C,L002,Milk,1,cups
GF-REC-00074,,"Butter, unsalted",2.0,tbsp,UK-17-661,Butter,2,tbsp
GF-REC-00075,GF-ING-00018,"Wheat flour, refined (Triticum aestivum)",2.0,tbsp,A018,Flour,2,tbsp
GF-REC-00075,GF-ING-00312,"Milk, whole, Cow",1.0,C,L002,Milk,1,cups
GF-REC-00075,,Mustard powder,1.0,tbsp,UK-17-362,Mustard powder,1,tbsp
GF-REC-00075,,"Butter, unsalted",2.0,tbsp,UK-17-661,Butter,2,tbsp
GF-REC-00076,GF-ING-00018,"Wheat flour, refined (Triticum aestivum)",3.0,tbsp,A018,Flour,3,tbsp
GF-REC-00076,,"Oil, sunflower",2.0,tbsp,UK-17-045,Fat/salad oil,2,tbsp
GF-REC-00076,,Salt,1.0,tsp,UK-17-367,Salt,1,tsp
GF-REC-00076,,"Stock cubes, vegetable",1.0,C,UK-17-727,Stock,1,cups
GF-REC-00077,GF-ING-00158,"Tomato, ripe, hybrid (Solanum lycopersicum)",200.0,g,D075,Tomatoes,200,g
GF-REC-00077,GF-ING-00231,"Carrot, orange (Daucus carota)",20.0,g,F002,Carrots,20,g
GF-REC-00077,GF-ING-00265,"Onion, big (Allium cepa)",20.0,g,G017,Onion,20,g
GF-REC-00077,GF-ING-00279,"Pepper, black (Piper nigrum)",0.375,tsp,G031,Black pepper,1 to 2,pepper corns
GF-REC-00077,GF-ING-00279,"Pepper, black (Piper nigrum)",0.25,tsp,G031,Pepper,to taste,
GF-REC-00077,,"Bread, white, average",7.5,g,UK-11-1145,Bread,.25,slices
GF-REC-00077,,"Bay leaf, dried",0.4,g,UK-13-806,Bay leaf,1,nos
GF-REC-00077,,"Cinnamon, ground",0.5,tsp,UK-13-874,Cinnamon,1,small piece
GF-REC-00077,,"Oil, sunflower",2.0,tbsp,UK-17-045,Fat,for frying,
GF-REC-00077,,Salt,0.25,tsp,UK-17-367,Salt,to taste,
GF-REC-00077,,"Stock cubes, vegetable",0.5,C,UK-17-727,Water or vegetable stock,.5,cups
GF-REC-00078,GF-ING-00037,Lentil dal (Lens culinaris),15.0,g,B013,Lentil,15,g
GF-REC-00078,GF-ING-00158,"Tomato, ripe, hybrid (Solanum lycopersicum)",50.0,g,D075,Tomatoes,50,g
GF-REC-00078,GF-ING-00231,"Carrot, orange (Daucus carota)",50.0,g,F002,Carrots,50,g
GF-REC-00078,GF-ING-00257,Coriander leaves (Coriandrum sativum),1.0,sprig,G009,Coriander or parsley,1,sprig
GF-REC-00078,GF-ING-00262,"Ginger, fresh (Zingiber officinale)",6.33,g,G014,Ginger,.5,inch
GF-REC-00078,GF-ING-00265,"Onion, big (Allium cepa)",20.0,g,G017,Onion,20,g
GF-REC-00078,GF-ING-00279,"Pepper, black (Piper nigrum)",0.375,tsp,G031,Pepper corns,1 to 2,pepper corns
GF-REC-00078,GF-ING-00279,"Pepper, black (Piper nigrum)",0.125,tsp,G031,Pepper powder,.125,tsp
GF-REC-00078,,"Bay leaf, dried",0.4,g,UK-13-806,Bay leaf,1,nos
GF-REC-00078,,Salt,0.25,tsp,UK-17-367,Salt,.25,tsp
GF-REC-00078,,"Butter, unsalted",1.0,tsp,UK-17-661,Butter,1,tsp
GF-REC-00078,,"Stock cubes, vegetable",1.0,C,UK-17-727,Vegetable stock or water,1,cups
GF-REC-00079,GF-ING-00231,"Carrot, orange (Daucus carota)",10.0,g,F002,Carrots,10,g
GF-REC-00079,GF-ING-00257,Coriander leaves (Coriandrum sativum),1.0,sprig,G009,Coriander leaves,1,sprig
GF-REC-00079,GF-ING-00265,"Onion, big (Allium cepa)",15.0,g,G017,Onion,15,g
GF-REC-00079,GF-ING-00271,Cloves (Syzygium aromaticum),0.25,tsp,G023,Cloves,1,cloves
GF-REC-00079,GF-ING-00279,"Pepper, black (Piper nigrum)",0.5,tsp,G031,Pepper corns,2,pepper corns
GF-REC-00079,GF-ING-00316,"Egg, poultry, white, raw",17.0,g,M002,Egg white,.5,
GF-REC-00079,,"Bay leaf, dried",0.4,g,UK-13-806,Bay leaf,1,nos
GF-REC-00079,,"Stock cubes, vegetable",0.5,C,UK-17-727,Stock,.5,cups
GF-REC-00079,,"Chicken, whole, corn-fed, raw, meat and skin, weighed with bone",60.0,g,UK-18-304,Chicken with bones,60,g
GF-REC-00080,GF-ING-00158,"Tomato, ripe, hybrid (Solanum lycopersicum)",200.0,g,D075,Tomato,200,g
GF-REC-00080,GF-ING-00265,"Onion, big (Allium cepa)",20.0,g,G017,Onion,20,g
GF-REC-00080,GF-ING-00279,"Pepper, black (Piper nigrum)",0.375,tsp,G031,Pepper corns,1 to 2,pepper corns
GF-REC-00080,GF-ING-00279,"Pepper, black (Piper nigrum)",0.125,tsp,G031,Pepper powder,.125,tsp
GF-REC-00080,GF-ING-00312,"Milk, whole, Cow",0.25,C,L002,Milk,.25,cups
GF-REC-00080,,"Flour, corn",1.0,tsp,UK-11-1045,Cornflour,1,tsp
GF-REC-00080,,"Bread, white, average",7.5,g,UK-11-1145,Bread,.25,slices
GF-REC-00080,,"Cream, fresh, single",1.0,tbsp,UK-12-332,Cream,1,tbsp
GF-REC-00080,,"Bay leaf, dried",0.4,g,UK-13-806,Bay leaf,1,nos
GF-REC-00080,,"Oil, sunflower",2.0,tbsp,UK-17-045,Fat,for frying,
GF-REC-00080,,Salt,0.5,tsp,UK-17-367,Salt,.5,tsp
GF-REC-00080,,"Butter, unsalted",2.0,tsp,UK-17-661,Butter,2,tsp
GF-REC-00080,,"Stock cubes, vegetable",0.5,C,UK-17-727,Vegetable stock or water,.5,cups
GF-REC-00081,GF-ING-00144,"Peas, fresh (Pisum sativum)",125.0,g,D061,Peas (shelled),125,g
GF-REC-00081,GF-ING-00231,"Carrot, orange (Daucus carota)",20.0,g,F002,Carrots,20,g
GF-REC-00081,GF-ING-00264,Mint leaves (Mentha spicata ),1.0,sprig,G016,Mint leaves,1,sprig
GF-REC-00081,GF-ING-00265,"Onion, big (Allium cepa)",20.0,g,G017,Onion,20,g
GF-REC-00081,GF-ING-00279,"Pepper, black (Piper nigrum)",0.375,tsp,G031,Pepper corns,1 to 2,pepper corns
GF-REC-00081,GF-ING-00279,"Pepper, black (Piper nigrum)",0.125,tsp,G031,Pepper powder,.125,tsp
GF-REC-00081,GF-ING-00312,"Milk, whole, Cow",0.25,C,L002,Milk,.25,cups
GF-REC-00081,,"Flour, corn",1.0,tsp,UK-11-1045,Cornflour,1,tsp
GF-REC-00081,,"Bread, white, average",7.5,g,UK-11-1145,Bread,.25,slices
GF-REC-00081,,"Cream, fresh, single",1.0,tbsp,UK-12-332,Cream,1,tbsp
GF-REC-00081,,"Oil, sunflower",2.0,tbsp,UK-17-045,Fat,for frying,
GF-REC-00081,,Salt,0.25,tsp,UK-17-367,Salt,.25,tsp
GF-REC-00081,,"Butter, unsalted",2.0,tsp,UK-17-661,Butter,2,tsp
GF-REC-00081,,"Stock cubes, vegetable",0.5,C,UK-17-727,Vegetable stock or water,.5,cups
GF-REC-00082,GF-ING-00082,Spinach (Spinacia oleracea),200.0,g,C033,Spinach,200,g
GF-REC-00082,GF-ING-00260,"Garlic, small clove (Allium sativum)",0.63,g,G012,Garlic,1,cloves
GF-REC-00082,GF-ING-00265,"Onion, big (Allium cepa)",20.0,g,G017,Onion,20,g
GF-REC-00082,GF-ING-00276,Nutmeg (Myristica fragrans),0.25,tsp,G028,Nutmeg powder,1,pinch
GF-REC-00082,GF-ING-00279,"Pepper, black (Piper nigrum)",0.375,tsp,G031,Pepper corns,1 to 2,pepper corns
GF-REC-00082,GF-ING-00279,"Pepper, black (Piper nigrum)",0.125,tsp,G031,Pepper powder,.125,tsp
GF-REC-00082,GF-ING-00312,"Milk, whole, Cow",0.25,C,L002,Milk,.25,cups
GF-REC-00082,,"Flour, corn",1.0,tsp,UK-11-1045,Cornflour,1,tsp
GF-REC-00082,,"Bread, white, average",7.5,g,UK-11-1145,Bread,.25,slices
GF-REC-00082,,"Cream, fresh, single",1.0,tbsp,UK-12-332,Cream,1,tbsp
GF-REC-00082,,"Oil, sunflower",2.0,tbsp,UK-17-045,Fat,for frying,
GF-REC-00082,,Salt,0.25,tsp,UK-17-367,Salt,.25,tsp
GF-REC-00082,,"Butter, unsalted",2.0,tsp,UK-17-661,Butter,2,tsp
GF-REC-00082,,"Stock cubes, vegetable",0.5,C,UK-17-727,Vegetable stock or water,.5,cups
GF-REC-00083,GF-ING-00144,"Peas, fresh (Pisum sativum)",50.0,g,D061,Peas (unshelled),50,g
GF-REC-00083,GF-ING-00158,"Tomato, ripe, hybrid (Solanum lycopersicum)",50.0,g,D075,Tomatoes,50,g
GF-REC-00083,GF-ING-00231,"Carrot, orange (Daucus carota)",20.0,g,F002,Carrots,20,g
GF-REC-00083,GF-ING-00265,"Onion, big (Allium cepa)",20.0,g,G017,Onion,20,g
GF-REC-00083,GF-ING-00279,"Pepper, black (Piper nigrum)",0.375,tsp,G031,Pepper corns,1 to 2,pepper corns
GF-REC-00083,GF-ING-00279,"Pepper, black (Piper nigrum)",0.125,tsp,G031,Pepper powder,.125,tsp
GF-REC-00083,GF-ING-00312,"Milk, whole, Cow",0.25,C,L002,Milk,.25,cups
GF-REC-00083,,"Flour, corn",1.0,tsp,UK-11-1045,Cornflour,1,tsp
GF-REC-00083,,"Cheese, processed, plain",10.0,g,UK-12-527,Grated cheese,10,g
GF-REC-00083,,"Turnip, flesh only, raw",20.0,g,UK-13-389,Turnip,20,g
GF-REC-00083,,"Bay leaf, dried",0.4,g,UK-13-806,Bay leaf,1,nos
GF-REC-00083,,Salt,0.25,tsp,UK-17-367,Salt,.25,tsp
GF-REC-00083,,"Butter, unsalted",2.0,tsp,UK-17-661,Butter,2,tsp
GF-REC-00083,,"Stock cubes, vegetable",0.5,C,UK-17-727,Vegetable stock or water,.5,cups
GF-REC-00084,GF-ING-00260,"Garlic, small clove (Allium sativum)",0.63,g,G012,Garlic,1,cloves
GF-REC-00084,GF-ING-00265,"Onion, big (Allium cepa)",35.0,g,G017,Onion,20,g
GF-REC-00084,GF-ING-00265,"Onion, big (Allium cepa)",30.0,g,G017,Onion rings,.5,onion
GF-REC-00084,GF-ING-00279,"Pepper, black (Piper nigrum)",0.375,tsp,G031,Pepper corns,1 to 2,
GF-REC-00084,GF-ING-00279,"Pepper, black (Piper nigrum)",0.125,tsp,G031,Pepper powder,.125,tsp
GF-REC-00084,GF-ING-00305,"Button mushroom, fresh (Agaricus sp.)",75.0,g,J001,Mushrooms,75,g
GF-REC-00084,GF-ING-00312,"Milk, whole, Cow",0.25,C,L002,Milk,.25,cups
GF-REC-00084,,"Flour, corn",1.0,tsp,UK-11-1045,Cornflour,1,tsp
GF-REC-00084,,"Cream, fresh, single",1.0,tbsp,UK-12-332,Cream,1,tbsp
GF-REC-00084,,"Bay leaf, dried",0.4,g,UK-13-806,Bay leaf,1,
GF-REC-00084,,"Oil, sunflower",2.0,tbsp,UK-17-045,Fat,for frying,
GF-REC-00084,,Salt,0.25,tsp,UK-17-367,Salt,.25,tsp
GF-REC-00084,,"Butter, unsalted",2.0,tsp,UK-17-661,Butter,2,tsp
GF-REC-00084,,"Stock cubes, chicken",0.5,C,UK-17-726,Water/chicken stock,.5,cups
GF-REC-00085,GF-ING-00279,"Pepper, black (Piper nigrum)",0.125,tsp,G031,Pepper powder,.125,tsp
GF-REC-00085,GF-ING-00316,"Egg, poultry, white, raw",17.0,g,M002,Egg white,.5,nos
GF-REC-00085,GF-ING-00332,"Chicken, poultry, breast, skinless",50.0,g,N003,Chicken,50,g
GF-REC-00085,,"Flour, corn",1.5,tsp,UK-11-1045,Cornflour,1.5,tsp
GF-REC-00085,,"Sweetcorn, kernels, raw",50.0,g,UK-13-622,Sweet corn,50,g
GF-REC-00085,,Salt,0.25,tsp,UK-17-367,Salt,.25,tsp
GF-REC-00085,,Chilli sauce,0.25,tsp,UK-17-719,Chilli sauce,to taste,
GF-REC-00085,,"Soy sauce, light and dark varieties",0.25,tsp,UK-17-721,Soya sauce,to taste,
GF-REC-00085,,"Stock cubes, chicken",1.5,C,UK-17-726,Chicken stock,1.5,cups
GF-REC-00086,GF-ING-00064,"Cabbage, green (Brassica oleracea var. capitata f. alba)",10.0,g,C015,Cabbage,10,g
GF-REC-00086,GF-ING-00144,"Peas, fresh (Pisum sativum)",20.0,g,D061,Shelled peas,20,g
GF-REC-00086,GF-ING-00158,"Tomato, ripe, hybrid (Solanum lycopersicum)",100.0,g,D075,Tomato,100,g
GF-REC-00086,GF-ING-00231,"Carrot, orange (Daucus carota)",20.0,g,F002,Carrots,20,g
GF-REC-00086,GF-ING-00265,"Onion, big (Allium cepa)",20.0,g,G017,Onion,20,g
GF-REC-00086,GF-ING-00279,"Pepper, black (Piper nigrum)",0.125,tsp,G031,Pepper powder,.125,tsp
GF-REC-00086,,"MUTTON, muscle",25.0,g,O064,Mutton,25,g
GF-REC-00086,,"Pasta, white, dried, raw",10.0,g,UK-11-716,Noodles,10,g
GF-REC-00086,,"Cheese, processed, plain",10.0,g,UK-12-527,Grated cheese,10,g
GF-REC-00086,,Salt,0.5,tsp,UK-17-367,Salt,.5,tsp
GF-REC-00086,,"Butter, unsalted",1.0,tsp,UK-17-661,Butter,1,tsp
GF-REC-00086,,"Stock cubes, vegetable",1.0,C,UK-17-727,Brown stock,1,cups
GF-REC-00087,GF-ING-00064,"Cabbage, green (Brassica oleracea var. capitata f. alba)",20.0,g,C015,Cabbage,20,g
GF-REC-00087,GF-ING-00265,"Onion, big (Allium cepa)",20.0,g,G017,Onion,20,g
GF-REC-00087,GF-ING-00279,"Pepper, black (Piper nigrum)",0.125,tsp,G031,Pepper powder,.125,tsp
GF-REC-00087,GF-ING-00315,"Egg, poultry, whole, raw",25.0,g,M001,Egg,.5,nos
GF-REC-00087,,Salt,0.25,tsp,UK-17-367,Salt,.25,tsp
GF-REC-00087,,"Butter, unsalted",1.0,tsp,UK-17-661,Butter,1,tsp
GF-REC-00087,,Chilli sauce,0.25,tsp,UK-17-719,Chilli sauce,to taste,
GF-REC-00087,,"Soy sauce, light and dark varieties",0.25,tsp,UK-17-721,Soya sauce,to taste,
GF-REC-00087,,"Stock cubes, chicken",1.0,C,UK-17-726,Chicken stock,1,cups
GF-REC-00087,,"Tomato sauce, homemade",1.0,tsp,UK-50-1173,Tomato sauce,1,tsp
GF-REC-00088,GF-ING-00024,"Wheat, vermicelli, roasted (Triticum aestivum)",10.0,g,A024,Vermicelli,10,g
GF-REC-00088,GF-ING-00064,"Cabbage, green (Brassica oleracea var. capitata f. alba)",20.0,g,C015,Cabbage,20,g
GF-REC-00088,GF-ING-00158,"Tomato, ripe, hybrid (Solanum lycopersicum)",100.0,g,D075,Tomato,100,g
GF-REC-00088,GF-ING-00262,"Ginger, fresh (Zingiber officinale)",3.17,g,G014,Ginger,.25,inch
GF-REC-00088,GF-ING-00265,"Onion, big (Allium cepa)",20.0,g,G017,Onion,20,g
GF-REC-00088,GF-ING-00279,"Pepper, black (Piper nigrum)",0.125,tsp,G031,Pepper powder,.125,tsp
GF-REC-00088,GF-ING-00315,"Egg, poultry, whole, raw",12.5,g,M001,Egg,.25,
GF-REC-00088,,"MUTTON, muscle",40.0,g,O064,Minced mutton,40,g
GF-REC-00088,,"Oil, sunflower",480.0,ml,UK-17-045,Fat,for deep frying,
GF-REC-00088,,Salt,0.5,tsp,UK-17-367,Salt,.5,tsp
GF-REC-00088,,"Butter, unsalted",1.0,tsp,UK-17-661,Butter,1,tsp
GF-REC-00088,,"Stock cubes, chicken",1.0,C,UK-17-726,Chicken stock,1,cups
GF-REC-00089,GF-ING-00265,"Onion, big (Allium cepa)",80.0,g,G017,Onion,80,g
GF-REC-00089,GF-ING-00279,"Pepper, black (Piper nigrum)",0.25,tsp,G031,Pepper,to taste,
GF-REC-00089,,"Flour, corn",1.0,tbsp,UK-11-1045,Cornflour,1,tbsp
GF-REC-00089,,"Cheese, processed, plain",10.0,g,UK-12-527,Grated cheese,10,g
GF-REC-00089,,"Bay leaf, dried",0.4,g,UK-13-806,Bay leaf,1,
GF-REC-00089,,Salt,0.25,tsp,UK-17-367,Salt,to taste,
GF-REC-00089,,"Butter, unsalted",1.0,tbsp,UK-17-661,Butter,1,tbsp
GF-REC-00089,,"Stock cubes, chicken",1.0,C,UK-17-726,Chicken stock,1,cups
GF-REC-00090,GF-ING-00064,"Cabbage, green (Brassica oleracea var. capitata f. alba)",15.0,g,C015,Cabbage,15,g
GF-REC-00090,GF-ING-00116,"Capsicum, green (Capsicum annuum)",10.0,g,D033,Capsicum,10,g
GF-REC-00090,GF-ING-00231,"Carrot, orange (Daucus carota)",20.0,g,F002,Carrots,20,g
GF-REC-00090,GF-ING-00256,"Chillies, green - all varieties (Capsicum annum)",1.67,g,G008,Green chilli,.5,nos
GF-REC-00090,GF-ING-00262,"Ginger, fresh (Zingiber officinale)",6.33,g,G014,Ginger,.25,tsp
GF-REC-00090,GF-ING-00279,"Pepper, black (Piper nigrum)",0.25,tsp,G031,Pepper,to taste,
GF-REC-00090,GF-ING-00305,"Button mushroom, fresh (Agaricus sp.)",10.0,g,J001,Mushrooms,10,g
GF-REC-00090,GF-ING-00315,"Egg, poultry, whole, raw",12.5,g,M001,Egg,.25,
GF-REC-00090,GF-ING-00332,"Chicken, poultry, breast, skinless",40.0,g,N003,Boneless chicken,40,g
GF-REC-00090,,"Flour, corn",1.0,tsp,UK-11-1045,Cornflour,1,tsp
GF-REC-00090,,"Spring onions, bulbs and tops, raw",15.0,g,UK-13-352,Spring onion,.5,
GF-REC-00090,,"Beansprouts, mung, boiled in unsalted water",10.0,g,UK-13-580,Bean sprouts,10,g
GF-REC-00090,,Vinegar,1.0,tsp,UK-17-339,Vinegar,1,tsp
GF-REC-00090,,Salt,0.25,tsp,UK-17-367,Salt,to taste,
GF-REC-00090,,"Water, distilled",1.0,C,UK-17-377,Stock/water,1,cups
GF-REC-00090,,Chilli sauce,0.25,tsp,UK-17-719,Chilli sauce,.25,tsp
GF-REC-00090,,"Soy sauce, light and dark varieties",1.0,tsp,UK-17-721,Soya sauce,1,tsp
GF-REC-00090,,MSG MONOSODIUM GLUTAMATE,0.25,tsp,US-711552,Ajino motto,to taste,
GF-REC-00091,GF-ING-00064,"Cabbage, green (Brassica oleracea var. capitata f. alba)",10.0,g,C015,Cabbage,10,g
GF-REC-00091,GF-ING-00082,Spinach (Spinacia oleracea),10.0,g,C033,Spinach,10,g
GF-REC-00091,GF-ING-00133,"French beans, hybrid (Phaseolus vulgaris)",10.0,g,D050,Beans,10,g
GF-REC-00091,GF-ING-00158,"Tomato, ripe, hybrid (Solanum lycopersicum)",15.0,g,D075,Tomato,15,g
GF-REC-00091,GF-ING-00231,"Carrot, orange (Daucus carota)",20.0,g,F002,Carrots,20,g
GF-REC-00091,GF-ING-00260,"Garlic, small clove (Allium sativum)",6.3,g,G012,Garlic,1,flake
GF-REC-00091,GF-ING-00279,"Pepper, black (Piper nigrum)",0.25,tsp,G031,Pepper,to taste,
GF-REC-00091,GF-ING-00305,"Button mushroom, fresh (Agaricus sp.)",10.0,g,J001,Mushrooms,10,g
GF-REC-00091,GF-ING-00315,"Egg, poultry, whole, raw",12.5,g,M001,Egg,.25,
GF-REC-00091,,"Flour, corn",1.0,tsp,UK-11-1045,Cornflour,1,tsp
GF-REC-00091,,"Pasta, white, dried, raw",10.0,g,UK-11-716,Noodles,10,g
GF-REC-00091,,"Beansprouts, mung, boiled in unsalted water",10.0,g,UK-13-580,Bean sprouts,10,g
GF-REC-00091,,"Oil, sunflower",1.0,tsp,UK-17-045,Oil,1,tsp
GF-REC-00091,,Vinegar,0.5,tsp,UK-17-339,Vinegar,few drops,
GF-REC-00091,,Salt,0.25,tsp,UK-17-367,Salt,to taste,
GF-REC-00091,,Chilli sauce,0.25,tsp,UK-17-719,Chilli sauce,.25,tsp
GF-REC-00091,,"Soy sauce, light and dark varieties",1.0,tsp,UK-17-721,Soya sauce,1,tsp
GF-REC-00091,,"Stock cubes, vegetable",1.0,C,UK-17-727,Stock,1,cups
GF-REC-00091,,MSG MONOSODIUM GLUTAMATE,0.125,tsp,US-711552,Ajino motto,.125,tsp
GF-REC-00092,GF-ING-00126,"Cucumber, green, elongate (Cucumis sativus)",100.0,g,D043,Cucumber,100,g
GF-REC-00092,GF-ING-00260,"Garlic, small clove (Allium sativum)",0.31,g,G012,Garlic,.5,cloves
GF-REC-00092,GF-ING-00264,Mint leaves (Mentha spicata ),1.0,sprig,G016,Fresh mint,1,sprig
GF-REC-00092,GF-ING-00264,Mint leaves (Mentha spicata ),1.0,sprig,G016,Mint leaves,4 to 5,
GF-REC-00092,GF-ING-00265,"Onion, big (Allium cepa)",30.0,g,G017,Onion,30,g
GF-REC-00092,GF-ING-00279,"Pepper, black (Piper nigrum)",0.25,tsp,G031,Pepper,to taste,
GF-REC-00092,,"Yogurt, whole milk, plain",125.0,g,UK-12-184,Thick curd (fresh),125,g
GF-REC-00092,,"Cheese, processed, plain",15.0,g,UK-12-527,Grated cheese,15,g
GF-REC-00092,,Salt,0.25,tsp,UK-17-367,Salt,to taste,
GF-REC-00092,,"Water, distilled",100.0,ml,UK-17-377,Water,100,ml
GF-REC-00093,GF-ING-00074,Lettuce (Lactuca sativa),10.0,g,C025,Lettuce,10,g
GF-REC-00093,GF-ING-00082,Spinach (Spinacia oleracea),15.0,g,C033,Spinach,15,g
GF-REC-00093,GF-ING-00126,"Cucumber, green, elongate (Cucumis sativus)",30.0,g,D043,Cucumber,30,g
GF-REC-00093,GF-ING-00235,"Potato, brown skin, big (Solanum tuberosum)",30.0,g,F006,Potato,30,g
GF-REC-00093,GF-ING-00264,Mint leaves (Mentha spicata ),2.0,sprig,G016,Mint leaves,2,sprig
GF-REC-00093,GF-ING-00265,"Onion, big (Allium cepa)",15.0,g,G017,Onion,15,g
GF-REC-00093,GF-ING-00279,"Pepper, black (Piper nigrum)",0.25,tsp,G031,Pepper ,to taste,
GF-REC-00093,,"Cream, fresh, single",10.0,ml,UK-12-332,Cream,10,ml
GF-REC-00093,,Salt,0.25,tsp,UK-17-367,Salt,to taste,
GF-REC-00093,,"Butter, unsalted",12.0,g,UK-17-661,Butter,12,g
GF-REC-00093,,"Stock cubes, vegetable",0.75,C,UK-17-727,Stock,.75,cups
GF-REC-00094,GF-ING-00019,"Wheat flour, atta (Triticum aestivum)",80.0,g,A019,Whole wheat flour,80,g
GF-REC-00094,,"Water, distilled",4.0,tbsp,UK-17-377,Water,enough to make a soft dough,
GF-REC-00094,,"Ghee, butter",1.0,tsp,UK-17-640,Ghee or butter,1,tsp
GF-REC-00095,GF-ING-00019,"Wheat flour, atta (Triticum aestivum)",80.0,g,A019,Whole wheat flour,80,g
GF-REC-00095,,"Oil, sunflower",2.0,tbsp,UK-17-045,Fat,2,tbsp
GF-REC-00095,,Salt,0.13,tsp,UK-17-367,Salt,.125,tsp
GF-REC-00095,,"Water, distilled",4.0,tbsp,UK-17-377,Water,enough to make a soft dough,
GF-REC-00096,GF-ING-00019,"Wheat flour, atta (Triticum aestivum)",80.0,g,A019,Whole wheat flour,80,g
GF-REC-00096,GF-ING-00235,"Potato, brown skin, big (Solanum tuberosum)",80.0,g,F006,Potatoes,80,g
GF-REC-00096,GF-ING-00256,"Chillies, green - all varieties (Capsicum annum)",3.33,g,G008,Green chilli,one small,
GF-REC-00096,GF-ING-00257,Coriander leaves (Coriandrum sativum),1.0,sprig,G009,Coriander leaves,a few,
GF-REC-00096,GF-ING-00265,"Onion, big (Allium cepa)",25.0,g,G017,Onion,25,g
GF-REC-00096,,Garam masala,0.25,tsp,UK-13-829,Garam masala powder,.25,tsp
GF-REC-00096,,Chilli powder,0.25,tsp,UK-13-873,Red chilli powder,.25,tsp
GF-REC-00096,,"Oil, sunflower",2.0,tbsp,UK-17-045,Fat,2,tbsp
GF-REC-00096,,Salt,0.13,tsp,UK-17-367,Salt,.125,tsp
GF-REC-00096,,Salt,0.25,tsp,UK-17-367,Salt,.25,tsp
GF-REC-00096,,"Water, distilled",4.0,tbsp,UK-17-377,Water,enough to make a soft dough,
GF-REC-00096,,"SIVA'S, AMHUR POWDER (DRY MANGO POWDER)",0.5,tsp,US-400113,Amchur powder,.5,tsp
GF-REC-00097,GF-ING-00019,"Wheat flour, atta (Triticum aestivum)",80.0,g,A019,Whole wheat flour,80,g
GF-REC-00097,GF-ING-00239,"Radish, elongate, white skin (Raphanus sativus)",100.0,g,F010,Radish,100,g
GF-REC-00097,GF-ING-00256,"Chillies, green - all varieties (Capsicum annum)",3.33,g,G008,Green chilli,one small,
GF-REC-00097,GF-ING-00257,Coriander leaves (Coriandrum sativum),1.0,sprig,G009,Coriander leaves,a few,
GF-REC-00097,GF-ING-00265,"Onion, big (Allium cepa)",25.0,g,G017,Onion,25,g
GF-REC-00097,,Garam masala,0.25,tsp,UK-13-829,Garam masala powder,.25,tsp
GF-REC-00097,,Chilli powder,0.25,tsp,UK-13-873,Red chilli powder,.25,tsp
GF-REC-00097,,"Oil, sunflower",2.0,tbsp,UK-17-045,Fat,2,tbsp
GF-REC-00097,,Salt,0.13,tsp,UK-17-367,Salt,.125,tsp
GF-REC-00097,,Salt,0.25,tsp,UK-17-367,Salt,.25,tsp
GF-REC-00097,,"Water, distilled",4.0,tbsp,UK-17-377,Water,enough to make a soft dough,
GF-REC-00097,,"SIVA'S, AMHUR POWDER (DRY MANGO POWDER)",0.5,tsp,US-400113,Amchur powder,.5,tsp
GF-REC-00098,GF-ING-00019,"Wheat flour, atta (Triticum aestivum)",80.0,g,A019,Whole wheat flour,80,g
GF-REC-00098,GF-ING-00119,Cauliflower (Brassica oleracea var. botrytis),100.0,g,D036,Cauliflower,100,g
GF-REC-00098,GF-ING-00256,"Chillies, green - all varieties (Capsicum annum)",3.33,g,G008,Green chilli,one small,
GF-REC-00098,GF-ING-00257,Coriander leaves (Coriandrum sativum),1.0,sprig,G009,Coriander leaves,a few,
GF-REC-00098,GF-ING-00262,"Ginger, fresh (Zingiber officinale)",5.0,g,G014,Ginger,5,g
GF-REC-00098,GF-ING-00265,"Onion, big (Allium cepa)",25.0,g,G017,Onion,25,g
GF-REC-00098,,Garam masala,0.25,tsp,UK-13-829,Garam masala powder,.25,tsp
GF-REC-00098,,Chilli powder,0.25,tsp,UK-13-873,Red chilli powder,.25,tsp
GF-REC-00098,,"Oil, sunflower",2.0,tbsp,UK-17-045,Fat,2,tbsp
GF-REC-00098,,Salt,0.13,tsp,UK-17-367,Salt,.125,tsp
GF-REC-00098,,Salt,0.5,tsp,UK-17-367,Salt,.25,tsp
GF-REC-00098,,"Water, distilled",4.0,tbsp,UK-17-377,Water,enough to make a soft dough,
GF-REC-00098,,"SIVA'S, AMHUR POWDER (DRY MANGO POWDER)",0.5,tsp,US-400113,Amchur powder,.5,tsp
GF-REC-00099,GF-ING-00019,"Wheat flour, atta (Triticum aestivum)",80.0,g,A019,Whole wheat flour,80,g
GF-REC-00099,GF-ING-00025,"Bengal gram, dal (Cicer arietinum)",30.0,g,B001,Channa dal,30,g
GF-REC-00099,GF-ING-00256,"Chillies, green - all varieties (Capsicum annum)",3.33,g,G008,Green chilli,one small,
GF-REC-00099,GF-ING-00257,Coriander leaves (Coriandrum sativum),1.0,sprig,G009,Coriander leaves,a few,
GF-REC-00099,GF-ING-00265,"Onion, big (Allium cepa)",25.0,g,G017,Onion,25,g
GF-REC-00099,,Garam masala,0.25,tsp,UK-13-829,Garam masala powder,.25,tsp
GF-REC-00099,,Chilli powder,0.25,tsp,UK-13-873,Red chilli powder,.25,tsp
GF-REC-00099,,"Oil, sunflower",2.0,tbsp,UK-17-045,Fat,2,tbsp
GF-REC-00099,,Salt,0.13,tsp,UK-17-367,Salt,.125,tsp
GF-REC-00099,,Salt,0.25,tsp,UK-17-367,Salt,.25,tsp
GF-REC-00099,,"Water, distilled",4.0,tbsp,UK-17-377,Water,enough to make a soft dough,
GF-REC-00099,,"SIVA'S, AMHUR POWDER (DRY MANGO POWDER)",0.5,tsp,US-400113,Amchur powder,.5,tsp
GF-REC-00100,GF-ING-00019,"Wheat flour, atta (Triticum aestivum)",80.0,g,A019,Whole wheat flour,80,g
GF-REC-00100,GF-ING-00256,"Chillies, green - all varieties (Capsicum annum)",3.33,g,G008,Green chilli,one small,
GF-REC-00100,GF-ING-00257,Coriander leaves (Coriandrum sativum),1.0,sprig,G009,Coriander leaves,a few,
GF-REC-00100,GF-ING-00265,"Onion, big (Allium cepa)",25.0,g,G017,Onion,25,g
GF-REC-00100,,"Beansprouts, mung, boiled in unsalted water",30.0,g,UK-13-580,Sprouted moong dal,30,g
GF-REC-00100,,Garam masala,0.25,tsp,UK-13-829,Garam masala powder,.25,tsp
GF-REC-00100,,Chilli powder,0.25,tsp,UK-13-873,Red chilli powder,.25,tsp
GF-REC-00100,,"Oil, sunflower",2.0,tbsp,UK-17-045,Fat,2,tbsp
GF-REC-00100,,Salt,0.13,tsp,UK-17-367,Salt,.125,tsp
GF-REC-00100,,Salt,0.25,tsp,UK-17-367,Salt,.25,tsp
GF-REC-00100,,"Water, distilled",4.0,tbsp,UK-17-377,Water,enough to make a soft dough,
GF-REC-00100,,"SIVA'S, AMHUR POWDER (DRY MANGO POWDER)",0.5,tsp,US-400113,Amchur powder,.5,tsp
GF-REC-00101,GF-ING-00019,"Wheat flour, atta (Triticum aestivum)",80.0,g,A019,Whole wheat flour,80,g
GF-REC-00101,GF-ING-00144,"Peas, fresh (Pisum sativum)",125.0,g,D061,Peas,125,g
GF-REC-00101,GF-ING-00256,"Chillies, green - all varieties (Capsicum annum)",3.33,g,G008,Green chilli,one small,
GF-REC-00101,GF-ING-00257,Coriander leaves (Coriandrum sativum),1.0,sprig,G009,Coriander leaves,a few,
GF-REC-00101,GF-ING-00265,"Onion, big (Allium cepa)",25.0,g,G017,Onion,25,g
GF-REC-00101,,Garam masala,0.25,tsp,UK-13-829,Garam masala powder,.25,tsp
GF-REC-00101,,Chilli powder,0.25,tsp,UK-13-873,Red chilli powder,.25,tsp
GF-REC-00101,,"Oil, sunflower",2.0,tbsp,UK-17-045,Fat,2,tbsp
GF-REC-00101,,Salt,0.13,tsp,UK-17-367,Salt,.125,tsp
GF-REC-00101,,Salt,0.25,tsp,UK-17-367,Salt,.25,tsp
GF-REC-00101,,"Water, distilled",4.0,tbsp,UK-17-377,Water,enough to make a soft dough,
GF-REC-00101,,"SIVA'S, AMHUR POWDER (DRY MANGO POWDER)",0.5,tsp,US-400113,Amchur powder,.5,tsp
GF-REC-00102,GF-ING-00019,"Wheat flour, atta (Triticum aestivum)",80.0,g,A019,Whole wheat flour,80,g
GF-REC-00102,GF-ING-00256,"Chillies, green - all varieties (Capsicum annum)",3.33,g,G008,Green chilli,one small,
GF-REC-00102,GF-ING-00257,Coriander leaves (Coriandrum sativum),1.0,sprig,G009,Coriander leaves,a few,
GF-REC-00102,GF-ING-00265,"Onion, big (Allium cepa)",25.0,g,G017,Onion,25,g
GF-REC-00102,,Garam masala,0.25,tsp,UK-13-829,Garam masala powder,.25,tsp
GF-REC-00102,,Chilli powder,0.25,tsp,UK-13-873,Red chilli powder,.25,tsp
GF-REC-00102,,"Oil, sunflower",2.0,tbsp,UK-17-045,Fat,2,tbsp
GF-REC-00102,,Salt,0.13,tsp,UK-17-367,Salt,.125,tsp
GF-REC-00102,,Salt,0.25,tsp,UK-17-367,Salt,.25,tsp
GF-REC-00102,,"Water, distilled",4.0,tbsp,UK-17-377,Water,enough to make a soft dough,
GF-REC-00102,,"Lamb, mince, raw",100.0,g,UK-18-481,Keema,100,g
GF-REC-00102,,"SIVA'S, AMHUR POWDER (DRY MANGO POWDER)",0.5,tsp,US-400113,Amchur powder,.5,tsp
GF-REC-00103,GF-ING-00019,"Wheat flour, atta (Triticum aestivum)",80.0,g,A019,Whole wheat flour,80,g
GF-REC-00103,GF-ING-00256,"Chillies, green - all varieties (Capsicum annum)",3.33,g,G008,Green chilli,one small,
GF-REC-00103,GF-ING-00257,Coriander leaves (Coriandrum sativum),1.0,sprig,G009,Coriander leaves,a few,
GF-REC-00103,GF-ING-00265,"Onion, big (Allium cepa)",20.0,g,G017,Onion,25,g
GF-REC-00103,GF-ING-00313,Paneer,60.0,g,L003,Paneer,60,g
GF-REC-00103,,Garam masala,0.25,tsp,UK-13-829,Garam masala powder,.25,tsp
GF-REC-00103,,Chilli powder,0.25,tsp,UK-13-873,Red chilli powder,.25,tsp
GF-REC-00103,,"Oil, sunflower",2.0,tbsp,UK-17-045,Fat,2,tbsp
GF-REC-00103,,Salt,0.13,tsp,UK-17-367,Salt,.125,tsp
GF-REC-00103,,Salt,0.25,tsp,UK-17-367,Salt,.25,tsp
GF-REC-00103,,"Water, distilled",4.0,tbsp,UK-17-377,Water,enough to make a soft dough,
GF-REC-00103,,"SIVA'S, AMHUR POWDER (DRY MANGO POWDER)",0.5,tsp,US-400113,Amchur powder,.5,tsp
GF-REC-00104,GF-ING-00019,"Wheat flour, atta (Triticum aestivum)",50.0,g,A019,Wheat flour,50,g
GF-REC-00104,GF-ING-00082,Spinach (Spinacia oleracea),50.0,g,C033,Spinach,50,g
GF-REC-00104,GF-ING-00256,"Chillies, green - all varieties (Capsicum annum)",3.33,g,G008,Green chilli,1,nos
GF-REC-00104,GF-ING-00265,"Onion, big (Allium cepa)",25.0,g,G017,Onion,25,g
GF-REC-00104,,"Flour, gram",30.0,g,UK-11-896,Besan,30,g
GF-REC-00104,,Chilli powder,0.25,tsp,UK-13-873,Red chilli powder,.25,tsp
GF-REC-00104,,"Oil, sunflower",2.0,tbsp,UK-17-045,Fat,2,tbsp
GF-REC-00104,,Salt,0.5,tsp,UK-17-367,Salt,.5,tsp
GF-REC-00104,,"Water, distilled",4.0,tbsp,UK-17-377,Water,enough to make a soft dough,
GF-REC-00105,GF-ING-00019,"Wheat flour, atta (Triticum aestivum)",80.0,g,A019,Wheat flour,80,g
GF-REC-00105,,"Oil, sunflower",480.0,ml,UK-17-045,Fat,for frying,
GF-REC-00105,,Salt,0.25,tsp,UK-17-367,Salt,.25,tsp
GF-REC-00105,,"Water, distilled",4.0,tbsp,UK-17-377,Water,enough to make a soft dough,
GF-REC-00105,,"Ghee, butter",1.0,tsp,UK-17-640,Melted fat,1,tsp
GF-REC-00106,GF-ING-00019,"Wheat flour, atta (Triticum aestivum)",80.0,g,A019,Wheat flour,80,g
GF-REC-00106,GF-ING-00082,Spinach (Spinacia oleracea),50.0,g,C033,Spinach,50,g
GF-REC-00106,,Chilli powder,0.25,tsp,UK-13-873,Red chilli powder,.25,tsp
GF-REC-00106,,"Oil, sunflower",480.0,ml,UK-17-045,Fat,for frying,
GF-REC-00106,,Salt,0.25,tsp,UK-17-367,Salt,.25,tsp
GF-REC-00106,,"Water, distilled",4.0,tbsp,UK-17-377,Water,enough to make a soft dough,
GF-REC-00106,,"Ghee, butter",1.0,tsp,UK-17-640,Melted fat,1,tsp
GF-REC-00107,GF-ING-00019,"Wheat flour, atta (Triticum aestivum)",80.0,g,A019,Wheat flour,80,g
GF-REC-00107,GF-ING-00069,Fenugreek leaves (Trigonella foenum graecum),25.0,g,C020,Methi,25,g
GF-REC-00107,,Chilli powder,0.25,tsp,UK-13-873,Red chilli powder,.25,tsp
GF-REC-00107,,"Oil, sunflower",480.0,ml,UK-17-045,Fat,for frying,
GF-REC-00107,,Salt,0.25,tsp,UK-17-367,Salt,.25,tsp
GF-REC-00107,,"Water, distilled",4.0,tbsp,UK-17-377,Water,enough to make a soft dough,
GF-REC-00107,,"Ghee, butter",1.0,tsp,UK-17-640,Melted fat,1,tsp
GF-REC-00108,GF-ING-00019,"Wheat flour, atta (Triticum aestivum)",80.0,g,A019,Wheat flour,80,g
GF-REC-00108,GF-ING-00027,"Black gram, dal (Phaseolus mungo)",15.0,g,B003,Washed urad dal,15,g
GF-REC-00108,GF-ING-00256,"Chillies, green - all varieties (Capsicum annum)",1.67,g,G008,Green chilli,.5,nos
GF-REC-00108,GF-ING-00262,"Ginger, fresh (Zingiber officinale)",10.0,g,G014,Ginger,a small piece,
GF-REC-00108,,Garam masala,0.25,tsp,UK-13-829,Garam masala,a,pinch
GF-REC-00108,,Chilli powder,0.25,tsp,UK-13-873,Red chilli powder,a,pinch
GF-REC-00108,,"Oil, sunflower",480.0,ml,UK-17-045,Fat,for frying,
GF-REC-00108,,Bicarbonate of soda,0.25,tsp,UK-17-356,Soda,a,pinch
GF-REC-00108,,Salt,0.5,tsp,UK-17-367,Salt,.5,tsp
GF-REC-00108,,"Ghee, butter",1.0,tsp,UK-17-640,Melted fat,1,tsp
GF-REC-00109,GF-ING-00019,"Wheat flour, atta (Triticum aestivum)",80.0,g,A019,Wheat flour,80,g
GF-REC-00109,GF-ING-00235,"Potato, brown skin, big (Solanum tuberosum)",30.0,g,F006,Potatoes,30,g
GF-REC-00109,,Garam masala,0.25,tsp,UK-13-829,Garam masala,a,pinch
GF-REC-00109,,Chilli powder,0.25,tsp,UK-13-873,Red chilli powder,a,pinch
GF-REC-00109,,"Oil, sunflower",480.0,ml,UK-17-045,Fat,for frying,
GF-REC-00109,,Salt,0.5,tsp,UK-17-367,Salt,.5,tsp
GF-REC-00109,,"Ghee, butter",1.0,tsp,UK-17-640,Melted fat,1,tsp
GF-REC-00110,GF-ING-00019,"Wheat flour, atta (Triticum aestivum)",80.0,g,A019,Wheat flour,80,g
GF-REC-00110,,"Water, distilled",4.0,tbsp,UK-17-377,Water,enough to make a soft dough,
GF-REC-00110,,"Ghee, butter",2.0,tbsp,UK-17-640,Ghee,2,tbsp
GF-REC-00111,GF-ING-00014,"Rice, parboiled, milled (Oryza sativa )",100.0,g,A014,Rice,100,g
GF-REC-00111,,"Water, distilled",200.0,ml,UK-17-377,Water,double the quantity of rice by volume,
GF-REC-00112,GF-ING-00014,"Rice, parboiled, milled (Oryza sativa )",80.0,g,A014,Rice,80,g
GF-REC-00112,GF-ING-00265,"Onion, big (Allium cepa)",50.0,g,G017,Onion,50,g
GF-REC-00112,GF-ING-00269,"Cardamom, black (Elettaria cardamomum)",0.25,tsp,G021,Black cardamom,1,
GF-REC-00112,GF-ING-00271,Cloves (Syzygium aromaticum),0.25,tsp,G023,Clove,1,
GF-REC-00112,GF-ING-00273,Cumin seeds (Cuminum cyminum),0.25,tsp,G025,Cumin seeds,.25,tsp
GF-REC-00112,,"Bay leaf, dried",0.4,g,UK-13-806,Bay leaf,1,
GF-REC-00112,,"Cinnamon, ground",0.5,tsp,UK-13-874,Cinnamon,1,small stick
GF-REC-00112,,"Oil, sunflower",1.0,tbsp,UK-17-045,Fat,1,tbsp
GF-REC-00112,,Salt,0.75,tsp,UK-17-367,Salt,.75,tsp
GF-REC-00112,,"Water, distilled",160.0,ml,UK-17-377,Water,double the quantity of rice by volume,
GF-REC-00113,GF-ING-00014,"Rice, parboiled, milled (Oryza sativa )",80.0,g,A014,Rice,80,g
GF-REC-00113,GF-ING-00133,"French beans, hybrid (Phaseolus vulgaris)",30.0,g,D050,Beans,30,g
GF-REC-00113,GF-ING-00144,"Peas, fresh (Pisum sativum)",50.0,g,D061,Peas,50,g
GF-REC-00113,GF-ING-00231,"Carrot, orange (Daucus carota)",50.0,g,F002,Carrots,50,g
GF-REC-00113,GF-ING-00265,"Onion, big (Allium cepa)",50.0,g,G017,Onion,50,g
GF-REC-00113,GF-ING-00269,"Cardamom, black (Elettaria cardamomum)",0.25,tsp,G021,Black cardamom,1,
GF-REC-00113,GF-ING-00271,Cloves (Syzygium aromaticum),0.25,tsp,G023,Clove,1,
GF-REC-00113,GF-ING-00273,Cumin seeds (Cuminum cyminum),0.25,tsp,G025,Cumin seeds,.25,tsp
GF-REC-00113,,"Bay leaf, dried",0.4,g,UK-13-806,Bay leaf,1,
GF-REC-00113,,"Cinnamon, ground",0.5,tsp,UK-13-874,Cinnamon,1,small stick
GF-REC-00113,,"Oil, sunflower",1.0,tbsp,UK-17-045,Fat,1,tbsp
GF-REC-00113,,Salt,1.0,tsp,UK-17-367,Salt,1,tsp
GF-REC-00113,,"Water, distilled",160.0,ml,UK-17-377,Water,double the quantity of rice by volume,
GF-REC-00114,GF-ING-00014,"Rice, parboiled, milled (Oryza sativa )",80.0,g,A014,Rice,80,g
GF-REC-00114,GF-ING-00265,"Onion, big (Allium cepa)",50.0,g,G017,Onion,50,g
GF-REC-00114,GF-ING-00269,"Cardamom, black (Elettaria cardamomum)",0.25,tsp,G021,Black cardamom,1,
GF-REC-00114,GF-ING-00271,Cloves (Syzygium aromaticum),0.25,tsp,G023,Clove,1,
GF-REC-00114,GF-ING-00273,Cumin seeds (Cuminum cyminum),0.25,tsp,G025,Cumin seeds,.25,tsp
GF-REC-00114,GF-ING-00305,"Button mushroom, fresh (Agaricus sp.)",50.0,g,J001,Mushrooms,50,g
GF-REC-00114,,"Bay leaf, dried",0.4,g,UK-13-806,Bay leaf,1,
GF-REC-00114,,"Cinnamon, ground",0.5,tsp,UK-13-874,Cinnamon,1,small stick
GF-REC-00114,,"Oil, sunflower",1.0,tbsp,UK-17-045,Fat,1,tbsp
GF-REC-00114,,Salt,1.0,tsp,UK-17-367,Salt,1,tsp
GF-REC-00114,,"Water, distilled",160.0,ml,UK-17-377,Water,double the quantity of rice by volume,
GF-REC-00115,GF-ING-00014,"Rice, parboiled, milled (Oryza sativa )",80.0,g,A014,Rice,80,g
GF-REC-00115,GF-ING-00231,"Carrot, orange (Daucus carota)",50.0,g,F002,Carrots,50,g
GF-REC-00115,GF-ING-00265,"Onion, big (Allium cepa)",50.0,g,G017,Onion,50,g
GF-REC-00115,GF-ING-00269,"Cardamom, black (Elettaria cardamomum)",0.25,tsp,G021,Black cardamom,1,
GF-REC-00115,GF-ING-00271,Cloves (Syzygium aromaticum),0.25,tsp,G023,Clove,1,
GF-REC-00115,GF-ING-00273,Cumin seeds (Cuminum cyminum),0.25,tsp,G025,Cumin seeds,.25,tsp
GF-REC-00115,,"Beansprouts, mung, boiled in unsalted water",50.0,g,UK-13-580,Sprouted moong dal,50,g
GF-REC-00115,,"Bay leaf, dried",0.4,g,UK-13-806,Bay leaf,1,
GF-REC-00115,,"Cinnamon, ground",0.5,tsp,UK-13-874,Cinnamon,1,small stick
GF-REC-00115,,"Oil, sunflower",1.0,tbsp,UK-17-045,Fat,1,tbsp
GF-REC-00115,,Salt,0.75,tsp,UK-17-367,Salt,.75,tsp
GF-REC-00115,,"Water, distilled",160.0,ml,UK-17-377,Water,double the quantity of rice by volume,
GF-REC-00116,GF-ING-00014,"Rice, parboiled, milled (Oryza sativa )",80.0,g,A014,Rice,80,g
GF-REC-00116,GF-ING-00265,"Onion, big (Allium cepa)",50.0,g,G017,Onion,50,g
GF-REC-00116,GF-ING-00269,"Cardamom, black (Elettaria cardamomum)",0.25,tsp,G021,Black cardamom,1,
GF-REC-00116,GF-ING-00271,Cloves (Syzygium aromaticum),0.25,tsp,G023,Clove,1,
GF-REC-00116,GF-ING-00273,Cumin seeds (Cuminum cyminum),0.25,tsp,G025,Cumin seeds,.25,tsp
GF-REC-00116,GF-ING-00313,Paneer,50.0,g,L003,Paneer,50,g
GF-REC-00116,,"Bay leaf, dried",0.4,g,UK-13-806,Bay leaf,1,
GF-REC-00116,,"Cinnamon, ground",0.5,tsp,UK-13-874,Cinnamon,1,small stick
GF-REC-00116,,"Oil, sunflower",1.0,tbsp,UK-17-045,Fat,1,tbsp
GF-REC-00116,,"Oil, sunflower",2.0,C,UK-17-045,Fat,for frying,
GF-REC-00116,,Salt,0.75,tsp,UK-17-367,Salt,.75,tsp
GF-REC-00116,,"Water, distilled",160.0,ml,UK-17-377,Water,double the quantity of rice by volume,
GF-REC-00117,GF-ING-00014,"Rice, parboiled, milled (Oryza sativa )",80.0,g,A014,Rice,80,g
GF-REC-00117,GF-ING-00265,"Onion, big (Allium cepa)",50.0,g,G017,Onion,50,g
GF-REC-00117,GF-ING-00269,"Cardamom, black (Elettaria cardamomum)",0.25,tsp,G021,Black cardamom,1,
GF-REC-00117,GF-ING-00271,Cloves (Syzygium aromaticum),0.25,tsp,G023,Clove,1,
GF-REC-00117,GF-ING-00273,Cumin seeds (Cuminum cyminum),0.25,tsp,G025,Cumin seeds,.25,tsp
GF-REC-00117,GF-ING-00293,Ground nut (Arachis hypogea),50.0,g,H012,Peanuts,50,g
GF-REC-00117,,"Bay leaf, dried",0.4,g,UK-13-806,Bay leaf,1,
GF-REC-00117,,"Cinnamon, ground",0.5,tsp,UK-13-874,Cinnamon,1,small stick
GF-REC-00117,,"Oil, sunflower",1.0,tbsp,UK-17-045,Fat,1,tbsp
GF-REC-00117,,Salt,0.75,tsp,UK-17-367,Salt,.75,tsp
GF-REC-00117,,"Water, distilled",160.0,ml,UK-17-377,Water,double the quantity of rice by volume,
GF-REC-00118,,Orange and green color,0.5,tsp,,Orange and green colour,few drops each,
GF-REC-00118,GF-ING-00014,"Rice, parboiled, milled (Oryza sativa )",150.0,g,A014,Rice,150,g
GF-REC-00118,GF-ING-00144,"Peas, fresh (Pisum sativum)",50.0,g,D061,Peas,50,g
GF-REC-00118,GF-ING-00231,"Carrot, orange (Daucus carota)",50.0,g,F002,Carrots,50,g
GF-REC-00118,GF-ING-00265,"Onion, big (Allium cepa)",50.0,g,G017,Onion,50,g
GF-REC-00118,GF-ING-00268,"Cardamom, green (Elettaria cardamomum)",0.75,tsp,G020,Cardamom,3,nos
GF-REC-00118,GF-ING-00271,Cloves (Syzygium aromaticum),0.75,tsp,G023,Cloves,3,nos
GF-REC-00118,GF-ING-00273,Cumin seeds (Cuminum cyminum),0.5,tsp,G025,Cumin seeds,.5,tsp
GF-REC-00118,GF-ING-00286,Cashew nut (Anacardium occidentale),5.0,g,H005,Cashewnuts,4 to 5,
GF-REC-00118,GF-ING-00313,Paneer,25.0,g,L003,Paneer,25,g
GF-REC-00118,,"Bay leaf, dried",1.2,g,UK-13-806,Bay leaf,3,nos
GF-REC-00118,,"Cinnamon, ground",0.5,tsp,UK-13-874,Cinnamon,1,piece
GF-REC-00118,,"Oil, sunflower",2.0,tbsp,UK-17-045,Oil,2,tbsp
GF-REC-00118,,Salt,1.5,tsp,UK-17-367,Salt,1.5,tsp
GF-REC-00119,GF-ING-00014,"Rice, parboiled, milled (Oryza sativa )",80.0,g,A014,Rice,80,g
GF-REC-00119,GF-ING-00265,"Onion, big (Allium cepa)",50.0,g,G017,Onion,50,g
GF-REC-00119,GF-ING-00269,"Cardamom, black (Elettaria cardamomum)",0.25,tsp,G021,Cardamom,1,
GF-REC-00119,GF-ING-00271,Cloves (Syzygium aromaticum),0.25,tsp,G023,Cloves,1,
GF-REC-00119,GF-ING-00273,Cumin seeds (Cuminum cyminum),0.25,tsp,G025,Cumin seeds,.25,tsp
GF-REC-00119,,"Bay leaf, dried",0.4,g,UK-13-806,Bay leaf,1,nos
GF-REC-00119,,"Cinnamon, ground",0.5,tsp,UK-13-874,Cinnamon,1,
GF-REC-00119,,"Oil, sunflower",1.0,tbsp,UK-17-045,Oil,1,tbsp
GF-REC-00119,,Salt,0.75,tsp,UK-17-367,Salt,.75,tsp
GF-REC-00119,,"Water, distilled",160.0,ml,UK-17-377,Water,double the quantity of rice by volume,
GF-REC-00119,,"Chickpeas (garbanzo beans, bengal gram), mature seeds, raw",50.0,g,US-173756,Cholia,50,g
GF-REC-00120,GF-ING-00014,"Rice, parboiled, milled (Oryza sativa )",100.0,g,A014,Rice,100,g
GF-REC-00120,GF-ING-00158,"Tomato, ripe, hybrid (Solanum lycopersicum)",50.0,g,D075,Tomato,50,g
GF-REC-00120,GF-ING-00260,"Garlic, small clove (Allium sativum)",2.2,g,G012,Garlic,3 to 4,cloves
GF-REC-00120,GF-ING-00262,"Ginger, fresh (Zingiber officinale)",6.33,g,G014,Ginger,.5,inch
GF-REC-00120,GF-ING-00265,"Onion, big (Allium cepa)",100.0,g,G017,Onion,100,g
GF-REC-00120,GF-ING-00269,"Cardamom, black (Elettaria cardamomum)",0.25,tsp,G021,Black cardamom,1,
GF-REC-00120,GF-ING-00271,Cloves (Syzygium aromaticum),0.5,tsp,G023,Cloves,2,
GF-REC-00120,GF-ING-00273,Cumin seeds (Cuminum cyminum),0.5,tsp,G025,Zeera,.5,tsp
GF-REC-00120,GF-ING-00279,"Pepper, black (Piper nigrum)",0.875,tsp,G031,Pepper corns,3 to 4,
GF-REC-00120,GF-ING-00280,Poppy seeds (Papaver somniferum),0.25,tsp,G032,Khuskhas,.25,tsp
GF-REC-00120,GF-ING-00281,Turmeric powder (Curcuma domestica),0.25,tsp,G033,Haldi,.25,tsp
GF-REC-00120,GF-ING-00312,"Milk, whole, Cow",1.0,tbsp,L002,Milk,1,tbsp
GF-REC-00120,,"MUTTON, muscle",100.0,g,O064,Boneless mutton,100,g
GF-REC-00120,,"Yogurt, whole milk, plain",1.0,tbsp,UK-12-184,Curds,1,tbsp
GF-REC-00120,,"Bay leaf, dried",0.6,g,UK-13-806,Bay leaf,1 to 2,
GF-REC-00120,,Saffron,0.5,g,UK-13-852,Saffron,1,packet
GF-REC-00120,,Chilli powder,0.5,tsp,UK-13-873,Red chilli powder,.5,tsp
GF-REC-00120,,"Cinnamon, ground",1.25,g,UK-13-874,Cinnamon,.5,inch
GF-REC-00120,,"Oil, sunflower",4.0,tsp,UK-17-045,Fat,4,tbsp
GF-REC-00120,,Salt,1.25,tsp,UK-17-367,Salt,1.25,tsp
GF-REC-00121,GF-ING-00014,"Rice, parboiled, milled (Oryza sativa )",100.0,g,A014,Rice,100,g
GF-REC-00121,GF-ING-00119,Cauliflower (Brassica oleracea var. botrytis),50.0,g,D036,Cauliflower,50,g
GF-REC-00121,GF-ING-00133,"French beans, hybrid (Phaseolus vulgaris)",50.0,g,D050,Beans,50,g
GF-REC-00121,GF-ING-00144,"Peas, fresh (Pisum sativum)",50.0,g,D061,Peas,50,g
GF-REC-00121,GF-ING-00158,"Tomato, ripe, hybrid (Solanum lycopersicum)",50.0,g,D075,Tomato,50,g
GF-REC-00121,GF-ING-00231,"Carrot, orange (Daucus carota)",50.0,g,F002,Carrots,50,g
GF-REC-00121,GF-ING-00235,"Potato, brown skin, big (Solanum tuberosum)",50.0,g,F006,Potatoes,50,g
GF-REC-00121,GF-ING-00260,"Garlic, small clove (Allium sativum)",2.2,g,G012,Garlic,3 to 4,cloves
GF-REC-00121,GF-ING-00262,"Ginger, fresh (Zingiber officinale)",6.33,g,G014,Ginger,.5,inch
GF-REC-00121,GF-ING-00265,"Onion, big (Allium cepa)",100.0,g,G017,Onion,100,g
GF-REC-00121,GF-ING-00269,"Cardamom, black (Elettaria cardamomum)",0.25,tsp,G021,Black cardamom,1,
GF-REC-00121,GF-ING-00271,Cloves (Syzygium aromaticum),0.5,tsp,G023,Cloves ,2,
GF-REC-00121,GF-ING-00273,Cumin seeds (Cuminum cyminum),0.5,tsp,G025,Zeera,.5,tsp
GF-REC-00121,GF-ING-00279,"Pepper, black (Piper nigrum)",0.875,tsp,G031,Pepper corns,3 to 4,
GF-REC-00121,GF-ING-00281,Turmeric powder (Curcuma domestica),0.25,tsp,G033,Haldi,.25,tsp
GF-REC-00121,GF-ING-00312,"Milk, whole, Cow",1.0,tbsp,L002,Milk,1,tbsp
GF-REC-00121,,"Yogurt, whole milk, plain",1.0,tbsp,UK-12-184,Curds,1,tbsp
GF-REC-00121,,"Bay leaf, dried",0.6,g,UK-13-806,Bay leaf,1 to 2,
GF-REC-00121,,Saffron,0.5,g,UK-13-852,Saffron,1,packet
GF-REC-00121,,Chilli powder,0.5,tsp,UK-13-873,Red chilli powder,.5,tsp
GF-REC-00121,,"Cinnamon, ground",1.25,g,UK-13-874,Cinnamon,.5,inch
GF-REC-00121,,"Oil, sunflower",4.0,tbsp,UK-17-045,Fat,4,tbsp
GF-REC-00121,,Salt,1.25,tsp,UK-17-367,Salt,1.25,tsp
GF-REC-00122,GF-ING-00014,"Rice, parboiled, milled (Oryza sativa )",80.0,g,A014,Rice,80,g
GF-REC-00122,GF-ING-00270,"Chillies, red (Capsicum annum)",6.66,g,G022,Whole red chillies,2,
GF-REC-00122,GF-ING-00281,Turmeric powder (Curcuma domestica),0.25,tsp,G033,Haldi,1,pinch
GF-REC-00122,GF-ING-00293,Ground nut (Arachis hypogea),25.0,g,H012,Peanuts,25,g
GF-REC-00122,GF-ING-00294,Mustard seeds (Brassica nigra),1.0,tsp,H013,Mustard seeds,1,tsp
GF-REC-00122,,"Lemons, flesh only, raw, weighed with peel and pips",30.0,g,UK-14-130,Lemon,1,nos
GF-REC-00122,,"Oil, sunflower",1.0,tbsp,UK-17-045,Oil,1,tbsp
GF-REC-00122,,Salt,0.75,tsp,UK-17-367,Salt,.75,tsp
GF-REC-00122,,"Water, distilled",160.0,g,UK-17-377,Water,double the quantity of rice by volume,
GF-REC-00123,GF-ING-00014,"Rice, parboiled, milled (Oryza sativa )",80.0,g,A014,Rice,80,g
GF-REC-00123,GF-ING-00218,"Raisins, dried, black (Vitis vinifera)",1.815,g,E057,Raisins,5 to 6,
GF-REC-00123,GF-ING-00268,"Cardamom, green (Elettaria cardamomum)",0.25,tsp,G020,Green cardamom,1,
GF-REC-00123,GF-ING-00271,Cloves (Syzygium aromaticum),0.5,tsp,G023,Cloves,2,
GF-REC-00123,GF-ING-00282,Almond (Prunus amygdalus),2.8,g,H001,Almonds,2 to 3,
GF-REC-00123,GF-ING-00299,Pistachio nuts (Pistacla vera),0.4,g,H018,Pistachio nuts,2,
GF-REC-00123,GF-ING-00312,"Milk, whole, Cow",0.5,tbsp,L002,Milk,.5,tbsp
GF-REC-00123,,Saffron,0.25,g,UK-13-852,Saffron,few grains,
GF-REC-00123,,"Sugar, white",80.0,g,UK-17-063,Sugar,80,g
GF-REC-00123,,"Water, distilled",160.0,g,UK-17-377,Water,double the quantity of rice by volume,
GF-REC-00123,,"Ghee, butter",1.0,tbsp,UK-17-640,Fat,1,tbsp
GF-REC-00124,GF-ING-00014,"Rice, parboiled, milled (Oryza sativa )",80.0,g,A014,Rice,80,g
GF-REC-00124,GF-ING-00256,"Chillies, green - all varieties (Capsicum annum)",3.33,g,G008,Green chilli,1,
GF-REC-00124,GF-ING-00258,Curry leaves (Murraya koenigii),1.0,sprig,G010,Curry leaves,1,sprig
GF-REC-00124,GF-ING-00262,"Ginger, fresh (Zingiber officinale)",0.25,tsp,G014,Ginger (chopped),.25,tsp
GF-REC-00124,GF-ING-00267,Asafoetida (Ferula assa-foetida),0.25,tsp,G019,Asafoetida,a ,pinch
GF-REC-00124,GF-ING-00270,"Chillies, red (Capsicum annum)",3.33,g,G022,"Dry, whole red chilli",1,
GF-REC-00124,GF-ING-00294,Mustard seeds (Brassica nigra),0.125,tsp,H013,Mustard seeds,.125,tsp
GF-REC-00124,GF-ING-00312,"Milk, whole, Cow",0.25,C,L002,Milk,.25,cups
GF-REC-00124,,"Yogurt, whole milk, plain",61.25,g,UK-12-184,Curds,.25,cups
GF-REC-00124,,"Oil, sunflower",1.0,tsp,UK-17-045,Oil,1,tsp
GF-REC-00124,,Salt,0.25,tsp,UK-17-367,Salt,to taste,
GF-REC-00124,,Salt,0.25,tsp,UK-17-367,Salt,to taste,
GF-REC-00125,GF-ING-00014,"Rice, parboiled, milled (Oryza sativa )",80.0,g,A014,Rice,80,g
GF-REC-00125,GF-ING-00025,"Bengal gram, dal (Cicer arietinum)",1.0,tsp,B001,Channa dal,1,tsp
GF-REC-00125,GF-ING-00027,"Black gram, dal (Phaseolus mungo)",1.0,tsp,B003,Black gram dal,1,tsp
GF-REC-00125,GF-ING-00225,"Tamarind, pulp (Tamarindus indica)",20.0,g,E064,Tamarind,20,g
GF-REC-00125,GF-ING-00258,Curry leaves (Murraya koenigii),1.0,sprig,G010,Curry leaves,few,
GF-REC-00125,GF-ING-00267,Asafoetida (Ferula assa-foetida),0.25,tsp,G019,Asafoetida,a ,pinch
GF-REC-00125,GF-ING-00270,"Chillies, red (Capsicum annum)",3.33,g,G022,"Dry, whole red chilli",1,
GF-REC-00125,GF-ING-00274,Fenugreek seeds (Trigonella foenum graecum),0.125,tsp,G026,Fenugreek seeds,.125,tsp
GF-REC-00125,GF-ING-00281,Turmeric powder (Curcuma domestica),0.125,tsp,G033,Turmeric powder,.125,tsp
GF-REC-00125,GF-ING-00286,Cashew nut (Anacardium occidentale),2.5,g,H005,Cashewnuts,2,
GF-REC-00125,GF-ING-00293,Ground nut (Arachis hypogea),2.0,g,H012,Peanuts,3 to 4,
GF-REC-00125,GF-ING-00294,Mustard seeds (Brassica nigra),0.25,tsp,H013,Mustard seeds,.25,tsp
GF-REC-00125,GF-ING-00303,"Jaggery, cane (Saccharum officinarum)",1.0,tsp,I001,Jaggery,1,tsp
GF-REC-00125,,"Oil, sunflower",1.0,tsp,UK-17-045,Oil,1,tsp
GF-REC-00125,,Salt,0.25,tsp,UK-17-367,Salt,to taste,
GF-REC-00125,,"Ghee, butter",1.0,tsp,UK-17-640,Pure ghee,1,tsp
GF-REC-00126,GF-ING-00014,"Rice, parboiled, milled (Oryza sativa )",80.0,g,A014,Rice,80,g
GF-REC-00126,GF-ING-00116,"Capsicum, green (Capsicum annuum)",15.0,g,D033,Capsicum,15,g
GF-REC-00126,GF-ING-00120,Celery stalk (Apium graveolens),17.0,g,D037,Celery,1,stem
GF-REC-00126,GF-ING-00144,"Peas, fresh (Pisum sativum)",20.0,g,D061,Peas (shelled),20,g
GF-REC-00126,GF-ING-00158,"Tomato, ripe, hybrid (Solanum lycopersicum)",50.0,g,D075,Tomato,50,g
GF-REC-00126,GF-ING-00279,"Pepper, black (Piper nigrum)",0.5,tsp,G031,Pepper ,.5,tsp
GF-REC-00126,,"Spring onions, bulbs and tops, raw",30.0,g,UK-13-352,Spring onion,1,
GF-REC-00126,,"Oil, sunflower",1.0,tsp,UK-17-045,Oil,1,tsp
GF-REC-00126,,Salt,0.25,tsp,UK-17-367,Salt,to taste,
GF-REC-00127,GF-ING-00014,"Rice, parboiled, milled (Oryza sativa )",50.0,g,A014,Rice,50,g
GF-REC-00127,GF-ING-00064,"Cabbage, green (Brassica oleracea var. capitata f. alba)",50.0,g,C015,Cabbage,50,g
GF-REC-00127,GF-ING-00116,"Capsicum, green (Capsicum annuum)",25.0,g,D033,Capsicum,25,g
GF-REC-00127,GF-ING-00133,"French beans, hybrid (Phaseolus vulgaris)",50.0,g,D050,French beans,50,g
GF-REC-00127,GF-ING-00231,"Carrot, orange (Daucus carota)",50.0,g,F002,Carrots,50,g
GF-REC-00127,GF-ING-00256,"Chillies, green - all varieties (Capsicum annum)",3.33,g,G008,Green chilli,1,
GF-REC-00127,GF-ING-00315,"Egg, poultry, whole, raw",50.0,g,M001,Egg (omellete),1,nos
GF-REC-00127,,"Spring onions, bulbs and tops, raw",50.0,g,UK-13-352,Spring onion,50,g
GF-REC-00127,,"Oil, sunflower",1.0,tbsp,UK-17-045,Oil,1,tbsp
GF-REC-00127,,Vinegar,2.0,tsp,UK-17-339,Vinegar,2,tsp
GF-REC-00127,,Salt,0.75,tsp,UK-17-367,Salt,.75,tsp
GF-REC-00127,,Chilli sauce,0.5,tsp,UK-17-719,Chilli sauce,few drops ,
GF-REC-00127,,"Soy sauce, light and dark varieties",0.5,tsp,UK-17-721,Soya sauce,.5,tsp
GF-REC-00128,GF-ING-00018,"Wheat flour, refined (Triticum aestivum)",1.0,tsp,A018,Flour,1,tsp
GF-REC-00128,GF-ING-00158,"Tomato, ripe, hybrid (Solanum lycopersicum)",150.0,g,D075,Tomato,150,g
GF-REC-00128,GF-ING-00231,"Carrot, orange (Daucus carota)",50.0,g,F002,Carrots,50,g
GF-REC-00128,GF-ING-00260,"Garlic, small clove (Allium sativum)",1.25,g,G012,Garlic,2,cloves
GF-REC-00128,GF-ING-00265,"Onion, big (Allium cepa)",30.0,g,G017,Onion,30,g
GF-REC-00128,GF-ING-00271,Cloves (Syzygium aromaticum),0.5,tsp,G023,Cloves,2,
GF-REC-00128,GF-ING-00276,Nutmeg (Myristica fragrans),0.125,tsp,G028,Nutmeg powder,.125,tsp
GF-REC-00128,GF-ING-00279,"Pepper, black (Piper nigrum)",0.25,tsp,G031,Pepper,to taste,
GF-REC-00128,,"Basil, dried, ground",0.5,tsp,UK-13-805,Basil,.5,tsp
GF-REC-00128,,"Bay leaf, dried",0.4,g,UK-13-806,Bay leaf,1,
GF-REC-00128,,"Cinnamon, ground",0.5,tsp,UK-13-874,Cinnamon,1,stick
GF-REC-00128,,"Oregano, dried, ground",0.5,tsp,UK-13-878,Oregano,.5,tsp
GF-REC-00128,,"Oil, sunflower",2.0,tsp,UK-17-045,Oil,2,tsp
GF-REC-00128,,"Sugar, white",2.0,tsp,UK-17-063,Sugar,2,tsp
GF-REC-00128,,Vinegar,1.0,tsp,UK-17-339,Vinegar,1,tsp
GF-REC-00128,,Salt,0.25,tsp,UK-17-367,Salt,to taste,
GF-REC-00128,,"Water, distilled",1.0,C,UK-17-377,Water,1,cups
GF-REC-00128,,"Butter, unsalted",1.0,tsp,UK-17-661,Butter,1,tsp
GF-REC-00129,GF-ING-00082,Spinach (Spinacia oleracea),100.0,g,C033,Spinach,100,g
GF-REC-00129,GF-ING-00260,"Garlic, small clove (Allium sativum)",0.63,g,G012,Garlic,1,flake
GF-REC-00129,GF-ING-00279,"Pepper, black (Piper nigrum)",0.25,tsp,G031,Pepper,a,pinch
GF-REC-00129,,"Cream, fresh, single",20.0,ml,UK-12-332,Cream,20,ml
GF-REC-00129,,"Cheese, processed, plain",10.0,g,UK-12-527,Cheese,10,g
GF-REC-00129,,"Spring onions, bulbs and tops, raw",30.0,g,UK-13-352,Spring onion,30,g
GF-REC-00129,,"Oil, olive",1.0,tbsp,UK-17-038,Olive oil,1,tbsp
GF-REC-00129,,"Sugar, white",0.25,tsp,UK-17-063,Sugar,.25,tsp
GF-REC-00129,,Salt,0.25,tsp,UK-17-367,Salt,.25,tsp
GF-REC-00129,,"Water, distilled",0.5,C,UK-17-377,Water,.5,cups
GF-REC-00129,,"Butter, unsalted",1.0,tsp,UK-17-661,Butter,1,tsp
GF-REC-00130,GF-ING-00279,"Pepper, black (Piper nigrum)",0.25,tsp,G031,Pepper,.25,tsp
GF-REC-00130,GF-ING-00312,"Milk, whole, Cow",200.0,ml,L002,Milk,200,ml
GF-REC-00130,,"Flour, corn",2.0,tbsp,UK-11-1045,Cornflour,2,tbsp
GF-REC-00130,,"Cream, fresh, single",20.0,ml,UK-12-332,Cream,20,ml
GF-REC-00130,,"Cheese, processed, plain",25.0,g,UK-12-527,Cheese,25,g
GF-REC-00130,,"Oregano, dried, ground",0.25,tsp,UK-13-878,Oregano,.25,tsp
GF-REC-00130,,Salt,0.5,tsp,UK-17-367,Salt,.5,tsp
GF-REC-00130,,"Butter, unsalted",1.0,tbsp,UK-17-661,Butter,1,tbsp
GF-REC-00131,GF-ING-00158,"Tomato, ripe, hybrid (Solanum lycopersicum)",50.0,g,D075,Tomato,50,g
GF-REC-00131,GF-ING-00279,"Pepper, black (Piper nigrum)",0.25,tsp,G031,Black pepper powder,a,pinch
GF-REC-00131,GF-ING-00312,"Milk, whole, Cow",100.0,ml,L002,Milk,100,ml
GF-REC-00131,,"Flour, corn",2.0,tsp,UK-11-1045,Cornflour,2,tsp
GF-REC-00131,,"Pasta, white, dried, raw",50.0,g,UK-11-716,Macaroni,50,g
GF-REC-00131,,"Cheese, processed, plain",25.0,g,UK-12-527,Processed cheese,25,g
GF-REC-00131,,Mustard powder,0.25,tsp,UK-17-362,Mustard powder,a,pinch
GF-REC-00131,,Salt,0.25,tsp,UK-17-367,Salt,.25,tsp
GF-REC-00131,,"Butter, unsalted",2.0,tsp,UK-17-661,Butter,2,tsp
GF-REC-00132,GF-ING-00064,"Cabbage, green (Brassica oleracea var. capitata f. alba)",30.0,g,C015,Cabbage,30,g
GF-REC-00132,GF-ING-00116,"Capsicum, green (Capsicum annuum)",50.0,g,D033,Capsicum,50,g
GF-REC-00132,GF-ING-00133,"French beans, hybrid (Phaseolus vulgaris)",30.0,g,D050,French beans,30,g
GF-REC-00132,GF-ING-00231,"Carrot, orange (Daucus carota)",50.0,g,F002,Carrots,50,g
GF-REC-00132,GF-ING-00256,"Chillies, green - all varieties (Capsicum annum)",3.33,g,G008,Green chilli,1,
GF-REC-00132,GF-ING-00260,"Garlic, small clove (Allium sativum)",1.25,g,G012,Garlic,2,flakes
GF-REC-00132,,"Pasta, white, dried, raw",50.0,g,UK-11-716,Noodles,50,g
GF-REC-00132,,"Spring onions, bulbs and tops, raw",25.0,g,UK-13-352,Spring onion,25,g
GF-REC-00132,,"Beansprouts, mung, boiled in unsalted water",20.0,g,UK-13-580,Sprouted Moong,20,g
GF-REC-00132,,"Pepper, white",0.25,tsp,UK-13-881,White pepper powder,.25,tsp
GF-REC-00132,,"Oil, sunflower",1.0,tsp,UK-17-045,Oil,1,tsp
GF-REC-00132,,"Oil, sunflower",1.0,tbsp,UK-17-045,Oil,1,tbsp
GF-REC-00132,,Vinegar,2.0,tbsp,UK-17-339,Vinegar,2,tbsp
GF-REC-00132,,Salt,0.5,tsp,UK-17-367,Salt,.5,tsp
GF-REC-00132,,Chilli sauce,0.5,tsp,UK-17-719,Chilli sauce,.5,tsp
GF-REC-00132,,"Soy sauce, light and dark varieties",1.0,tsp,UK-17-721,Soya sauce,1,tsp
GF-REC-00133,GF-ING-00064,"Cabbage, green (Brassica oleracea var. capitata f. alba)",30.0,g,C015,Cabbage,30,g
GF-REC-00133,GF-ING-00116,"Capsicum, green (Capsicum annuum)",50.0,g,D033,Capsicum,50,g
GF-REC-00133,GF-ING-00133,"French beans, hybrid (Phaseolus vulgaris)",30.0,g,D050,French beans,30,g
GF-REC-00133,GF-ING-00231,"Carrot, orange (Daucus carota)",50.0,g,F002,Carrots,50,g
GF-REC-00133,GF-ING-00256,"Chillies, green - all varieties (Capsicum annum)",3.3,g,G008,Green chilli,1,
GF-REC-00133,GF-ING-00260,"Garlic, small clove (Allium sativum)",1.25,g,G012,Garlic,2,flakes
GF-REC-00133,GF-ING-00279,"Pepper, black (Piper nigrum)",0.125,tsp,G031,Black pepper,.125,tsp
GF-REC-00133,GF-ING-00332,"Chicken, poultry, breast, skinless",60.0,g,N003,Chicken,60,g
GF-REC-00133,,"Pasta, white, dried, raw",50.0,g,UK-11-716,Noodles,50,g
GF-REC-00133,,"Spring onions, bulbs and tops, raw",25.0,g,UK-13-352,Spring onion,25,g
GF-REC-00133,,"Pepper, white",0.25,tsp,UK-13-881,White pepper powder,.25,tsp
GF-REC-00133,,"Oil, sunflower",1.0,tsp,UK-17-045,Oil,1,tsp
GF-REC-00133,,"Oil, sunflower",1.0,tsp,UK-17-045,Oil,1,tsp
GF-REC-00133,,"Oil, sunflower",1.0,tbsp,UK-17-045,Oil,1,tbsp
GF-REC-00133,,Vinegar,2.0,tbsp,UK-17-339,Vinegar,2,tbsp
GF-REC-00133,,Salt,0.25,tsp,UK-17-367,Salt,.25,tsp
GF-REC-00133,,Salt,0.5,tsp,UK-17-367,Salt,.5,tsp
GF-REC-00133,,Chilli sauce,0.5,tsp,UK-17-719,Chilli sauce,.5,tsp
GF-REC-00133,,"Soy sauce, light and dark varieties",1.0,tsp,UK-17-721,Soya sauce,1,tsp
GF-REC-00134,GF-ING-00133,"French beans, hybrid (Phaseolus vulgaris)",30.0,g,D050,Beans,30,g
GF-REC-00134,GF-ING-00144,"Peas, fresh (Pisum sativum)",30.0,g,D061,Peas,30,g
GF-REC-00134,GF-ING-00158,"Tomato, ripe, hybrid (Solanum lycopersicum)",30.0,g,D075,Tomato,30,g
GF-REC-00134,GF-ING-00231,"Carrot, orange (Daucus carota)",30.0,g,F002,Carrots,30,g
GF-REC-00134,GF-ING-00279,"Pepper, black (Piper nigrum)",0.25,tsp,G031,Black pepper powder,a,pinch
GF-REC-00134,GF-ING-00312,"Milk, whole, Cow",30.0,ml,L002,Milk,30,ml
GF-REC-00134,GF-ING-00312,"Milk, whole, Cow",50.0,ml,L002,Milk,50,ml
GF-REC-00134,GF-ING-00312,"Milk, whole, Cow",60.0,ml,L002,Milk,60,ml
GF-REC-00134,GF-ING-00315,"Egg, poultry, whole, raw",50.0,g,M001,Egg,1,
GF-REC-00134,,"Flour, corn",1.0,tsp,UK-11-1045,Cornflour,1,tsp
GF-REC-00134,,"Pasta, white, dried, raw",50.0,g,UK-11-716,Noodles,50,g
GF-REC-00134,,"Cheese, processed, plain",10.0,g,UK-12-527,Grated cheese,10,g
GF-REC-00134,,"Cheese, processed, plain",15.0,g,UK-12-527,Grated cheese,15,g
GF-REC-00134,,Salt,0.25,tsp,UK-17-367,Salt,.25,tsp
GF-REC-00134,,Salt,0.5,tsp,UK-17-367,Salt,.25,tsp
GF-REC-00134,,"Butter, unsalted",1.0,tsp,UK-17-661,Butter,1,tsp
GF-REC-00134,,"Butter, unsalted",1.0,tsp,UK-17-661,Butter,1,tsp
GF-REC-00135,GF-ING-00158,"Tomato, ripe, hybrid (Solanum lycopersicum)",200.0,g,D075,Tomato,200,g
GF-REC-00135,GF-ING-00256,"Chillies, green - all varieties (Capsicum annum)",3.33,g,G008,Green chilli,1,
GF-REC-00135,GF-ING-00257,Coriander leaves (Coriandrum sativum),1.0,sprig,G009,Coriander leaves,few,
GF-REC-00135,GF-ING-00260,"Garlic, small clove (Allium sativum)",0.9,g,G012,Garlic,1 to 2,flakes
GF-REC-00135,GF-ING-00265,"Onion, big (Allium cepa)",50.0,g,G017,Onion,50,g
GF-REC-00135,GF-ING-00279,"Pepper, black (Piper nigrum)",0.25,tsp,G031,Black pepper powder,.25,tsp
GF-REC-00135,GF-ING-00313,Paneer,50.0,g,L003,Paneer,50,g
GF-REC-00135,,"Flour, corn",0.25,tsp,UK-11-1045,Cornflour,a,pinch
GF-REC-00135,,"Flour, corn",0.5,tsp,UK-11-1045,Cornflour,.5,tsp
GF-REC-00135,,"Bread, white, average",30.0,g,UK-11-1145,Bread slice,1,small
GF-REC-00135,,"Pasta, white, dried, raw",50.0,g,UK-11-716,Spaghetti,50,g
GF-REC-00135,,"Cream, fresh, single",1.0,tsp,UK-12-332,Cream,1,tsp
GF-REC-00135,,"Cheese, Mozzarella, fresh",15.0,g,UK-12-360,Processed cheese,15,g
GF-REC-00135,,"Oil, sunflower",480.0,ml,UK-17-045,Fat,for frying,
GF-REC-00135,,"Sugar, white",0.75,tsp,UK-17-063,Sugar,0.5 to 1,tsp
GF-REC-00135,,Salt,0.5,tsp,UK-17-367,Salt,.5,tsp
GF-REC-00135,,Salt,0.5,tsp,UK-17-367,Salt,.5,tsp
GF-REC-00135,,"Water, distilled",0.25,C,UK-17-377,Water,.25,cups
GF-REC-00135,,"Butter, unsalted",1.0,tsp,UK-17-661,Butter,1,tsp
GF-REC-00135,,"Butter, unsalted",2.0,tsp,UK-17-661,Butter,2,tsp
GF-REC-00136,GF-ING-00158,"Tomato, ripe, hybrid (Solanum lycopersicum)",30.0,g,D075,Tomato,30,g
GF-REC-00136,GF-ING-00265,"Onion, big (Allium cepa)",40.0,g,G017,Onion,40,g
GF-REC-00136,GF-ING-00279,"Pepper, black (Piper nigrum)",0.25,tsp,G031,Pepper,.25,tsp
GF-REC-00136,GF-ING-00313,Paneer,25.0,g,L003,Paneer,25,g
GF-REC-00136,,"Pasta, white, dried, raw",50.0,g,UK-11-716,Penne,50,g
GF-REC-00136,,"Oregano, dried, ground",0.25,tsp,UK-13-878,Oregano,.25,tsp
GF-REC-00136,,"Oil, olive",1.0,tbsp,UK-17-038,Olive oil,1,tbsp
GF-REC-00136,,Salt,0.5,tsp,UK-17-367,Salt,.5,tsp
GF-REC-00136,,"Sauces, Indian cook in, other",2.0,tbsp,UK-17-627,Maggi hot and sweet sauce,2,tbsp
GF-REC-00136,,Chilli sauce,0.5,tsp,UK-17-719,Chilli sauce,.5,tsp
GF-REC-00136,,"Tomato sauce, homemade",3.0,tbsp,UK-50-1173,Tomato sauce,3,tbsp
GF-REC-00137,GF-ING-00018,"Wheat flour, refined (Triticum aestivum)",2.0,tsp,A018,Maida,2,tsp
GF-REC-00137,GF-ING-00120,Celery stalk (Apium graveolens),17.0,g,D037,Celery,1,stalk
GF-REC-00137,GF-ING-00158,"Tomato, ripe, hybrid (Solanum lycopersicum)",100.0,g,D075,Tomato,100,g
GF-REC-00137,GF-ING-00256,"Chillies, green - all varieties (Capsicum annum)",6.67,g,G008,Green chilli,2,
GF-REC-00137,GF-ING-00260,"Garlic, small clove (Allium sativum)",1.25,g,G012,Garlic,2,flakes
GF-REC-00137,GF-ING-00262,"Ginger, fresh (Zingiber officinale)",10.0,g,G014,Ginger,2,cm
GF-REC-00137,GF-ING-00265,"Onion, big (Allium cepa)",50.0,g,G017,Onion,50,g
GF-REC-00137,GF-ING-00279,"Pepper, black (Piper nigrum)",0.25,tsp,G031,Pepper,to taste,
GF-REC-00137,GF-ING-00312,"Milk, whole, Cow",150.0,ml,L002,Milk,150,ml
GF-REC-00137,GF-ING-00315,"Egg, poultry, whole, raw",25.0,g,M001,Egg,.5,
GF-REC-00137,,"Pasta, white, dried, raw",50.0,g,UK-11-716,Cut macaroni,50,g
GF-REC-00137,,"Cheese, processed, plain",25.0,g,UK-12-527,Cheese,25,g
GF-REC-00137,,"Spring onions, bulbs and tops, raw",60.0,g,UK-13-352,Spring onion,2,
GF-REC-00137,,Chilli powder,0.5,tbsp,UK-13-873,Chilli powder,.5,tbsp
GF-REC-00137,,"Oil, sunflower",1.0,tbsp,UK-17-045,Oil,1,tbsp
GF-REC-00137,,Salt,0.25,tsp,UK-17-367,Salt,to taste,
GF-REC-00137,,Salt,0.25,tsp,UK-17-367,Salt,to taste,
GF-REC-00137,,"Water, distilled",0.25,C,UK-17-377,Water,.25,cups
GF-REC-00137,,"Butter, unsalted",2.0,tsp,UK-17-661,Butter,2,tsp
GF-REC-00137,,Tomato ketchup,0.5,C,UK-17-709,Tomato ketchup/puree,.5,cups
GF-REC-00137,,"Lamb, mince, raw",125.0,g,UK-18-481,Minced meat,125,g
GF-REC-00138,GF-ING-00279,"Pepper, black (Piper nigrum)",0.25,tsp,G031,Pepper,to taste,
GF-REC-00138,GF-ING-00279,"Pepper, black (Piper nigrum)",0.25,tsp,G031,Pepper,.25,tsp
GF-REC-00138,GF-ING-00312,"Milk, whole, Cow",200.0,ml,L002,Milk,200,ml
GF-REC-00138,GF-ING-00315,"Egg, poultry, whole, raw",25.0,g,M001,Egg,.5,
GF-REC-00138,GF-ING-00332,"Chicken, poultry, breast, skinless",125.0,g,N003,Chicken,125,g
GF-REC-00138,,"Flour, corn",2.0,tbsp,UK-11-1045,Cornflour,2,tbsp
GF-REC-00138,,"Pasta, white, dried, raw",60.0,g,UK-11-716,Lasagne sheet,2,
GF-REC-00138,,"Cream, fresh, single",20.0,ml,UK-12-332,Cream,20,ml
GF-REC-00138,,"Cheese, processed, plain",25.0,g,UK-12-527,Cheese,25,g
GF-REC-00138,,"Cheese, processed, plain",25.0,g,UK-12-527,Cheese,25,g
GF-REC-00138,,"Oregano, dried, ground",0.25,tsp,UK-13-878,Oregano,.25,tsp
GF-REC-00138,,Salt,0.25,tsp,UK-17-367,Salt,to taste,
GF-REC-00138,,Salt,0.5,tsp,UK-17-367,Salt,.5,tsp
GF-REC-00138,,"Butter, unsalted",1.0,tsp,UK-17-661,Butter,1,tsp
GF-REC-00138,,"Butter, unsalted",1.0,tbsp,UK-17-661,Butter,1,tbsp
GF-REC-00139,GF-ING-00082,Spinach (Spinacia oleracea),100.0,g,C033,Spinach,100,g
GF-REC-00139,GF-ING-00260,"Garlic, small clove (Allium sativum)",0.63,g,G012,Garlic,1,flake
GF-REC-00139,GF-ING-00279,"Pepper, black (Piper nigrum)",0.25,tsp,G031,Pepper,a,pinch
GF-REC-00139,GF-ING-00279,"Pepper, black (Piper nigrum)",0.25,tsp,G031,Pepper,a,pinch
GF-REC-00139,,"Pasta, white, dried, raw",50.0,g,UK-11-716,Fettuccine,50,g
GF-REC-00139,,"Cream, fresh, single",20.0,ml,UK-12-332,Cream,20,ml
GF-REC-00139,,"Cheese, processed, plain",10.0,g,UK-12-527,Cheese,10,g
GF-REC-00139,,"Spring onions, bulbs and tops, raw",30.0,g,UK-13-352,Spring onion,30,g
GF-REC-00139,,"Oil, olive",1.0,tbsp,UK-17-038,Olive oil,1,tbsp
GF-REC-00139,,"Sugar, white",0.25,tsp,UK-17-063,Sugar,.25,tsp
GF-REC-00139,,Salt,0.25,tsp,UK-17-367,Salt,.25,tsp
GF-REC-00139,,Salt,0.25,tsp,UK-17-367,Salt,.25,tsp
GF-REC-00139,,"Water, distilled",0.5,C,UK-17-377,Water,.5,cups
GF-REC-00139,,"Butter, unsalted",1.0,tsp,UK-17-661,Butter,1,tsp
GF-REC-00139,,"Butter, unsalted",1.0,tsp,UK-17-661,Butter/Olive oil,1,tsp
GF-REC-00140,GF-ING-00018,"Wheat flour, refined (Triticum aestivum)",100.0,g,A018,Maida,80,g
GF-REC-00140,GF-ING-00273,Cumin seeds (Cuminum cyminum),0.25,tsp,G025,Kalonji,.25,tsp
GF-REC-00140,GF-ING-00280,Poppy seeds (Papaver somniferum),0.25,tsp,G032,Khuskhus,.25,tsp
GF-REC-00140,GF-ING-00312,"Milk, whole, Cow",20.0,ml,L002,Milk,20,ml
GF-REC-00140,,"Yogurt, whole milk, plain",25.0,g,UK-12-184,Curds,25,g
GF-REC-00140,,Fennel seeds,0.25,tsp,UK-13-827,Aniseeds,.25,tsp
GF-REC-00140,,"Sugar, icing",1.0,tsp,UK-17-062,Castor sugar,1,tsp
GF-REC-00140,,Baking powder,0.5,tsp,UK-17-355,Baking powder,.5,tsp
GF-REC-00140,,Salt,0.25,tsp,UK-17-367,Salt,.25,tsp
GF-REC-00140,,"Ghee, butter",0.5,tsp,UK-17-640,Melted fat,.5,tsp
GF-REC-00140,,"Butter, unsalted",1.0,tsp,UK-17-661,Butter,1,tsp
GF-REC-00141,GF-ING-00018,"Wheat flour, refined (Triticum aestivum)",80.0,g,A018,Refined flour,80,g
GF-REC-00141,,"Yogurt, whole milk, plain",20.0,g,UK-12-184,Curds,20,g
GF-REC-00141,,"Oil, sunflower",480.0,ml,UK-17-045,Oil,for frying,
GF-REC-00141,,"Sugar, white",0.25,tsp,UK-17-063,Sugar,a,pinch
GF-REC-00141,,Baking powder,0.25,tsp,UK-17-355,Baking powder,a,pinch
GF-REC-00142,GF-ING-00014,"Rice, parboiled, milled (Oryza sativa )",60.0,g,A014,Rice,60,g
GF-REC-00142,GF-ING-00027,"Black gram, dal (Phaseolus mungo)",20.0,g,B003,Washed urad dal,20,g
GF-REC-00142,,Salt,0.25,tsp,UK-17-367,Salt,.25,tsp
GF-REC-00142,,"Water, distilled",120.0,ml,UK-17-377,Water,120,ml
GF-REC-00143,GF-ING-00014,"Rice, parboiled, milled (Oryza sativa )",60.0,g,A014,Rice,60,g
GF-REC-00143,GF-ING-00025,"Bengal gram, dal (Cicer arietinum)",1.0,tsp,B001,Channa dal,1,tsp
GF-REC-00143,GF-ING-00027,"Black gram, dal (Phaseolus mungo)",1.0,tsp,B003,Washed urad dal,1,tsp
GF-REC-00143,GF-ING-00027,"Black gram, dal (Phaseolus mungo)",20.0,g,B003,Washed urad dal,20,g
GF-REC-00143,GF-ING-00235,"Potato, brown skin, big (Solanum tuberosum)",100.0,g,F006,Boiled potatoes,100,g
GF-REC-00143,GF-ING-00258,Curry leaves (Murraya koenigii),1.0,sprig,G010,Curry leaves,a few,
GF-REC-00143,GF-ING-00265,"Onion, big (Allium cepa)",75.0,g,G017,Onion,75,g
GF-REC-00143,GF-ING-00270,"Chillies, red (Capsicum annum)",3.33,g,G022,Red chilli whole,1,
GF-REC-00143,GF-ING-00274,Fenugreek seeds (Trigonella foenum graecum),0.25,tsp,G026,Fenugreek seeds,.25,tsp
GF-REC-00143,GF-ING-00281,Turmeric powder (Curcuma domestica),0.25,tsp,G033,Haldi,.25,tsp
GF-REC-00143,GF-ING-00294,Mustard seeds (Brassica nigra),0.5,tsp,H013,Mustard seeds,.5,tsp
GF-REC-00143,,"Oil, sunflower",1.0,tsp,UK-17-045,Oil,1,tsp
GF-REC-00143,,"Oil, sunflower",2.0,tbsp,UK-17-045,Oil,for frying,
GF-REC-00143,,Salt,0.5,tsp,UK-17-367,Salt,.5,tsp
GF-REC-00143,,Salt,0.5,tsp,UK-17-367,Salt,.5,tsp
GF-REC-00143,,"Water, distilled",120.0,ml,UK-17-377,Water,120,ml
GF-REC-00144,GF-ING-00018,"Wheat flour, refined (Triticum aestivum)",10.0,g,A018,Maida,10,g
GF-REC-00144,GF-ING-00022,"Wheat, semolina (Triticum aestivum)",50.0,g,A022,Semolina,50,g
GF-REC-00144,GF-ING-00256,"Chillies, green - all varieties (Capsicum annum)",3.33,g,G008,Green chilli,1,
GF-REC-00144,GF-ING-00258,Curry leaves (Murraya koenigii),1.0,sprig,G010,Curry leaves,few,
GF-REC-00144,GF-ING-00262,"Ginger, fresh (Zingiber officinale)",0.25,tsp,G014,Ginger,.25,tsp
GF-REC-00144,GF-ING-00265,"Onion, big (Allium cepa)",10.0,g,G017,Onion,10,g
GF-REC-00144,GF-ING-00294,Mustard seeds (Brassica nigra),0.125,tsp,H013,Mustard seeds,.125,tsp
GF-REC-00144,,"Yogurt, whole milk, plain",61.25,g,UK-12-184,Curds,.25,cups
GF-REC-00144,,"Oil, sunflower",2.0,tsp,UK-17-045,Oil,2,tsp
GF-REC-00144,,Baking powder,0.25,tsp,UK-17-355,Baking soda,1,pinch
GF-REC-00144,,Salt,0.125,tsp,UK-17-367,Salt,.125,tsp
GF-REC-00145,GF-ING-00014,"Rice, parboiled, milled (Oryza sativa )",60.0,g,A014,Rice,60,g
GF-REC-00145,GF-ING-00027,"Black gram, dal (Phaseolus mungo)",20.0,g,B003,Washed urad dal,20,g
GF-REC-00145,GF-ING-00158,"Tomato, ripe, hybrid (Solanum lycopersicum)",50.0,g,D075,Tomato,50,g
GF-REC-00145,GF-ING-00256,"Chillies, green - all varieties (Capsicum annum)",3.33,g,G008,Green chilli,1,
GF-REC-00145,GF-ING-00265,"Onion, big (Allium cepa)",50.0,g,G017,Onion,50,g
GF-REC-00145,GF-ING-00274,Fenugreek seeds (Trigonella foenum graecum),0.25,tsp,G026,Fenugreek seeds,.25,tsp
GF-REC-00145,,"Oil, sunflower",3.0,tsp,UK-17-045,Oil,3,tsp
GF-REC-00145,,"Oil, sunflower",240.0,ml,UK-17-045,Oil,for frying,
GF-REC-00145,,Salt,0.5,tsp,UK-17-367,Salt,.5,tsp
GF-REC-00145,,Salt,0.5,tsp,UK-17-367,Salt,.5,tsp
GF-REC-00145,,"Water, distilled",120.0,ml,UK-17-377,Water,120,ml
GF-REC-00146,GF-ING-00018,"Wheat flour, refined (Triticum aestivum)",20.0,g,A018,Maida,20,g
GF-REC-00146,GF-ING-00019,"Wheat flour, atta (Triticum aestivum)",40.0,g,A019,Whole wheat flour,40,g
GF-REC-00146,GF-ING-00116,"Capsicum, green (Capsicum annuum)",25.0,g,D033,Capsicum,25,g
GF-REC-00146,GF-ING-00256,"Chillies, green - all varieties (Capsicum annum)",1.67,g,G008,Green chilli,.5,
GF-REC-00146,GF-ING-00265,"Onion, big (Allium cepa)",25.0,g,G017,Onion,25,g
GF-REC-00146,GF-ING-00265,"Onion, big (Allium cepa)",20.0,g,G017,Onion rings,20,g
GF-REC-00146,GF-ING-00279,"Pepper, black (Piper nigrum)",0.25,tsp,G031,Pepper,1,pinch
GF-REC-00146,GF-ING-00313,Paneer,50.0,g,L003,Paneer,50,g
GF-REC-00146,GF-ING-00315,"Egg, poultry, whole, raw",25.0,g,M001,Beaten egg,.5,
GF-REC-00146,,Garam masala,0.125,tsp,UK-13-829,Garam masala,.125,tsp
GF-REC-00146,,Chilli powder,0.25,tsp,UK-13-873,Red chilli powder,.25,tsp
GF-REC-00146,,"Oil, sunflower",1.0,tbsp,UK-17-045,Oil,1,tbsp
GF-REC-00146,,"Oil, sunflower",2.5,tbsp,UK-17-045,Oil,2.5,tbsp
GF-REC-00146,,Salt,0.25,tsp,UK-17-367,Salt,1,pinch
GF-REC-00146,,Salt,0.5,tsp,UK-17-367,Salt,.5,tsp
GF-REC-00146,,"Mint sauce, homemade",2.0,tbsp,UK-17-811,Mint chutney with curds,2,tbsp
GF-REC-00147,GF-ING-00006,"Maize, dry (Zea mays)",60.0,g,A006,Maize flour,60,g
GF-REC-00147,GF-ING-00239,"Radish, elongate, white skin (Raphanus sativus)",20.0,g,F010,Grated radish,20,g
GF-REC-00147,,Salt,0.5,tsp,UK-17-367,Salt,.5,tsp
GF-REC-00147,,"Water, distilled",4.0,tbsp,UK-17-377,Water,enough to make a soft dough,
GF-REC-00147,,"Ghee, butter",2.0,tbsp,UK-17-640,Fat,2,tbsp
GF-REC-00147,,AJWAIN SEED WHOLE ORGANIC SPICES,1.0,tsp,US-806341,Ajwain,1,tsp
GF-REC-00148,GF-ING-00034,"Green gram, dal (Vigna radiata)",30.0,g,B010,Washed moong,30,g
GF-REC-00148,GF-ING-00273,Cumin seeds (Cuminum cyminum),0.25,tsp,G025,Cumin seeds,.25,tsp
GF-REC-00148,GF-ING-00281,Turmeric powder (Curcuma domestica),0.25,tsp,G033,Turmeric powder,.25,tsp
GF-REC-00148,,Garam masala,0.25,tsp,UK-13-829,Garam masala,.25,tsp
GF-REC-00148,,Chilli powder,0.25,tsp,UK-13-873,Red chilli powder,.25,tsp
GF-REC-00148,,"Oil, sunflower",1.0,tsp,UK-17-045,Fat,1,tsp
GF-REC-00148,,Salt,0.5,tsp,UK-17-367,Salt,.5,tsp
GF-REC-00148,,"Water, distilled",1.0,C,UK-17-377,Water,1,cups
GF-REC-00149,GF-ING-00027,"Black gram, dal (Phaseolus mungo)",30.0,g,B003,Washed urad dal,30,g
GF-REC-00149,GF-ING-00262,"Ginger, fresh (Zingiber officinale)",5.0,g,G014,Ginger,5,g
GF-REC-00149,GF-ING-00265,"Onion, big (Allium cepa)",10.0,g,G017,Onion,10,g
GF-REC-00149,GF-ING-00273,Cumin seeds (Cuminum cyminum),0.25,tsp,G025,Cumin seeds,.25,tsp
GF-REC-00149,GF-ING-00281,Turmeric powder (Curcuma domestica),0.25,tsp,G033,Turmeric powder,.25,tsp
GF-REC-00149,,Garam masala,0.25,tsp,UK-13-829,Garam masala,.25,tsp
GF-REC-00149,,Chilli powder,0.25,tsp,UK-13-873,Red chilli powder,.25,tsp
GF-REC-00149,,"Oil, sunflower",2.0,tsp,UK-17-045,Fat,2,tsp
GF-REC-00149,,Salt,0.5,tsp,UK-17-367,Salt,.5,tsp
GF-REC-00149,,"Water, distilled",1.0,C,UK-17-377,Water,1,cups
GF-REC-00150,GF-ING-00025,"Bengal gram, dal (Cicer arietinum)",30.0,g,B001,Channa dal,30,g
GF-REC-00150,GF-ING-00090,"Bottle gourd, elongate, pale green (Lagenaria vulgaris)",50.0,g,D007,Ghia,50,g
GF-REC-00150,GF-ING-00158,"Tomato, ripe, hybrid (Solanum lycopersicum)",30.0,g,D075,Tomato,30,g
GF-REC-00150,GF-ING-00256,"Chillies, green - all varieties (Capsicum annum)",3.33,g,G008,Green chilli,1,
GF-REC-00150,GF-ING-00262,"Ginger, fresh (Zingiber officinale)",5.0,g,G014,Ginger,5,g
GF-REC-00150,GF-ING-00265,"Onion, big (Allium cepa)",30.0,g,G017,Onion,30,g
GF-REC-00150,GF-ING-00273,Cumin seeds (Cuminum cyminum),0.25,tsp,G025,Jeera,.25,tsp
GF-REC-00150,GF-ING-00281,Turmeric powder (Curcuma domestica),0.25,tsp,G033,Turmeric powder,.25,tsp
GF-REC-00150,,Garam masala,0.125,tsp,UK-13-829,Garam masala,.125,tsp
GF-REC-00150,,Chilli powder,0.125,tsp,UK-13-873,Chilli powder,.125,tsp
GF-REC-00150,,"Oil, sunflower",2.0,tsp,UK-17-045,Fat,2,tsp
GF-REC-00150,,Salt,0.5,tsp,UK-17-367,Salt,.5,tsp
GF-REC-00150,,"Water, distilled",0.5,C,UK-17-377,Water,.5,cups
GF-REC-00151,GF-ING-00027,"Black gram, dal (Phaseolus mungo)",40.0,g,B003,Urad washed,40,g
GF-REC-00151,GF-ING-00257,Coriander leaves (Coriandrum sativum),1.0,sprig,G009,Coriander leaves,few,garnishing
GF-REC-00151,GF-ING-00262,"Ginger, fresh (Zingiber officinale)",5.0,g,G014,Ginger,5,g
GF-REC-00151,GF-ING-00265,"Onion, big (Allium cepa)",10.0,g,G017,Onion,10,g
GF-REC-00151,GF-ING-00273,Cumin seeds (Cuminum cyminum),0.25,tsp,G025,Cumin seeds,.25,tsp
GF-REC-00151,GF-ING-00281,Turmeric powder (Curcuma domestica),0.25,tsp,G033,Turmeric powder,.25,tsp
GF-REC-00151,,Garam masala,0.25,tsp,UK-13-829,Garam masala,.25,tsp
GF-REC-00151,,Chilli powder,0.25,tsp,UK-13-873,Red chilli powder,.25,tsp
GF-REC-00151,,"Oil, sunflower",1.0,tsp,UK-17-045,Fat,1,tsp
GF-REC-00151,,Salt,0.5,tsp,UK-17-367,Salt,.5,tsp
GF-REC-00151,,"Water, distilled",0.33,C,UK-17-377,Water,3.33,cups
GF-REC-00152,GF-ING-00025,"Bengal gram, dal (Cicer arietinum)",10.0,g,B001,Channa dal,10,g
GF-REC-00152,GF-ING-00027,"Black gram, dal (Phaseolus mungo)",10.0,g,B003,Urad chilka,10,g
GF-REC-00152,GF-ING-00034,"Green gram, dal (Vigna radiata)",10.0,g,B010,Moong chilka,10,g
GF-REC-00152,GF-ING-00262,"Ginger, fresh (Zingiber officinale)",6.33,g,G014,Ginger,.5,inch
GF-REC-00152,GF-ING-00265,"Onion, big (Allium cepa)",10.0,g,G017,Onion,10,g
GF-REC-00152,GF-ING-00273,Cumin seeds (Cuminum cyminum),0.5,tsp,G025,Cumin seeds,.2,tsp
GF-REC-00152,GF-ING-00281,Turmeric powder (Curcuma domestica),0.25,tsp,G033,Turmeric powder,.25,tsp
GF-REC-00152,,Garam masala,0.25,tsp,UK-13-829,Garam masala,.25,tsp
GF-REC-00152,,Chilli powder,0.25,tsp,UK-13-873,Red chilli powder,.25,tsp
GF-REC-00152,,"Oil, sunflower",2.0,tsp,UK-17-045,Fat,2,tsp
GF-REC-00152,,Salt,0.5,tsp,UK-17-367,Salt,.5,tsp
GF-REC-00152,,"Water, distilled",1.0,C,UK-17-377,Water,1,cups
GF-REC-00153,GF-ING-00035,"Green gram, whole (Vigna radiata)",30.0,g,B011,Whole moong,30,g
GF-REC-00153,GF-ING-00158,"Tomato, ripe, hybrid (Solanum lycopersicum)",37.5,g,D075,Tomato,.5,small
GF-REC-00153,GF-ING-00262,"Ginger, fresh (Zingiber officinale)",6.33,g,G014,Ginger,.5,inch
GF-REC-00153,GF-ING-00265,"Onion, big (Allium cepa)",17.5,g,G017,Onion,.25,small
GF-REC-00153,GF-ING-00273,Cumin seeds (Cuminum cyminum),0.25,tsp,G025,Cumin seeds,.25,tsp
GF-REC-00153,GF-ING-00281,Turmeric powder (Curcuma domestica),0.25,tsp,G033,Turmeric powder,.25,tsp
GF-REC-00153,,Garam masala,0.25,tsp,UK-13-829,Garam masala,.25,tsp
GF-REC-00153,,Chilli powder,0.25,tsp,UK-13-873,Red chilli powder,.25,tsp
GF-REC-00153,,"Oil, sunflower",2.0,tsp,UK-17-045,Fat,2,tsp
GF-REC-00153,,Salt,0.5,tsp,UK-17-367,Salt,.5,tsp
GF-REC-00153,,"Water, distilled",1.0,C,UK-17-377,Water,1,cups
GF-REC-00154,GF-ING-00039,"Lentil whole, yellowish (Lens culinaris)",30.0,g,B015,Masoor,30,g
GF-REC-00154,GF-ING-00158,"Tomato, ripe, hybrid (Solanum lycopersicum)",37.5,g,D075,Tomato,.5,small
GF-REC-00154,GF-ING-00262,"Ginger, fresh (Zingiber officinale)",6.33,g,G014,Ginger,.5,inch
GF-REC-00154,GF-ING-00265,"Onion, big (Allium cepa)",17.5,g,G017,Onion,.25,small
GF-REC-00154,GF-ING-00273,Cumin seeds (Cuminum cyminum),0.25,tsp,G025,Cumin seeds,.25,tsp
GF-REC-00154,GF-ING-00281,Turmeric powder (Curcuma domestica),0.25,tsp,G033,Turmeric powder,.25,tsp
GF-REC-00154,,Garam masala,0.25,tsp,UK-13-829,Garam masala,.25,tsp
GF-REC-00154,,Chilli powder,0.25,tsp,UK-13-873,Red chilli powder,.25,tsp
GF-REC-00154,,"Oil, sunflower",2.0,tsp,UK-17-045,Fat,2,tsp
GF-REC-00154,,Salt,0.5,tsp,UK-17-367,Salt,.5,tsp
GF-REC-00154,,"Water, distilled",1.0,C,UK-17-377,Water,1,cups
GF-REC-00155,GF-ING-00040,Moth bean (Vigna aconitifolia),30.0,g,B016,Moth,30,g
GF-REC-00155,GF-ING-00158,"Tomato, ripe, hybrid (Solanum lycopersicum)",37.5,g,D075,Tomato,.5,small
GF-REC-00155,GF-ING-00262,"Ginger, fresh (Zingiber officinale)",6.33,g,G014,Ginger,.5,inch
GF-REC-00155,GF-ING-00265,"Onion, big (Allium cepa)",17.5,g,G017,Onion,.25,small
GF-REC-00155,GF-ING-00273,Cumin seeds (Cuminum cyminum),0.25,tsp,G025,Cumin seeds,.25,tsp
GF-REC-00155,GF-ING-00281,Turmeric powder (Curcuma domestica),0.25,tsp,G033,Turmeric powder,.25,tsp
GF-REC-00155,,Garam masala,0.25,tsp,UK-13-829,Garam masala,.25,tsp
GF-REC-00155,,Chilli powder,0.25,tsp,UK-13-873,Red chilli powder,.25,tsp
GF-REC-00155,,"Oil, sunflower",2.0,tsp,UK-17-045,Fat,2,tsp
GF-REC-00155,,Salt,0.5,tsp,UK-17-367,Salt,.5,tsp
GF-REC-00155,,"Water, distilled",1.0,C,UK-17-377,Water,1,cups
GF-REC-00156,GF-ING-00028,"Black gram, whole (Phaseolus mungo)",30.0,g,B004,Urad,30,g
GF-REC-00156,GF-ING-00158,"Tomato, ripe, hybrid (Solanum lycopersicum)",34.5,g,D075,Tomato,.5,small
GF-REC-00156,GF-ING-00262,"Ginger, fresh (Zingiber officinale)",6.33,g,G014,Ginger,.5,inch
GF-REC-00156,GF-ING-00265,"Onion, big (Allium cepa)",17.5,g,G017,Onion,.25,small
GF-REC-00156,GF-ING-00273,Cumin seeds (Cuminum cyminum),0.25,tsp,G025,Cumin seeds,.25,tsp
GF-REC-00156,GF-ING-00281,Turmeric powder (Curcuma domestica),0.25,tsp,G033,Turmeric powder,.25,tsp
GF-REC-00156,,Garam masala,0.25,tsp,UK-13-829,Garam masala,.25,tsp
GF-REC-00156,,Chilli powder,0.25,tsp,UK-13-873,Red chilli powder,.25,tsp
GF-REC-00156,,"Oil, sunflower",2.0,tsp,UK-17-045,Fat,2,tsp
GF-REC-00156,,Salt,0.5,tsp,UK-17-367,Salt,.5,tsp
GF-REC-00156,,"Water, distilled",1.0,C,UK-17-377,Water,1,cups
GF-REC-00157,GF-ING-00028,"Black gram, whole (Phaseolus mungo)",30.0,g,B004,Urad whole,30,g
GF-REC-00157,GF-ING-00044,"Rajmah, red (Phaseolus vulgaris)",10.0,g,B020,Rajmah,10,g
GF-REC-00157,GF-ING-00158,"Tomato, ripe, hybrid (Solanum lycopersicum)",50.0,g,D075,Tomato,50,g
GF-REC-00157,GF-ING-00260,"Garlic, small clove (Allium sativum)",1.25,g,G012,Garlic,2 to 3, cloves
GF-REC-00157,GF-ING-00262,"Ginger, fresh (Zingiber officinale)",5.0,g,G014,Ginger,5,g
GF-REC-00157,GF-ING-00265,"Onion, big (Allium cepa)",25.0,g,G017,Onion,25,g
GF-REC-00157,,"Yogurt, whole milk, plain",25.0,g,UK-12-184,Curd,25,g
GF-REC-00157,,"Cream, fresh, single",1.0,tsp,UK-12-332,Cream,1,tsp
GF-REC-00157,,Garam masala,0.25,tsp,UK-13-829,Garam masala,.25,tsp
GF-REC-00157,,Chilli powder,0.25,tsp,UK-13-873,Red chilli powder,.25,tsp
GF-REC-00157,,"Oil, sunflower",1.0,tbsp,UK-17-045,Fat,1,tbsp
GF-REC-00157,,Salt,0.5,tsp,UK-17-367,Salt,.5,tsp
GF-REC-00157,,"Water, distilled",0.5,C,UK-17-377,Water,1.5,cups
GF-REC-00158,GF-ING-00026,"Bengal gram, whole (Cicer arietinum)",30.0,g,B002,Black channa,30,g
GF-REC-00158,GF-ING-00158,"Tomato, ripe, hybrid (Solanum lycopersicum)",50.0,g,D075,Tomato,50,g
GF-REC-00158,GF-ING-00257,Coriander leaves (Coriandrum sativum),1.0,sprig,G009,Coriander leaves,few,
GF-REC-00158,GF-ING-00260,"Garlic, small clove (Allium sativum)",1.25,g,G012,Garlic,1 to 2,cloves
GF-REC-00158,GF-ING-00262,"Ginger, fresh (Zingiber officinale)",3.17,g,G014,Ginger,.25,inch
GF-REC-00158,GF-ING-00265,"Onion, big (Allium cepa)",25.0,g,G017,Onion,25,g
GF-REC-00158,GF-ING-00281,Turmeric powder (Curcuma domestica),0.25,tsp,G033,Turmeric powder,.25,tsp
GF-REC-00158,,Garam masala,0.25,tsp,UK-13-829,Garam masala,.25,tsp
GF-REC-00158,,Chilli powder,0.25,tsp,UK-13-873,Red chilli powder,.25,tsp
GF-REC-00158,,"Oil, sunflower",1.5,tsp,UK-17-045,Fat,1.5,tsp
GF-REC-00158,,Salt,0.5,tsp,UK-17-367,Salt,.5,tsp
GF-REC-00159,GF-ING-00158,"Tomato, ripe, hybrid (Solanum lycopersicum)",50.0,g,D075,Tomato,50,g
GF-REC-00159,GF-ING-00257,Coriander leaves (Coriandrum sativum),1.0,sprig,G009,Coriander leaves,few,
GF-REC-00159,GF-ING-00260,"Garlic, small clove (Allium sativum)",1.25,g,G012,Garlic,1 to 2,cloves
GF-REC-00159,GF-ING-00262,"Ginger, fresh (Zingiber officinale)",3.17,g,G014,Ginger,.25,inch
GF-REC-00159,GF-ING-00265,"Onion, big (Allium cepa)",25.0,g,G017,Onion,25,g
GF-REC-00159,GF-ING-00281,Turmeric powder (Curcuma domestica),0.25,tsp,G033,Turmeric powder,.25,tsp
GF-REC-00159,,Garam masala,0.25,tsp,UK-13-829,Garam masala,.25,tsp
GF-REC-00159,,Chilli powder,0.25,tsp,UK-13-873,Red chilli powder,.25,tsp
GF-REC-00159,,"Oil, sunflower",1.5,tsp,UK-17-045,Fat,1.5,tsp
GF-REC-00159,,Salt,0.5,tsp,UK-17-367,Salt,.5,tsp
GF-REC-00159,,"Chickpeas (garbanzo beans, bengal gram), mature seeds, raw",30.0,g,US-173756,White channa,30,g
GF-REC-00160,GF-ING-00029,"Cowpea, brown (Vigna catjang)",30.0,g,B005,Lobia,30,g
GF-REC-00160,GF-ING-00158,"Tomato, ripe, hybrid (Solanum lycopersicum)",50.0,g,D075,Tomato,50,g
GF-REC-00160,GF-ING-00257,Coriander leaves (Coriandrum sativum),1.0,sprig,G009,Coriander leaves,few,
GF-REC-00160,GF-ING-00260,"Garlic, small clove (Allium sativum)",1.25,g,G012,Garlic,1 to 2,cloves
GF-REC-00160,GF-ING-00262,"Ginger, fresh (Zingiber officinale)",3.17,g,G014,Ginger,.25,inch
GF-REC-00160,GF-ING-00265,"Onion, big (Allium cepa)",25.0,g,G017,Onion,25,g
GF-REC-00160,GF-ING-00281,Turmeric powder (Curcuma domestica),0.25,tsp,G033,Turmeric powder,.25,tsp
GF-REC-00160,,Garam masala,0.25,tsp,UK-13-829,Garam masala,.25,tsp
GF-REC-00160,,Chilli powder,0.25,tsp,UK-13-873,Red chilli powder,.25,tsp
GF-REC-00160,,"Oil, sunflower",1.5,tsp,UK-17-045,Fat,1.5,tsp
GF-REC-00160,,Salt,0.5,tsp,UK-17-367,Salt,.5,tsp
GF-REC-00161,GF-ING-00049,"Soya bean, white (Glycine max)",30.0,g,B025,Soyabean,30,g
GF-REC-00161,GF-ING-00158,"Tomato, ripe, hybrid (Solanum lycopersicum)",50.0,g,D075,Tomato,50,g
GF-REC-00161,GF-ING-00257,Coriander leaves (Coriandrum sativum),1.0,sprig,G009,Coriander leaves,few,
GF-REC-00161,GF-ING-00260,"Garlic, small clove (Allium sativum)",1.25,g,G012,Garlic,1 to 2,cloves
GF-REC-00161,GF-ING-00262,"Ginger, fresh (Zingiber officinale)",3.17,g,G014,Ginger,.25,inch
GF-REC-00161,GF-ING-00265,"Onion, big (Allium cepa)",25.0,g,G017,Onion,25,g
GF-REC-00161,GF-ING-00281,Turmeric powder (Curcuma domestica),0.25,tsp,G033,Turmeric powder,.25,tsp
GF-REC-00161,,Garam masala,0.25,tsp,UK-13-829,Garam masala,.25,tsp
GF-REC-00161,,Chilli powder,0.25,tsp,UK-13-873,Red chilli powder,.25,tsp
GF-REC-00161,,"Oil, sunflower",1.5,tsp,UK-17-045,Fat,1.5,tsp
GF-REC-00161,,Salt,0.5,tsp,UK-17-367,Salt,.5,tsp
GF-REC-00162,GF-ING-00044,"Rajmah, red (Phaseolus vulgaris)",30.0,g,B020,Rajmah,30,g
GF-REC-00162,GF-ING-00158,"Tomato, ripe, hybrid (Solanum lycopersicum)",50.0,g,D075,Tomato,50,g
GF-REC-00162,GF-ING-00257,Coriander leaves (Coriandrum sativum),1.0,sprig,G009,Coriander leaves,few,
GF-REC-00162,GF-ING-00260,"Garlic, small clove (Allium sativum)",1.25,g,G012,Garlic,1 to 2,cloves
GF-REC-00162,GF-ING-00262,"Ginger, fresh (Zingiber officinale)",3.17,g,G014,Ginger,.25,inch
GF-REC-00162,GF-ING-00265,"Onion, big (Allium cepa)",25.0,g,G017,Onion,25,g
GF-REC-00162,GF-ING-00281,Turmeric powder (Curcuma domestica),0.25,tsp,G033,Turmeric powder,.25,tsp
GF-REC-00162,,Garam masala,0.25,tsp,UK-13-829,Garam masala,.25,tsp
GF-REC-00162,,Chilli powder,0.25,tsp,UK-13-873,Red chilli powder,.25,tsp
GF-REC-00162,,"Oil, sunflower",1.5,tsp,UK-17-045,Fat,1.5,tsp
GF-REC-00162,,Salt,0.5,tsp,UK-17-367,Salt,.5,tsp
GF-REC-00163,GF-ING-00025,"Bengal gram, dal (Cicer arietinum)",1.0,tsp,B001,Channa dal,1,tsp
GF-REC-00163,GF-ING-00027,"Black gram, dal (Phaseolus mungo)",1.0,tsp,B003,Urad dal,1,tsp
GF-REC-00163,GF-ING-00045,"Red gram, dal (Cajanus cajan)",50.0,g,B021,Arhar dal,50,g
GF-REC-00163,GF-ING-00114,Brinjal - all varieties (Solanum melongena),30.0,g,D031,Brinjal,30,g
GF-REC-00163,GF-ING-00129,Drumstick (Moringa oleifera),30.0,g,D046,Drumsticks,30,g
GF-REC-00163,GF-ING-00139,Ladies finger (Abelmoschus esculentus),30.0,g,D056,Lady's finger,30,g
GF-REC-00163,GF-ING-00158,"Tomato, ripe, hybrid (Solanum lycopersicum)",30.0,g,D075,Tomato,30,g
GF-REC-00163,GF-ING-00225,"Tamarind, pulp (Tamarindus indica)",20.0,g,E064,Tamarind,20,g
GF-REC-00163,GF-ING-00258,Curry leaves (Murraya koenigii),1.0,sprig,G010,Curry leaves,2 to 3,
GF-REC-00163,GF-ING-00265,"Onion, big (Allium cepa)",30.0,g,G017,Onion,30,g
GF-REC-00163,GF-ING-00267,Asafoetida (Ferula assa-foetida),0.125,tsp,G019,Asafoetida,.125,tsp
GF-REC-00163,GF-ING-00270,"Chillies, red (Capsicum annum)",5.0,g,G022,Red chilli (whole),1 to 2,
GF-REC-00163,GF-ING-00272,Coriander seeds (Coriandrum sativum),1.0,tsp,G024,Coriander seed,1,tsp
GF-REC-00163,GF-ING-00274,Fenugreek seeds (Trigonella foenum graecum),0.25,tsp,G026,Fenugreek seeds,.25,tsp
GF-REC-00163,GF-ING-00281,Turmeric powder (Curcuma domestica),0.25,tsp,G033,Turmeric powder,.25,tsp
GF-REC-00163,GF-ING-00288,"Coconut, kernel, fresh (Cocos nucifera)",30.0,g,H007,Coconut (fresh),30,g
GF-REC-00163,GF-ING-00294,Mustard seeds (Brassica nigra),0.125,tsp,H013,Mustard seeds,.125,tsp
GF-REC-00163,,"Oil, sunflower",2.0,tsp,UK-17-045,Oil,2,tsp
GF-REC-00163,,Salt,1.0,tsp,UK-17-367,Salt,1,tsp
GF-REC-00163,,"Water, distilled",1.0,C,UK-17-377,Water,1,cups
GF-REC-00164,GF-ING-00082,Spinach (Spinacia oleracea),20.0,g,C033,Spinach/Methi,20,g
GF-REC-00164,GF-ING-00258,Curry leaves (Murraya koenigii),1.0,sprig,G010,Curry leaves,a few,
GF-REC-00164,GF-ING-00265,"Onion, big (Allium cepa)",15.0,g,G017,Onion,15,g
GF-REC-00164,GF-ING-00267,Asafoetida (Ferula assa-foetida),0.25,tsp,G019,Hing,1,pinch
GF-REC-00164,GF-ING-00270,"Chillies, red (Capsicum annum)",6.66,g,G022,Whole red chillies,2,
GF-REC-00164,GF-ING-00272,Coriander seeds (Coriandrum sativum),0.25,tsp,G024,Coriander seeds,.25,tsp
GF-REC-00164,GF-ING-00273,Cumin seeds (Cuminum cyminum),0.25,tsp,G025,Cumin seeds,.25,tsp
GF-REC-00164,GF-ING-00274,Fenugreek seeds (Trigonella foenum graecum),0.25,tsp,G026,Fenugreek seeds,.25,tsp
GF-REC-00164,GF-ING-00281,Turmeric powder (Curcuma domestica),0.75,tsp,G033,Turmeric powder,.75,tsp
GF-REC-00164,,"Flour, gram",20.0,g,UK-11-896,Besan,20,g
GF-REC-00164,,"Flour, gram",30.0,g,UK-11-896,Besan,30,g
GF-REC-00164,,"Yogurt, whole milk, plain",100.0,g,UK-12-184,Curds,100,g
GF-REC-00164,,Garam masala,0.33,tsp,UK-13-829,Garam masala,.33,tsp
GF-REC-00164,,Chilli powder,0.125,tsp,UK-13-873,Red chilli powder,.125,tsp
GF-REC-00164,,Chilli powder,0.25,tsp,UK-13-873,Red chilli powder,.25,tsp
GF-REC-00164,,"Oil, sunflower",1.0,tbsp,UK-17-045,Oil,1,tbsp
GF-REC-00164,,"Oil, sunflower",480.0,ml,UK-17-045,Oil,for frying,
GF-REC-00164,,Salt,0.25,tsp,UK-17-367,Salt,.25,tsp
GF-REC-00164,,Salt,0.5,tsp,UK-17-367,Salt,.5,tsp
GF-REC-00164,,"Water, distilled",2.0,C,UK-17-377,Water,2,glasses
GF-REC-00165,GF-ING-00158,"Tomato, ripe, hybrid (Solanum lycopersicum)",50.0,g,D075,Tomato,50,g
GF-REC-00165,GF-ING-00216,"Pomegranate, maroon seeds (Punica granatum)",0.5,tsp,E055,Anardana,.5,tsp
GF-REC-00165,GF-ING-00256,"Chillies, green - all varieties (Capsicum annum)",3.33,g,G008,Green chilli,1,
GF-REC-00165,GF-ING-00257,Coriander leaves (Coriandrum sativum),1.0,sprig,G009,Coriander leaves,a few,
GF-REC-00165,GF-ING-00260,"Garlic, small clove (Allium sativum)",1.25,g,G012,Garlic,2,cloves
GF-REC-00165,GF-ING-00262,"Ginger, fresh (Zingiber officinale)",6.33,g,G014,Ginger,.5,inch
GF-REC-00165,GF-ING-00265,"Onion, big (Allium cepa)",30.0,g,G017,Onion,30,g
GF-REC-00165,GF-ING-00269,"Cardamom, black (Elettaria cardamomum)",0.25,tsp,G021,Black cardamom,1,
GF-REC-00165,GF-ING-00273,Cumin seeds (Cuminum cyminum),0.5,tsp,G025,Jeera,.5,tsp
GF-REC-00165,GF-ING-00279,"Pepper, black (Piper nigrum)",0.5,tsp,G031,Whole black pepper,2,corns
GF-REC-00165,,"Bay leaf, dried",0.4,g,UK-13-806,Bay leaf,1,
GF-REC-00165,,Garam masala,0.25,tsp,UK-13-829,Garam masala,.25,tsp
GF-REC-00165,,Chilli powder,0.25,tsp,UK-13-873,Red chilli powder,.25,tsp
GF-REC-00165,,"Oil, sunflower",1.0,tbsp,UK-17-045,Fat,1,tbsp
GF-REC-00165,,"Tea, black, infusion, average",0.5,tsp,UK-17-165,Tea leaves,.5,tsp
GF-REC-00165,,Bicarbonate of soda,0.25,tsp,UK-17-356,Soda,1,pinch
GF-REC-00165,,Salt,0.5,tsp,UK-17-367,Salt,.5,tsp
GF-REC-00165,,"Chickpeas (garbanzo beans, bengal gram), mature seeds, raw",40.0,g,US-173756,White channa,40,g
GF-REC-00165,,"SIVA'S, AMHUR POWDER (DRY MANGO POWDER)",0.5,tsp,US-400113,Amchur,.5,tsp
GF-REC-00166,GF-ING-00126,"Cucumber, green, elongate (Cucumis sativus)",50.0,g,D043,Cucumber,50,g
GF-REC-00166,GF-ING-00158,"Tomato, ripe, hybrid (Solanum lycopersicum)",50.0,g,D075,Tomato,50,g
GF-REC-00166,GF-ING-00235,"Potato, brown skin, big (Solanum tuberosum)",50.0,g,F006,Boiled potatoes,50,g
GF-REC-00166,GF-ING-00265,"Onion, big (Allium cepa)",30.0,g,G017,Onion,30,g
GF-REC-00166,,"Beansprouts, mung, boiled in unsalted water",50.0,g,UK-13-580,Sprouted Moong,50,g
GF-REC-00166,,Mixed curry spices,0.5,tsp,UK-13-886,Chat masala,.5,tsp
GF-REC-00166,,"Lemons, flesh only, raw, weighed with peel and pips",25.0,g,UK-14-130,Lemon,.5,lemon
GF-REC-00166,,Salt,0.25,tsp,UK-17-367,Salt,.25,tsp
GF-REC-00167,GF-ING-00119,Cauliflower (Brassica oleracea var. botrytis),100.0,g,D036,Cauliflower,100,g
GF-REC-00167,GF-ING-00235,"Potato, brown skin, big (Solanum tuberosum)",50.0,g,F006,Potato,50,g
GF-REC-00167,GF-ING-00256,"Chillies, green - all varieties (Capsicum annum)",1.67,g,G008,Green chilli,.5,
GF-REC-00167,GF-ING-00257,Coriander leaves (Coriandrum sativum),1.0,sprig,G009,Coriander leaves,a few,
GF-REC-00167,GF-ING-00262,"Ginger, fresh (Zingiber officinale)",6.33,g,G014,Ginger,.5,inch
GF-REC-00167,GF-ING-00281,Turmeric powder (Curcuma domestica),0.125,tsp,G033,Haldi powder,.125,tsp
GF-REC-00167,,Garam masala,0.25,tsp,UK-13-829,Garam masala,.25,tsp
GF-REC-00167,,Chilli powder,0.25,tsp,UK-13-873,Red chilli powder,.25,tsp
GF-REC-00167,,"Oil, sunflower",1.0,tbsp,UK-17-045,Fat,1,tbsp
GF-REC-00167,,Salt,0.5,tsp,UK-17-367,Salt,.5,tsp
GF-REC-00168,GF-ING-00116,"Capsicum, green (Capsicum annuum)",50.0,g,D033,Capsicum,50,g
GF-REC-00168,GF-ING-00235,"Potato, brown skin, big (Solanum tuberosum)",75.0,g,F006,Potato,75,g
GF-REC-00168,GF-ING-00256,"Chillies, green - all varieties (Capsicum annum)",1.67,g,G008,Green chilli,.5,
GF-REC-00168,GF-ING-00257,Coriander leaves (Coriandrum sativum),1.0,sprig,G009,Coriander leaves,a few,
GF-REC-00168,GF-ING-00262,"Ginger, fresh (Zingiber officinale)",6.33,g,G014,Ginger,.5,inch
GF-REC-00168,GF-ING-00281,Turmeric powder (Curcuma domestica),0.125,tsp,G033,Haldi powder,.125,tsp
GF-REC-00168,,Garam masala,0.25,tsp,UK-13-829,Garam masala,.25,tsp
GF-REC-00168,,Chilli powder,0.25,tsp,UK-13-873,Red chilli powder,.25,tsp
GF-REC-00168,,"Oil, sunflower",1.0,tbsp,UK-17-045,Fat,1,tbsp
GF-REC-00168,,Salt,0.5,tsp,UK-17-367,Salt,.5,tsp
GF-REC-00169,GF-ING-00064,"Cabbage, green (Brassica oleracea var. capitata f. alba)",100.0,g,C015,Cabbage,100,g
GF-REC-00169,GF-ING-00144,"Peas, fresh (Pisum sativum)",50.0,g,D061,Peas (unshelled),50,g
GF-REC-00169,GF-ING-00256,"Chillies, green - all varieties (Capsicum annum)",1.67,g,G008,Green chilli,.5,
GF-REC-00169,GF-ING-00257,Coriander leaves (Coriandrum sativum),1.0,sprig,G009,Coriander leaves,few,
GF-REC-00169,GF-ING-00262,"Ginger, fresh (Zingiber officinale)",6.33,g,G014,Ginger,.5,inch
GF-REC-00169,GF-ING-00281,Turmeric powder (Curcuma domestica),0.25,tsp,G033,Haldi powder,.25,tsp
GF-REC-00169,,Garam masala,0.25,tsp,UK-13-829,Garam masala,.25,tsp
GF-REC-00169,,Chilli powder,0.125,tsp,UK-13-873,Red chilli powder,.125,tsp
GF-REC-00169,,"Oil, sunflower",1.0,tsp,UK-17-045,Fat,1,tsp
GF-REC-00169,,Salt,0.5,tsp,UK-17-367,Salt,.5,tsp
GF-REC-00170,GF-ING-00069,Fenugreek leaves (Trigonella foenum graecum),75.0,g,C020,Methi,75,g
GF-REC-00170,GF-ING-00231,"Carrot, orange (Daucus carota)",100.0,g,F002,Carrot,100,g
GF-REC-00170,GF-ING-00256,"Chillies, green - all varieties (Capsicum annum)",1.67,g,G008,Green chilli,.5,
GF-REC-00170,GF-ING-00262,"Ginger, fresh (Zingiber officinale)",6.33,g,G014,Ginger,.5,inch
GF-REC-00170,,Garam masala,0.125,tsp,UK-13-829,Garam masala,.125,tsp
GF-REC-00170,,Chilli powder,0.25,tsp,UK-13-873,Red chilli powder,.25,tsp
GF-REC-00170,,"Oil, sunflower",1.5,tsp,UK-17-045,Fat,1.5,tsp
GF-REC-00170,,Salt,0.5,tsp,UK-17-367,Salt,.5,tsp
GF-REC-00171,GF-ING-00069,Fenugreek leaves (Trigonella foenum graecum),75.0,g,C020,Methi,75,g
GF-REC-00171,GF-ING-00235,"Potato, brown skin, big (Solanum tuberosum)",100.0,g,F006,Potato,100,g
GF-REC-00171,GF-ING-00256,"Chillies, green - all varieties (Capsicum annum)",1.67,g,G008,Green chilli,.5,
GF-REC-00171,GF-ING-00262,"Ginger, fresh (Zingiber officinale)",6.33,g,G014,Ginger,.5,inch
GF-REC-00171,,Garam masala,0.125,tsp,UK-13-829,Garam masala,.125,tsp
GF-REC-00171,,Chilli powder,0.25,tsp,UK-13-873,Red chilli powder,.25,tsp
GF-REC-00171,,"Oil, sunflower",1.0,tbsp,UK-17-045,Fat,1,tbsp
GF-REC-00171,,"Oil, sunflower",1.5,tsp,UK-17-045,Fat,1.5,tsp
GF-REC-00171,,Salt,0.5,tsp,UK-17-367,Salt,.5,tsp
GF-REC-00172,GF-ING-00114,Brinjal - all varieties (Solanum melongena),200.0,g,D031,Brinjal,200,g
GF-REC-00172,GF-ING-00158,"Tomato, ripe, hybrid (Solanum lycopersicum)",50.0,g,D075,Tomato,50,g
GF-REC-00172,GF-ING-00256,"Chillies, green - all varieties (Capsicum annum)",3.33,g,G008,Green chilli,1,
GF-REC-00172,GF-ING-00257,Coriander leaves (Coriandrum sativum),1.0,sprig,G009,Coriander leaves,few,
GF-REC-00172,GF-ING-00262,"Ginger, fresh (Zingiber officinale)",5.0,g,G014,Ginger,5,g
GF-REC-00172,GF-ING-00265,"Onion, big (Allium cepa)",50.0,g,G017,Onion,50,g
GF-REC-00172,,Garam masala,0.25,tsp,UK-13-829,Garam masala,.25,tsp
GF-REC-00172,,Chilli powder,0.25,tsp,UK-13-873,Red chilli powder,.25,tsp
GF-REC-00172,,"Oil, sunflower",1.0,tbsp,UK-17-045,Fat,1,tbsp
GF-REC-00172,,Salt,0.5,tsp,UK-17-367,Salt,.5,tsp
GF-REC-00173,GF-ING-00235,"Potato, brown skin, big (Solanum tuberosum)",100.0,g,F006,Potato,100,g
GF-REC-00173,GF-ING-00272,Coriander seeds (Coriandrum sativum),0.125,tsp,G024,Coriander powder,.125,tsp
GF-REC-00173,GF-ING-00273,Cumin seeds (Cuminum cyminum),0.125,tsp,G025,Jeera,.125,tsp
GF-REC-00173,,Garam masala,0.25,tsp,UK-13-829,Garam masala,.25,tsp
GF-REC-00173,,Chilli powder,0.125,tsp,UK-13-873,Red chilli powder,.125,tsp
GF-REC-00173,,"Oil, sunflower",1.0,tsp,UK-17-045,Fat,1,tsp
GF-REC-00173,,Salt,0.25,tsp,UK-17-367,Salt,.25,tsp
GF-REC-00174,GF-ING-00133,"French beans, hybrid (Phaseolus vulgaris)",100.0,g,D050,Beans,100,g
GF-REC-00174,GF-ING-00256,"Chillies, green - all varieties (Capsicum annum)",3.33,g,G008,Green chilli,1,
GF-REC-00174,GF-ING-00258,Curry leaves (Murraya koenigii),1.0,sprig,G010,Curry leaves,1,sprig
GF-REC-00174,GF-ING-00260,"Garlic, small clove (Allium sativum)",0.63,g,G012,Garlic,1,cloves
GF-REC-00174,GF-ING-00265,"Onion, big (Allium cepa)",10.0,g,G017,Onion,10,g
GF-REC-00174,GF-ING-00270,"Chillies, red (Capsicum annum)",3.33,g,G022,Dry red chilli,1,
GF-REC-00174,GF-ING-00273,Cumin seeds (Cuminum cyminum),0.25,tsp,G025,Cumin seeds,.25,tsp
GF-REC-00174,GF-ING-00281,Turmeric powder (Curcuma domestica),0.125,tsp,G033,Turmeric powder,.125,tsp
GF-REC-00174,GF-ING-00288,"Coconut, kernel, fresh (Cocos nucifera)",20.0,g,H007,Fresh coconut grated,20,g
GF-REC-00174,GF-ING-00294,Mustard seeds (Brassica nigra),0.25,tsp,H013,Mustard seeds,.25,tsp
GF-REC-00174,,"Oil, sunflower",2.0,tsp,UK-17-045,Oil,2,tsp
GF-REC-00174,,Salt,0.5,tsp,UK-17-367,Salt,.5,tsp
GF-REC-00175,GF-ING-00119,Cauliflower (Brassica oleracea var. botrytis),100.0,g,D036,Cauliflower,100,g
GF-REC-00175,GF-ING-00256,"Chillies, green - all varieties (Capsicum annum)",3.33,g,G008,Green chilli,1,
GF-REC-00175,GF-ING-00258,Curry leaves (Murraya koenigii),1.0,sprig,G010,Curry leaves,1,sprig
GF-REC-00175,GF-ING-00260,"Garlic, small clove (Allium sativum)",0.63,g,G012,Garlic,1,cloves
GF-REC-00175,GF-ING-00265,"Onion, big (Allium cepa)",10.0,g,G017,Onion,10,g
GF-REC-00175,GF-ING-00270,"Chillies, red (Capsicum annum)",3.33,g,G022,Dry red chilli,1,
GF-REC-00175,GF-ING-00273,Cumin seeds (Cuminum cyminum),0.25,tsp,G025,Cumin seeds,.25,tsp
GF-REC-00175,GF-ING-00281,Turmeric powder (Curcuma domestica),0.125,tsp,G033,Turmeric powder,.125,tsp
GF-REC-00175,GF-ING-00288,"Coconut, kernel, fresh (Cocos nucifera)",20.0,g,H007,Fresh coconut grated,20,g
GF-REC-00175,GF-ING-00294,Mustard seeds (Brassica nigra),0.25,tsp,H013,Mustard seeds,.25,tsp
GF-REC-00175,,"Oil, sunflower",2.0,tsp,UK-17-045,Oil,2,tsp
GF-REC-00175,,Salt,0.5,tsp,UK-17-367,Salt,.5,tsp
GF-REC-00176,GF-ING-00064,"Cabbage, green (Brassica oleracea var. capitata f. alba)",100.0,g,C015,Cabbage,100,g
GF-REC-00176,GF-ING-00231,"Carrot, orange (Daucus carota)",50.0,g,F002,Carrot,50,g
GF-REC-00176,GF-ING-00256,"Chillies, green - all varieties (Capsicum annum)",3.33,g,G008,Green chilli,1,
GF-REC-00176,GF-ING-00258,Curry leaves (Murraya koenigii),1.0,sprig,G010,Curry leaves,1,sprig
GF-REC-00176,GF-ING-00260,"Garlic, small clove (Allium sativum)",0.63,g,G012,Garlic,1,cloves
GF-REC-00176,GF-ING-00265,"Onion, big (Allium cepa)",10.0,g,G017,Onion,10,g
GF-REC-00176,GF-ING-00270,"Chillies, red (Capsicum annum)",3.33,g,G022,Dry red chilli,1,
GF-REC-00176,GF-ING-00273,Cumin seeds (Cuminum cyminum),0.25,tsp,G025,Cumin seeds,.25,tsp
GF-REC-00176,GF-ING-00281,Turmeric powder (Curcuma domestica),0.125,tsp,G033,Turmeric powder,.125,tsp
GF-REC-00176,GF-ING-00288,"Coconut, kernel, fresh (Cocos nucifera)",20.0,g,H007,Fresh coconut grated,20,g
GF-REC-00176,GF-ING-00294,Mustard seeds (Brassica nigra),0.25,tsp,H013,Mustard seeds,.25,tsp
GF-REC-00176,,"Oil, sunflower",2.0,tsp,UK-17-045,Oil,2,tsp
GF-REC-00176,,Salt,0.5,tsp,UK-17-367,Salt,.5,tsp
GF-REC-00177,GF-ING-00256,"Chillies, green - all varieties (Capsicum annum)",3.33,g,G008,Green chilli,1,
GF-REC-00177,GF-ING-00258,Curry leaves (Murraya koenigii),1.0,sprig,G010,Curry leaves,1,sprig
GF-REC-00177,GF-ING-00260,"Garlic, small clove (Allium sativum)",0.63,g,G012,Garlic,1,cloves
GF-REC-00177,GF-ING-00265,"Onion, big (Allium cepa)",10.0,g,G017,Onion,10,g
GF-REC-00177,GF-ING-00270,"Chillies, red (Capsicum annum)",3.33,g,G022,Dry red chilli,1,
GF-REC-00177,GF-ING-00273,Cumin seeds (Cuminum cyminum),0.25,tsp,G025,Cumin seeds,.25,tsp
GF-REC-00177,GF-ING-00281,Turmeric powder (Curcuma domestica),0.125,tsp,G033,Turmeric powder,.125,tsp
GF-REC-00177,GF-ING-00288,"Coconut, kernel, fresh (Cocos nucifera)",20.0,g,H007,Fresh coconut grated,20,g
GF-REC-00177,GF-ING-00294,Mustard seeds (Brassica nigra),0.25,tsp,H013,Mustard seeds,.25,tsp
GF-REC-00177,,"Turnip, flesh only, raw",100.0,g,UK-13-389,Turnip,100,g
GF-REC-00177,,"Oil, sunflower",2.0,tsp,UK-17-045,Oil,2,tsp
GF-REC-00177,,Salt,0.5,tsp,UK-17-367,Salt,.5,tsp
GF-REC-00178,GF-ING-00142,"Papaya, raw (Carica papaya)",100.0,g,D059,Papaya,100,g
GF-REC-00178,GF-ING-00256,"Chillies, green - all varieties (Capsicum annum)",3.33,g,G008,Green chilli,1,
GF-REC-00178,GF-ING-00258,Curry leaves (Murraya koenigii),1.0,sprig,G010,Curry leaves,1,sprig
GF-REC-00178,GF-ING-00260,"Garlic, small clove (Allium sativum)",0.63,g,G012,Garlic,1,cloves
GF-REC-00178,GF-ING-00265,"Onion, big (Allium cepa)",10.0,g,G017,Onion,10,g
GF-REC-00178,GF-ING-00270,"Chillies, red (Capsicum annum)",3.33,g,G022,Dry red chilli,1,
GF-REC-00178,GF-ING-00273,Cumin seeds (Cuminum cyminum),0.25,tsp,G025,Cumin seeds,.25,tsp
GF-REC-00178,GF-ING-00281,Turmeric powder (Curcuma domestica),0.125,tsp,G033,Turmeric powder,.125,tsp
GF-REC-00178,GF-ING-00288,"Coconut, kernel, fresh (Cocos nucifera)",20.0,g,H007,Fresh coconut grated,20,g
GF-REC-00178,GF-ING-00294,Mustard seeds (Brassica nigra),0.25,tsp,H013,Mustard seeds,.25,tsp
GF-REC-00178,,"Oil, sunflower",2.0,tsp,UK-17-045,Oil,2,tsp
GF-REC-00178,,Salt,0.5,tsp,UK-17-367,Salt,.5,tsp
GF-REC-00179,GF-ING-00139,Ladies finger (Abelmoschus esculentus),100.0,g,D056,Bhindi,100,g
GF-REC-00179,GF-ING-00272,Coriander seeds (Coriandrum sativum),0.25,tsp,G024,Dhania powder,.25,tsp
GF-REC-00179,GF-ING-00281,Turmeric powder (Curcuma domestica),0.125,tsp,G033,Turmeric powder,.125,tsp
GF-REC-00179,,Garam masala,0.25,tsp,UK-13-829,Garam masala,1,pinch
GF-REC-00179,,Chilli powder,0.25,tsp,UK-13-873,Red chilli powder,.25,tsp
GF-REC-00179,,"Oil, sunflower",2.0,tsp,UK-17-045,Fat,2,tsp
GF-REC-00179,,Salt,0.25,tsp,UK-17-367,Salt,.25,tsp
GF-REC-00179,,"SIVA'S, AMHUR POWDER (DRY MANGO POWDER)",0.125,tsp,US-400113,Amchur,.125,tsp
GF-REC-00180,GF-ING-00156,"Tinda, tender (Praecitrullus fistulosus)",100.0,g,D073,Tindas,100,g
GF-REC-00180,GF-ING-00158,"Tomato, ripe, hybrid (Solanum lycopersicum)",75.0,g,D075,Tomato,75,g
GF-REC-00180,GF-ING-00257,Coriander leaves (Coriandrum sativum),1.0,sprig,G009,Coriander leaves,few,
GF-REC-00180,GF-ING-00262,"Ginger, fresh (Zingiber officinale)",5.0,g,G014,Ginger,5,g
GF-REC-00180,GF-ING-00265,"Onion, big (Allium cepa)",50.0,g,G017,Onion,50,g
GF-REC-00180,GF-ING-00272,Coriander seeds (Coriandrum sativum),0.25,tsp,G024,Coriander powder,.25,tsp
GF-REC-00180,GF-ING-00281,Turmeric powder (Curcuma domestica),0.125,tsp,G033,Haldi powder,.125,tsp
GF-REC-00180,,Garam masala,0.25,tsp,UK-13-829,Garam masala,.25,tsp
GF-REC-00180,,Chilli powder,0.25,tsp,UK-13-873,Red chilli powder,.25,tsp
GF-REC-00180,,"Oil, sunflower",1.0,tbsp,UK-17-045,Fat,1,tbsp
GF-REC-00180,,Salt,0.5,tsp,UK-17-367,Salt,.5,tsp
GF-REC-00181,GF-ING-00116,"Capsicum, green (Capsicum annuum)",100.0,g,D033,Capsicum,100,g
GF-REC-00181,GF-ING-00235,"Potato, brown skin, big (Solanum tuberosum)",100.0,g,F006,Potato,100,g
GF-REC-00181,GF-ING-00262,"Ginger, fresh (Zingiber officinale)",5.0,g,G014,Ginger,5,g
GF-REC-00181,GF-ING-00265,"Onion, big (Allium cepa)",30.0,g,G017,Onion,30,g
GF-REC-00181,,Garam masala,0.25,tsp,UK-13-829,Garam masala,.25,tsp
GF-REC-00181,,Chilli powder,0.25,tsp,UK-13-873,Red chilli powder,.25,tsp
GF-REC-00181,,"Oil, sunflower",1.0,tbsp,UK-17-045,Fat,1,tbsp
GF-REC-00181,,Salt,0.5,tsp,UK-17-367,Salt,.5,tsp
GF-REC-00181,,"SIVA'S, AMHUR POWDER (DRY MANGO POWDER)",0.25,tsp,US-400113,Amchur,.25,tsp
GF-REC-00182,GF-ING-00114,Brinjal - all varieties (Solanum melongena),100.0,g,D031,Brinjal,100,g
GF-REC-00182,GF-ING-00272,Coriander seeds (Coriandrum sativum),0.25,tsp,G024,Dhania powder,.25,tsp
GF-REC-00182,GF-ING-00281,Turmeric powder (Curcuma domestica),0.125,tsp,G033,Turmeric powder,.125,tsp
GF-REC-00182,,Garam masala,0.25,tsp,UK-13-829,Garam masala,1,pinch
GF-REC-00182,,Chilli powder,0.25,tsp,UK-13-873,Red chilli powder,.25,tsp
GF-REC-00182,,"Oil, sunflower",2.0,tsp,UK-17-045,Fat,2,tsp
GF-REC-00182,,Salt,0.25,tsp,UK-17-367,Salt,.25,tsp
GF-REC-00182,,"SIVA'S, AMHUR POWDER (DRY MANGO POWDER)",0.25,tsp,US-400113,Amchur,.25,tsp
GF-REC-00183,GF-ING-00144,"Peas, fresh (Pisum sativum)",30.0,g,D061,Peas,30,g
GF-REC-00183,GF-ING-00158,"Tomato, ripe, hybrid (Solanum lycopersicum)",150.0,g,D075,Tomato,2 (150),nos (g)
GF-REC-00183,GF-ING-00231,"Carrot, orange (Daucus carota)",20.0,g,F002,Carrot,20,g
GF-REC-00183,GF-ING-00235,"Potato, brown skin, big (Solanum tuberosum)",20.0,g,F006,Potato,20,g
GF-REC-00183,GF-ING-00257,Coriander leaves (Coriandrum sativum),1.0,sprig,G009,Coriander leaves,few,
GF-REC-00183,GF-ING-00265,"Onion, big (Allium cepa)",10.0,g,G017,Onion,10,g
GF-REC-00183,GF-ING-00313,Paneer,25.0,g,L003,Paneer,25,g
GF-REC-00183,,Garam masala,0.25,tsp,UK-13-829,Garam masala,.25,tsp
GF-REC-00183,,Chilli powder,0.25,tsp,UK-13-873,Red chilli powder,.25,tsp
GF-REC-00183,,"Oil, sunflower",1.0,tsp,UK-17-045,Fat,1,tsp
GF-REC-00183,,"Oil, sunflower",2.0,tsp,UK-17-045,Fat,2,tsp
GF-REC-00183,,Salt,0.5,tsp,UK-17-367,Salt,.5,tsp
GF-REC-00184,GF-ING-00144,"Peas, fresh (Pisum sativum)",100.0,g,D061,Peas (unshelled),100,g
GF-REC-00184,GF-ING-00158,"Tomato, ripe, hybrid (Solanum lycopersicum)",50.0,g,D075,Tomato,50,g
GF-REC-00184,GF-ING-00235,"Potato, brown skin, big (Solanum tuberosum)",50.0,g,F006,Potato,50,g
GF-REC-00184,GF-ING-00256,"Chillies, green - all varieties (Capsicum annum)",3.33,g,G008,Green chilli,1,
GF-REC-00184,GF-ING-00257,Coriander leaves (Coriandrum sativum),1.0,sprig,G009,Coriander leaves,few,
GF-REC-00184,GF-ING-00260,"Garlic, small clove (Allium sativum)",1.25,g,G012,Garlic,2,cloves
GF-REC-00184,GF-ING-00262,"Ginger, fresh (Zingiber officinale)",5.0,g,G014,Ginger,5,g
GF-REC-00184,GF-ING-00265,"Onion, big (Allium cepa)",50.0,g,G017,Onion,50,g
GF-REC-00184,GF-ING-00281,Turmeric powder (Curcuma domestica),0.125,tsp,G033,Turmeric powder,.125,tsp
GF-REC-00184,,Garam masala,0.25,tsp,UK-13-829,Garam masala,.25,tsp
GF-REC-00184,,Chilli powder,0.25,tsp,UK-13-873,Red chilli powder,.25,tsp
GF-REC-00184,,"Oil, sunflower",1.0,tbsp,UK-17-045,Fat,1,tbsp
GF-REC-00184,,Salt,0.5,tsp,UK-17-367,Salt,.5,tsp
GF-REC-00185,GF-ING-00144,"Peas, fresh (Pisum sativum)",100.0,g,D061,Peas (unshelled),100,g
GF-REC-00185,GF-ING-00158,"Tomato, ripe, hybrid (Solanum lycopersicum)",50.0,g,D075,Tomato,50,g
GF-REC-00185,GF-ING-00256,"Chillies, green - all varieties (Capsicum annum)",3.33,g,G008,Green chilli,1,
GF-REC-00185,GF-ING-00257,Coriander leaves (Coriandrum sativum),1.0,sprig,G009,Coriander leaves,few,
GF-REC-00185,GF-ING-00260,"Garlic, small clove (Allium sativum)",1.25,g,G012,Garlic,2,cloves
GF-REC-00185,GF-ING-00262,"Ginger, fresh (Zingiber officinale)",5.0,g,G014,Ginger,5,g
GF-REC-00185,GF-ING-00265,"Onion, big (Allium cepa)",50.0,g,G017,Onion,50,g
GF-REC-00185,GF-ING-00281,Turmeric powder (Curcuma domestica),0.125,tsp,G033,Turmeric powder,.125,tsp
GF-REC-00185,GF-ING-00313,Paneer,50.0,g,L003,Paneer,50,g
GF-REC-00185,,Garam masala,0.25,tsp,UK-13-829,Garam masala,.25,tsp
GF-REC-00185,,Chilli powder,0.25,tsp,UK-13-873,Red chilli powder,.25,tsp
GF-REC-00185,,"Oil, sunflower",1.0,tbsp,UK-17-045,Fat,1,tbsp
GF-REC-00185,,Salt,0.5,tsp,UK-17-367,Salt,.5,tsp
GF-REC-00186,GF-ING-00144,"Peas, fresh (Pisum sativum)",100.0,g,D061,Peas (unshelled),100,g
GF-REC-00186,GF-ING-00158,"Tomato, ripe, hybrid (Solanum lycopersicum)",50.0,g,D075,Tomato,50,g
GF-REC-00186,GF-ING-00256,"Chillies, green - all varieties (Capsicum annum)",3.33,g,G008,Green chilli,1,
GF-REC-00186,GF-ING-00257,Coriander leaves (Coriandrum sativum),1.0,sprig,G009,Coriander leaves,few,
GF-REC-00186,GF-ING-00260,"Garlic, small clove (Allium sativum)",1.25,g,G012,Garlic,2,cloves
GF-REC-00186,GF-ING-00262,"Ginger, fresh (Zingiber officinale)",5.0,g,G014,Ginger,5,g
GF-REC-00186,GF-ING-00265,"Onion, big (Allium cepa)",50.0,g,G017,Onion,50,g
GF-REC-00186,GF-ING-00281,Turmeric powder (Curcuma domestica),0.125,tsp,G033,Turmeric powder,.125,tsp
GF-REC-00186,GF-ING-00305,"Button mushroom, fresh (Agaricus sp.)",50.0,g,J001,Mushrooms,50,g
GF-REC-00186,,Garam masala,0.25,tsp,UK-13-829,Garam masala,.25,tsp
GF-REC-00186,,Chilli powder,0.25,tsp,UK-13-873,Red chilli powder,.25,tsp
GF-REC-00186,,"Oil, sunflower",1.0,tbsp,UK-17-045,Fat,1,tbsp
GF-REC-00186,,Salt,0.5,tsp,UK-17-367,Salt,.5,tsp
GF-REC-00187,GF-ING-00144,"Peas, fresh (Pisum sativum)",150.0,g,D061,Peas (unshelled),150,g
GF-REC-00187,GF-ING-00158,"Tomato, ripe, hybrid (Solanum lycopersicum)",50.0,g,D075,Tomato,50,g
GF-REC-00187,GF-ING-00256,"Chillies, green - all varieties (Capsicum annum)",3.33,g,G008,Green chilli,1,
GF-REC-00187,GF-ING-00257,Coriander leaves (Coriandrum sativum),1.0,sprig,G009,Coriander leaves,few,
GF-REC-00187,GF-ING-00260,"Garlic, small clove (Allium sativum)",1.25,g,G012,Garlic,2,cloves
GF-REC-00187,GF-ING-00262,"Ginger, fresh (Zingiber officinale)",5.0,g,G014,Ginger,5,g
GF-REC-00187,GF-ING-00265,"Onion, big (Allium cepa)",50.0,g,G017,Onion,50,g
GF-REC-00187,GF-ING-00281,Turmeric powder (Curcuma domestica),0.125,tsp,G033,Turmeric powder,.125,tsp
GF-REC-00187,,Garam masala,0.25,tsp,UK-13-829,Garam masala,.25,tsp
GF-REC-00187,,Chilli powder,0.25,tsp,UK-13-873,Red chilli powder,.25,tsp
GF-REC-00187,,"Oil, sunflower",1.0,tbsp,UK-17-045,Fat,1,tbsp
GF-REC-00187,,Salt,0.5,tsp,UK-17-367,Salt,.5,tsp
GF-REC-00188,GF-ING-00144,"Peas, fresh (Pisum sativum)",150.0,g,D061,Peas (unshelled),150,g
GF-REC-00188,GF-ING-00158,"Tomato, ripe, hybrid (Solanum lycopersicum)",50.0,g,D075,Tomato,50,g
GF-REC-00188,GF-ING-00256,"Chillies, green - all varieties (Capsicum annum)",3.33,g,G008,Green chilli,1,
GF-REC-00188,GF-ING-00257,Coriander leaves (Coriandrum sativum),1.0,sprig,G009,Coriander leaves,few,
GF-REC-00188,GF-ING-00260,"Garlic, small clove (Allium sativum)",1.25,g,G012,Garlic,2,cloves
GF-REC-00188,GF-ING-00262,"Ginger, fresh (Zingiber officinale)",5.0,g,G014,Ginger,5,g
GF-REC-00188,GF-ING-00265,"Onion, big (Allium cepa)",50.0,g,G017,Onion,50,g
GF-REC-00188,GF-ING-00281,Turmeric powder (Curcuma domestica),0.125,tsp,G033,Turmeric powder,.125,tsp
GF-REC-00188,,"Tofu, soya bean, steamed",10.0,g,UK-13-570,Vadi,10,g
GF-REC-00188,,Garam masala,0.25,tsp,UK-13-829,Garam masala,.25,tsp
GF-REC-00188,,Chilli powder,0.25,tsp,UK-13-873,Red chilli powder,.25,tsp
GF-REC-00188,,"Oil, sunflower",1.0,tbsp,UK-17-045,Fat,1,tbsp
GF-REC-00188,,Salt,0.5,tsp,UK-17-367,Salt,.5,tsp
GF-REC-00189,GF-ING-00158,"Tomato, ripe, hybrid (Solanum lycopersicum)",50.0,g,D075,Tomato,50,g
GF-REC-00189,GF-ING-00256,"Chillies, green - all varieties (Capsicum annum)",3.33,g,G008,Green chilli,1,
GF-REC-00189,GF-ING-00257,Coriander leaves (Coriandrum sativum),1.0,sprig,G009,Coriander leaves,few,
GF-REC-00189,GF-ING-00260,"Garlic, small clove (Allium sativum)",1.25,g,G012,Garlic,2,cloves
GF-REC-00189,GF-ING-00262,"Ginger, fresh (Zingiber officinale)",5.0,g,G014,Ginger,5,g
GF-REC-00189,GF-ING-00265,"Onion, big (Allium cepa)",50.0,g,G017,Onion,50,g
GF-REC-00189,GF-ING-00281,Turmeric powder (Curcuma domestica),0.125,tsp,G033,Turmeric powder,.125,tsp
GF-REC-00189,GF-ING-00313,Paneer,75.0,g,L003,Paneer,75,g
GF-REC-00189,,Garam masala,0.25,tsp,UK-13-829,Garam masala,.25,tsp
GF-REC-00189,,Chilli powder,0.25,tsp,UK-13-873,Red chilli powder,.25,tsp
GF-REC-00189,,"Oil, sunflower",1.0,tbsp,UK-17-045,Fat,1,tbsp
GF-REC-00189,,Salt,0.5,tsp,UK-17-367,Salt,.5,tsp
GF-REC-00190,GF-ING-00158,"Tomato, ripe, hybrid (Solanum lycopersicum)",50.0,g,D075,Tomato,50,g
GF-REC-00190,GF-ING-00234,Lotus root (Nelumbium nelumbo),75.0,g,F005,Kamal kakri,75,g
GF-REC-00190,GF-ING-00256,"Chillies, green - all varieties (Capsicum annum)",3.33,g,G008,Green chilli,1,
GF-REC-00190,GF-ING-00257,Coriander leaves (Coriandrum sativum),1.0,sprig,G009,Coriander leaves,few,
GF-REC-00190,GF-ING-00260,"Garlic, small clove (Allium sativum)",1.25,g,G012,Garlic,2,cloves
GF-REC-00190,GF-ING-00262,"Ginger, fresh (Zingiber officinale)",5.0,g,G014,Ginger,5,g
GF-REC-00190,GF-ING-00265,"Onion, big (Allium cepa)",50.0,g,G017,Onion,50,g
GF-REC-00190,GF-ING-00281,Turmeric powder (Curcuma domestica),0.125,tsp,G033,Turmeric powder,.125,tsp
GF-REC-00190,,Garam masala,0.25,tsp,UK-13-829,Garam masala,.25,tsp
GF-REC-00190,,Chilli powder,0.25,tsp,UK-13-873,Red chilli powder,.25,tsp
GF-REC-00190,,"Oil, sunflower",1.0,tbsp,UK-17-045,Fat,1,tbsp
GF-REC-00190,,Salt,0.5,tsp,UK-17-367,Salt,.5,tsp
GF-REC-00191,GF-ING-00158,"Tomato, ripe, hybrid (Solanum lycopersicum)",50.0,g,D075,Tomato,50,g
GF-REC-00191,GF-ING-00257,Coriander leaves (Coriandrum sativum),1.0,sprig,G009,Coriander leaves,few,
GF-REC-00191,GF-ING-00260,"Garlic, small clove (Allium sativum)",1.25,g,G012,Garlic,1 to 2,cloves
GF-REC-00191,GF-ING-00262,"Ginger, fresh (Zingiber officinale)",5.0,g,G014,Ginger,5,g
GF-REC-00191,GF-ING-00265,"Onion, big (Allium cepa)",50.0,g,G017,Onion,50,g
GF-REC-00191,GF-ING-00281,Turmeric powder (Curcuma domestica),0.25,tsp,G033,Haldi powder,.25,tsp
GF-REC-00191,,"Yogurt, whole milk, plain",1.0,tbsp,UK-12-184,Curds,1,tbsp
GF-REC-00191,,Garam masala,0.25,tsp,UK-13-829,Garam masala,.25,tsp
GF-REC-00191,,Chilli powder,0.25,tsp,UK-13-873,Red chilli powder,.25,tsp
GF-REC-00191,,"Oil, sunflower",1.0,tbsp,UK-17-045,Fat,1,tbsp
GF-REC-00191,,Salt,0.5,tsp,UK-17-367,Salt,.5,tsp
GF-REC-00192,GF-ING-00144,"Peas, fresh (Pisum sativum)",150.0,g,D061,Peas (unshelled),150,g
GF-REC-00192,GF-ING-00158,"Tomato, ripe, hybrid (Solanum lycopersicum)",50.0,g,D075,Tomato,50,g
GF-REC-00192,GF-ING-00257,Coriander leaves (Coriandrum sativum),1.0,sprig,G009,Coriander leaves,few,
GF-REC-00192,GF-ING-00260,"Garlic, small clove (Allium sativum)",1.25,g,G012,Garlic,1 to 2,cloves
GF-REC-00192,GF-ING-00262,"Ginger, fresh (Zingiber officinale)",5.0,g,G014,Ginger,5,g
GF-REC-00192,GF-ING-00265,"Onion, big (Allium cepa)",50.0,g,G017,Onion,50,g
GF-REC-00192,GF-ING-00281,Turmeric powder (Curcuma domestica),0.25,tsp,G033,Haldi powder,.25,tsp
GF-REC-00192,,"Flour, gram",10.0,g,UK-11-896,Besan,10,g
GF-REC-00192,,"Yogurt, whole milk, plain",1.0,tbsp,UK-12-184,Curds,1,tbsp
GF-REC-00192,,Garam masala,0.25,tsp,UK-13-829,Garam masala,1,pinch
GF-REC-00192,,Garam masala,0.25,tsp,UK-13-829,Garam masala,.25,tsp
GF-REC-00192,,Chilli powder,0.125,tsp,UK-13-873,Red chilli powder,.125,tsp
GF-REC-00192,,Chilli powder,0.25,tsp,UK-13-873,Red chilli powder,.25,tsp
GF-REC-00192,,"Oil, sunflower",1.0,tbsp,UK-17-045,Fat,1,tbsp
GF-REC-00192,,"Oil, sunflower",2.0,C,UK-17-045,Fat,for frying,
GF-REC-00192,,Salt,0.25,tsp,UK-17-367,Salt,.25,tsp
GF-REC-00192,,Salt,0.5,tsp,UK-17-367,Salt,.5,tsp
GF-REC-00193,GF-ING-00082,Spinach (Spinacia oleracea),150.0,g,C033,Spinach,150,g
GF-REC-00193,GF-ING-00158,"Tomato, ripe, hybrid (Solanum lycopersicum)",50.0,g,D075,Tomato,50,g
GF-REC-00193,GF-ING-00256,"Chillies, green - all varieties (Capsicum annum)",1.67,g,G008,Green chilli,.5,
GF-REC-00193,GF-ING-00257,Coriander leaves (Coriandrum sativum),1.0,sprig,G009,Coriander leaves,few,
GF-REC-00193,GF-ING-00260,"Garlic, small clove (Allium sativum)",1.25,g,G012,Garlic,1 to 2,cloves
GF-REC-00193,GF-ING-00262,"Ginger, fresh (Zingiber officinale)",5.0,g,G014,Ginger,5,g
GF-REC-00193,GF-ING-00265,"Onion, big (Allium cepa)",50.0,g,G017,Onion,50,g
GF-REC-00193,GF-ING-00281,Turmeric powder (Curcuma domestica),0.25,tsp,G033,Haldi powder,.25,tsp
GF-REC-00193,,"Bread, white, average",2.0,tsp,UK-11-1145,Bread crumbs,2,tsp
GF-REC-00193,,"Bread, white, average",30.0,g,UK-11-1145,Bread slice,1,
GF-REC-00193,,"Yogurt, whole milk, plain",1.0,tbsp,UK-12-184,Curds,1,tbsp
GF-REC-00193,,Garam masala,0.25,tsp,UK-13-829,Garam masala,1,pinch
GF-REC-00193,,Garam masala,0.25,tsp,UK-13-829,Garam masala,.25,tsp
GF-REC-00193,,Chilli powder,0.125,tsp,UK-13-873,Red chilli powder,.125,tsp
GF-REC-00193,,Chilli powder,0.25,tsp,UK-13-873,Red chilli powder,.25,tsp
GF-REC-00193,,"Oil, sunflower",1.0,tbsp,UK-17-045,Fat,1,tbsp
GF-REC-00193,,"Oil, sunflower",480.0,ml,UK-17-045,Fat,for frying,
GF-REC-00193,,Salt,0.25,tsp,UK-17-367,Salt,.25,tsp
GF-REC-00193,,Salt,0.5,tsp,UK-17-367,Salt,.5,tsp
GF-REC-00194,GF-ING-00158,"Tomato, ripe, hybrid (Solanum lycopersicum)",50.0,g,D075,Tomato,50,g
GF-REC-00194,GF-ING-00257,Coriander leaves (Coriandrum sativum),1.0,sprig,G009,Coriander leaves,few,
GF-REC-00194,GF-ING-00260,"Garlic, small clove (Allium sativum)",1.25,g,G012,Garlic,1 to 2,cloves
GF-REC-00194,GF-ING-00262,"Ginger, fresh (Zingiber officinale)",5.0,g,G014,Ginger,5,g
GF-REC-00194,GF-ING-00265,"Onion, big (Allium cepa)",50.0,g,G017,Onion,50,g
GF-REC-00194,GF-ING-00281,Turmeric powder (Curcuma domestica),0.25,tsp,G033,Haldi powder,.25,tsp
GF-REC-00194,GF-ING-00313,Paneer,75.0,g,L003,Paneer,75,g
GF-REC-00194,,"Flour, corn",2.0,tsp,UK-11-1045,Cornflour,2,tsp
GF-REC-00194,,"Yogurt, whole milk, plain",1.0,tbsp,UK-12-184,Curds,1,tbsp
GF-REC-00194,,Garam masala,0.25,tsp,UK-13-829,Garam masala,1,pinch
GF-REC-00194,,Garam masala,0.25,tsp,UK-13-829,Garam masala,.25,tsp
GF-REC-00194,,Chilli powder,0.125,tsp,UK-13-873,Red chilli powder,.125,tsp
GF-REC-00194,,Chilli powder,0.25,tsp,UK-13-873,Red chilli powder,.25,tsp
GF-REC-00194,,"Oil, sunflower",1.0,tbsp,UK-17-045,Fat,1,tbsp
GF-REC-00194,,"Oil, sunflower",480.0,ml,UK-17-045,Fat,for frying,
GF-REC-00194,,Salt,0.5,tsp,UK-17-367,Salt,.25,tsp
GF-REC-00194,,Salt,0.5,tsp,UK-17-367,Salt,.5,tsp
GF-REC-00195,GF-ING-00158,"Tomato, ripe, hybrid (Solanum lycopersicum)",50.0,g,D075,Tomato,50,g
GF-REC-00195,GF-ING-00234,Lotus root (Nelumbium nelumbo),75.0,g,F005,Kamal kakri,75,g
GF-REC-00195,GF-ING-00256,"Chillies, green - all varieties (Capsicum annum)",1.67,g,G008,Green chilli,.5,
GF-REC-00195,GF-ING-00257,Coriander leaves (Coriandrum sativum),1.0,sprig,G009,Coriander leaves,few,
GF-REC-00195,GF-ING-00260,"Garlic, small clove (Allium sativum)",1.25,g,G012,Garlic,1 to 2,cloves
GF-REC-00195,GF-ING-00262,"Ginger, fresh (Zingiber officinale)",5.0,g,G014,Ginger,5,g
GF-REC-00195,GF-ING-00265,"Onion, big (Allium cepa)",50.0,g,G017,Onion,50,g
GF-REC-00195,GF-ING-00281,Turmeric powder (Curcuma domestica),0.25,tsp,G033,Haldi powder,.25,tsp
GF-REC-00195,,"Bread, white, average",2.0,tsp,UK-11-1145,Bread crumbs,2,tsp
GF-REC-00195,,"Bread, white, average",30.0,g,UK-11-1145,Bread slice,1,
GF-REC-00195,,"Yogurt, whole milk, plain",1.0,tbsp,UK-12-184,Curds,1,tbsp
GF-REC-00195,,Garam masala,0.25,tsp,UK-13-829,Garam masala,1,pinch
GF-REC-00195,,Garam masala,0.25,tsp,UK-13-829,Garam masala,.25,tsp
GF-REC-00195,,Chilli powder,0.125,tsp,UK-13-873,Red chilli powder,.125,tsp
GF-REC-00195,,Chilli powder,0.25,tsp,UK-13-873,Red chilli powder,.25,tsp
GF-REC-00195,,"Oil, sunflower",1.0,tbsp,UK-17-045,Fat,1,tbsp
GF-REC-00195,,"Oil, sunflower",480.0,ml,UK-17-045,Fat,for frying,
GF-REC-00195,,Salt,0.25,tsp,UK-17-367,Salt,.25,tsp
GF-REC-00195,,Salt,0.5,tsp,UK-17-367,Salt,.5,tsp
GF-REC-00196,GF-ING-00158,"Tomato, ripe, hybrid (Solanum lycopersicum)",50.0,g,D075,Tomato,50,g
GF-REC-00196,GF-ING-00256,"Chillies, green - all varieties (Capsicum annum)",1.67,g,G008,Green chilli,.5,
GF-REC-00196,GF-ING-00257,Coriander leaves (Coriandrum sativum),1.0,sprig,G009,Coriander leaves,few,
GF-REC-00196,GF-ING-00260,"Garlic, small clove (Allium sativum)",1.25,g,G012,Garlic,1 to 2,cloves
GF-REC-00196,GF-ING-00262,"Ginger, fresh (Zingiber officinale)",5.0,g,G014,Ginger,5,g
GF-REC-00196,GF-ING-00265,"Onion, big (Allium cepa)",50.0,g,G017,Onion,50,g
GF-REC-00196,GF-ING-00281,Turmeric powder (Curcuma domestica),0.25,tsp,G033,Haldi powder,.25,tsp
GF-REC-00196,,"Flour, gram",2.0,tsp,UK-11-896,Besan,2,tsp
GF-REC-00196,,"Yogurt, whole milk, plain",1.0,tbsp,UK-12-184,Curds,1,tbsp
GF-REC-00196,,Garam masala,0.25,tsp,UK-13-829,Garam masala,1,pinch
GF-REC-00196,,Garam masala,0.25,tsp,UK-13-829,Garam masala,.25,tsp
GF-REC-00196,,Chilli powder,0.125,tsp,UK-13-873,Red chilli powder,.125,tsp
GF-REC-00196,,Chilli powder,0.25,tsp,UK-13-873,Red chilli powder,.25,tsp
GF-REC-00196,,"Bananas, raw, flesh only, weighed with skin",100.0,g,UK-14-347,Raw banana,100,g
GF-REC-00196,,"Oil, sunflower",1.0,tbsp,UK-17-045,Fat,1,tbsp
GF-REC-00196,,"Oil, sunflower",480.0,ml,UK-17-045,Fat,for frying,
GF-REC-00196,,Salt,0.25,tsp,UK-17-367,Salt,.25,tsp
GF-REC-00196,,Salt,0.5,tsp,UK-17-367,Salt,.5,tsp
GF-REC-00197,GF-ING-00119,Cauliflower (Brassica oleracea var. botrytis),75.0,g,D036,Cauliflower,75,g
GF-REC-00197,GF-ING-00158,"Tomato, ripe, hybrid (Solanum lycopersicum)",50.0,g,D075,Tomato,50,g
GF-REC-00197,GF-ING-00256,"Chillies, green - all varieties (Capsicum annum)",1.67,g,G008,Green chilli,.5,
GF-REC-00197,GF-ING-00257,Coriander leaves (Coriandrum sativum),1.0,sprig,G009,Coriander leaves,few,
GF-REC-00197,GF-ING-00260,"Garlic, small clove (Allium sativum)",1.25,g,G012,Garlic,1 to 2,cloves
GF-REC-00197,GF-ING-00262,"Ginger, fresh (Zingiber officinale)",5.0,g,G014,Ginger,5,g
GF-REC-00197,GF-ING-00265,"Onion, big (Allium cepa)",50.0,g,G017,Onion,50,g
GF-REC-00197,GF-ING-00281,Turmeric powder (Curcuma domestica),0.25,tsp,G033,Haldi powder,.25,tsp
GF-REC-00197,,"Flour, gram",2.0,tbsp,UK-11-896,Besan,2,tsp
GF-REC-00197,,"Yogurt, whole milk, plain",1.0,tbsp,UK-12-184,Curds,1,tbsp
GF-REC-00197,,Garam masala,0.25,tsp,UK-13-829,Garam masala,1,pinch
GF-REC-00197,,Garam masala,0.25,tsp,UK-13-829,Garam masala,.25,tsp
GF-REC-00197,,Chilli powder,0.125,tsp,UK-13-873,Red chilli powder,.125,tsp
GF-REC-00197,,Chilli powder,0.25,tsp,UK-13-873,Red chilli powder,.25,tsp
GF-REC-00197,,"Oil, sunflower",1.0,tbsp,UK-17-045,Fat,1,tbsp
GF-REC-00197,,"Oil, sunflower",480.0,ml,UK-17-045,Fat,for frying,
GF-REC-00197,,Salt,0.25,tsp,UK-17-367,Salt,.25,tsp
GF-REC-00197,,Salt,0.5,tsp,UK-17-367,Salt,.5,tsp
GF-REC-00198,GF-ING-00064,"Cabbage, green (Brassica oleracea var. capitata f. alba)",75.0,g,C015,Cabbage,75,g
GF-REC-00198,GF-ING-00158,"Tomato, ripe, hybrid (Solanum lycopersicum)",50.0,g,D075,Tomato,50,g
GF-REC-00198,GF-ING-00256,"Chillies, green - all varieties (Capsicum annum)",1.67,g,G008,Green chilli,.5,
GF-REC-00198,GF-ING-00257,Coriander leaves (Coriandrum sativum),1.0,sprig,G009,Coriander leaves,few,
GF-REC-00198,GF-ING-00260,"Garlic, small clove (Allium sativum)",1.25,g,G012,Garlic,1 to 2,cloves
GF-REC-00198,GF-ING-00262,"Ginger, fresh (Zingiber officinale)",5.0,g,G014,Ginger,5,g
GF-REC-00198,GF-ING-00265,"Onion, big (Allium cepa)",50.0,g,G017,Onion,50,g
GF-REC-00198,GF-ING-00281,Turmeric powder (Curcuma domestica),0.25,tsp,G033,Haldi powder,.25,tsp
GF-REC-00198,,"Bread, white, average",1.0,tsp,UK-11-1145,Bread crumbs,1,tsp
GF-REC-00198,,"Flour, gram",2.0,tbsp,UK-11-896,Besan,2,tsp
GF-REC-00198,,"Yogurt, whole milk, plain",1.0,tbsp,UK-12-184,Curds,1,tbsp
GF-REC-00198,,Garam masala,0.25,tsp,UK-13-829,Garam masala,1,pinch
GF-REC-00198,,Garam masala,0.25,tsp,UK-13-829,Garam masala,.25,tsp
GF-REC-00198,,Chilli powder,0.125,tsp,UK-13-873,Red chilli powder,.125,tsp
GF-REC-00198,,Chilli powder,0.25,tsp,UK-13-873,Red chilli powder,.25,tsp
GF-REC-00198,,"Oil, sunflower",1.0,tbsp,UK-17-045,Fat,1,tbsp
GF-REC-00198,,"Oil, sunflower",480.0,ml,UK-17-045,Fat,for frying,
GF-REC-00198,,Salt,0.25,tsp,UK-17-367,Salt,.25,tsp
GF-REC-00198,,Salt,0.5,tsp,UK-17-367,Salt,.5,tsp
GF-REC-00199,GF-ING-00090,"Bottle gourd, elongate, pale green (Lagenaria vulgaris)",75.0,g,D007,Ghia,75,g
GF-REC-00199,GF-ING-00158,"Tomato, ripe, hybrid (Solanum lycopersicum)",50.0,g,D075,Tomato,50,g
GF-REC-00199,GF-ING-00256,"Chillies, green - all varieties (Capsicum annum)",1.67,g,G008,Green chilli,.5,
GF-REC-00199,GF-ING-00257,Coriander leaves (Coriandrum sativum),1.0,sprig,G009,Coriander leaves,few,
GF-REC-00199,GF-ING-00260,"Garlic, small clove (Allium sativum)",1.25,g,G012,Garlic,1 to 2,cloves
GF-REC-00199,GF-ING-00262,"Ginger, fresh (Zingiber officinale)",5.0,g,G014,Ginger,5,g
GF-REC-00199,GF-ING-00265,"Onion, big (Allium cepa)",50.0,g,G017,Onion,50,g
GF-REC-00199,GF-ING-00281,Turmeric powder (Curcuma domestica),0.25,tsp,G033,Haldi powder,.25,tsp
GF-REC-00199,,"Bread, white, average",1.0,tsp,UK-11-1145,Bread crumbs,1,tsp
GF-REC-00199,,"Flour, gram",2.0,tbsp,UK-11-896,Besan,2,tsp
GF-REC-00199,,"Yogurt, whole milk, plain",1.0,tbsp,UK-12-184,Curds,1,tbsp
GF-REC-00199,,Garam masala,0.25,tsp,UK-13-829,Garam masala,1,pinch
GF-REC-00199,,Garam masala,0.25,tsp,UK-13-829,Garam masala,.25,tsp
GF-REC-00199,,Chilli powder,0.125,tsp,UK-13-873,Red chilli powder,.125,tsp
GF-REC-00199,,Chilli powder,0.25,tsp,UK-13-873,Red chilli powder,.25,tsp
GF-REC-00199,,"Oil, sunflower",1.0,tbsp,UK-17-045,Fat,1,tbsp
GF-REC-00199,,"Oil, sunflower",480.0,ml,UK-17-045,Fat,for frying,
GF-REC-00199,,Salt,0.25,tsp,UK-17-367,Salt,.25,tsp
GF-REC-00199,,Salt,0.5,tsp,UK-17-367,Salt,.5,tsp
GF-REC-00200,GF-ING-00082,Spinach (Spinacia oleracea),100.0,g,C033,Spinach,100,g
GF-REC-00200,GF-ING-00158,"Tomato, ripe, hybrid (Solanum lycopersicum)",50.0,g,D075,Tomato,50,g
GF-REC-00200,GF-ING-00257,Coriander leaves (Coriandrum sativum),1.0,sprig,G009,Coriander leaves,few,
GF-REC-00200,GF-ING-00260,"Garlic, small clove (Allium sativum)",1.25,g,G012,Garlic,1 to 2,cloves
GF-REC-00200,GF-ING-00262,"Ginger, fresh (Zingiber officinale)",5.0,g,G014,Ginger,5,g
GF-REC-00200,GF-ING-00265,"Onion, big (Allium cepa)",50.0,g,G017,Onion,50,g
GF-REC-00200,GF-ING-00281,Turmeric powder (Curcuma domestica),0.25,tsp,G033,Haldi powder,.25,tsp
GF-REC-00200,GF-ING-00313,Paneer,25.0,g,L003,Paneer,25,g
GF-REC-00200,,"Bread, white, average",1.0,tsp,UK-11-1145,Bread crumbs,1,tsp
GF-REC-00200,,"Bread, white, average",15.0,g,UK-11-1145,Bread slice,.5,
GF-REC-00200,,"Yogurt, whole milk, plain",1.0,tbsp,UK-12-184,Curds,1,tbsp
GF-REC-00200,,Garam masala,0.25,tsp,UK-13-829,Garam masala,1,pinch
GF-REC-00200,,Garam masala,0.25,tsp,UK-13-829,Garam masala,.25,tsp
GF-REC-00200,,Chilli powder,0.125,tsp,UK-13-873,Red chilli powder,.125,tsp
GF-REC-00200,,Chilli powder,0.25,tsp,UK-13-873,Red chilli powder,.25,tsp
GF-REC-00200,,"Oil, sunflower",1.0,tbsp,UK-17-045,Fat,1,tbsp
GF-REC-00200,,"Oil, sunflower",480.0,ml,UK-17-045,Fat,for frying,
GF-REC-00200,,Salt,0.25,tsp,UK-17-367,Salt,.25,tsp
GF-REC-00200,,Salt,0.5,tsp,UK-17-367,Salt,.5,tsp
GF-REC-00201,GF-ING-00158,"Tomato, ripe, hybrid (Solanum lycopersicum)",50.0,g,D075,Tomato,50,g
GF-REC-00201,GF-ING-00235,"Potato, brown skin, big (Solanum tuberosum)",80.0,g,F006,Potato,80,g
GF-REC-00201,GF-ING-00257,Coriander leaves (Coriandrum sativum),1.0,sprig,G009,Coriander leaves,few,
GF-REC-00201,GF-ING-00260,"Garlic, small clove (Allium sativum)",1.25,g,G012,Garlic,1 to 2,cloves
GF-REC-00201,GF-ING-00262,"Ginger, fresh (Zingiber officinale)",5.0,g,G014,Ginger,5,g
GF-REC-00201,GF-ING-00265,"Onion, big (Allium cepa)",50.0,g,G017,Onion,50,g
GF-REC-00201,GF-ING-00281,Turmeric powder (Curcuma domestica),0.25,tsp,G033,Haldi powder,1,pinch
GF-REC-00201,GF-ING-00281,Turmeric powder (Curcuma domestica),0.25,tsp,G033,Haldi powder,.25,tsp
GF-REC-00201,GF-ING-00313,Paneer,25.0,g,L003,Paneer,25,g
GF-REC-00201,,"Bread, white, average",15.0,g,UK-11-1145,Bread slice,.5,
GF-REC-00201,,"Yogurt, whole milk, plain",1.0,tbsp,UK-12-184,Curds,1,tbsp
GF-REC-00201,,Garam masala,0.25,tsp,UK-13-829,Garam masala,1,pinch
GF-REC-00201,,Garam masala,0.25,tsp,UK-13-829,Garam masala,.25,tsp
GF-REC-00201,,Chilli powder,0.125,tsp,UK-13-873,Red chilli powder,.125,tsp
GF-REC-00201,,Chilli powder,0.25,tsp,UK-13-873,Red chilli powder,.25,tsp
GF-REC-00201,,"Oil, sunflower",1.0,tbsp,UK-17-045,Fat,1,tbsp
GF-REC-00201,,"Oil, sunflower",480.0,ml,UK-17-045,Fat,for frying,
GF-REC-00201,,Salt,0.25,tsp,UK-17-367,Salt,.25,tsp
GF-REC-00201,,Salt,0.5,tsp,UK-17-367,Salt,.5,tsp
GF-REC-00202,GF-ING-00119,Cauliflower (Brassica oleracea var. botrytis),50.0,g,D036,Cauliflower,50,g
GF-REC-00202,GF-ING-00133,"French beans, hybrid (Phaseolus vulgaris)",50.0,g,D050,Beans,50,g
GF-REC-00202,GF-ING-00144,"Peas, fresh (Pisum sativum)",100.0,g,D061,Peas (unshelled),100,g
GF-REC-00202,GF-ING-00158,"Tomato, ripe, hybrid (Solanum lycopersicum)",50.0,g,D075,Tomato,50,g
GF-REC-00202,GF-ING-00231,"Carrot, orange (Daucus carota)",50.0,g,F002,Carrots,50,g
GF-REC-00202,GF-ING-00235,"Potato, brown skin, big (Solanum tuberosum)",50.0,g,F006,Potato,50,g
GF-REC-00202,GF-ING-00312,"Milk, whole, Cow",200.0,ml,L002,Milk,200,ml
GF-REC-00202,,"Flour, corn",15.0,g,UK-11-1045,Cornflour,15,g
GF-REC-00202,,"Cheese, processed, plain",25.0,g,UK-12-527,Processed cheese,25,g
GF-REC-00202,,"Pepper, white",0.25,tsp,UK-13-881,White pepper,.25,tsp
GF-REC-00202,,Salt,0.5,tsp,UK-17-367,Salt,.5,tsp
GF-REC-00202,,"Butter, unsalted",1.0,tbsp,UK-17-661,Butter,1,tbsp
GF-REC-00203,GF-ING-00119,Cauliflower (Brassica oleracea var. botrytis),250.0,g,D036,Cauliflower,250,g
GF-REC-00203,GF-ING-00158,"Tomato, ripe, hybrid (Solanum lycopersicum)",75.0,g,D075,Tomato,75,g
GF-REC-00203,GF-ING-00257,Coriander leaves (Coriandrum sativum),1.0,sprig,G009,Coriander leaves,few,
GF-REC-00203,GF-ING-00260,"Garlic, small clove (Allium sativum)",2.2,g,G012,Garlic,3 to 4,cloves
GF-REC-00203,GF-ING-00262,"Ginger, fresh (Zingiber officinale)",5.0,g,G014,Ginger,5,g
GF-REC-00203,GF-ING-00265,"Onion, big (Allium cepa)",75.0,g,G017,Onion,75,g
GF-REC-00203,GF-ING-00281,Turmeric powder (Curcuma domestica),0.125,tsp,G033,Haldi powder,.125,tsp
GF-REC-00203,,"Bread, white, average",1.0,tbsp,UK-11-1145,Bread crumbs,1,tbsp
GF-REC-00203,,Garam masala,0.25,tsp,UK-13-829,Garam masala,.25,tsp
GF-REC-00203,,Chilli powder,0.25,tsp,UK-13-873,Red chilli powder,.25,tsp
GF-REC-00203,,"Oil, sunflower",1.0,tbsp,UK-17-045,Fat,1,tbsp
GF-REC-00203,,Salt,0.5,tsp,UK-17-367,Salt,.5,tsp
GF-REC-00204,GF-ING-00082,Spinach (Spinacia oleracea),200.0,g,C033,Spinach,200,g
GF-REC-00204,GF-ING-00119,Cauliflower (Brassica oleracea var. botrytis),50.0,g,D036,Cauliflower,50,g
GF-REC-00204,GF-ING-00133,"French beans, hybrid (Phaseolus vulgaris)",50.0,g,D050,Beans,50,g
GF-REC-00204,GF-ING-00144,"Peas, fresh (Pisum sativum)",100.0,g,D061,Peas (unshelled),100,g
GF-REC-00204,GF-ING-00158,"Tomato, ripe, hybrid (Solanum lycopersicum)",50.0,g,D075,Tomato,50,g
GF-REC-00204,GF-ING-00231,"Carrot, orange (Daucus carota)",50.0,g,F002,Carrots,50,g
GF-REC-00204,GF-ING-00235,"Potato, brown skin, big (Solanum tuberosum)",50.0,g,F006,Potato,50,g
GF-REC-00204,GF-ING-00256,"Chillies, green - all varieties (Capsicum annum)",1.67,g,G008,Green chilli,.5,
GF-REC-00204,GF-ING-00265,"Onion, big (Allium cepa)",25.0,g,G017,Onion,25,g
GF-REC-00204,GF-ING-00279,"Pepper, black (Piper nigrum)",0.125,tsp,G031,Pepper,.125,tsp
GF-REC-00204,GF-ING-00279,"Pepper, black (Piper nigrum)",0.25,tsp,G031,Pepper,.25,tsp
GF-REC-00204,GF-ING-00312,"Milk, whole, Cow",200.0,ml,L002,Milk,200,ml
GF-REC-00204,,"Flour, corn",0.25,tsp,UK-11-1045,Cornflour,.25,tsp
GF-REC-00204,,"Flour, corn",15.0,g,UK-11-1045,Cornflour,15,g
GF-REC-00204,,"Cream, fresh, single",10.0,ml,UK-12-332,Fresh cream,10,ml
GF-REC-00204,,"Cheese, processed, plain",10.0,g,UK-12-527,Cheese,10,g
GF-REC-00204,,"Cheese, processed, plain",15.0,g,UK-12-527,Cheese,15,g
GF-REC-00204,,"Oil, sunflower",1.0,tsp,UK-17-045,Fat,1,tsp
GF-REC-00204,,Salt,0.25,tsp,UK-17-367,Salt,.25,tsp
GF-REC-00204,,Salt,0.5,tsp,UK-17-367,Salt,.5,tsp
GF-REC-00204,,"Butter, unsalted",1.0,tbsp,UK-17-661,Butter,1,tbsp
GF-REC-00205,GF-ING-00235,"Potato, brown skin, big (Solanum tuberosum)",100.0,g,F006,Potato,100,g
GF-REC-00205,GF-ING-00279,"Pepper, black (Piper nigrum)",0.25,tsp,G031,Pepper,.25,tsp
GF-REC-00205,GF-ING-00312,"Milk, whole, Cow",2.0,tbsp,L002,Milk,2,tbsp
GF-REC-00205,,"Cheese, processed, plain",15.0,g,UK-12-527,Cheese,15,g
GF-REC-00205,,Mustard powder,0.125,tsp,UK-17-362,Mustard powder,.125,tsp
GF-REC-00205,,Salt,0.5,tsp,UK-17-367,Salt,.5,tsp
GF-REC-00205,,"Butter, unsalted",10.0,g,UK-17-661,Butter,10,g
GF-REC-00206,GF-ING-00144,"Peas, fresh (Pisum sativum)",100.0,g,D061,Peas (unshelled),100,g
GF-REC-00206,GF-ING-00235,"Potato, brown skin, big (Solanum tuberosum)",250.0,g,F006,Potato,250,g
GF-REC-00206,GF-ING-00256,"Chillies, green - all varieties (Capsicum annum)",3.33,g,G008,Green chilli,1,
GF-REC-00206,GF-ING-00265,"Onion, big (Allium cepa)",50.0,g,G017,Onion,50,g
GF-REC-00206,GF-ING-00312,"Milk, whole, Cow",30.0,ml,L002,Milk,30,ml
GF-REC-00206,GF-ING-00313,Paneer,75.0,g,L003,Paneer,75,g
GF-REC-00206,,Garam masala,0.125,tsp,UK-13-829,Garam masala,.125,tsp
GF-REC-00206,,Chilli powder,0.125,tsp,UK-13-873,Red chilli powder,.125,tsp
GF-REC-00206,,"Oil, sunflower",1.0,tsp,UK-17-045,Fat,1,tsp
GF-REC-00206,,Salt,0.25,tsp,UK-17-367,Salt,.25,tsp
GF-REC-00206,,Salt,0.5,tsp,UK-17-367,Salt,.5,tsp
GF-REC-00206,,"Butter, unsalted",1.0,tbsp,UK-17-661,Butter,1,tbsp
GF-REC-00206,,"Butter, unsalted",1.0,tbsp,UK-17-661,Butter,1,tbsp
GF-REC-00207,GF-ING-00114,Brinjal - all varieties (Solanum melongena),250.0,g,D031,Brinjal,250,g
GF-REC-00207,GF-ING-00158,"Tomato, ripe, hybrid (Solanum lycopersicum)",500.0,g,D075,Tomato,500,g
GF-REC-00207,GF-ING-00260,"Garlic, small clove (Allium sativum)",1.25,g,G012,Garlic,2,cloves
GF-REC-00207,GF-ING-00265,"Onion, big (Allium cepa)",75.0,g,G017,Onion,75,g
GF-REC-00207,GF-ING-00313,Paneer,25.0,g,L003,Cottage cheese,25,g
GF-REC-00207,,Chilli powder,0.25,tsp,UK-13-873,Red chilli powder,.25,tsp
GF-REC-00207,,"Oil, sunflower",2.0,tsp,UK-17-045,Fat,2,tsp
GF-REC-00207,,Salt,0.25,tsp,UK-17-367,Salt,.25,tsp
GF-REC-00207,,Salt,0.5,tsp,UK-17-367,Salt,.5,tsp
GF-REC-00207,,AJWAIN SEED WHOLE ORGANIC SPICES,0.25,tsp,US-806341,Ajwain,.25,tsp
GF-REC-00208,GF-ING-00235,"Potato, brown skin, big (Solanum tuberosum)",100.0,g,F006,Potato,100,g
GF-REC-00208,GF-ING-00256,"Chillies, green - all varieties (Capsicum annum)",3.33,g,G008,Green chilli,1,
GF-REC-00208,GF-ING-00257,Coriander leaves (Coriandrum sativum),1.0,sprig,G009,Coriander leaves,1,sprig
GF-REC-00208,GF-ING-00260,"Garlic, small clove (Allium sativum)",1.25,g,G012,Garlic,2,flakes
GF-REC-00208,GF-ING-00265,"Onion, big (Allium cepa)",30.0,g,G017,Onion,30,g
GF-REC-00208,GF-ING-00269,"Cardamom, black (Elettaria cardamomum)",0.25,tsp,G021,Black cardamom,1,small
GF-REC-00208,GF-ING-00271,Cloves (Syzygium aromaticum),0.25,tsp,G023,Clove,1,
GF-REC-00208,GF-ING-00272,Coriander seeds (Coriandrum sativum),0.25,tsp,G024,Coriander seeds,.25,tsp
GF-REC-00208,GF-ING-00273,Cumin seeds (Cuminum cyminum),0.25,tsp,G025,Cumin seeds,.25,tsp
GF-REC-00208,GF-ING-00276,Nutmeg (Myristica fragrans),0.25,tsp,G028,Grated nutmeg,1,pinch
GF-REC-00208,GF-ING-00279,"Pepper, black (Piper nigrum)",0.5,tsp,G031,Pepper corns,2,
GF-REC-00208,GF-ING-00280,Poppy seeds (Papaver somniferum),0.25,tsp,G032,Poppy seeds,.25,tsp
GF-REC-00208,GF-ING-00281,Turmeric powder (Curcuma domestica),0.25,tsp,G033,Turmeric powder,.25,tsp
GF-REC-00208,GF-ING-00287,"Coconut, kernal, dry (Cocos nucifera)",1.0,tsp,H006,Dessicated coconut,1,tsp
GF-REC-00208,,"Yogurt, whole milk, plain",30.0,g,UK-12-184,Curds,30,g
GF-REC-00208,,Garam masala,0.25,tsp,UK-13-829,Garam masala,.25,tsp
GF-REC-00208,,Chilli powder,0.25,tsp,UK-13-873,Red chilli powder,.25,tsp
GF-REC-00208,,"Oil, sunflower",1.0,tbsp,UK-17-045,Fat,1,tbsp
GF-REC-00208,,"Oil, sunflower",480.0,ml,UK-17-045,Fat,for frying,
GF-REC-00208,,Salt,0.5,tsp,UK-17-367,Salt,.5,tsp
GF-REC-00208,,Salt,1.0,tsp,UK-17-367,Salt,1,tsp
GF-REC-00209,GF-ING-00082,Spinach (Spinacia oleracea),150.0,g,C033,Spinach,150,g
GF-REC-00209,GF-ING-00158,"Tomato, ripe, hybrid (Solanum lycopersicum)",50.0,g,D075,Tomato,50,g
GF-REC-00209,GF-ING-00260,"Garlic, small clove (Allium sativum)",1.25,g,G012,Garlic,2,flakes
GF-REC-00209,GF-ING-00262,"Ginger, fresh (Zingiber officinale)",5.0,g,G014,Ginger,5,g
GF-REC-00209,GF-ING-00265,"Onion, big (Allium cepa)",25.0,g,G017,Onion,25,g
GF-REC-00209,GF-ING-00273,Cumin seeds (Cuminum cyminum),0.25,tsp,G025,Cumin seeds,.25,tsp
GF-REC-00209,GF-ING-00313,Paneer,40.0,g,L003,Paneer,40,g
GF-REC-00209,,Garam masala,0.25,tsp,UK-13-829,Garam masala,.25,tsp
GF-REC-00209,,Chilli powder,0.25,tsp,UK-13-873,Red chilli powder,.25,tsp
GF-REC-00209,,"Oil, sunflower",0.5,tbsp,UK-17-045,Fat,.5,tbsp
GF-REC-00209,,Salt,0.5,tsp,UK-17-367,Salt,.5,tsp
GF-REC-00209,,"Water, distilled",1.0,tbsp,UK-17-377,Water,1,tbsp
GF-REC-00210,,Tartaric acid,0.25,tsp,,Tartaric acid,1,pinch
GF-REC-00210,GF-ING-00069,Fenugreek leaves (Trigonella foenum graecum),50.0,g,C020,Methi,50,g
GF-REC-00210,GF-ING-00082,Spinach (Spinacia oleracea),50.0,g,C033,Spinach,50,g
GF-REC-00210,GF-ING-00235,"Potato, brown skin, big (Solanum tuberosum)",50.0,g,F006,Potato,50,g
GF-REC-00210,GF-ING-00262,"Ginger, fresh (Zingiber officinale)",5.0,g,G014,Shredded ginger,5,g
GF-REC-00210,GF-ING-00272,Coriander seeds (Coriandrum sativum),0.25,tsp,G024,Coriander powder,.25,tsp
GF-REC-00210,GF-ING-00281,Turmeric powder (Curcuma domestica),0.25,tsp,G033,Turmeric powder,1,pinch
GF-REC-00210,GF-ING-00312,"Milk, whole, Cow",350.0,ml,L002,Milk,350,ml
GF-REC-00210,,Garam masala,0.25,tsp,UK-13-829,Garam masala,.25,tsp
GF-REC-00210,,Chilli powder,0.25,tsp,UK-13-873,Red chilli powder,.25,tsp
GF-REC-00210,,"Oil, sunflower",1.0,tbsp,UK-17-045,Fat,1,tbsp
GF-REC-00210,,"Oil, sunflower",480.0,ml,UK-17-045,Fat,for frying,
GF-REC-00210,,Salt,0.5,tsp,UK-17-367,Salt,.5,tsp
GF-REC-00211,GF-ING-00006,"Maize, dry (Zea mays)",10.0,g,A006,Maize atta,10,g
GF-REC-00211,GF-ING-00057,Bathua leaves (Chenopodium album),20.0,g,C008,Bathua,20,g
GF-REC-00211,GF-ING-00075,Mustard leaves (Brassica juncea),150.0,g,C026,Mustard leaves,150,g
GF-REC-00211,GF-ING-00082,Spinach (Spinacia oleracea),50.0,g,C033,Spinach,50,g
GF-REC-00211,GF-ING-00256,"Chillies, green - all varieties (Capsicum annum)",1.67,g,G008,Green chilli,.5,
GF-REC-00211,GF-ING-00256,"Chillies, green - all varieties (Capsicum annum)",1.67,g,G008,Green chilli,.5,
GF-REC-00211,GF-ING-00260,"Garlic, small clove (Allium sativum)",1.25,g,G012,Garlic,2,flakes
GF-REC-00211,GF-ING-00262,"Ginger, fresh (Zingiber officinale)",6.33,g,G014,Ginger,.5,inch
GF-REC-00211,GF-ING-00265,"Onion, big (Allium cepa)",25.0,g,G017,Onion,25,g
GF-REC-00211,,Chilli powder,0.25,tsp,UK-13-873,Red chilli powder,.25,tsp
GF-REC-00211,,Salt,0.5,tsp,UK-17-367,Salt,.5,tsp
GF-REC-00211,,"Ghee, butter",1.0,tbsp,UK-17-640,Desi ghee,1,tbsp
GF-REC-00211,,"Butter, unsalted",0.5,tsp,UK-17-661,White butter,.5,tsp
GF-REC-00212,GF-ING-00158,"Tomato, ripe, hybrid (Solanum lycopersicum)",50.0,g,D075,Tomato,50,g
GF-REC-00212,GF-ING-00191,"Jack fruit, ripe (Artocarpus heterophyllus)",120.0,g,E030,Kathal,120,g
GF-REC-00212,GF-ING-00256,"Chillies, green - all varieties (Capsicum annum)",3.33,g,G008,Green chilli,1,
GF-REC-00212,GF-ING-00257,Coriander leaves (Coriandrum sativum),1.0,sprig,G009,Coriander leaves,few,
GF-REC-00212,GF-ING-00260,"Garlic, small clove (Allium sativum)",1.25,g,G012,Garlic,2,cloves
GF-REC-00212,GF-ING-00262,"Ginger, fresh (Zingiber officinale)",5.0,g,G014,Ginger,5,g
GF-REC-00212,GF-ING-00265,"Onion, big (Allium cepa)",50.0,g,G017,Onion,50,g
GF-REC-00212,GF-ING-00272,Coriander seeds (Coriandrum sativum),0.25,tsp,G024,Coriander powder,.25,tsp
GF-REC-00212,GF-ING-00281,Turmeric powder (Curcuma domestica),0.125,tsp,G033,Haldi powder,.125,tsp
GF-REC-00212,,Garam masala,0.25,tsp,UK-13-829,Garam masala,.25,tsp
GF-REC-00212,,Chilli powder,0.25,tsp,UK-13-873,Red chilli powder,.25,tsp
GF-REC-00212,,"Oil, sunflower",2.0,tsp,UK-17-045,Fat,2,tsp
GF-REC-00212,,"Oil, sunflower",480.0,ml,UK-17-045,Fat,for frying,
GF-REC-00212,,Salt,0.5,tsp,UK-17-367,Salt,.5,tsp
GF-REC-00213,GF-ING-00129,Drumstick (Moringa oleifera),70.0,g,D046,Drumstick,1,
GF-REC-00213,GF-ING-00133,"French beans, hybrid (Phaseolus vulgaris)",25.0,g,D050,Beans,25,g
GF-REC-00213,GF-ING-00140,"Mango, green, raw (Mangifera indica)",30.0,g,D057,Raw mango/raw tomato,30,g
GF-REC-00213,GF-ING-00149,"Pumpkin, orange, round (Cucurbita maxima)",30.0,g,D066,Pumpkin,30,g
GF-REC-00213,GF-ING-00231,"Carrot, orange (Daucus carota)",25.0,g,F002,Carrots,25,g
GF-REC-00213,GF-ING-00233,Colocasia (Colocasia esculenta),25.0,g,F004,Colocasia,25,g
GF-REC-00213,GF-ING-00247,"Yam, ordinary (Amorphophallus sp.)",25.0,g,F018,Yam,25,g
GF-REC-00213,GF-ING-00256,"Chillies, green - all varieties (Capsicum annum)",6.67,g,G008,Green chilli,2,
GF-REC-00213,GF-ING-00258,Curry leaves (Murraya koenigii),1.0,sprig,G010,Curry leaves,1,sprig
GF-REC-00213,GF-ING-00260,"Garlic, small clove (Allium sativum)",0.63,g,G012,Garlic,1,cloves
GF-REC-00213,GF-ING-00273,Cumin seeds (Cuminum cyminum),0.25,tsp,G025,Cumin seeds,.25,tsp
GF-REC-00213,GF-ING-00281,Turmeric powder (Curcuma domestica),0.125,tsp,G033,Turmeric powder,.125,tsp
GF-REC-00213,GF-ING-00287,"Coconut, kernal, dry (Cocos nucifera)",40.0,g,H006,Grated coconut,40,g
GF-REC-00213,,Chilli powder,0.25,tsp,UK-13-873,Chilli powder,.25,tsp
GF-REC-00213,,"Bananas, raw, flesh only, weighed with skin",50.0,g,UK-14-347,Raw banana,50,g
GF-REC-00213,,"Oil, coconut",1.0,tsp,UK-17-031,Coconut oil/Refined oil,1,tsp
GF-REC-00213,,Salt,0.25,tsp,UK-17-367,Salt,to taste,
GF-REC-00214,GF-ING-00090,"Bottle gourd, elongate, pale green (Lagenaria vulgaris)",100.0,g,D007,Bottle gourd,100,g
GF-REC-00214,GF-ING-00267,Asafoetida (Ferula assa-foetida),0.25,tsp,G019,Hing,1,pinch
GF-REC-00214,GF-ING-00269,"Cardamom, black (Elettaria cardamomum)",0.25,tsp,G021,Black cardamom,1,
GF-REC-00214,GF-ING-00271,Cloves (Syzygium aromaticum),0.5,tsp,G023,Cloves,2,
GF-REC-00214,GF-ING-00273,Cumin seeds (Cuminum cyminum),0.5,tsp,G025,Jeera,.5,tsp
GF-REC-00214,,"Yogurt, whole milk, plain",100.0,g,UK-12-184,Curds,100,g
GF-REC-00214,,Fennel seeds,0.25,tsp,UK-13-827,Saunf powder,.25,tsp
GF-REC-00214,,Garam masala,0.125,tsp,UK-13-829,Garam masala,.125,tsp
GF-REC-00214,,"Ginger, ground",0.125,tsp,UK-13-832,Dry ginger powder,.125,tsp
GF-REC-00214,,"Oil, sunflower",2.0,tbsp,UK-17-045,Oil,2,tbsp
GF-REC-00214,,Salt,0.5,tsp,UK-17-367,Salt,.5,tsp
GF-REC-00215,GF-ING-00158,"Tomato, ripe, hybrid (Solanum lycopersicum)",100.0,g,D075,Tomato,100,g
GF-REC-00215,GF-ING-00256,"Chillies, green - all varieties (Capsicum annum)",1.67,g,G008,Green chilli,.5,
GF-REC-00215,GF-ING-00257,Coriander leaves (Coriandrum sativum),1.0,sprig,G009,Corinader leaves,1,sprig
GF-REC-00215,GF-ING-00262,"Ginger, fresh (Zingiber officinale)",3.17,g,G014,Ginger,.25,inch
GF-REC-00215,GF-ING-00265,"Onion, big (Allium cepa)",30.0,g,G017,Onion,30,g
GF-REC-00215,GF-ING-00269,"Cardamom, black (Elettaria cardamomum)",0.25,tsp,G021,Black cardamom,1,
GF-REC-00215,GF-ING-00279,"Pepper, black (Piper nigrum)",0.25,tsp,G031,Black pepper powder,1,pinch
GF-REC-00215,GF-ING-00313,Paneer,50.0,g,L003,Paneer,50,g
GF-REC-00215,,"Yogurt, whole milk, plain",20.0,g,UK-12-184,Curds,20,g
GF-REC-00215,,"Cream, fresh, single",1.0,tbsp,UK-12-332,Cream,1,tbsp
GF-REC-00215,,Garam masala,0.125,tsp,UK-13-829,Garam masala,.125,tsp
GF-REC-00215,,Chilli powder,1.0,tsp,UK-13-873,Red chilli powder,1,tsp
GF-REC-00215,,"Sugar, white",0.25,tsp,UK-17-063,Sugar,1,pinch
GF-REC-00215,,Salt,0.5,tsp,UK-17-367,Salt,.5,tsp
GF-REC-00215,,"Ghee, butter",1.5,tbsp,UK-17-640,Butter/Desi ghee,1.5,tbsp
GF-REC-00215,,"Tomato sauce, homemade",2.0,tsp,UK-50-1173,Tomato sauce,2,tsp
GF-REC-00216,GF-ING-00158,"Tomato, ripe, hybrid (Solanum lycopersicum)",100.0,g,D075,Tomato,100,g
GF-REC-00216,GF-ING-00194,"Lemon, juice (Citrus limon)",1.0,tsp,E033,Lemon juice,1,tsp
GF-REC-00216,GF-ING-00256,"Chillies, green - all varieties (Capsicum annum)",3.33,g,G008,Green chilli,1,
GF-REC-00216,GF-ING-00257,Coriander leaves (Coriandrum sativum),1.0,sprig,G009,Coriander leaves,a few,
GF-REC-00216,GF-ING-00260,"Garlic, small clove (Allium sativum)",1.25,g,G012,Garlic,2,cloves
GF-REC-00216,GF-ING-00262,"Ginger, fresh (Zingiber officinale)",10.0,g,G014,Ginger,10,g
GF-REC-00216,GF-ING-00262,"Ginger, fresh (Zingiber officinale)",10.0,g,G014,Shredded ginger,10,g
GF-REC-00216,GF-ING-00265,"Onion, big (Allium cepa)",50.0,g,G017,Onion,50,g
GF-REC-00216,GF-ING-00273,Cumin seeds (Cuminum cyminum),0.25,tsp,G025,Roasted cumin seed powder,.25,tsp
GF-REC-00216,GF-ING-00313,Paneer,100.0,g,L003,Paneer,100,g
GF-REC-00216,,"Cream, fresh, single",2.0,tsp,UK-12-332,Cream,2,tsp
GF-REC-00216,,Garam masala,0.25,tsp,UK-13-829,Garam masala,.25,tsp
GF-REC-00216,,Garam masala,0.5,tsp,UK-13-829,Garam masala,.5,tsp
GF-REC-00216,,Chilli powder,0.25,tsp,UK-13-873,Red chilli powder,.25,tsp
GF-REC-00216,,Chilli powder,0.25,tsp,UK-13-873,Red chilli powder,.25,tsp
GF-REC-00216,,"Sugar, white",1.5,tsp,UK-17-063,Sugar,1.5,tsp
GF-REC-00216,,Salt,0.5,tsp,UK-17-367,Salt,.5,tsp
GF-REC-00216,,"Butter, unsalted",1.0,tsp,UK-17-661,Butter,1,tsp
GF-REC-00216,,"Butter, unsalted",2.0,tsp,UK-17-661,Butter,2,tsp
GF-REC-00217,GF-ING-00069,Fenugreek leaves (Trigonella foenum graecum),1.0,tbsp,C020,Kasoori methi,1,tbsp
GF-REC-00217,GF-ING-00144,"Peas, fresh (Pisum sativum)",20.0,g,D061,Peas (shelled),20,g
GF-REC-00217,GF-ING-00265,"Onion, big (Allium cepa)",25.0,g,G017,Onion,25,g
GF-REC-00217,GF-ING-00269,"Cardamom, black (Elettaria cardamomum)",0.25,tsp,G021,Black cardamom,1,
GF-REC-00217,GF-ING-00271,Cloves (Syzygium aromaticum),0.25,tsp,G023,Clove,1,
GF-REC-00217,GF-ING-00286,Cashew nut (Anacardium occidentale),0.5,tsp,H005,Cashewnuts,2,pieces
GF-REC-00217,GF-ING-00312,"Milk, whole, Cow",50.0,ml,L002,Milk,50,ml
GF-REC-00217,GF-ING-00313,Paneer,50.0,g,L003,Paneer,50,g
GF-REC-00217,,"Cream, fresh, single",25.0,g,UK-12-332,Malai/Cream,25,g
GF-REC-00217,,"Cinnamon, ground",0.625,g,UK-13-874,Cinnamon,.25,inch
GF-REC-00217,,"Pepper, white",0.125,tsp,UK-13-881,White pepper powder,.125,tsp
GF-REC-00217,,"Oil, sunflower",1.0,tbsp,UK-17-045,Oil,1,tbsp
GF-REC-00217,,"Sugar, white",0.25,tsp,UK-17-063,Sugar,1,pinch
GF-REC-00217,,Salt,0.5,tsp,UK-17-367,Salt,.5,tsp
GF-REC-00218,GF-ING-00018,"Wheat flour, refined (Triticum aestivum)",0.5,tbsp,A018,Maida,.5,tbsp
GF-REC-00218,GF-ING-00256,"Chillies, green - all varieties (Capsicum annum)",8.25,g,G008,Green chilli,2 to 3,
GF-REC-00218,GF-ING-00260,"Garlic, small clove (Allium sativum)",1.6,g,G012,Crushed garlic,2 to 3,flakes
GF-REC-00218,GF-ING-00270,"Chillies, red (Capsicum annum)",6.66,g,G022,Whole red chillies,2,
GF-REC-00218,GF-ING-00279,"Pepper, black (Piper nigrum)",0.125,tsp,G031,Pepper,.125,tsp
GF-REC-00218,GF-ING-00286,Cashew nut (Anacardium occidentale),5.0,g,H005,Cashewnuts,5,g
GF-REC-00218,GF-ING-00313,Paneer,50.0,g,L003,Paneer,50,g
GF-REC-00218,,"Flour, corn",0.5,tbsp,UK-11-1045,Cornflour,.5,tbsp
GF-REC-00218,,"Oil, sunflower",1.0,tsp,UK-17-045,Oil,1,tsp
GF-REC-00218,,"Oil, sunflower",1.0,tsp,UK-17-045,Oil,1,tsp
GF-REC-00218,,"Oil, sunflower",480.0,ml,UK-17-045,Oil,for frying,
GF-REC-00218,,"Sugar, white",0.25,tsp,UK-17-063,Sugar,1,pinch
GF-REC-00218,,Salt,0.125,tsp,UK-17-367,Salt,.125,tsp
GF-REC-00218,,Salt,0.125,tsp,UK-17-367,Salt,.125,tsp
GF-REC-00218,,Chilli sauce,1.0,tsp,UK-17-719,Chilli sauce,1,tsp
GF-REC-00218,,"Soy sauce, light and dark varieties",0.5,tsp,UK-17-721,Soya sauce,.5,tsp
GF-REC-00218,,"Tomato sauce, homemade",1.0,tbsp,UK-50-1173,Tomato sauce,1,tbsp
GF-REC-00218,,MSG MONOSODIUM GLUTAMATE,0.25,tsp,US-711552,Ajinomoto,1,pinch
GF-REC-00219,GF-ING-00257,Coriander leaves (Coriandrum sativum),1.0,sprig,G009,Coriander leaves,few,
GF-REC-00219,GF-ING-00280,Poppy seeds (Papaver somniferum),0.75,tsp,G032,Khuskhus,.75,tsp
GF-REC-00219,GF-ING-00286,Cashew nut (Anacardium occidentale),5.0,g,H005,Cashewnuts,5,g
GF-REC-00219,GF-ING-00286,Cashew nut (Anacardium occidentale),10.0,g,H005,Cashewnuts,10,g
GF-REC-00219,GF-ING-00313,Paneer,50.0,g,L003,Paneer,50,g
GF-REC-00219,GF-ING-00314,Khoa,20.0,g,L004,Khoya,20,g
GF-REC-00219,,"Yogurt, whole milk, plain",2.0,tsp,UK-12-184,Curds,2,tsp
GF-REC-00219,,Chilli powder,0.25,tsp,UK-13-873,Red chilli powder,.25,tsp
GF-REC-00219,,"Oil, sunflower",480.0,ml,UK-17-045,Fat,for frying,
GF-REC-00219,,Salt,0.5,tsp,UK-17-367,Salt,.5,tsp
GF-REC-00219,,"Butter, unsalted",1.0,tsp,UK-17-661,Melted butter,1,tsp
GF-REC-00219,,Tomato ketchup,0.5,tsp,UK-17-709,Tomato ketchup,.5,tsp
GF-REC-00219,,"Seeds, lotus seeds, dried",20.0,g,US-170149,Makhana,20,g
GF-REC-00220,GF-ING-00116,"Capsicum, green (Capsicum annuum)",30.0,g,D033,Capsicum,30,g
GF-REC-00220,GF-ING-00158,"Tomato, ripe, hybrid (Solanum lycopersicum)",100.0,g,D075,Tomato,100,g
GF-REC-00220,GF-ING-00256,"Chillies, green - all varieties (Capsicum annum)",0.5,tsp,G008,Chilli garlic sauce,.5,tsp
GF-REC-00220,GF-ING-00260,"Garlic, small clove (Allium sativum)",0.5,tsp,G012,Chilli garlic sauce,.5,tsp
GF-REC-00220,GF-ING-00260,"Garlic, small clove (Allium sativum)",0.63,g,G012,Garlic,1,cloves
GF-REC-00220,GF-ING-00262,"Ginger, fresh (Zingiber officinale)",5.0,g,G014,Ginger,5,g
GF-REC-00220,GF-ING-00265,"Onion, big (Allium cepa)",75.0,g,G017,Onion,75,g
GF-REC-00220,GF-ING-00279,"Pepper, black (Piper nigrum)",0.125,tsp,G031,Pepper powder,.125,tsp
GF-REC-00220,GF-ING-00313,Paneer,50.0,g,L003,Paneer,50,g
GF-REC-00220,,Tomato puree,2.0,tbsp,UK-13-531,Tomato puree,2,tbsp
GF-REC-00220,,Garam masala,0.125,tsp,UK-13-829,Garam masala,.125,tsp
GF-REC-00220,,Chilli powder,0.25,tsp,UK-13-873,Red chilli powder,.25,tsp
GF-REC-00220,,"Oil, sunflower",1.0,tbsp,UK-17-045,Oil,1,tbsp
GF-REC-00220,,Salt,0.5,tsp,UK-17-367,Salt,.5,tsp
GF-REC-00221,GF-ING-00158,"Tomato, ripe, hybrid (Solanum lycopersicum)",30.0,g,D075,Tomato,30,g
GF-REC-00221,GF-ING-00257,Coriander leaves (Coriandrum sativum),1.0,sprig,G009,Coriander leaves,a few,
GF-REC-00221,GF-ING-00260,"Garlic, small clove (Allium sativum)",1.6,g,G012,Garlic,2 to 3,cloves
GF-REC-00221,GF-ING-00262,"Ginger, fresh (Zingiber officinale)",6.33,g,G014,Ginger,.5,inch
GF-REC-00221,GF-ING-00265,"Onion, big (Allium cepa)",50.0,g,G017,Onion,50,g
GF-REC-00221,GF-ING-00268,"Cardamom, green (Elettaria cardamomum)",0.5,tsp,G020,Green cardamom,2,
GF-REC-00221,GF-ING-00270,"Chillies, red (Capsicum annum)",3.33,g,G022,Kashmiri mirch,1,
GF-REC-00221,GF-ING-00271,Cloves (Syzygium aromaticum),0.5,tsp,G023,Cloves,2,
GF-REC-00221,GF-ING-00272,Coriander seeds (Coriandrum sativum),0.25,tsp,G024,Coriander seeds,.25,tsp
GF-REC-00221,GF-ING-00273,Cumin seeds (Cuminum cyminum),0.25,tsp,G025,Cumin seeds,.25,tsp
GF-REC-00221,GF-ING-00279,"Pepper, black (Piper nigrum)",0.5,tsp,G031,Pepper corns,2,
GF-REC-00221,GF-ING-00280,Poppy seeds (Papaver somniferum),0.25,tsp,G032,Khuskhus seeds,.25,tsp
GF-REC-00221,GF-ING-00281,Turmeric powder (Curcuma domestica),0.125,tsp,G033,Turmeric powder,.125,tsp
GF-REC-00221,,"MUTTON, muscle",100.0,g,O064,Mutton,100,g
GF-REC-00221,,"Yogurt, whole milk, plain",30.0,g,UK-12-184,Curds,30,g
GF-REC-00221,,Garam masala,0.25,tsp,UK-13-829,Garam masala,.25,tsp
GF-REC-00221,,Chilli powder,0.25,tsp,UK-13-873,Red chilli powder,.25,tsp
GF-REC-00221,,"Oil, sunflower",1.5,tsp,UK-17-045,Fat,1.5,tsp
GF-REC-00221,,Salt,0.5,tsp,UK-17-367,Salt,.5,tsp
GF-REC-00222,GF-ING-00082,Spinach (Spinacia oleracea),250.0,g,C033,Spinach,250,g
GF-REC-00222,GF-ING-00158,"Tomato, ripe, hybrid (Solanum lycopersicum)",30.0,g,D075,Tomato,30,g
GF-REC-00222,GF-ING-00257,Coriander leaves (Coriandrum sativum),1.0,sprig,G009,Coriander leaves,a few,
GF-REC-00222,GF-ING-00260,"Garlic, small clove (Allium sativum)",1.6,g,G012,Garlic,2 to 3,cloves
GF-REC-00222,GF-ING-00262,"Ginger, fresh (Zingiber officinale)",6.33,g,G014,Ginger,.5,inch
GF-REC-00222,GF-ING-00265,"Onion, big (Allium cepa)",50.0,g,G017,Onion,50,g
GF-REC-00222,GF-ING-00268,"Cardamom, green (Elettaria cardamomum)",0.5,tsp,G020,Green cardamom,2,
GF-REC-00222,GF-ING-00270,"Chillies, red (Capsicum annum)",3.33,g,G022,Kashmiri mirch,1,
GF-REC-00222,GF-ING-00271,Cloves (Syzygium aromaticum),0.5,tsp,G023,Cloves,2,
GF-REC-00222,GF-ING-00272,Coriander seeds (Coriandrum sativum),0.25,tsp,G024,Coriander seeds,.25,tsp
GF-REC-00222,GF-ING-00273,Cumin seeds (Cuminum cyminum),0.25,tsp,G025,Cumin seeds,.25,tsp
GF-REC-00222,GF-ING-00279,"Pepper, black (Piper nigrum)",0.5,tsp,G031,Pepper corns,2,
GF-REC-00222,GF-ING-00280,Poppy seeds (Papaver somniferum),0.25,tsp,G032,Khuskhus seeds,.25,tsp
GF-REC-00222,GF-ING-00281,Turmeric powder (Curcuma domestica),0.125,tsp,G033,Turmeric powder,.125,tsp
GF-REC-00222,,"MUTTON, muscle",100.0,g,O064,Mutton,100,g
GF-REC-00222,,"Yogurt, whole milk, plain",30.0,g,UK-12-184,Curds,30,g
GF-REC-00222,,Garam masala,0.25,tsp,UK-13-829,Garam masala,.25,tsp
GF-REC-00222,,Chilli powder,0.25,tsp,UK-13-873,Red chilli powder,.25,tsp
GF-REC-00222,,"Oil, sunflower",1.5,tsp,UK-17-045,Fat,1.5,tsp
GF-REC-00222,,Salt,0.5,tsp,UK-17-367,Salt,.5,tsp
GF-REC-00223,GF-ING-00144,"Peas, fresh (Pisum sativum)",100.0,g,D061,Peas,100,g
GF-REC-00223,GF-ING-00158,"Tomato, ripe, hybrid (Solanum lycopersicum)",50.0,g,D075,Tomatoes,50,g
GF-REC-00223,GF-ING-00257,Coriander leaves (Coriandrum sativum),1.0,sprig,G009,Green corinder leaves,few,
GF-REC-00223,GF-ING-00260,"Garlic, small clove (Allium sativum)",1.6,g,G012,Garlic,2 to 3,cloves
GF-REC-00223,GF-ING-00262,"Ginger, fresh (Zingiber officinale)",6.33,g,G014,Ginger,.5,inch
GF-REC-00223,GF-ING-00265,"Onion, big (Allium cepa)",50.0,g,G017,Onion,50,g
GF-REC-00223,GF-ING-00269,"Cardamom, black (Elettaria cardamomum)",0.25,tsp,G021,Black cardamom,1,
GF-REC-00223,GF-ING-00271,Cloves (Syzygium aromaticum),0.375,tsp,G023,Cloves,1 to 2,
GF-REC-00223,GF-ING-00281,Turmeric powder (Curcuma domestica),0.25,tsp,G033,Haldi powder,.25,tsp
GF-REC-00223,,"Yogurt, whole milk, plain",1.0,tbsp,UK-12-184,Curds,1,tbsp
GF-REC-00223,,"Bay leaf, dried",0.4,g,UK-13-806,Bay leaf,1,
GF-REC-00223,,Garam masala,0.25,tsp,UK-13-829,Garam masala,.25,tsp
GF-REC-00223,,Chilli powder,0.25,tsp,UK-13-873,Red chilli powder,.25,tsp
GF-REC-00223,,"Cinnamon, ground",1.25,g,UK-13-874,Cinnamon,.5,inch
GF-REC-00223,,"Oil, sunflower",1.0,tbsp,UK-17-045,Fat,1,tbsp
GF-REC-00223,,Salt,0.5,tsp,UK-17-367,Salt,.5,tsp
GF-REC-00223,,"Lamb, mince, raw",100.0,g,UK-18-481,Minced meat (keema),100,g
GF-REC-00224,GF-ING-00158,"Tomato, ripe, hybrid (Solanum lycopersicum)",50.0,g,D075,Tomato,50,g
GF-REC-00224,GF-ING-00256,"Chillies, green - all varieties (Capsicum annum)",0.8,tsp,G008,Green chilli,.8,tsp
GF-REC-00224,GF-ING-00257,Coriander leaves (Coriandrum sativum),1.0,sprig,G009,Coriander leaves,a few,
GF-REC-00224,GF-ING-00260,"Garlic, small clove (Allium sativum)",0.8,tsp,G012,Garlic,.8,tsp
GF-REC-00224,GF-ING-00260,"Garlic, small clove (Allium sativum)",2.2,g,G012,Garlic,3 to 4,cloves
GF-REC-00224,GF-ING-00262,"Ginger, fresh (Zingiber officinale)",6.33,g,G014,Ginger,.5,inch
GF-REC-00224,GF-ING-00262,"Ginger, fresh (Zingiber officinale)",0.8,tsp,G014,Minced ginger,.8,tsp
GF-REC-00224,GF-ING-00265,"Onion, big (Allium cepa)",50.0,g,G017,Onion,50,g
GF-REC-00224,GF-ING-00269,"Cardamom, black (Elettaria cardamomum)",0.25,tsp,G021,Black cardamom,a few,
GF-REC-00224,GF-ING-00271,Cloves (Syzygium aromaticum),0.25,tsp,G023,Cloves,a few,
GF-REC-00224,GF-ING-00272,Coriander seeds (Coriandrum sativum),0.25,tsp,G024,Coriander seeds,a few,
GF-REC-00224,GF-ING-00273,Cumin seeds (Cuminum cyminum),0.25,tsp,G025,Cumin seeds,a few,
GF-REC-00224,GF-ING-00279,"Pepper, black (Piper nigrum)",0.25,tsp,G031,Whole black pepper,a few,
GF-REC-00224,GF-ING-00281,Turmeric powder (Curcuma domestica),0.25,tsp,G033,Haldi powder,.25,tsp
GF-REC-00224,GF-ING-00315,"Egg, poultry, whole, raw",25.0,g,M001,Egg,.5,nos
GF-REC-00224,,"Bread, white, average",15.0,g,UK-11-1145,Bread slice,.5,slice
GF-REC-00224,,"Yogurt, whole milk, plain",30.0,g,UK-12-184,Curds,30,g
GF-REC-00224,,Chilli powder,0.125,tsp,UK-13-873,Red chilli powder,.125,tsp
GF-REC-00224,,Chilli powder,0.25,tsp,UK-13-873,Red chilli powder,.25,tsp
GF-REC-00224,,"Cinnamon, ground",0.5,tsp,UK-13-874,Cinnamon,a few,
GF-REC-00224,,"Oil, sunflower",1.0,tbsp,UK-17-045,Fat,1,tbsp
GF-REC-00224,,Salt,0.5,tsp,UK-17-367,Salt,.5,tsp
GF-REC-00224,,Salt,0.5,tsp,UK-17-367,Salt,.5,tsp
GF-REC-00224,,"Lamb, mince, raw",125.0,g,UK-18-481,Minced meat (keema),125,g
GF-REC-00225,GF-ING-00265,"Onion, big (Allium cepa)",40.0,g,G017,Onion,40,g
GF-REC-00225,GF-ING-00268,"Cardamom, green (Elettaria cardamomum)",0.25,tsp,G020,Green cardamom,1,
GF-REC-00225,GF-ING-00269,"Cardamom, black (Elettaria cardamomum)",0.125,tsp,G021,Black cardamom,.5,
GF-REC-00225,GF-ING-00269,"Cardamom, black (Elettaria cardamomum)",0.125,tsp,G021,Black cardamom,.5,
GF-REC-00225,GF-ING-00271,Cloves (Syzygium aromaticum),0.25,tsp,G023,Clove,1,
GF-REC-00225,GF-ING-00273,Cumin seeds (Cuminum cyminum),0.125,tsp,G025,Salt,.125,tsp
GF-REC-00225,,"Yogurt, whole milk, plain",50.0,g,UK-12-184,Curds,50,g
GF-REC-00225,,"Bay leaf, dried",0.4,g,UK-13-806,Bay leaf,1,
GF-REC-00225,,Fennel seeds,0.125,tsp,UK-13-827,Saunf powder,.125,tsp
GF-REC-00225,,Fennel seeds,0.5,tsp,UK-13-827,Saunf powder,.5,tsp
GF-REC-00225,,Garam masala,0.25,tsp,UK-13-829,Garam masala,1,pinch
GF-REC-00225,,"Ginger, ground",0.125,tsp,UK-13-832,Saunth (dry ginger powder),.125,tsp
GF-REC-00225,,"Ginger, ground",0.25,tsp,UK-13-832,Saunth (dry ginger powder),1,pinch
GF-REC-00225,,"Cinnamon, ground",0.625,g,UK-13-874,Cinnamon,.25,inch
GF-REC-00225,,"Oil, sunflower",1.0,tsp,UK-17-045,Oil,1,tsp
GF-REC-00225,,Salt,0.125,tsp,UK-17-367,Jeera,.125,tsp
GF-REC-00225,,Salt,0.25,tsp,UK-17-367,Salt,1,pinch
GF-REC-00225,,"Water, distilled",0.5,C,UK-17-377,Water,.5,cups
GF-REC-00225,,"Ghee, butter",1.0,tsp,UK-17-640,Ghee,1,tsp
GF-REC-00225,,"Lamb, mince, raw",80.0,g,UK-18-481,Keema,80,g
GF-REC-00226,GF-ING-00267,Asafoetida (Ferula assa-foetida),0.25,tsp,G019,Hing,1,grain
GF-REC-00226,GF-ING-00268,"Cardamom, green (Elettaria cardamomum)",0.25,tsp,G020,Green cardamom,1,
GF-REC-00226,GF-ING-00269,"Cardamom, black (Elettaria cardamomum)",0.25,tsp,G021,Black cardamom,1,
GF-REC-00226,GF-ING-00271,Cloves (Syzygium aromaticum),0.5,tsp,G023,Cloves,2,
GF-REC-00226,GF-ING-00273,Cumin seeds (Cuminum cyminum),0.25,tsp,G025,Cumin seeds,.25,tsp
GF-REC-00226,,"MUTTON, muscle",100.0,g,O064,Mutton,100,g
GF-REC-00226,,"Bay leaf, dried",0.4,g,UK-13-806,Bay leaf,1,
GF-REC-00226,,Fennel seeds,1.0,tsp,UK-13-827,Fennel powder,1,tsp
GF-REC-00226,,"Ginger, ground",0.5,tsp,UK-13-832,Saunth (dry ginger powder),.5,tsp
GF-REC-00226,,"Cinnamon, ground",1.25,g,UK-13-874,Cinnamon,.5,inch
GF-REC-00226,,"Oil, sunflower",1.0,tsp,UK-17-045,Mustard/refined oil,1,tsp
GF-REC-00226,,Salt,0.25,tsp,UK-17-367,Salt,.25,tsp
GF-REC-00226,,"Water, distilled",0.5,C,UK-17-377,Water,.5,cups
GF-REC-00227,GF-ING-00267,Asafoetida (Ferula assa-foetida),0.25,tsp,G019,Hing,1,grain
GF-REC-00227,GF-ING-00268,"Cardamom, green (Elettaria cardamomum)",0.25,tsp,G020,Green cardamom,1,
GF-REC-00227,GF-ING-00269,"Cardamom, black (Elettaria cardamomum)",0.25,tsp,G021,Black cardamom,1,
GF-REC-00227,GF-ING-00271,Cloves (Syzygium aromaticum),0.5,tsp,G023,Cloves,2,
GF-REC-00227,GF-ING-00273,Cumin seeds (Cuminum cyminum),0.25,tsp,G025,Cumin seeds,.25,tsp
GF-REC-00227,GF-ING-00332,"Chicken, poultry, breast, skinless",120.0,g,N003,Chicken,120,g
GF-REC-00227,,"Bay leaf, dried",0.4,g,UK-13-806,Bay leaf,1,
GF-REC-00227,,Fennel seeds,1.0,tsp,UK-13-827,Fennel powder,1,tsp
GF-REC-00227,,"Ginger, ground",0.5,tsp,UK-13-832,Saunth (dry ginger powder),.5,tsp
GF-REC-00227,,"Cinnamon, ground",1.25,g,UK-13-874,Cinnamon,.5,inch
GF-REC-00227,,"Oil, sunflower",1.0,tsp,UK-17-045,Mustard/refined oil,1,tsp
GF-REC-00227,,Salt,0.25,tsp,UK-17-367,Salt,.25,tsp
GF-REC-00227,,"Water, distilled",0.5,C,UK-17-377,Water,.5,cups
GF-REC-00228,GF-ING-00257,Coriander leaves (Coriandrum sativum),1.0,sprig,G009,Coriander leaves,few,
GF-REC-00228,GF-ING-00260,"Garlic, small clove (Allium sativum)",1.25,g,G012,Garlic,2,cloves
GF-REC-00228,GF-ING-00262,"Ginger, fresh (Zingiber officinale)",1.0,tsp,G014,Ginger pieces,1,tsp
GF-REC-00228,GF-ING-00265,"Onion, big (Allium cepa)",75.0,g,G017,Onion,75,g
GF-REC-00228,GF-ING-00268,"Cardamom, green (Elettaria cardamomum)",0.25,tsp,G020,Cardamom,1,
GF-REC-00228,GF-ING-00271,Cloves (Syzygium aromaticum),0.5,tsp,G023,Cloves,2,
GF-REC-00228,GF-ING-00272,Coriander seeds (Coriandrum sativum),2.0,tsp,G024,Coriander powder,2,tsp
GF-REC-00228,GF-ING-00273,Cumin seeds (Cuminum cyminum),0.5,tsp,G025,Cumin seeds,.5,tsp
GF-REC-00228,GF-ING-00315,"Egg, poultry, whole, raw",50.0,g,M001,Boiled egg,1,
GF-REC-00228,,"MUTTON, muscle",100.0,g,O064,Mutton,100,g
GF-REC-00228,,"Yogurt, whole milk, plain",61.25,g,UK-12-184,Curds,.25,cups
GF-REC-00228,,Chilli powder,0.5,tsp,UK-13-873,Red chilli powder,.5,tsp
GF-REC-00228,,"Cinnamon, ground",2.5,g,UK-13-874,Cinnamon,1,inch
GF-REC-00228,,Salt,0.25,tsp,UK-17-367,Salt,to taste,
GF-REC-00228,,"Ghee, butter",2.0,tbsp,UK-17-640,Ghee/Dalda,2,tbsp
GF-REC-00229,GF-ING-00260,"Garlic, small clove (Allium sativum)",1.6,g,G012,Garlic,2 to 3,cloves
GF-REC-00229,GF-ING-00262,"Ginger, fresh (Zingiber officinale)",3.17,g,G014,Ginger,.25,inch
GF-REC-00229,GF-ING-00265,"Onion, big (Allium cepa)",15.0,g,G017,Onion rings,15,g
GF-REC-00229,GF-ING-00315,"Egg, poultry, whole, raw",25.0,g,M001,Egg,.5,
GF-REC-00229,,"MUTTON, muscle",120.0,g,O064,Mutton chops,120,g
GF-REC-00229,,"Bread, white, average",2.0,tbsp,UK-11-1145,Bread crumbs,2,tbsp
GF-REC-00229,,"Yogurt, whole milk, plain",1.0,tbsp,UK-12-184,Curds,1,tbsp
GF-REC-00229,,Chilli powder,0.25,tsp,UK-13-873,Red chilli powder,.25,tsp
GF-REC-00229,,"Lemons, flesh only, raw, weighed with peel and pips",17.5,g,UK-14-130,Lemon slice,.5,lemon
GF-REC-00229,,"Oil, sunflower",480.0,ml,UK-17-045,Fat,for frying,
GF-REC-00229,,Vinegar,1.0,tbsp,UK-17-339,Vinegar,1,tbsp
GF-REC-00229,,Salt,0.25,tsp,UK-17-367,Salt,.25,tsp
GF-REC-00230,GF-ING-00025,"Bengal gram, dal (Cicer arietinum)",30.0,g,B001,Chana dal,30,g
GF-REC-00230,GF-ING-00256,"Chillies, green - all varieties (Capsicum annum)",4.9,g,G008,Green chilli,1 to 2,
GF-REC-00230,GF-ING-00260,"Garlic, small clove (Allium sativum)",1.6,g,G012,Garlic,2 to 3,cloves
GF-REC-00230,GF-ING-00262,"Ginger, fresh (Zingiber officinale)",6.33,g,G014,Ginger,.5,inch
GF-REC-00230,GF-ING-00265,"Onion, big (Allium cepa)",20.0,g,G017,Onion rings,20,g
GF-REC-00230,GF-ING-00271,Cloves (Syzygium aromaticum),0.25,tsp,G023,Cloves,1,
GF-REC-00230,GF-ING-00279,"Pepper, black (Piper nigrum)",0.25,tsp,G031,Pepper corns,1,
GF-REC-00230,GF-ING-00315,"Egg, poultry, whole, raw",25.0,g,M001,Egg,.5,
GF-REC-00230,,"Bread, white, average",2.0,tbsp,UK-11-1145,Bread crumbs,2,tbsp
GF-REC-00230,,Chilli powder,0.125,tsp,UK-13-873,Red chilli powder,.125,tsp
GF-REC-00230,,"Cinnamon, ground",1.25,g,UK-13-874,Cinnamon,.5,inch
GF-REC-00230,,"Oil, sunflower",2.0,C,UK-17-045,Fat,for frying,
GF-REC-00230,,Salt,0.25,tsp,UK-17-367,Salt,.25,tsp
GF-REC-00230,,"Lamb, mince, raw",100.0,g,UK-18-481,Minced meat (keema),100,g
GF-REC-00231,GF-ING-00256,"Chillies, green - all varieties (Capsicum annum)",3.33,g,G008,Green chilli,1,
GF-REC-00231,GF-ING-00257,Coriander leaves (Coriandrum sativum),1.0,sprig,G009,Coriander leaves,few,
GF-REC-00231,GF-ING-00260,"Garlic, small clove (Allium sativum)",1.25,g,G012,Garlic,2,cloves
GF-REC-00231,GF-ING-00262,"Ginger, fresh (Zingiber officinale)",6.33,g,G014,Ginger,.5,inch
GF-REC-00231,GF-ING-00265,"Onion, big (Allium cepa)",15.0,g,G017,Onion rings,15,g
GF-REC-00231,GF-ING-00271,Cloves (Syzygium aromaticum),0.25,tsp,G023,Clove,1,
GF-REC-00231,GF-ING-00279,"Pepper, black (Piper nigrum)",0.25,tsp,G031,Pepper corns,1,
GF-REC-00231,GF-ING-00315,"Egg, poultry, whole, raw",25.0,g,M001,Egg,.5,
GF-REC-00231,GF-ING-00315,"Egg, poultry, whole, raw",50.0,g,M001,Hard boiled egg,1,
GF-REC-00231,,"Bread, white, average",2.0,tbsp,UK-11-1145,Bread crumbs,2,tbsp
GF-REC-00231,,"Flour, gram",2.0,tsp,UK-11-896,Besan,2,tsp
GF-REC-00231,,"Yogurt, whole milk, plain",1.0,tsp,UK-12-184,Curds,1,tsp
GF-REC-00231,,Garam masala,0.25,tsp,UK-13-829,Garam masala,.25,tsp
GF-REC-00231,,Chilli powder,0.25,tsp,UK-13-873,Red chilli powder,.25,tsp
GF-REC-00231,,"Oil, sunflower",480.0,ml,UK-17-045,Fat,for frying,
GF-REC-00231,,Salt,0.5,tsp,UK-17-367,Salt,.25,tsp
GF-REC-00231,,"Lamb, mince, raw",75.0,g,UK-18-481,Minced meat (keema),75,g
GF-REC-01014,GF-ING-00235,"Potato, brown skin, big (Solanum tuberosum)",150.0,g,F006,Potatoes,150,g
GF-REC-01014,GF-ING-00265,"Onion, big (Allium cepa)",50.0,g,G017,Onion,50,g
GF-REC-01014,GF-ING-00279,"Pepper, black (Piper nigrum)",0.125,tsp,G031,Pepper,0.125,tsp
GF-REC-01014,GF-ING-00312,"Milk, whole, Cow",25.0,ml,L002,Milk,25,ml
GF-REC-01014,,"Oil, sunflower",1.0,tsp,UK-17-045,Fat,1,tsp
GF-REC-01014,,Salt,0.25,tsp,UK-17-367,Salt,0.25,tsp
GF-REC-01014,,Salt,0.5,tsp,UK-17-367,Salt,0.5,tsp
GF-REC-01014,,"Butter, unsalted",1.0,tbsp,UK-17-661,Butter,1,tbsp
GF-REC-01014,,Tomato ketchup,1.0,tsp,UK-17-709,Tomato ketchup,1,tsp
GF-REC-01014,,"Lamb, mince, raw",125.0,g,UK-18-481,Minced meat (keema),125,g
GF-REC-00232,GF-ING-00158,"Tomato, ripe, hybrid (Solanum lycopersicum)",100.0,g,D075,Tomatoes,100,g
GF-REC-00232,GF-ING-00257,Coriander leaves (Coriandrum sativum),1.0,sprig,G009,Coriander leaves,a few,
GF-REC-00232,GF-ING-00260,"Garlic, small clove (Allium sativum)",2.2,g,G012,Garlic,3 to 4,cloves
GF-REC-00232,GF-ING-00262,"Ginger, fresh (Zingiber officinale)",10.0,g,G014,Ginger,10,g
GF-REC-00232,GF-ING-00265,"Onion, big (Allium cepa)",100.0,g,G017,Onion,100,g
GF-REC-00232,GF-ING-00268,"Cardamom, green (Elettaria cardamomum)",0.5,tsp,G020,Green cardamom,2,
GF-REC-00232,GF-ING-00271,Cloves (Syzygium aromaticum),0.375,tsp,G023,Cloves,1 to 2,
GF-REC-00232,GF-ING-00272,Coriander seeds (Coriandrum sativum),0.25,tsp,G024,Coriander seeds,.25,tsp
GF-REC-00232,GF-ING-00273,Cumin seeds (Cuminum cyminum),0.25,tsp,G025,Cumin seeds,.25,tsp
GF-REC-00232,GF-ING-00279,"Pepper, black (Piper nigrum)",0.375,tsp,G031,Pepper corns,1 to 2,
GF-REC-00232,GF-ING-00280,Poppy seeds (Papaver somniferum),0.25,tsp,G032,Poppy seeds,.25,tsp
GF-REC-00232,GF-ING-00281,Turmeric powder (Curcuma domestica),0.25,tsp,G033,Haldi powder,.25,tsp
GF-REC-00232,GF-ING-00332,"Chicken, poultry, breast, skinless",250.0,g,N003,Chicken,250,g
GF-REC-00232,,"Yogurt, whole milk, plain",2.0,tsp,UK-12-184,Curds,2,tsp
GF-REC-00232,,"Bay leaf, dried",0.4,g,UK-13-806,Bay leaf,1,
GF-REC-00232,,Garam masala,0.25,tsp,UK-13-829,Garam masala,.25,tsp
GF-REC-00232,,Chilli powder,0.25,tsp,UK-13-873,Red chilli powder,.25,tsp
GF-REC-00232,,"Cinnamon, ground",1.25,g,UK-13-874,Cinnamon,.5,inch
GF-REC-00232,,"Oil, sunflower",1.0,tbsp,UK-17-045,Fat,1,tbsp
GF-REC-00232,,Salt,0.5,tsp,UK-17-367,Salt,.5,tsp
GF-REC-00233,,Red colour,0.5,tsp,,Red color,few,drops
GF-REC-00233,GF-ING-00194,"Lemon, juice (Citrus limon)",0.5,tsp,E033,Lemon juice,.5,tsp
GF-REC-00233,GF-ING-00260,"Garlic, small clove (Allium sativum)",2.2,g,G012,Garlic,3 to 4,cloves
GF-REC-00233,GF-ING-00262,"Ginger, fresh (Zingiber officinale)",10.0,g,G014,Ginger,10,g
GF-REC-00233,GF-ING-00265,"Onion, big (Allium cepa)",20.0,g,G017,Onion rings,20,g
GF-REC-00233,GF-ING-00273,Cumin seeds (Cuminum cyminum),0.25,tsp,G025,Cumin seed powder,.25,tsp
GF-REC-00233,GF-ING-00281,Turmeric powder (Curcuma domestica),0.125,tsp,G033,Turmeric powder,.125,tsp
GF-REC-00233,GF-ING-00332,"Chicken, poultry, breast, skinless",250.0,g,N003,Chicken,250,g
GF-REC-00233,,"Yogurt, whole milk, plain",50.0,g,UK-12-184,Curds,50,g
GF-REC-00233,,Garam masala,0.5,tsp,UK-13-829,Garam masala,.5,tsp
GF-REC-00233,,Chilli powder,0.5,tsp,UK-13-873,Red chilli powder,.5,tsp
GF-REC-00233,,"Lemons, flesh only, raw, weighed with peel and pips",17.5,g,UK-14-130,Lemon,.5,lemon
GF-REC-00233,,"Oil, sunflower",1.0,tsp,UK-17-045,Fat,1,tsp
GF-REC-00233,,Salt,0.5,tsp,UK-17-367,Salt,.5,tsp
GF-REC-00233,,AJWAIN SEED WHOLE ORGANIC SPICES,0.125,tsp,US-806341,Ajwain powder,.125,tsp
GF-REC-00234,GF-ING-00158,"Tomato, ripe, hybrid (Solanum lycopersicum)",150.0,g,D075,Tomato,150,g
GF-REC-00234,GF-ING-00256,"Chillies, green - all varieties (Capsicum annum)",6.66,g,G008,Green chilli,2,
GF-REC-00234,GF-ING-00257,Coriander leaves (Coriandrum sativum),1.0,sprig,G009,Coriander leaves,1,sprig
GF-REC-00234,GF-ING-00262,"Ginger, fresh (Zingiber officinale)",5.0,g,G014,Ginger,5,g
GF-REC-00234,GF-ING-00262,"Ginger, fresh (Zingiber officinale)",5.0,g,G014,Ginger juliennes,5,g
GF-REC-00234,GF-ING-00265,"Onion, big (Allium cepa)",40.0,g,G017,Onion,40,g
GF-REC-00234,GF-ING-00268,"Cardamom, green (Elettaria cardamomum)",0.25,tsp,G020,Green cardamom,1,
GF-REC-00234,GF-ING-00279,"Pepper, black (Piper nigrum)",1.5,tsp,G031,Black pepper powder,1.5,tsp
GF-REC-00234,GF-ING-00332,"Chicken, poultry, breast, skinless",250.0,g,N003,Chicken,250,g
GF-REC-00234,,"Cream, fresh, single",0.5,tbsp,UK-12-332,Cream,.5,tbsp
GF-REC-00234,,"Cream, fresh, single",1.0,tbsp,UK-12-332,Cream,1,tbsp
GF-REC-00234,,Tomato puree,2.0,tbsp,UK-13-531,Tomato puree,2,tbsp
GF-REC-00234,,Garam masala,0.5,tbsp,UK-13-829,Garam masala,.25,tsp
GF-REC-00234,,"Sugar, white",0.5,tsp,UK-17-063,Sugar,.5,tsp
GF-REC-00234,,"Ghee, butter",1.5,tbsp,UK-17-640,Ghee/Butter,1.5,tbsp
GF-REC-00235,GF-ING-00018,"Wheat flour, refined (Triticum aestivum)",2.0,tsp,A018,Maida,2,tsp
GF-REC-00235,GF-ING-00260,"Garlic, small clove (Allium sativum)",1.25,g,G012,Garlic,2,cloves
GF-REC-00235,GF-ING-00262,"Ginger, fresh (Zingiber officinale)",10.0,g,G014,Ginger,10,g
GF-REC-00235,GF-ING-00265,"Onion, big (Allium cepa)",20.0,g,G017,Onion rings,20,g
GF-REC-00235,GF-ING-00279,"Pepper, black (Piper nigrum)",0.125,tsp,G031,Black pepper powder,.125,tsp
GF-REC-00235,GF-ING-00332,"Chicken, poultry, breast, skinless",100.0,g,N003,Chicken,100,g
GF-REC-00235,,"Oil, sunflower",2.0,C,UK-17-045,Fat,for frying,
GF-REC-00235,,Vinegar,1.0,tsp,UK-17-339,Vinegar,1,tsp
GF-REC-00235,,Salt,0.5,tsp,UK-17-367,Salt,.5,tsp
GF-REC-00236,GF-ING-00116,"Capsicum, green (Capsicum annuum)",30.0,g,D033,Capsicum,30,g
GF-REC-00236,GF-ING-00126,"Cucumber, green, elongate (Cucumis sativus)",40.0,g,D043,Cucumber,40,g
GF-REC-00236,GF-ING-00256,"Chillies, green - all varieties (Capsicum annum)",13.32,g,G008,Green chilli,4,
GF-REC-00236,GF-ING-00260,"Garlic, small clove (Allium sativum)",1.25,g,G012,Garlic,2,cloves
GF-REC-00236,GF-ING-00262,"Ginger, fresh (Zingiber officinale)",10.0,g,G014,Ginger,10,g
GF-REC-00236,GF-ING-00279,"Pepper, black (Piper nigrum)",0.25,tsp,G031,Black pepper powder,.25,tsp
GF-REC-00236,GF-ING-00279,"Pepper, black (Piper nigrum)",0.25,tsp,G031,Pepper powder,.25,tsp
GF-REC-00236,GF-ING-00305,"Button mushroom, fresh (Agaricus sp.)",20.0,g,J001,Mushrooms,20,g
GF-REC-00236,GF-ING-00316,"Egg, poultry, white, raw",17.0,g,M002,Egg white,.5,egg
GF-REC-00236,GF-ING-00332,"Chicken, poultry, breast, skinless",150.0,g,N003,Chicken,150,g
GF-REC-00236,,"Flour, corn",0.5,tsp,UK-11-1045,Cornflour,.5,tsp
GF-REC-00236,,"Flour, corn",1.0,tsp,UK-11-1045,Cornflour,1,tsp
GF-REC-00236,,"Spring onions, bulbs and tops, raw",10.0,g,UK-13-352,Spring onion,10,g
GF-REC-00236,,Chilli powder,0.25,tsp,UK-13-873,Red chilli powder,.25,tsp
GF-REC-00236,,"Oil, sunflower",50.0,g,UK-17-045,Oil,50,g
GF-REC-00236,,"Sugar, white",0.5,tsp,UK-17-063,Sugar,.5,tsp
GF-REC-00236,,Vinegar,0.5,tbsp,UK-17-339,Vinegar,.5,tsp
GF-REC-00236,,Salt,0.25,tsp,UK-17-367,Salt,.25,tsp
GF-REC-00236,,Salt,0.5,tsp,UK-17-367,Salt,.5,tsp
GF-REC-00236,,"Water, distilled",2.0,tbsp,UK-17-377,Water or chicken stock,2,tbsp
GF-REC-00236,,"Soy sauce, light and dark varieties",0.5,tsp,UK-17-721,Soya sauce,.5,tsp
GF-REC-00237,GF-ING-00158,"Tomato, ripe, hybrid (Solanum lycopersicum)",150.0,g,D075,Tomatoes,150,g
GF-REC-00237,GF-ING-00231,"Carrot, orange (Daucus carota)",50.0,g,F002,Carrots,50,g
GF-REC-00237,GF-ING-00257,Coriander leaves (Coriandrum sativum),1.0,sprig,G009,Coriander leaves,a few,
GF-REC-00237,GF-ING-00260,"Garlic, small clove (Allium sativum)",0.5,tsp,G012,Garlic,.5,tsp
GF-REC-00237,GF-ING-00265,"Onion, big (Allium cepa)",20.0,g,G017,Onion,20,g
GF-REC-00237,GF-ING-00273,Cumin seeds (Cuminum cyminum),0.5,tsp,G025,Cumin seeds,.5,tsp
GF-REC-00237,GF-ING-00288,"Coconut, kernel, fresh (Cocos nucifera)",1.0,tsp,H007,Dessicated coconut,1,tsp
GF-REC-00237,GF-ING-00332,"Chicken, poultry, breast, skinless",250.0,g,N003,Chicken,250,g
GF-REC-00237,,"Flour, corn",1.0,tsp,UK-11-1045,Cornflour,1,tsp
GF-REC-00237,,"Oil, sunflower",1.0,tbsp,UK-17-045,Fat,1,tbsp
GF-REC-00237,,Vinegar,1.0,tsp,UK-17-339,Vinegar,1,tsp
GF-REC-00237,,Salt,0.5,tsp,UK-17-367,Salt,.5,tsp
GF-REC-00238,GF-ING-00158,"Tomato, ripe, hybrid (Solanum lycopersicum)",50.0,g,D075,Tomatoes,50,g
GF-REC-00238,GF-ING-00260,"Garlic, small clove (Allium sativum)",1.25,g,G012,Garlic,2,cloves
GF-REC-00238,GF-ING-00262,"Ginger, fresh (Zingiber officinale)",3.17,g,G014,Ginger,.25,inch
GF-REC-00238,GF-ING-00265,"Onion, big (Allium cepa)",50.0,g,G017,Onion,50,g
GF-REC-00238,GF-ING-00269,"Cardamom, black (Elettaria cardamomum)",0.25,tsp,G021,Black cardamom,1,
GF-REC-00238,GF-ING-00271,Cloves (Syzygium aromaticum),0.5,tsp,G023,Cloves,2,
GF-REC-00238,GF-ING-00279,"Pepper, black (Piper nigrum)",0.5,tsp,G031,Pepper corns,2,
GF-REC-00238,GF-ING-00280,Poppy seeds (Papaver somniferum),0.25,tsp,G032,Poppy seeds,.25,tsp
GF-REC-00238,GF-ING-00281,Turmeric powder (Curcuma domestica),0.25,tsp,G033,Turmeric powder,.25,tsp
GF-REC-00238,GF-ING-00523,Rohu (Labeo rohita),100.0,g,S006,Fish (Singhara/Rohu/Surmai),100,g
GF-REC-00238,,"Yogurt, whole milk, plain",2.0,tsp,UK-12-184,Curds,2,tsp
GF-REC-00238,,"Bay leaf, dried",0.8,g,UK-13-806,Bay leaf,2,
GF-REC-00238,,Garam masala,0.125,tsp,UK-13-829,Garam masala,.125,tsp
GF-REC-00238,,Chilli powder,0.25,tsp,UK-13-873,Red chilli powder,.25,tsp
GF-REC-00238,,"Cinnamon, ground",2.5,g,UK-13-874,Cinnamon,1,inch
GF-REC-00238,,"Lemons, flesh only, raw, weighed with peel and pips",17.5,g,UK-14-130,Lemon,.5,lemon
GF-REC-00238,,"Oil, sunflower",1.0,tbsp,UK-17-045,Fat,1,tbsp
GF-REC-00238,,Salt,0.5,tsp,UK-17-367,Salt,.5,tsp
GF-REC-00239,GF-ING-00018,"Wheat flour, refined (Triticum aestivum)",10.0,tsp,A018,Flour,10,g
GF-REC-00239,GF-ING-00194,"Lemon, juice (Citrus limon)",0.25,tsp,E033,Lemon juice,.25,tsp
GF-REC-00239,GF-ING-00265,"Onion, big (Allium cepa)",20.0,g,G017,Onion rings,20,g
GF-REC-00239,GF-ING-00445,Mackerel (Rastrelliger kanagurta),100.0,g,P034,Singhara fish,100,g
GF-REC-00239,,"Flour, gram",25.0,g,UK-11-896,Besan,25,g
GF-REC-00239,,Garam masala,0.125,tsp,UK-13-829,Garam masala,.125,tsp
GF-REC-00239,,Garam masala,0.25,tsp,UK-13-829,Garam masala,1,pinch
GF-REC-00239,,Chilli powder,0.125,tsp,UK-13-873,Red chilli powder,.125,tsp
GF-REC-00239,,Chilli powder,0.125,tsp,UK-13-873,Red chilli powder,.125,tsp
GF-REC-00239,,Chilli powder,0.25,tsp,UK-13-873,Red chilli powder,.25,tsp
GF-REC-00239,,"Lemons, flesh only, raw, weighed with peel and pips",35.0,g,UK-14-130,Lemon juice,1,lemon
GF-REC-00239,,"Oil, sunflower",480.0,ml,UK-17-045,Fat,for frying,
GF-REC-00239,,"Oil, sunflower",1.0,tsp,UK-17-045,Oil,1,tsp
GF-REC-00239,,Salt,0.125,tsp,UK-17-367,Salt,.125,tsp
GF-REC-00239,,Salt,0.125,tsp,UK-17-367,Salt,.125,tsp
GF-REC-00239,,Salt,0.5,tsp,UK-17-367,Salt,.5,tsp
GF-REC-00239,,Salt,0.5,tsp,UK-17-367,Salt,.5,tsp
GF-REC-00239,,"Mint sauce, homemade",2.0,tsp,UK-17-811,Mint chutney,2,tsp
GF-REC-00239,,AJWAIN SEED WHOLE ORGANIC SPICES,0.125,tsp,US-806341,Ajwain,.125,tsp
GF-REC-00239,,AJWAIN SEED WHOLE ORGANIC SPICES,0.125,tsp,US-806341,Ajwain seeds,.125,tsp
GF-REC-00240,GF-ING-00018,"Wheat flour, refined (Triticum aestivum)",10.0,g,A018,Flour,10,g
GF-REC-00240,GF-ING-00158,"Tomato, ripe, hybrid (Solanum lycopersicum)",20.0,g,D075,Tomato slices,20,g
GF-REC-00240,GF-ING-00235,"Potato, brown skin, big (Solanum tuberosum)",50.0,g,F006,Potatoes,50,g
GF-REC-00240,GF-ING-00279,"Pepper, black (Piper nigrum)",0.25,tsp,G031,Black pepper powder,1,pinch
GF-REC-00240,GF-ING-00315,"Egg, poultry, whole, raw",12.5,g,M001,Egg,.25,
GF-REC-00240,GF-ING-00468,"Pomfret, white (Pampus argenteus)",100.0,g,P057,Fish (Pomfret),100,g
GF-REC-00240,,"Bread, white, average",1.0,tbsp,UK-11-1145,Bread crumbs,1,tbsp
GF-REC-00240,,Chilli powder,0.25,tsp,UK-13-873,Red chilli powder,1,pinch
GF-REC-00240,,"Lemons, flesh only, raw, weighed with peel and pips",7.5,g,UK-14-130,Lemon,.25,lemon
GF-REC-00240,,"Lemons, flesh only, raw, weighed with peel and pips",8.75,g,UK-14-130,Lemon slices,.25,
GF-REC-00240,,"Oil, sunflower",480.0,ml,UK-17-045,Fat,for frying,
GF-REC-00240,,Salt,0.5,tsp,UK-17-367,Salt,.5,tsp
GF-REC-00241,GF-ING-00158,"Tomato, ripe, hybrid (Solanum lycopersicum)",200.0,g,D075,Tomatoes,200,g
GF-REC-00241,GF-ING-00194,"Lemon, juice (Citrus limon)",0.5,tsp,E033,Lemon juice,.5,tsp
GF-REC-00241,GF-ING-00235,"Potato, brown skin, big (Solanum tuberosum)",60.0,g,F006,Potatoes,60,g
GF-REC-00241,GF-ING-00256,"Chillies, green - all varieties (Capsicum annum)",3.33,g,G008,Green chilli,1,
GF-REC-00241,GF-ING-00257,Coriander leaves (Coriandrum sativum),1.0,sprig,G009,Coriander leaves,a few,
GF-REC-00241,GF-ING-00260,"Garlic, small clove (Allium sativum)",1.6,g,G012,Garlic,2 to 3,cloves
GF-REC-00241,GF-ING-00262,"Ginger, fresh (Zingiber officinale)",5.0,g,G014,Ginger,5,g
GF-REC-00241,GF-ING-00265,"Onion, big (Allium cepa)",60.0,g,G017,Button onions,60,g
GF-REC-00241,GF-ING-00265,"Onion, big (Allium cepa)",20.0,g,G017,Onion,20,g
GF-REC-00241,GF-ING-00468,"Pomfret, white (Pampus argenteus)",100.0,g,P057,Fish (Pomfret),100,g
GF-REC-00241,,"Flour, corn",1.0,tsp,UK-11-1045,Cornflour,1,tsp
GF-REC-00241,,Chilli powder,0.25,tsp,UK-13-873,Red chilli powder,.25,tsp
GF-REC-00241,,"Oil, sunflower",1.0,tbsp,UK-17-045,Fat,1,tbsp
GF-REC-00241,,"Oil, sunflower",2.0,C,UK-17-045,Fat,for frying,
GF-REC-00241,,"Sugar, white",1.0,tsp,UK-17-063,Sugar,1,tsp
GF-REC-00241,,Vinegar,1.0,tbsp,UK-17-339,Vinegar,1,tbsp
GF-REC-00241,,Salt,0.5,tsp,UK-17-367,Salt,.5,tsp
GF-REC-00241,,Salt,0.5,tsp,UK-17-367,Salt,.5,tsp
GF-REC-00241,,"Butter, unsalted",1.0,tsp,UK-17-661,Butter,1,tsp
GF-REC-00242,GF-ING-00018,"Wheat flour, refined (Triticum aestivum)",1.5,tsp,A018,Maida,1.5,tsp
GF-REC-00242,GF-ING-00279,"Pepper, black (Piper nigrum)",0.25,tsp,G031,Black pepper powder,1,pinch
GF-REC-00242,GF-ING-00312,"Milk, whole, Cow",200.0,ml,L002,Milk,200,ml
GF-REC-00242,GF-ING-00468,"Pomfret, white (Pampus argenteus)",100.0,g,P057,Fish (Pomfret),100,g
GF-REC-00242,,"Cheese, processed, plain",25.0,g,UK-12-527,Grated cheese,25,g
GF-REC-00242,,"Lemons, flesh only, raw, weighed with peel and pips",17.5,g,UK-14-130,Lemon,.5,
GF-REC-00242,,Salt,0.25,tsp,UK-17-367,Salt,.25,tsp
GF-REC-00242,,Salt,0.25,tsp,UK-17-367,Salt,.25,tsp
GF-REC-00242,,"Butter, unsalted",1.5,tsp,UK-17-661,Butter,1.5,tsp
GF-REC-00243,,Red colour,0.25,tsp,,Red color,1 to 2,drops
GF-REC-00243,GF-ING-00018,"Wheat flour, refined (Triticum aestivum)",1.0,tsp,A018,Maida,1,tsp
GF-REC-00243,GF-ING-00194,"Lemon, juice (Citrus limon)",0.5,tsp,E033,Lemon juice,.5,tsp
GF-REC-00243,GF-ING-00260,"Garlic, small clove (Allium sativum)",5.0,g,G012,Garlic,5,g
GF-REC-00243,GF-ING-00262,"Ginger, fresh (Zingiber officinale)",5.0,g,G014,Ginger,5,g
GF-REC-00243,GF-ING-00265,"Onion, big (Allium cepa)",20.0,g,G017,Onion rings,20,g
GF-REC-00243,GF-ING-00272,Coriander seeds (Coriandrum sativum),0.25,tsp,G024,Coriander powder,.25,tsp
GF-REC-00243,GF-ING-00445,Mackerel (Rastrelliger kanagurta),100.0,g,P034,Singhara fish,5,g
GF-REC-00243,,Chilli powder,0.25,tsp,UK-13-873,Red chilli powder,.25,tsp
GF-REC-00243,,Chilli powder,0.25,tsp,UK-13-873,Red chilli powder,.25,tsp
GF-REC-00243,,"Oil, sunflower",1.0,tsp,UK-17-045,Oil,1,tsp
GF-REC-00243,,Salt,0.25,tsp,UK-17-367,Salt,.25,tsp
GF-REC-00243,,Salt,0.5,tsp,UK-17-367,Salt,.5,tsp
GF-REC-00244,GF-ING-00158,"Tomato, ripe, hybrid (Solanum lycopersicum)",100.0,g,D075,Tomato,100,g
GF-REC-00244,GF-ING-00260,"Garlic, small clove (Allium sativum)",2.5,g,G012,Garlic,4,cloves
GF-REC-00244,GF-ING-00262,"Ginger, fresh (Zingiber officinale)",20.0,g,G014,Ginger,20,g
GF-REC-00244,GF-ING-00265,"Onion, big (Allium cepa)",50.0,g,G017,Onion rings,50,g
GF-REC-00244,GF-ING-00281,Turmeric powder (Curcuma domestica),0.25,tsp,G033,Haldi powder,.25,tsp
GF-REC-00244,GF-ING-00468,"Pomfret, white (Pampus argenteus)",500.0,g,P057,Pomfret,500,g
GF-REC-00244,,"Yogurt, whole milk, plain",100.0,g,UK-12-184,Curds,100,g
GF-REC-00244,,Garam masala,1.0,tsp,UK-13-829,Garam masala,1,tsp
GF-REC-00244,,Chilli powder,0.5,tsp,UK-13-873,Red chilli powder,.5,tsp
GF-REC-00244,,"Lemons, flesh only, raw, weighed with peel and pips",35.0,g,UK-14-130,Lemon,1,lemon
GF-REC-00244,,"Lemons, flesh only, raw, weighed with peel and pips",105.0,g,UK-14-130,Lemon,3,lemon
GF-REC-00244,,"Oil, sunflower",1.0,tbsp,UK-17-045,Fat,1,tbsp
GF-REC-00244,,Vinegar,0.5,tsp,UK-17-339,Vinegar,.5,tsp
GF-REC-00244,,Salt,1.0,tsp,UK-17-367,Salt,1,tsp
GF-REC-00244,,AJWAIN SEED WHOLE ORGANIC SPICES,1.0,tsp,US-806341,Ajwain,1,tsp
GF-REC-00245,GF-ING-00074,Lettuce (Lactuca sativa),48.0,g,C025,Salad leaves,2,
GF-REC-00245,GF-ING-00126,"Cucumber, green, elongate (Cucumis sativus)",25.0,g,D043,Cucumber,25,g
GF-REC-00245,GF-ING-00162,"Apple, big (Malus domestica)",25.0,g,E001,Apple,25,g
GF-REC-00245,GF-ING-00183,"Grapes, seeded, round, black (Vitis vinifera)",25.0,g,E022,Grapes,25,g
GF-REC-00245,GF-ING-00214,Pineapple (Ananas comosus),30.0,g,E053,Pineapple slices,1,slice
GF-REC-00245,GF-ING-00231,"Carrot, orange (Daucus carota)",15.0,g,F002,Carrots,15,g
GF-REC-00245,GF-ING-00302,Walnut (Juglans regia),3.75,g,H021,Walnuts,1 to 2,
GF-REC-00245,GF-ING-00313,Paneer,30.0,g,L003,Paneer,30,g
GF-REC-00245,,"Yogurt, whole milk, plain",25.0,g,UK-12-184,Curds,25,g
GF-REC-00245,,"Cream, fresh, single",25.0,g,UK-12-332,Fresh cream,25,g
GF-REC-00245,,"Sugar, icing",0.5,tsp,UK-17-062,Castor sugar,.5,tsp
GF-REC-00245,,Salt,0.5,tsp,UK-17-367,Salt,.5,tsp
GF-REC-00245,,"Tomato sauce, homemade",0.5,tsp,UK-50-1173,Tomato sauce,.5,tsp
GF-REC-00246,GF-ING-00074,Lettuce (Lactuca sativa),48.0,g,C025,Salad leaves,2,nos
GF-REC-00246,GF-ING-00133,"French beans, hybrid (Phaseolus vulgaris)",25.0,g,D050,Beans,25,g
GF-REC-00246,GF-ING-00144,"Peas, fresh (Pisum sativum)",50.0,g,D061,Peas,50,g
GF-REC-00246,GF-ING-00214,Pineapple (Ananas comosus),30.0,g,E053,Pineapple slices,1,slice
GF-REC-00246,GF-ING-00231,"Carrot, orange (Daucus carota)",25.0,g,F002,Carrots,25,g
GF-REC-00246,GF-ING-00235,"Potato, brown skin, big (Solanum tuberosum)",50.0,g,F006,Potatoes,50,g
GF-REC-00246,GF-ING-00315,"Egg, poultry, whole, raw",50.0,g,M001,Eggs,1,nos
GF-REC-00246,,"Cream, fresh, single",1.0,tbsp,UK-12-332,Cream,1,tbsp
GF-REC-00246,,"Pepper, white",0.25,tsp,UK-13-881,White pepper powder,to taste,
GF-REC-00246,,Salt,0.25,tsp,UK-17-367,Salt,to taste,
GF-REC-00246,,"Mayonnaise, standard, retail",1.5,tbsp,UK-17-654,Mayonnaise,1.5,tbsp
GF-REC-00247,GF-ING-00074,Lettuce (Lactuca sativa),24.0,g,C025,Lettuce leaf,1,big
GF-REC-00247,GF-ING-00116,"Capsicum, green (Capsicum annuum)",20.0,g,D033,Capsicum,20,g
GF-REC-00247,GF-ING-00126,"Cucumber, green, elongate (Cucumis sativus)",30.0,g,D043,Cucumber,30,g
GF-REC-00247,GF-ING-00158,"Tomato, ripe, hybrid (Solanum lycopersicum)",30.0,g,D075,Tomato,30,g
GF-REC-00247,GF-ING-00260,"Garlic, small clove (Allium sativum)",0.25,tsp,G012,Chilli garlic sauce,.25,tsp
GF-REC-00247,GF-ING-00313,Paneer,20.0,g,L003,Paneer,20,g
GF-REC-00247,,"Pasta, white, dried, raw",25.0,g,UK-11-716,Cut macroni,25,g
GF-REC-00247,,"Cream, fresh, single",1.0,tbsp,UK-12-332,Cream,1,tbsp
GF-REC-00247,,"Pepper, white",0.125,tsp,UK-13-881,White pepper,.125,tsp
GF-REC-00247,,Salt,0.25,tsp,UK-17-367,Salt,.25,tsp
GF-REC-00247,,"Mayonnaise, standard, retail",2.0,tbsp,UK-17-654,Mayonnaise,2,tbsp
GF-REC-00247,,Chilli sauce,0.25,tsp,UK-17-719,Chilli garlic sauce,.25,tsp
GF-REC-00247,,"Tomato sauce, homemade",1.0,tbsp,UK-50-1173,Tomato sauce,1,tbsp
GF-REC-00248,GF-ING-00074,Lettuce (Lactuca sativa),48.0,g,C025,Salad leaves,2,nos
GF-REC-00248,GF-ING-00158,"Tomato, ripe, hybrid (Solanum lycopersicum)",50.0,g,D075,Tomato,50,g
GF-REC-00248,GF-ING-00265,"Onion, big (Allium cepa)",0.5,tsp,G017,Minced onion,.5,tsp
GF-REC-00248,GF-ING-00279,"Pepper, black (Piper nigrum)",0.25,tsp,G031,Black pepper powder,1,pinch
GF-REC-00248,GF-ING-00315,"Egg, poultry, whole, raw",50.0,g,M001,Egg,1,
GF-REC-00248,,Salt,0.125,tsp,UK-17-367,Salt,.125,tsp
GF-REC-00248,,"Mayonnaise, standard, retail",2.0,tsp,UK-17-654,Mayonnaise,2,tsp
GF-REC-00249,GF-ING-00074,Lettuce (Lactuca sativa),48.0,g,C025,Salad leaves,2,
GF-REC-00249,GF-ING-00133,"French beans, hybrid (Phaseolus vulgaris)",25.0,g,D050,French beans,25,g
GF-REC-00249,GF-ING-00144,"Peas, fresh (Pisum sativum)",50.0,g,D061,Peas,50,g
GF-REC-00249,GF-ING-00214,Pineapple (Ananas comosus),60.0,g,E053,Pineapple slices,2,slice
GF-REC-00249,GF-ING-00231,"Carrot, orange (Daucus carota)",25.0,g,F002,Carrots,25,g
GF-REC-00249,GF-ING-00231,"Carrot, orange (Daucus carota)",15.0,g,F002,Grated carrots,15,g
GF-REC-00249,GF-ING-00288,"Coconut, kernel, fresh (Cocos nucifera)",62.5,g,H007,Coconut,.25,
GF-REC-00249,GF-ING-00313,Paneer,25.0,g,L003,Paneer,25,g
GF-REC-00249,,"Flour, corn",0.125,tsp,UK-11-1045,Cornflour,.125,tsp
GF-REC-00249,,"Pasta, white, dried, raw",25.0,g,UK-11-716,Noodles or spaghetti,25,g
GF-REC-00249,,"Cream, fresh, single",30.0,g,UK-12-332,Fresh cream,30,g
GF-REC-00249,,"Cherries, glace",10.0,g,UK-14-335,Glaced cherries,1 to 2,
GF-REC-00249,,"Oil, olive",2.0,tsp,UK-17-038,Salad oil,2,tsp
GF-REC-00249,,"Sugar, icing",1.0,tsp,UK-17-062,Castor sugar,1,tsp
GF-REC-00249,,"Sugar, white",0.25,tsp,UK-17-063,Sugar,to taste,
GF-REC-00249,,Mustard powder,0.125,tsp,UK-17-362,Mustard powder,.125,tsp
GF-REC-00249,,Salt,0.25,tsp,UK-17-367,Salt,to taste,
GF-REC-00250,GF-ING-00044,"Rajmah, red (Phaseolus vulgaris)",15.0,g,B020,Rajmah,15,g
GF-REC-00250,GF-ING-00074,Lettuce (Lactuca sativa),48.0,g,C025,Salad leaves,2,
GF-REC-00250,GF-ING-00126,"Cucumber, green, elongate (Cucumis sativus)",20.0,g,D043,Cucumber,20,g
GF-REC-00250,GF-ING-00235,"Potato, brown skin, big (Solanum tuberosum)",30.0,g,F006,Potatoes,30,g
GF-REC-00250,GF-ING-00256,"Chillies, green - all varieties (Capsicum annum)",1.67,g,G008,Green chilli,.5,
GF-REC-00250,GF-ING-00257,Coriander leaves (Coriandrum sativum),1.0,sprig,G009,Coriander leaves,a few,
GF-REC-00250,GF-ING-00265,"Onion, big (Allium cepa)",20.0,g,G017,Onions,20,g
GF-REC-00250,GF-ING-00279,"Pepper, black (Piper nigrum)",0.125,tsp,G031,Pepper powder,.125,tsp
GF-REC-00250,,"Beans, chick peas, Kabuli, whole, dried, raw",15.0,g,UK-13-074,Kabuli channas,15,g
GF-REC-00250,,"Lemons, flesh only, raw, weighed with peel and pips",17.5,g,UK-14-130,Lemon,.5,lemon
GF-REC-00250,,Salt,0.25,tsp,UK-17-367,Salt,.25,tsp
GF-REC-00251,GF-ING-00074,Lettuce (Lactuca sativa),48.0,g,C025,Salad leaves,2,
GF-REC-00251,GF-ING-00158,"Tomato, ripe, hybrid (Solanum lycopersicum)",30.0,g,D075,Tomatoes,30,g
GF-REC-00251,GF-ING-00235,"Potato, brown skin, big (Solanum tuberosum)",30.0,g,F006,Potatoes,30,g
GF-REC-00251,GF-ING-00279,"Pepper, black (Piper nigrum)",0.125,tsp,G031,Black pepper powder,.125,tsp
GF-REC-00251,,"Yogurt, whole milk, plain",30.0,g,UK-12-184,Curds,30,g
GF-REC-00251,,"Spring onions, bulbs and tops, raw",25.0,g,UK-13-352,Spring onion,25,g
GF-REC-00251,,"Beansprouts, mung, boiled in unsalted water",40.0,g,UK-13-580,Sprouted moong,40,g
GF-REC-00251,,Salt,0.25,tsp,UK-17-367,Salt,.25,tsp
GF-REC-00252,GF-ING-00064,"Cabbage, green (Brassica oleracea var. capitata f. alba)",25.0,g,C015,Cabbage,25,g
GF-REC-00252,GF-ING-00074,Lettuce (Lactuca sativa),48.0,g,C025,Salad leaves,2,
GF-REC-00252,GF-ING-00116,"Capsicum, green (Capsicum annuum)",25.0,g,D033,Capsicum,25,g
GF-REC-00252,GF-ING-00158,"Tomato, ripe, hybrid (Solanum lycopersicum)",25.0,g,D075,Tomatoes,25,g
GF-REC-00252,GF-ING-00231,"Carrot, orange (Daucus carota)",25.0,g,F002,Carrots,25,g
GF-REC-00252,GF-ING-00238,"Radish, elongate, red skin (Raphanus sativus)",150.0,g,F009,Red radish,1 to 2,
GF-REC-00252,,"Spring onions, bulbs and tops, raw",25.0,g,UK-13-352,Spring onion,25,g
GF-REC-00252,,"Pepper, white",0.25,tsp,UK-13-881,White pepper powder,1,pinch
GF-REC-00252,,"Oil, olive",1.0,tbsp,UK-17-038,Salad oil,1,tbsp
GF-REC-00252,,"Sugar, icing",0.25,tsp,UK-17-062,Castor sugar,1,pinch
GF-REC-00252,,Vinegar,1.0,tsp,UK-17-339,Vinegar,1,tsp
GF-REC-00252,,Mustard powder,0.25,tsp,UK-17-362,Mustard powder,1,pinch
GF-REC-00252,,Salt,0.25,tsp,UK-17-367,Salt,.25,tsp
GF-REC-00253,GF-ING-00074,Lettuce (Lactuca sativa),36.0,g,C025,Salad leaves,1 to 2,
GF-REC-00253,GF-ING-00133,"French beans, hybrid (Phaseolus vulgaris)",30.0,g,D050,French beans,30,g
GF-REC-00253,GF-ING-00144,"Peas, fresh (Pisum sativum)",75.0,g,D061,Green peas,75,g
GF-REC-00253,GF-ING-00231,"Carrot, orange (Daucus carota)",30.0,g,F002,Carrots,30,g
GF-REC-00253,GF-ING-00256,"Chillies, green - all varieties (Capsicum annum)",1.67,g,G008,Green chilli,.5,
GF-REC-00253,GF-ING-00264,Mint leaves (Mentha spicata ),1.0,sprig,G016,Mint,few leaves,
GF-REC-00253,,"Yogurt, whole milk, plain",30.0,g,UK-12-184,Curds,30,g
GF-REC-00253,,"Cream, fresh, single",10.0,ml,UK-12-332,Fresh cream,10,ml
GF-REC-00253,,"Pepper, white",0.125,tsp,UK-13-881,White pepper powder,.125,tsp
GF-REC-00253,,Salt,0.25,tsp,UK-17-367,Salt,.25,tsp
GF-REC-00254,GF-ING-00074,Lettuce (Lactuca sativa),24.0,g,C025,Lettuce/cabbage leaf,1,
GF-REC-00254,GF-ING-00116,"Capsicum, green (Capsicum annuum)",20.0,g,D033,Capsicum,20,g
GF-REC-00254,GF-ING-00235,"Potato, brown skin, big (Solanum tuberosum)",100.0,g,F006,Potatoes,100,g
GF-REC-00254,GF-ING-00257,Coriander leaves (Coriandrum sativum),1.0,tbsp,G009,Coriander leaves,1,tbsp
GF-REC-00254,,"Spring onions, bulbs and tops, raw",25.0,g,UK-13-352,Spring onion,25,g
GF-REC-00254,,"Dressing, thousand island",3.0,tbsp,UK-17-717,Thousand Island dressing,3,tbsp
GF-REC-00255,GF-ING-00074,Lettuce (Lactuca sativa),24.0,g,C025,Lettuce leaf,1,
GF-REC-00255,GF-ING-00162,"Apple, big (Malus domestica)",125.0,g,E001,Red apple,125,g
GF-REC-00255,GF-ING-00218,"Raisins, dried, black (Vitis vinifera)",10.0,g,E057,Raisins,10,g
GF-REC-00255,GF-ING-00302,Walnut (Juglans regia),10.0,g,H021,Walnuts (shelled),10,g
GF-REC-00255,,"Cream, fresh, whipping",1.0,tbsp,UK-12-333,Cream (whipped),1,tbsp
GF-REC-00255,,"Spring onions, bulbs and tops, raw",30.0,g,UK-13-352,Spring onion or celery,30,g
GF-REC-00255,,"Lemons, flesh only, raw, weighed with peel and pips",17.5,g,UK-14-130,Lemon juice,.5,lemon
GF-REC-00255,,"Mayonnaise, standard, retail",1.0,tbsp,UK-17-654,Mayonnaise,1,tbsp
GF-REC-00256,GF-ING-00064,"Cabbage, green (Brassica oleracea var. capitata f. alba)",30.0,g,C015,Cabbage,30,g
GF-REC-00256,GF-ING-00162,"Apple, big (Malus domestica)",25.0,g,E001,Apple,25,g
GF-REC-00256,GF-ING-00194,"Lemon, juice (Citrus limon)",1.0,tsp,E033,Lemon juice,1,tsp
GF-REC-00256,GF-ING-00231,"Carrot, orange (Daucus carota)",50.0,g,F002,Carrots,50,g
GF-REC-00256,,"Cream, fresh, single",2.0,tsp,UK-12-332,Cream,2,tsp
GF-REC-00256,,"Spring onions, bulbs and tops, raw",25.0,g,UK-13-352,Spring onion,25,g
GF-REC-00256,,"Mayonnaise, standard, retail",1.5,tsp,UK-17-654,Mayonnaise,1.5,tsp
GF-REC-00257,GF-ING-00074,Lettuce (Lactuca sativa),60.0,g,C025,Salad leaves,2 to 3,
GF-REC-00257,GF-ING-00162,"Apple, big (Malus domestica)",40.0,g,E001,Apple,40,g
GF-REC-00257,GF-ING-00170,"Banana, ripe, montham (Musa x paradisiaca)",32.5,g,E009,Banana,.5,
GF-REC-00257,GF-ING-00183,"Grapes, seeded, round, black (Vitis vinifera)",40.0,g,E022,Grapes,40,g
GF-REC-00257,GF-ING-00194,"Lemon, juice (Citrus limon)",2.0,tsp,E033,Lemon juice,2,tsp
GF-REC-00257,GF-ING-00208,"Orange, pulp (Citrus aurantium)",30.0,g,E047,Orange,.5,
GF-REC-00257,GF-ING-00214,Pineapple (Ananas comosus),30.0,g,E053,Pineapple,1,slice
GF-REC-00257,,"Flour, corn",1.0,tsp,UK-11-1045,Cornflour,1,tsp
GF-REC-00257,,"Cream, fresh, single",1.0,tbsp,UK-12-332,Cream,1,tbsp
GF-REC-00257,,"Pineapple juice, unsweetened",2.0,tsp,UK-14-286,Pineapple juice,2,tsp
GF-REC-00257,,"Cherries, glace",10.0,g,UK-14-335,Glaced cherries,2,
GF-REC-00257,,"Orange juice, freshly squeezed",2.0,tsp,UK-14-369,Orange juice,2,tsp
GF-REC-00257,,"Sugar, white",10.0,g,UK-17-063,Sugar,10,g
GF-REC-00257,,"Water, distilled",2.0,tsp,UK-17-377,Water,2,tsp
GF-REC-00258,GF-ING-00279,"Pepper, black (Piper nigrum)",0.25,tsp,G031,Black pepper powder,.25,tsp
GF-REC-00258,GF-ING-00317,"Egg, poultry, yolk, raw",16.0,g,M003,Egg yolk,1,
GF-REC-00258,,"Oil, sunflower",0.5,C,UK-17-045,Salad/refined oil,.5,cups
GF-REC-00258,,"Sugar, icing",0.5,tsp,UK-17-062,Castor sugar,.5,tsp
GF-REC-00258,,Vinegar,1.0,tbsp,UK-17-339,Vinegar,1,tbsp
GF-REC-00258,,Mustard powder,0.25,tsp,UK-17-362,Mustard powder,.25,tsp
GF-REC-00258,,Salt,0.5,tsp,UK-17-367,Salt,.5,tsp
GF-REC-00259,GF-ING-00279,"Pepper, black (Piper nigrum)",0.25,tsp,G031,Black pepper powder,.25,tsp
GF-REC-00259,GF-ING-00315,"Egg, poultry, whole, raw",25.0,g,M001,Egg,.5,
GF-REC-00259,,"Flour, corn",1.5,tbsp,UK-11-1045,Cornflour,1.5,tbsp
GF-REC-00259,,"Oil, sunflower",60.0,ml,UK-17-045,Refined oil,60,ml
GF-REC-00259,,"Sugar, icing",0.5,tsp,UK-17-062,Castor sugar,.5,tsp
GF-REC-00259,,Vinegar,1.0,tbsp,UK-17-339,Vinegar,1,tbsp
GF-REC-00259,,Mustard powder,0.25,tsp,UK-17-362,Mustard powder,1,pinch
GF-REC-00259,,Salt,0.5,tsp,UK-17-367,Salt,.5,tsp
GF-REC-00259,,"Water, distilled",150.0,ml,UK-17-377,Water,150,ml
GF-REC-00260,GF-ING-00116,"Capsicum, green (Capsicum annuum)",1.0,tsp,D033,Chopped capsicum,1,tsp
GF-REC-00260,GF-ING-00265,"Onion, big (Allium cepa)",1.0,tsp,G017,Chopped onion,1,tsp
GF-REC-00260,,Salt,0.25,tsp,UK-17-367,Salt,1,pinch
GF-REC-00260,,"Mayonnaise, standard, retail",3.0,tsp,UK-17-654,Mayonnaise,3,tsp
GF-REC-00260,,Chilli sauce,0.75,tsp,UK-17-719,Chilli sauce,.75,tsp
GF-REC-00260,,"Tomato sauce, homemade",1.0,tsp,UK-50-1173,Tomato sauce,1,tsp
GF-REC-00261,GF-ING-00158,"Tomato, ripe, hybrid (Solanum lycopersicum)",40.0,g,D075,Tomatoes,40,g
GF-REC-00261,GF-ING-00256,"Chillies, green - all varieties (Capsicum annum)",1.67,g,G008,Green chilli,.5,
GF-REC-00261,GF-ING-00265,"Onion, big (Allium cepa)",35.0,g,G017,Onions,35,g
GF-REC-00261,GF-ING-00273,Cumin seeds (Cuminum cyminum),0.125,tsp,G025,Roasted cumin seed powder,.125,tsp
GF-REC-00261,,"Yogurt, whole milk, plain",100.0,g,UK-12-184,Curd,100,g
GF-REC-00261,,Chilli powder,0.125,tsp,UK-13-873,Red chilli powder,.125,tsp
GF-REC-00261,,Salt,0.25,tsp,UK-17-367,Salt,.25,tsp
GF-REC-00262,GF-ING-00256,"Chillies, green - all varieties (Capsicum annum)",1.67,g,G008,Green chilli,.5,
GF-REC-00262,GF-ING-00273,Cumin seeds (Cuminum cyminum),0.125,tsp,G025,Roasted cumin seed powder,.125,tsp
GF-REC-00262,GF-ING-00293,Ground nut (Arachis hypogea),20.0,g,H012,Peanuts,20,g
GF-REC-00262,,"Yogurt, whole milk, plain",100.0,g,UK-12-184,Curd,100,g
GF-REC-00262,,Chilli powder,0.125,tsp,UK-13-873,Red chilli powder,.125,tsp
GF-REC-00262,,Salt,0.25,tsp,UK-17-367,Salt,.25,tsp
GF-REC-00263,GF-ING-00256,"Chillies, green - all varieties (Capsicum annum)",1.67,g,G008,Green chilli,.5,
GF-REC-00263,GF-ING-00273,Cumin seeds (Cuminum cyminum),0.125,tsp,G025,Roasted cumin seed powder,.125,tsp
GF-REC-00263,,"Yogurt, whole milk, plain",100.0,g,UK-12-184,Curd,100,g
GF-REC-00263,,"Beansprouts, mung, boiled in unsalted water",50.0,g,UK-13-580,Sprouted moong,50,g
GF-REC-00263,,Chilli powder,0.125,tsp,UK-13-873,Red chilli powder,.125,tsp
GF-REC-00263,,Salt,0.25,tsp,UK-17-367,Salt,.25,tsp
GF-REC-00264,GF-ING-00090,"Bottle gourd, elongate, pale green (Lagenaria vulgaris)",50.0,g,D007,Lauki,50,g
GF-REC-00264,GF-ING-00256,"Chillies, green - all varieties (Capsicum annum)",1.67,g,G008,Green chilli,.5,
GF-REC-00264,GF-ING-00273,Cumin seeds (Cuminum cyminum),0.125,tsp,G025,Roasted cumin seed powder,.125,tsp
GF-REC-00264,,"Yogurt, whole milk, plain",100.0,g,UK-12-184,Curd,100,g
GF-REC-00264,,Chilli powder,0.125,tsp,UK-13-873,Red chilli powder,.125,tsp
GF-REC-00264,,Salt,0.25,tsp,UK-17-367,Salt,.25,tsp
GF-REC-00265,GF-ING-00126,"Cucumber, green, elongate (Cucumis sativus)",50.0,g,D043,Cucumber,50,g
GF-REC-00265,GF-ING-00256,"Chillies, green - all varieties (Capsicum annum)",1.67,g,G008,Green chilli,.5,
GF-REC-00265,GF-ING-00273,Cumin seeds (Cuminum cyminum),0.125,tsp,G025,Roasted cumin seed powder,.125,tsp
GF-REC-00265,,"Yogurt, whole milk, plain",100.0,g,UK-12-184,Curd,100,g
GF-REC-00265,,Chilli powder,0.125,tsp,UK-13-873,Red chilli powder,.125,tsp
GF-REC-00265,,Salt,0.25,tsp,UK-17-367,Salt,.25,tsp
GF-REC-00266,GF-ING-00082,Spinach (Spinacia oleracea),50.0,g,C033,Spinach,50,g
GF-REC-00266,GF-ING-00231,"Carrot, orange (Daucus carota)",25.0,g,F002,Carrots,25,g
GF-REC-00266,GF-ING-00256,"Chillies, green - all varieties (Capsicum annum)",1.67,g,G008,Green chilli,.5,
GF-REC-00266,GF-ING-00273,Cumin seeds (Cuminum cyminum),0.125,tsp,G025,Roasted cumin seed powder,.125,tsp
GF-REC-00266,,"Yogurt, whole milk, plain",100.0,g,UK-12-184,Curd,100,g
GF-REC-00266,,Chilli powder,0.125,tsp,UK-13-873,Red chilli powder,.125,tsp
GF-REC-00266,,Salt,0.25,tsp,UK-17-367,Salt,.25,tsp
GF-REC-00267,GF-ING-00256,"Chillies, green - all varieties (Capsicum annum)",1.67,g,G008,Green chilli,.5,
GF-REC-00267,GF-ING-00264,Mint leaves (Mentha spicata ),1.0,sprig,G016,Mint,.25,bunch
GF-REC-00267,GF-ING-00273,Cumin seeds (Cuminum cyminum),0.125,tsp,G025,Roasted cumin seed powder,.125,tsp
GF-REC-00267,,"Yogurt, whole milk, plain",100.0,g,UK-12-184,Curd,100,g
GF-REC-00267,,Chilli powder,0.125,tsp,UK-13-873,Red chilli powder,.125,tsp
GF-REC-00267,,Salt,0.25,tsp,UK-17-367,Salt,.25,tsp
GF-REC-00268,GF-ING-00235,"Potato, brown skin, big (Solanum tuberosum)",55.0,g,F006,Potatoes,50 to 60,g
GF-REC-00268,GF-ING-00256,"Chillies, green - all varieties (Capsicum annum)",1.67,g,G008,Green chilli,.5,
GF-REC-00268,GF-ING-00273,Cumin seeds (Cuminum cyminum),0.125,tsp,G025,Roasted cumin seed powder,.125,tsp
GF-REC-00268,,"Yogurt, whole milk, plain",100.0,g,UK-12-184,Curd,100,g
GF-REC-00268,,Chilli powder,0.125,tsp,UK-13-873,Red chilli powder,.125,tsp
GF-REC-00268,,Salt,0.25,tsp,UK-17-367,Salt,.25,tsp
GF-REC-00269,GF-ING-00273,Cumin seeds (Cuminum cyminum),0.25,tsp,G025,Roasted cumin seed powder,.25,tsp
GF-REC-00269,,"Flour, gram",25.0,g,UK-11-896,Besan,25,g
GF-REC-00269,,"Yogurt, whole milk, plain",150.0,g,UK-12-184,Curd,150,g
GF-REC-00269,,Chilli powder,0.25,tsp,UK-13-873,Red chilli powder,1,pinch
GF-REC-00269,,Chilli powder,0.25,tsp,UK-13-873,Red chilli powder,.25,tsp
GF-REC-00269,,"Oil, sunflower",480.0,ml,UK-17-045,Oil,for frying,
GF-REC-00269,,Salt,0.125,tsp,UK-17-367,Salt,.125,tsp
GF-REC-00269,,Salt,0.5,tsp,UK-17-367,Salt,.5,tsp
GF-REC-00270,GF-ING-00162,"Apple, big (Malus domestica)",50.0,g,E001,Apple,50,g
GF-REC-00270,GF-ING-00170,"Banana, ripe, montham (Musa x paradisiaca)",30.0,g,E009,Banana,30,g
GF-REC-00270,,"Yogurt, whole milk, plain",100.0,g,UK-12-184,Curd,100,g
GF-REC-00270,,"Sugar, icing",1.0,tbsp,UK-17-062,Castor sugar,1,tbsp
GF-REC-00271,GF-ING-00027,"Black gram, dal (Phaseolus mungo)",50.0,g,B003,Washed urad dal,50,g
GF-REC-00271,GF-ING-00257,Coriander leaves (Coriandrum sativum),1.0,sprig,G009,Coriander leaves,few,
GF-REC-00271,GF-ING-00262,"Ginger, fresh (Zingiber officinale)",5.0,g,G014,Ginger,5,g
GF-REC-00271,GF-ING-00273,Cumin seeds (Cuminum cyminum),0.25,tsp,G025,Roasted cumin seed powder,.25,tsp
GF-REC-00271,,"Yogurt, whole milk, plain",150.0,g,UK-12-184,Curd,150,g
GF-REC-00271,,Chilli powder,0.25,tsp,UK-13-873,Red chilli powder,.25,tsp
GF-REC-00271,,"Oil, sunflower",480.0,ml,UK-17-045,Oil,for frying,
GF-REC-00271,,Salt,0.5,tsp,UK-17-367,Salt,.5,tsp
GF-REC-00272,GF-ING-00027,"Black gram, dal (Phaseolus mungo)",50.0,g,B003,Washed urad dal,50,g
GF-REC-00272,GF-ING-00218,"Raisins, dried, black (Vitis vinifera)",2.0,g,E057,Raisins,a few,
GF-REC-00272,GF-ING-00273,Cumin seeds (Cuminum cyminum),0.25,tsp,G025,Roasted cumin seed powder,.25,tsp
GF-REC-00272,GF-ING-00288,"Coconut, kernel, fresh (Cocos nucifera)",15.0,g,H007,Fresh coconut,15,g
GF-REC-00272,,"Yogurt, whole milk, plain",150.0,g,UK-12-184,Curd,150,g
GF-REC-00272,,Chilli powder,0.25,tsp,UK-13-873,Red chilli powder,.25,tsp
GF-REC-00272,,"Oil, sunflower",480.0,ml,UK-17-045,Oil,for frying,
GF-REC-00272,,Salt,0.5,tsp,UK-17-367,Salt,.5,tsp
GF-REC-00273,GF-ING-00225,"Tamarind, pulp (Tamarindus indica)",25.0,g,E064,Imli (tamarind),25,g
GF-REC-00273,GF-ING-00273,Cumin seeds (Cuminum cyminum),0.25,tsp,G025,Roasted cumin seed powder,.25,tsp
GF-REC-00273,GF-ING-00303,"Jaggery, cane (Saccharum officinarum)",50.0,g,I001,Jaggery,50,g
GF-REC-00273,,Chilli powder,0.25,tsp,UK-13-873,Red chilli powder,.25,tsp
GF-REC-00273,,Salt,0.5,tsp,UK-17-367,Salt,.5,tsp
GF-REC-00273,,"Water, distilled",100.0,ml,UK-17-377,Water,100,ml
GF-REC-00274,GF-ING-00014,"Rice, parboiled, milled (Oryza sativa )",10.0,g,A014,Rice,10,g
GF-REC-00274,GF-ING-00218,"Raisins, dried, black (Vitis vinifera)",1.5,g,E057,Raisins,4 to 5,
GF-REC-00274,GF-ING-00268,"Cardamom, green (Elettaria cardamomum)",0.25,tsp,G020,Green cardamom,1,
GF-REC-00274,GF-ING-00282,Almond (Prunus amygdalus),1.11,g,H001,Almond,1,
GF-REC-00274,GF-ING-00312,"Milk, whole, Cow",250.0,ml,L002,Milk,250,ml
GF-REC-00274,,"Sugar, white",1.5,tbsp,UK-17-063,Sugar,1.5,tbsp
GF-REC-00274,,"Water, distilled",0.5,C,UK-17-377,Water,.5,cups
GF-REC-00275,GF-ING-00218,"Raisins, dried, black (Vitis vinifera)",1.5,g,E057,Raisins,4 to 5,
GF-REC-00275,GF-ING-00268,"Cardamom, green (Elettaria cardamomum)",0.25,tsp,G020,Green cardamom,1,
GF-REC-00275,GF-ING-00282,Almond (Prunus amygdalus),1.11,g,H001,Almond,1,
GF-REC-00275,GF-ING-00312,"Milk, whole, Cow",250.0,ml,L002,Milk,250,ml
GF-REC-00275,,"Sugar, white",1.5,tbsp,UK-17-063,Sugar,1.5,tbsp
GF-REC-00275,,"Ghee, butter",0.5,tsp,UK-17-640,Ghee,.5,tsp
GF-REC-00275,,"Seeds, lotus seeds, dried",5.0,g,US-170149,Makhana,5,g
GF-REC-00276,GF-ING-00024,"Wheat, vermicelli, roasted (Triticum aestivum)",10.0,g,A024,Vermicelli,10,g
GF-REC-00276,GF-ING-00218,"Raisins, dried, black (Vitis vinifera)",1.32,g,E057,Raisins,4 to 5,
GF-REC-00276,GF-ING-00282,Almond (Prunus amygdalus),1.11,g,H001,Almond,1,
GF-REC-00276,GF-ING-00312,"Milk, whole, Cow",200.0,g,L002,Milk,200,g
GF-REC-00276,,"Sugar, white",1.5,tbsp,UK-17-063,Sugar,1.5,tbsp
GF-REC-00276,,"Ghee, butter",0.5,tsp,UK-17-640,Ghee,.5,tsp
GF-REC-00277,GF-ING-00022,"Wheat, semolina (Triticum aestivum)",10.0,g,A022,Semolina,10,g
GF-REC-00277,GF-ING-00218,"Raisins, dried, black (Vitis vinifera)",1.32,g,E057,Raisins,4 to 5,
GF-REC-00277,GF-ING-00282,Almond (Prunus amygdalus),1.11,g,H001,Almond,1,
GF-REC-00277,GF-ING-00312,"Milk, whole, Cow",200.0,g,L002,Milk,200,g
GF-REC-00277,,"Sugar, white",1.5,tbsp,UK-17-063,Sugar,1.5,tbsp
GF-REC-00278,,Kewra essence,0.25,tsp,,Kewra essence,1,drop
GF-REC-00278,GF-ING-00218,"Raisins, dried, black (Vitis vinifera)",1.32,g,E057,Raisins,4 to 5,
GF-REC-00278,GF-ING-00282,Almond (Prunus amygdalus),1.11,g,H001,Almond,1,
GF-REC-00278,GF-ING-00312,"Milk, whole, Cow",250.0,g,L002,Milk,250,g
GF-REC-00278,GF-ING-00313,Paneer,25.0,g,L003,Paneer,25,g
GF-REC-00278,,"Sugar, white",1.0,tbsp,UK-17-063,Sugar,1,tbsp
GF-REC-00279,GF-ING-00064,"Cabbage, green (Brassica oleracea var. capitata f. alba)",40.0,g,C015,Cabbage,40,g
GF-REC-00279,GF-ING-00218,"Raisins, dried, black (Vitis vinifera)",1.32,g,E057,Raisins,4 to 5,
GF-REC-00279,GF-ING-00282,Almond (Prunus amygdalus),1.11,g,H001,Almond,1,
GF-REC-00279,GF-ING-00312,"Milk, whole, Cow",200.0,g,L002,Milk,200,g
GF-REC-00279,,"Sugar, white",1.0,tbsp,UK-17-063,Sugar,1,tbsp
GF-REC-00280,GF-ING-00218,"Raisins, dried, black (Vitis vinifera)",1.32,g,E057,Raisins,4 to 5,
GF-REC-00280,GF-ING-00231,"Carrot, orange (Daucus carota)",40.0,g,F002,Carrots,40,g
GF-REC-00280,GF-ING-00282,Almond (Prunus amygdalus),1.11,g,H001,Almond,1,
GF-REC-00280,GF-ING-00312,"Milk, whole, Cow",200.0,g,L002,Milk,200,g
GF-REC-00280,,"Sugar, white",1.0,tbsp,UK-17-063,Sugar,1,tbsp
GF-REC-00281,GF-ING-00119,Cauliflower (Brassica oleracea var. botrytis),40.0,g,D036,Cauliflower,40,g
GF-REC-00281,GF-ING-00218,"Raisins, dried, black (Vitis vinifera)",1.32,g,E057,Raisins,4 to 5,
GF-REC-00281,GF-ING-00282,Almond (Prunus amygdalus),1.11,g,H001,Almond,1,
GF-REC-00281,GF-ING-00312,"Milk, whole, Cow",250.0,g,L002,Milk,250,g
GF-REC-00281,,"Sugar, white",1.0,tbsp,UK-17-063,Sugar,1,tbsp
GF-REC-00282,GF-ING-00034,"Green gram, dal (Vigna radiata)",15.0,g,B010,Washed moong dal,15,g
GF-REC-00282,GF-ING-00218,"Raisins, dried, black (Vitis vinifera)",1.32,g,E057,Raisins,4 to 5,
GF-REC-00282,GF-ING-00282,Almond (Prunus amygdalus),1.11,g,H001,Almond,1,
GF-REC-00282,GF-ING-00312,"Milk, whole, Cow",250.0,g,L002,Milk,250,g
GF-REC-00282,,"Sugar, white",1.5,tbsp,UK-17-063,Water,.5,cups
GF-REC-00282,,"Water, distilled",0.5,C,UK-17-377,Sugar,1.5,tbsp
GF-REC-00283,,Kewra essence,0.25,tsp,,Kewra essence,1,drop
GF-REC-00283,GF-ING-00014,"Rice, parboiled, milled (Oryza sativa )",20.0,g,A014,Rice,20,g
GF-REC-00283,GF-ING-00282,Almond (Prunus amygdalus),2.22,g,H001,Almond,2,
GF-REC-00283,GF-ING-00312,"Milk, whole, Cow",250.0,g,L002,Milk,250,g
GF-REC-00283,,"Sugar, white",1.5,tbsp,UK-17-063,Sugar,1.5,tbsp
GF-REC-00284,GF-ING-00022,"Wheat, semolina (Triticum aestivum)",25.0,g,A022,Suji,25,g
GF-REC-00284,GF-ING-00218,"Raisins, dried, black (Vitis vinifera)",1.32,g,E057,Raisins,5 to 6,
GF-REC-00284,GF-ING-00268,"Cardamom, green (Elettaria cardamomum)",0.25,tsp,G020,Green cardamom,1,
GF-REC-00284,GF-ING-00282,Almond (Prunus amygdalus),2.8,g,H001,Blanched almonds,2 to3,
GF-REC-00284,,"Sugar, white",20.0,g,UK-17-063,Sugar,20,g
GF-REC-00284,,"Water, distilled",90.0,ml,UK-17-377,Water,90,ml
GF-REC-00284,,"Ghee, butter",20.0,g,UK-17-640,Ghee,20,g
GF-REC-00285,GF-ING-00022,"Wheat, semolina (Triticum aestivum)",25.0,g,A022,Suji,25,g
GF-REC-00285,GF-ING-00268,"Cardamom, green (Elettaria cardamomum)",0.25,tsp,G020,Green cardamom,1,
GF-REC-00285,GF-ING-00282,Almond (Prunus amygdalus),2.8,g,H001,Almond,2 to 3,
GF-REC-00285,,"Sugar, white",25.0,g,UK-17-063,Sugar,25,g
GF-REC-00285,,"Water, distilled",25.0,ml,UK-17-377,Water,25,g
GF-REC-00285,,"Ghee, butter",20.0,g,UK-17-640,Desi ghee,20,g
GF-REC-00286,GF-ING-00231,"Carrot, orange (Daucus carota)",200.0,g,F002,Carrots,200,g
GF-REC-00286,GF-ING-00268,"Cardamom, green (Elettaria cardamomum)",0.25,tsp,G020,Green cardamom,1,
GF-REC-00286,GF-ING-00282,Almond (Prunus amygdalus),2.22,g,H001,Almond,2,
GF-REC-00286,GF-ING-00286,Cashew nut (Anacardium occidentale),2.5,g,H005,Cashewnuts,2,
GF-REC-00286,GF-ING-00299,Pistachio nuts (Pistacla vera),0.4,g,H018,Pistachios,2,
GF-REC-00286,GF-ING-00312,"Milk, whole, Cow",30.0,ml,L002,Milk,30,ml
GF-REC-00286,GF-ING-00314,Khoa,40.0,g,L004,Khoa,40,g
GF-REC-00286,,"Sugar, white",40.0,g,UK-17-063,Sugar,40,g
GF-REC-00286,,"Ghee, butter",20.0,g,UK-17-640,Ghee,20,g
GF-REC-00287,GF-ING-00268,"Cardamom, green (Elettaria cardamomum)",0.25,tsp,G020,Cardamom,1,
GF-REC-00287,GF-ING-00315,"Egg, poultry, whole, raw",50.0,g,M001,Egg,1,
GF-REC-00287,,"Sugar, icing",35.0,g,UK-17-062,Castor sugar,35,g
GF-REC-00287,,"Ghee, butter",1.5,tsp,UK-17-640,Ghee,1.5,tsp
GF-REC-00287,,"MIXED NUTS CASHEWS, ALMONDS, HAZELNUTS, PISTACHIOS, PECANS, MIXED NUTS",5.0,g,US-851134,Nuts,few,
GF-REC-00288,GF-ING-00218,"Raisins, dried, black (Vitis vinifera)",1.32,g,E057,Raisins,4 to 5,
GF-REC-00288,GF-ING-00235,"Potato, brown skin, big (Solanum tuberosum)",125.0,g,F006,Potatoes,125,g
GF-REC-00288,GF-ING-00268,"Cardamom, green (Elettaria cardamomum)",0.25,tsp,G020,Green cardamom,1,
GF-REC-00288,GF-ING-00282,Almond (Prunus amygdalus),2.22,g,H001,Almond,2,
GF-REC-00288,,"Sugar, white",25.0,g,UK-17-063,Sugar,25,g
GF-REC-00288,,"Ghee, butter",1.0,tsp,UK-17-640,Ghee,1,tbsp
GF-REC-00289,GF-ING-00149,"Pumpkin, orange, round (Cucurbita maxima)",100.0,g,D066,Pumpkin (Yellow),100,g
GF-REC-00289,GF-ING-00218,"Raisins, dried, black (Vitis vinifera)",1.32,g,E057,Raisins,4 to 5,
GF-REC-00289,GF-ING-00268,"Cardamom, green (Elettaria cardamomum)",0.25,tsp,G020,Green cardamom,1,
GF-REC-00289,GF-ING-00282,Almond (Prunus amygdalus),2.22,g,H001,Almond,2,
GF-REC-00289,GF-ING-00287,"Coconut, kernal, dry (Cocos nucifera)",10.0,g,H006,Coconut powder,10,g
GF-REC-00289,,"Sugar, white",35.0,g,UK-17-063,Sugar,35,g
GF-REC-00289,,"Ghee, butter",1.5,tsp,UK-17-640,Ghee,1.5,tsp
GF-REC-00290,GF-ING-00022,"Wheat, semolina (Triticum aestivum)",10.0,g,A022,Suji,10,g
GF-REC-00290,GF-ING-00034,"Green gram, dal (Vigna radiata)",40.0,g,B010,Moong dal,40,g
GF-REC-00290,GF-ING-00218,"Raisins, dried, black (Vitis vinifera)",2.22,g,E057,Raisins,2,
GF-REC-00290,GF-ING-00268,"Cardamom, green (Elettaria cardamomum)",0.25,tsp,G020,Green cardamom,1,
GF-REC-00290,GF-ING-00282,Almond (Prunus amygdalus),0.66,g,H001,Almond,2,
GF-REC-00290,GF-ING-00299,Pistachio nuts (Pistacla vera),0.4,g,H018,Pistachios,2,
GF-REC-00290,GF-ING-00314,Khoa,30.0,g,L004,Khoa,30,g
GF-REC-00290,,"Sugar, white",40.0,g,UK-17-063,Sugar,40,g
GF-REC-00290,,"Water, distilled",40.0,ml,UK-17-377,Water,40,ml
GF-REC-00290,,"Ghee, butter",2.0,tbsp,UK-17-640,Ghee,2,tbsp
GF-REC-00291,GF-ING-00312,"Milk, whole, Cow",150.0,g,L002,Milk,150,g
GF-REC-00291,GF-ING-00315,"Egg, poultry, whole, raw",50.0,g,M001,Egg,1,
GF-REC-00291,,"Sugar, white",1.5,tbsp,UK-17-063,Sugar,1.5,tbsp
GF-REC-00291,,"Sugar, white",2.0,tsp,UK-17-063,Sugar,2,tsp
GF-REC-00291,,"Water, distilled",1.0,tsp,UK-17-377,Water,1,tsp
GF-REC-00291,,Vanilla extract,0.5,tsp,US-173471,Vanilla essence,3 to 4,drop
GF-REC-00292,GF-ING-00312,"Milk, whole, Cow",150.0,ml,L002,Milk,150,ml
GF-REC-00292,GF-ING-00315,"Egg, poultry, whole, raw",50.0,g,M001,Egg,1,
GF-REC-00292,,"Sugar, white",1.0,tbsp,UK-17-063,Sugar,1,tbsp
GF-REC-00292,,Vanilla extract,0.5,tsp,US-173471,Vanilla essence,3 to 4,drop
GF-REC-00293,GF-ING-00312,"Milk, whole, Cow",180.0,ml,L002,Milk,180,ml
GF-REC-00293,GF-ING-00315,"Egg, poultry, whole, raw",50.0,g,M001,Egg,1,
GF-REC-00293,,"Sugar, white",1.5,tbsp,UK-17-063,Sugar,1.5,tbsp
GF-REC-00293,,Salt,0.25,tsp,UK-17-367,Salt,1,pinch
GF-REC-00293,,Vanilla extract,0.5,tsp,US-173471,Vanilla essence,2 to 3,drop
GF-REC-00294,GF-ING-00312,"Milk, whole, Cow",1.0,tbsp,L002,Milk,1,tbsp
GF-REC-00294,GF-ING-00312,"Milk, whole, Cow",125.0,ml,L002,Milk,125,ml
GF-REC-00294,GF-ING-00315,"Egg, poultry, whole, raw",50.0,g,M001,Egg,1,
GF-REC-00294,,"Cream, fresh, single",125.0,g,UK-12-332,Cream,125,g
GF-REC-00294,,"Sugar, white",30.0,g,UK-17-063,Sugar,30,g
GF-REC-00294,,"Chocolate, plain",25.0,g,UK-17-491,Plain chocolate or cocoa powder,25,g
GF-REC-00294,,Vanilla extract,0.5,tsp,US-173471,Vanilla essence,2 to 3,drop
GF-REC-00295,GF-ING-00197,"Mango, ripe, banganapalli (Mangifera indica)",125.0,g,E036,Mango,125,g
GF-REC-00295,GF-ING-00312,"Milk, whole, Cow",125.0,ml,L002,Milk,125,ml
GF-REC-00295,GF-ING-00315,"Egg, poultry, whole, raw",50.0,g,M001,Egg,1,
GF-REC-00295,,"Cream, fresh, single",125.0,g,UK-12-332,Cream,125,g
GF-REC-00295,,"Sugar, white",30.0,g,UK-17-063,Sugar,30,g
GF-REC-00295,,Vanilla extract,0.5,tsp,US-173471,Vanilla essence,2 to 3,drop
GF-REC-00296,,Red colour,0.25,tsp,,Red color,1 to 2,drop
GF-REC-00296,GF-ING-00312,"Milk, whole, Cow",150.0,ml,L002,Milk,150,ml
GF-REC-00296,,"Flour, corn",1.0,tsp,UK-11-1045,Cornflour,1,tsp
GF-REC-00296,,"Cream, fresh, single",100.0,g,UK-12-332,Cream,100,g
GF-REC-00296,,"Sugar, white",30.0,g,UK-17-063,Sugar,30,g
GF-REC-00296,,Gelatine,0.75,tsp,UK-17-360,Gelatin,.75,tsp
GF-REC-00296,,"Water, distilled",1.0,tbsp,UK-17-377,Water,1,tbsp
GF-REC-00296,,"Candies, gum drops, no sugar or low calorie (sorbitol)",5.0,g,US-169061,Candied peel,5,g
GF-REC-00296,,"MIXED NUTS CASHEWS, ALMONDS, HAZELNUTS, PISTACHIOS, PECANS, MIXED NUTS",15.0,g,US-851134,Dry fruits,15,g
GF-REC-00297,GF-ING-00282,Almond (Prunus amygdalus),1.65,g,H001,Almond,a few,
GF-REC-00297,GF-ING-00286,Cashew nut (Anacardium occidentale),6.25,g,H005,Cashewnuts,a few,
GF-REC-00297,GF-ING-00312,"Milk, whole, Cow",250.0,ml,L002,Milk,250,ml
GF-REC-00297,GF-ING-00315,"Egg, poultry, whole, raw",50.0,g,M001,Egg,1,
GF-REC-00297,,"Cream, fresh, single",150.0,g,UK-12-332,Cream,150,g
GF-REC-00297,,"Sugar, white",30.0,g,UK-17-063,Sugar,30,g
GF-REC-00297,,"Sugar, white",30.0,g,UK-17-063,Sugar,30,g
GF-REC-00297,,Gelatine,0.5,tsp,UK-17-360,Gelatin,.5,tsp
GF-REC-00297,,"Water, distilled",0.5,tbsp,UK-17-377,Water,.5,tbsp
GF-REC-00297,,"Butter, unsalted",15.0,g,UK-17-661,Unsalted butter,15,g
GF-REC-00298,,Yellow colour,0.5,tsp,,Lemon yellow color,few drops,
GF-REC-00298,GF-ING-00315,"Egg, poultry, whole, raw",50.0,g,M001,Egg,1,
GF-REC-00298,,"Cream, fresh, single",20.0,g,UK-12-332,Cream,20,g
GF-REC-00298,,"Cream, fresh, single",80.0,g,UK-12-332,Cream,80,g
GF-REC-00298,,"Lemons, flesh only, raw, weighed with peel and pips",35.0,g,UK-14-130,Lemon,1,
GF-REC-00298,,"Cherries, glace",5.0,g,UK-14-335,Glaced cherry,1,
GF-REC-00298,,"Sugar, icing",2.0,tbsp,UK-17-062,Castor sugar,2,tbsp
GF-REC-00298,,Gelatine,1.5,tsp,UK-17-360,Gelatin,1.5,tsp
GF-REC-00298,,"Water, distilled",1.0,tbsp,UK-17-377,Water,1,tbsp
GF-REC-00298,,Vanilla extract,0.25,tsp,US-173471,Vanilla essence,1 to 2,drop
GF-REC-00299,,Orange colour,0.5,tsp,,Orange colour,few drops,
GF-REC-00299,,Orange essence,0.25,tsp,,Orange essence,1 to 2,drop
GF-REC-00299,GF-ING-00208,"Orange, pulp (Citrus aurantium)",42.5,g,E047,Orange,.5,
GF-REC-00299,GF-ING-00315,"Egg, poultry, whole, raw",50.0,g,M001,Egg,1,
GF-REC-00299,,"Cream, fresh, single",20.0,g,UK-12-332,Cream,20,g
GF-REC-00299,,"Cream, fresh, single",80.0,g,UK-12-332,Cream,80,g
GF-REC-00299,,"Cherries, glace",5.0,g,UK-14-335,Glaced cherry,1,
GF-REC-00299,,"Sugar, icing",2.0,tbsp,UK-17-062,Castor sugar,2,tbsp
GF-REC-00299,,Gelatine,1.5,tsp,UK-17-360,Gelatin,1.5,tsp
GF-REC-00299,,"Water, distilled",1.0,tbsp,UK-17-377,Water,1,tbsp
GF-REC-00300,GF-ING-00312,"Milk, whole, Cow",1.0,tbsp,L002,Milk,1,tbsp
GF-REC-00300,GF-ING-00315,"Egg, poultry, whole, raw",50.0,g,M001,Egg,1,nos
GF-REC-00300,,"Cream, fresh, single",20.0,g,UK-12-332,Cream,20,g
GF-REC-00300,,"Cream, fresh, single",80.0,g,UK-12-332,Cream,80,g
GF-REC-00300,,"Cherries, glace",5.0,g,UK-14-335,Glaced cherry,6,g
GF-REC-00300,,"Sugar, icing",2.0,tbsp,UK-17-062,Castor sugar,2,tbsp
GF-REC-00300,,Gelatine,1.5,tsp,UK-17-360,Gelatin,1.5,tsp
GF-REC-00300,,"Water, distilled",1.0,tbsp,UK-17-377,Water,1,tbsp
GF-REC-00300,,Vanilla extract,0.5,tsp,US-173471,Vanilla extract,.5,tsp
GF-REC-00301,GF-ING-00312,"Milk, whole, Cow",1.0,tbsp,L002,Milk,1,tbsp
GF-REC-00301,GF-ING-00315,"Egg, poultry, whole, raw",50.0,g,M001,Egg,1,nos
GF-REC-00301,,"Cream, fresh, single",20.0,g,UK-12-332,Cream,20,g
GF-REC-00301,,"Cream, fresh, single",80.0,g,UK-12-332,Cream,80,g
GF-REC-00301,,Cocoa powder,3.0,g,UK-12-545,Cocoa powder,3,g
GF-REC-00301,,"Cherries, glace",5.0,g,UK-14-335,Glaced cherry,1,
GF-REC-00301,,"Sugar, icing",2.0,tbsp,UK-17-062,Castor sugar,2,tbsp
GF-REC-00301,,Gelatine,1.5,tsp,UK-17-360,Gelatin,1.5,tsp
GF-REC-00301,,"Water, distilled",1.0,tbsp,UK-17-377,Water,1,tbsp
GF-REC-00301,,Vanilla extract,0.25,tsp,US-173471,Vanilla essence,1 to 2,drop
GF-REC-00302,,Pineapple syrup,1.0,tbsp,,Pineapple syrup,1,tbsp
GF-REC-00302,,Yellow colour,0.5,tsp,,Lemon yellow color,few drops,
GF-REC-00302,GF-ING-00315,"Egg, poultry, whole, raw",50.0,g,M001,Egg,1,nos
GF-REC-00302,,"Cream, fresh, single",20.0,g,UK-12-332,Cream,20,g
GF-REC-00302,,"Cream, fresh, single",80.0,g,UK-12-332,Cream,80,g
GF-REC-00302,,"Cherries, glace",5.0,g,UK-14-335,Glaced cherry,1,
GF-REC-00302,,"Sugar, icing",2.0,tbsp,UK-17-062,Castor sugar,2,tbsp
GF-REC-00302,,Gelatine,1.5,tsp,UK-17-360,Gelatin,1.5,tsp
GF-REC-00302,,"Water, distilled",1.0,tbsp,UK-17-377,Water,1,tbsp
GF-REC-00302,,Vanilla extract,0.25,tsp,US-173471,Vanilla essence,1 to 2,drop
GF-REC-00303,GF-ING-00162,"Apple, big (Malus domestica)",225.0,g,E001,Apples,1 large & 1 small,
GF-REC-00303,GF-ING-00315,"Egg, poultry, whole, raw",50.0,g,M001,Egg,1,nos
GF-REC-00303,,"Cream, fresh, single",50.0,g,UK-12-332,Cream,50,g
GF-REC-00303,,"Lemons, flesh only, raw, weighed with peel and pips",17.5,g,UK-14-130,Lemon,.5,lemon
GF-REC-00303,,"Sugar, white",15.0,g,UK-17-063,Sugar,15,g
GF-REC-00303,,Gelatine,1.5,tsp,UK-17-360,Gelatin,1.5,tsp
GF-REC-00304,GF-ING-00315,"Egg, poultry, whole, raw",50.0,g,M001,Egg,1,
GF-REC-00304,,"Cream, fresh, single",60.0,g,UK-12-332,Cream,60,g
GF-REC-00304,,"Cream, fresh, whipping",10.0,g,UK-12-333,Whipped cream,10,g
GF-REC-00304,,Cocoa powder,1.0,tbsp,UK-12-545,Cocoa powder,1,tbsp
GF-REC-00304,,"Sugar, icing",1.5,tbsp,UK-17-062,Castor sugar,1.5,tbsp
GF-REC-00304,,"Spirits, 40% volume",1.0,tsp,UK-17-247,Brandy/Contreau,1,tsp
GF-REC-00304,,Gelatine,1.5,tsp,UK-17-360,Gelatin,1.5,tsp
GF-REC-00304,,"Water, distilled",1.0,tbsp,UK-17-377,Water,1,tbsp
GF-REC-00304,,"Water, distilled",2.0,tbsp,UK-17-377,Water,2,tbsp
GF-REC-00304,,"Chocolate, plain",0.5,tsp,UK-17-491,Grated chocolate,.5,tsp
GF-REC-00304,,"Butter, unsalted",1.0,tsp,UK-17-661,Butter,1,tsp
GF-REC-00304,,Vanilla extract,0.5,tsp,US-173471,Vanilla essence,few drops,
GF-REC-00305,,Mango essence,0.25,tsp,,Mango essence,2 to 3,drop
GF-REC-00305,GF-ING-00197,"Mango, ripe, banganapalli (Mangifera indica)",25.0,g,E036,Mango pieces,25,g
GF-REC-00305,GF-ING-00197,"Mango, ripe, banganapalli (Mangifera indica)",100.0,g,E036,Mango pulp,100,g
GF-REC-00305,GF-ING-00264,Mint leaves (Mentha spicata ),1.0,sprig,G016,Mint leaves,1,sprig
GF-REC-00305,,"Cream, fresh, single",120.0,g,UK-12-332,Cream,120,g
GF-REC-00305,,"Sugar, icing",1.0,tbsp,UK-17-062,Castor sugar,1,tbsp
GF-REC-00305,,Gelatine,1.0,tsp,UK-17-360,Gelatin,1,tsp
GF-REC-00305,,"Water, distilled",1.0,tbsp,UK-17-377,Water,1,tbsp
GF-REC-00306,GF-ING-00208,"Orange, pulp (Citrus aurantium)",60.0,g,E047,Orange,1,nos
GF-REC-00306,GF-ING-00214,Pineapple (Ananas comosus),30.0,g,E053,Pineapple slices with syrup,2,small slices
GF-REC-00306,,"Jelly, made with water",25.0,g,UK-12-237,Orange jelly,25,g
GF-REC-00306,,"Cream, fresh, single",50.0,g,UK-12-332,Cream,50,g
GF-REC-00306,,"Orange juice, freshly squeezed",1.0,tsp,UK-14-369,Orange squash,1,tsp
GF-REC-00306,,"Sugar, icing",2.0,tsp,UK-17-062,Castor sugar,2,tsp
GF-REC-00306,,"Orange peel, raw",0.125,tsp,US-169103,Orange rind,.125,tsp
GF-REC-00307,GF-ING-00018,"Wheat flour, refined (Triticum aestivum)",25.0,g,A018,Refined flour,25,g
GF-REC-00307,GF-ING-00175,"Cherries, red (Prunus cerasus)",12.5,g,E014,Cherries,2 to 3,
GF-REC-00307,GF-ING-00194,"Lemon, juice (Citrus limon)",2.0,tsp,E033,Lemon juice,2,tsp
GF-REC-00307,GF-ING-00214,Pineapple (Ananas comosus),120.0,g,E053,Pineapple,4,slices
GF-REC-00307,GF-ING-00315,"Egg, poultry, whole, raw",50.0,g,M001,Egg,1,nos
GF-REC-00307,,"Jelly, made with water",25.0,g,UK-12-237,Red jelly,25,g
GF-REC-00307,,"Cream, fresh, single",100.0,g,UK-12-332,Cream,100,g
GF-REC-00307,,"Sugar, icing",25.0,g,UK-17-062,Castor sugar,25,g
GF-REC-00307,,"Sugar, icing",30.0,g,UK-17-062,Castor sugar,30,g
GF-REC-00307,,"Syrup, corn, dark",100.0,ml,UK-17-064,Syrup,100,ml
GF-REC-00307,,Gelatine,1.5,tsp,UK-17-360,Gelatin,1.5,tsp
GF-REC-00307,,Vanilla extract,0.5,tsp,US-173471,Vanilla essence,few drops,
GF-REC-00308,GF-ING-00018,"Wheat flour, refined (Triticum aestivum)",25.0,g,A018,Refined flour,25,g
GF-REC-00308,GF-ING-00312,"Milk, whole, Cow",150.0,ml,L002,Milk,150,ml
GF-REC-00308,GF-ING-00315,"Egg, poultry, whole, raw",50.0,g,M001,Egg,1,nos
GF-REC-00308,,Custard powder,1.5,tsp,UK-11-1138,Custard powder,1.5,tsp
GF-REC-00308,,"Cream, fresh, single",60.0,ml,UK-12-332,Cream,60,ml
GF-REC-00308,,"Fruit cocktail, canned in syrup, whole contents",250.0,ml,UK-14-097,Fruit cocktail,.5,small can
GF-REC-00308,,"Sugar, icing",1.0,tsp,UK-17-062,Castor sugar,1,tsp
GF-REC-00308,,"Sugar, icing",25.0,g,UK-17-062,Castor sugar,25,g
GF-REC-00308,,"Sugar, white",1.0,tbsp,UK-17-063,Sugar,1,tbsp
GF-REC-00308,,Vanilla extract,0.5,tsp,US-173471,Vanilla essence,few drops,
GF-REC-00309,GF-ING-00175,"Cherries, red (Prunus cerasus)",5.0,g,E014,Cherry,1,
GF-REC-00309,GF-ING-00312,"Milk, whole, Cow",250.0,ml,L002,Milk,250,ml
GF-REC-00309,GF-ING-00315,"Egg, poultry, whole, raw",50.0,g,M001,Egg,1,
GF-REC-00309,,"Sugar, white",1.0,tbsp,UK-17-063,Sugar,1,tbsp
GF-REC-00309,,Vanilla extract,0.5,tsp,US-173471,Vanilla essence,few drops,
GF-REC-00310,,Kewra essence,0.5,tsp,,Kewra essence,few drops,
GF-REC-00310,GF-ING-00282,Almond (Prunus amygdalus),2.22,g,H001,Almonds,2,
GF-REC-00310,GF-ING-00299,Pistachio nuts (Pistacla vera),0.4,g,H018,Pistachios,2,
GF-REC-00310,GF-ING-00312,"Milk, whole, Cow",250.0,ml,L002,Milk,250,ml
GF-REC-00310,,"Flour, corn",1.0,tsp,UK-11-1045,Cornflour,1,tsp
GF-REC-00310,,"Sugar, white",15.0,g,UK-17-063,Sugar,15,g
GF-REC-00311,GF-ING-00018,"Wheat flour, refined (Triticum aestivum)",40.0,g,A018,Flour,40,g
GF-REC-00311,GF-ING-00315,"Egg, poultry, whole, raw",0.67,g,M001,Egg,0.67,
GF-REC-00311,,"Flour, corn",1.0,tsp,UK-11-1045,Cornflour,1,tsp
GF-REC-00311,,"Orange juice, freshly squeezed",2.0,tsp,UK-14-369,Orange juice,2,tsp
GF-REC-00311,,"Orange juice, freshly squeezed",75.0,ml,UK-14-369,Orange juice,75,ml
GF-REC-00311,,"Sugar, icing",30.0,g,UK-17-062,Castor sugar,30,g
GF-REC-00311,,"Sugar, white",1.0,tsp,UK-17-063,Sugar,1,tsp
GF-REC-00311,,Marmalade,20.0,g,UK-17-078,Orange marmalade,1,tbsp
GF-REC-00311,,Baking powder,0.25,tsp,UK-17-355,Baking powder,.25,tsp
GF-REC-00311,,"Butter, unsalted",0.25,tsp,UK-17-661,Butter,.5,tsp
GF-REC-00311,,"Butter, unsalted",30.0,g,UK-17-661,Butter,30,g
GF-REC-00311,,"Orange peel, raw",0.25,tsp,US-169103,Grated rind of orange,.25,tsp
GF-REC-00312,GF-ING-00014,"Rice, parboiled, milled (Oryza sativa )",20.0,g,A014,Rice,20,g
GF-REC-00312,GF-ING-00312,"Milk, whole, Cow",300.0,ml,L002,Milk,300,ml
GF-REC-00312,GF-ING-00315,"Egg, poultry, whole, raw",50.0,g,M001,Egg,1,nos
GF-REC-00312,GF-ING-00316,"Egg, poultry, white, raw",34.0,g,M002,Egg white,1,nos
GF-REC-00312,,"Sugar, icing",1.0,tbsp,UK-17-062,Castor sugar,1,tbsp
GF-REC-00312,,"Sugar, icing",1.0,tbsp,UK-17-062,Castor sugar,1,tbsp
GF-REC-00312,,JAM,20.0,g,US-499195,JAM,1,tbsp
GF-REC-00313,GF-ING-00286,Cashew nut (Anacardium occidentale),3.1,g,H005,Cashewnuts,2 to 3,
GF-REC-00313,GF-ING-00312,"Milk, whole, Cow",30.0,ml,L002,Milk,30,ml
GF-REC-00313,GF-ING-00313,Paneer,100.0,g,L003,Cottage cheese,100,g
GF-REC-00313,GF-ING-00315,"Egg, poultry, whole, raw",50.0,g,M001,Egg,1,nos
GF-REC-00313,,"Sugar, white",30.0,g,UK-17-063,Sugar,30,g
GF-REC-00313,,"Butter, unsalted",2.0,tbsp,UK-17-661,Butter,for greasing,
GF-REC-00313,,Vanilla extract,0.5,tsp,US-173471,Vanilla essence,few drops,
GF-REC-00314,GF-ING-00312,"Milk, whole, Cow",75.0,ml,L002,Milk,75,ml
GF-REC-00314,GF-ING-00315,"Egg, poultry, whole, raw",25.0,g,M001,Egg,.5,
GF-REC-00314,,"Flour, corn",0.5,tsp,UK-11-1045,Cornflour,.5,tsp
GF-REC-00314,,"Bread, white, average",60.0,g,UK-11-1145,Fresh bread,2,slices
GF-REC-00314,,Cocoa powder,0.5,tsp,UK-12-545,Cocoa powder,.5,tsp
GF-REC-00314,,Cocoa powder,1.0,tsp,UK-12-545,Cocoa powder,1,tsp
GF-REC-00314,,"Sugar, icing",30.0,g,UK-17-062,Castor sugar,30,g
GF-REC-00314,,"Sugar, white",30.0,g,UK-17-063,Sugar,30,g
GF-REC-00314,,Baking powder,0.125,tsp,UK-17-355,Baking powder,.125,tsp
GF-REC-00314,,Salt,0.25,tsp,UK-17-367,Salt,1,pinch
GF-REC-00314,,"Water, distilled",75.0,ml,UK-17-377,Water,75,ml
GF-REC-00314,,"Butter, unsalted",1.0,tsp,UK-17-661,Butter,1,tsp
GF-REC-00314,,"Butter, unsalted",25.0,g,UK-17-661,Butter,25,g
GF-REC-00314,,Vanilla extract,0.5,tsp,US-173471,Vanilla essence,few drops,
GF-REC-00314,,Vanilla extract,0.5,tsp,US-173471,Vanilla essence,few drops,
GF-REC-00315,GF-ING-00175,"Cherries, red (Prunus cerasus)",5.0,g,E014,Glaced cherry,1,
GF-REC-00315,GF-ING-00218,"Raisins, dried, black (Vitis vinifera)",10.0,g,E057,Raisins/currents,10,g
GF-REC-00315,GF-ING-00276,Nutmeg (Myristica fragrans),0.25,tsp,G028,Nutmeg (powdered),1,pinch
GF-REC-00315,GF-ING-00282,Almond (Prunus amygdalus),10.0,g,H001,Blanched almonds,10,g
GF-REC-00315,GF-ING-00312,"Milk, whole, Cow",200.0,ml,L002,Milk,200,ml
GF-REC-00315,GF-ING-00315,"Egg, poultry, whole, raw",50.0,g,M001,Egg,1,nos
GF-REC-00315,,"Bread, white, average",60.0,g,UK-11-1145,Bread (white),2,slices
GF-REC-00315,,"Sugar, white",2.0,tbsp,UK-17-063,Sugar,2,tbsp
GF-REC-00315,,"Butter, unsalted",10.0,g,UK-17-661,Butter,10,g
GF-REC-00316,GF-ING-00312,"Milk, whole, Cow",150.0,ml,L002,Milk,150,ml
GF-REC-00316,GF-ING-00315,"Egg, poultry, whole, raw",50.0,g,M001,Egg,1,nos
GF-REC-00316,GF-ING-00316,"Egg, poultry, white, raw",34.0,g,M002,Egg white,1,
GF-REC-00316,,"Bread, white, average",30.0,g,UK-11-1145,Fresh bread,1,slices
GF-REC-00316,,"Lemons, flesh only, raw, weighed with peel and pips",15.0,g,UK-14-130,Lemon rind,.5,lemon
GF-REC-00316,,"Sugar, icing",1.0,tbsp,UK-17-062,Castor sugar,1,tbsp
GF-REC-00316,,"Sugar, white",2.0,tsp,UK-17-063,Sugar,2,tsp
GF-REC-00316,,"Butter, unsalted",0.5,tbsp,UK-17-661,Butter,.5,tbsp
GF-REC-00316,,JAM,20.0,g,US-499195,Jam,1,tbsp
GF-REC-00317,GF-ING-00018,"Wheat flour, refined (Triticum aestivum)",40.0,g,A018,Refined flour,40,g
GF-REC-00317,GF-ING-00214,Pineapple (Ananas comosus),30.0,g,E053,Pineapple slice,1,
GF-REC-00317,GF-ING-00312,"Milk, whole, Cow",0.5,tbsp,L002,Milk,.5,tbsp
GF-REC-00317,GF-ING-00315,"Egg, poultry, whole, raw",25.0,g,M001,Egg,.5,
GF-REC-00317,,"Flour, corn",1.0,tsp,UK-11-1045,Cornflour,1,tsp
GF-REC-00317,,"Pineapple juice, unsweetened",75.0,ml,UK-14-286,Pineapple juice,75,ml
GF-REC-00317,,"Cherries, glace",5.0,g,UK-14-335,Glace cherry,1,
GF-REC-00317,,"Sugar, brown",1.0,tbsp,UK-17-060,Brown sugar,1,tbsp
GF-REC-00317,,"Sugar, icing",30.0,g,UK-17-062,Castor sugar,30,g
GF-REC-00317,,"Sugar, white",1.0,tsp,UK-17-063,Sugar,1,tsp
GF-REC-00317,,Baking powder,0.25,tsp,UK-17-355,Baking powder,.25,tsp
GF-REC-00317,,"Butter, unsalted",5.0,g,UK-17-661,Butter,5,g
GF-REC-00317,,"Butter, unsalted",30.0,g,UK-17-661,Butter,30,g
GF-REC-00318,GF-ING-00018,"Wheat flour, refined (Triticum aestivum)",20.0,g,A018,Refined flour,20,g
GF-REC-00318,GF-ING-00022,"Wheat, semolina (Triticum aestivum)",20.0,g,A022,Semolina,20,g
GF-REC-00318,GF-ING-00162,"Apple, big (Malus domestica)",50.0,g,E001,Apples,50,g
GF-REC-00318,GF-ING-00178,"Dates, dry, pale brown (Phoenix dactylifera)",50.0,g,E017,Dates,50,g
GF-REC-00318,GF-ING-00302,Walnut (Juglans regia),20.0,g,H021,Walnuts,20,g
GF-REC-00318,,"Orange juice, freshly squeezed",1.0,tsp,UK-14-369,Orange or lemon juice,1,tsp
GF-REC-00318,,Honey,1.5,tsp,UK-17-050,Honey,1.5,tsp
GF-REC-00318,,"Sugar, icing",25.0,g,UK-17-062,Castor sugar,25,g
GF-REC-00318,,"Water, distilled",2.0,tsp,UK-17-377,Boiling water,2,tsp
GF-REC-00318,,"Butter, unsalted",20.0,g,UK-17-661,Butter,20,g
GF-REC-00319,GF-ING-00162,"Apple, big (Malus domestica)",100.0,g,E001,Firm apple,100,g
GF-REC-00319,GF-ING-00312,"Milk, whole, Cow",100.0,ml,L002,Milk,100,ml
GF-REC-00319,,Custard powder,1.0,tsp,UK-11-1138,Custard powder,1,tsp
GF-REC-00319,,"Cinnamon, ground",0.25,tsp,UK-13-874,Cinnamon powder,1,pinch
GF-REC-00319,,"Sugar, white",2.0,tsp,UK-17-063,Sugar,2,tsp
GF-REC-00319,,"Sugar, white",20.0,g,UK-17-063,Sugar,20,g
GF-REC-00319,,"Water, distilled",50.0,ml,UK-17-377,Water,50,ml
GF-REC-00320,GF-ING-00162,"Apple, big (Malus domestica)",250.0,g,E001,Cooking apples,250,g
GF-REC-00320,GF-ING-00316,"Egg, poultry, white, raw",34.0,g,M002,Egg white,1,
GF-REC-00320,,"Cherries, glace",10.0,g,UK-14-335,Glace cherry,2,
GF-REC-00320,,"Sugar, icing",10.0,g,UK-17-062,Castor sugar,10,g
GF-REC-00320,,"Sugar, white",50.0,g,UK-17-063,Sugar,50,g
GF-REC-00320,,"Water, distilled",125.0,ml,UK-17-377,Water,125,ml
GF-REC-00320,,STRAWBERRY JAM,40.0,g,US-490013,Strawberry jam,2,tbsp
GF-REC-00321,GF-ING-00018,"Wheat flour, refined (Triticum aestivum)",12.0,g,A018,Maida,12,g
GF-REC-00321,GF-ING-00208,"Orange, pulp (Citrus aurantium)",30.0,g,E047,Orange,.5,
GF-REC-00321,GF-ING-00312,"Milk, whole, Cow",0.25,C,L002,Milk,.25,cups
GF-REC-00321,GF-ING-00315,"Egg, poultry, whole, raw",100.0,g,M001,Egg,2,
GF-REC-00321,,"Sugar, icing",30.0,g,UK-17-062,Castor sugar,30,g
GF-REC-00321,,"Butter, unsalted",12.0,g,UK-17-661,Butter,12,g
GF-REC-00322,GF-ING-00018,"Wheat flour, refined (Triticum aestivum)",12.0,g,A018,Maida,12,g
GF-REC-00322,GF-ING-00312,"Milk, whole, Cow",0.25,C,L002,Milk,.25,cups
GF-REC-00322,GF-ING-00312,"Milk, whole, Cow",30.0,ml,L002,Milk,30,ml
GF-REC-00322,GF-ING-00315,"Egg, poultry, whole, raw",100.0,g,M001,Egg,2,
GF-REC-00322,,"Sugar, icing",40.0,g,UK-17-062,Castor sugar,40,g
GF-REC-00322,,"Chocolate, plain",30.0,g,UK-17-491,Unsweetened chocolate,30,g
GF-REC-00322,,"Butter, unsalted",12.0,g,UK-17-661,Butter,12,g
GF-REC-00323,GF-ING-00018,"Wheat flour, refined (Triticum aestivum)",12.0,g,A018,Maida,12,g
GF-REC-00323,GF-ING-00312,"Milk, whole, Cow",0.25,C,L002,Milk,.25,cups
GF-REC-00323,GF-ING-00312,"Milk, whole, Cow",30.0,ml,L002,Milk,30,ml
GF-REC-00323,GF-ING-00315,"Egg, poultry, whole, raw",100.0,g,M001,Egg,2,
GF-REC-00323,,"Sugar, icing",40.0,g,UK-17-062,Castor sugar,40,g
GF-REC-00323,,"Butter, unsalted",12.0,g,UK-17-661,Butter,12,g
GF-REC-00323,,Vanilla extract,0.5,tsp,US-173471,Vanilla essence,.5,tsp
GF-REC-00324,GF-ING-00282,Almond (Prunus amygdalus),2.22,g,H001,Almonds,2,
GF-REC-00324,GF-ING-00312,"Milk, whole, Cow",2.0,tsp,L002,Milk,2,tsp
GF-REC-00324,GF-ING-00314,Khoa,100.0,g,L004,Khoya,100,g
GF-REC-00324,,"Sugar, icing",35.0,g,UK-17-062,Castor sugar,35,g
GF-REC-00324,,"Ghee, butter",2.0,tbsp,UK-17-640,Fat,for greasing,
GF-REC-00325,,Colour,0.25,tsp,,Color,few drops,
GF-REC-00325,,Kewra essence,0.25,tsp,,Kewra essence,1,drop
GF-REC-00325,GF-ING-00287,"Coconut, kernal, dry (Cocos nucifera)",50.0,g,H006,Coconut powder,50,g
GF-REC-00325,GF-ING-00314,Khoa,100.0,g,L004,Khoya,100,g
GF-REC-00325,,"Sugar, icing",50.0,g,UK-17-062,Castor sugar,50,g
GF-REC-00325,,"Ghee, butter",2.0,tbsp,UK-17-640,Fat,for greasing,
GF-REC-00326,,Colour,0.25,tsp,,Color (green),few drops,
GF-REC-00326,,Kewra essence,0.25,tsp,,Kewra essence,1 to 2,drop
GF-REC-00326,GF-ING-00090,"Bottle gourd, elongate, pale green (Lagenaria vulgaris)",100.0,g,D007,Ghia,100,g
GF-REC-00326,GF-ING-00314,Khoa,100.0,g,L004,Khoya,100,g
GF-REC-00326,,"Sugar, white",50.0,g,UK-17-063,Sugar,50,g
GF-REC-00326,,"Water, distilled",1.5,tsp,UK-17-377,Water,1.5,tsp
GF-REC-00326,,"Ghee, butter",1.0,tsp,UK-17-640,Fat,1,tsp
GF-REC-00326,,"Ghee, butter",2.0,tbsp,UK-17-640,Fat,for greasing,
GF-REC-00327,GF-ING-00314,Khoa,100.0,g,L004,Khoya,100,g
GF-REC-00327,,Cocoa powder,1.5,tsp,UK-12-545,Cocoa,1.5,tsp
GF-REC-00327,,"Sugar, icing",25.0,g,UK-17-062,Castor sugar,25,g
GF-REC-00327,,"Ghee, butter",0.5,tsp,UK-17-640,Fat,.5,tsp
GF-REC-00328,,Kewra essence,0.25,tsp,,Kewra essence,few drops,
GF-REC-00328,GF-ING-00286,Cashew nut (Anacardium occidentale),50.0,g,H005,Kaju,50,g
GF-REC-00328,,"Sugar, white",50.0,g,UK-17-063,Sugar,50,g
GF-REC-00328,,"Water, distilled",3.0,tbsp,UK-17-377,Water,3,tbsp
GF-REC-00328,,"Ghee, butter",2.0,tbsp,UK-17-640,Fat,for greasing,
GF-REC-00329,GF-ING-00268,"Cardamom, green (Elettaria cardamomum)",0.375,tsp,G020,Green cardamom,1 to 2,
GF-REC-00329,GF-ING-00314,Khoa,35.0,g,L004,Khoya,35,g
GF-REC-00329,,"Flour, gram",50.0,g,UK-11-896,Besan,50,g
GF-REC-00329,,"Sugar, white",35.0,g,UK-17-063,Sugar,35,g
GF-REC-00329,,"Water, distilled",1.5,tsp,UK-17-377,Water,1.5,tsp
GF-REC-00329,,"Ghee, butter",25.0,g,UK-17-640,Ghee,25,g
GF-REC-00330,GF-ING-00022,"Wheat, semolina (Triticum aestivum)",50.0,g,A022,Suji,50,g
GF-REC-00330,GF-ING-00268,"Cardamom, green (Elettaria cardamomum)",0.25,tsp,G020,Green cardamom,1,
GF-REC-00330,GF-ING-00287,"Coconut, kernal, dry (Cocos nucifera)",20.0,g,H006,Dry coconut (finely grated),20,g
GF-REC-00330,GF-ING-00299,Pistachio nuts (Pistacla vera),1.0,g,H018,Pistachios,a few,
GF-REC-00330,GF-ING-00312,"Milk, whole, Cow",2.0,tsp,L002,Milk,2,tsp
GF-REC-00330,GF-ING-00314,Khoa,25.0,g,L004,Khoa,25,g
GF-REC-00330,,Saffron,0.0075,g,UK-13-852,Saffron,3,threads
GF-REC-00330,,"Sugar, icing",50.0,g,UK-17-062,Castor sugar,50,g
GF-REC-00330,,"Ghee, butter",20.0,g,UK-17-640,Ghee,20,g
GF-REC-00331,GF-ING-00022,"Wheat, semolina (Triticum aestivum)",50.0,g,A022,Suji,50,g
GF-REC-00331,GF-ING-00268,"Cardamom, green (Elettaria cardamomum)",0.25,tsp,G020,Green cardamom,1,
GF-REC-00331,GF-ING-00287,"Coconut, kernal, dry (Cocos nucifera)",30.0,g,H006,Dry coconut,30,g
GF-REC-00331,GF-ING-00312,"Milk, whole, Cow",2.0,tsp,L002,Milk,2,tsp
GF-REC-00331,,"Sugar, icing",35.0,g,UK-17-062,Castor sugar,35,g
GF-REC-00331,,"Ghee, butter",20.0,g,UK-17-640,Ghee,20,g
GF-REC-00332,GF-ING-00022,"Wheat, semolina (Triticum aestivum)",10.0,g,A022,Suji,10,g
GF-REC-00332,GF-ING-00268,"Cardamom, green (Elettaria cardamomum)",0.25,tsp,G020,Green cardamom,1,
GF-REC-00332,GF-ING-00281,Turmeric powder (Curcuma domestica),0.25,tsp,G033,Haldi,1,pinch
GF-REC-00332,,"Flour, gram",50.0,g,UK-11-896,Besan,50,g
GF-REC-00332,,"Sugar, icing",50.0,g,UK-17-062,Castor sugar,50,g
GF-REC-00332,,"Ghee, butter",30.0,g,UK-17-640,Ghee,30,g
GF-REC-00333,GF-ING-00292,"Gingelly seeds, white (Sesamum indicum)",50.0,g,H011,Til seeds,50,g
GF-REC-00333,GF-ING-00303,"Jaggery, cane (Saccharum officinarum)",50.0,g,I001,Jaggery,50,g
GF-REC-00333,,"Water, distilled",2.0,tsp,UK-17-377,Water,2,tsp
GF-REC-00334,,Kewra essence,0.5,tsp,,Kewra essence,a few drops,
GF-REC-00334,GF-ING-00313,Paneer,100.0,g,L003,Paneer (cottage cheese),100,g
GF-REC-00334,,"Sugar, white",50.0,g,UK-17-063,Sugar,50,g
GF-REC-00334,,Cream of tartar,0.125,tsp,UK-17-358,Cream of tartar,.125,tsp
GF-REC-00334,,"Water, distilled",2.0,tbsp,UK-17-377,Water,2,tbsp
GF-REC-00335,GF-ING-00312,"Milk, whole, Cow",500.0,ml,L002,Milk,500,ml
GF-REC-00335,,"Lemons, flesh only, raw, weighed with peel and pips",17.5,g,UK-14-130,Tartaric acid/lemon juice,.5,lemon
GF-REC-00335,,"Sugar, white",25.0,g,UK-17-063,Sugar,25,g
GF-REC-00335,,"Ghee, butter",2.0,tbsp,UK-17-640,Fat,for greasing,
GF-REC-00335,,"MIXED NUTS CASHEWS, ALMONDS, HAZELNUTS, PISTACHIOS, PECANS, MIXED NUTS",5.0,g,US-851134,Nuts,a few,
GF-REC-00336,GF-ING-00018,"Wheat flour, refined (Triticum aestivum)",60.0,g,A018,Maida,60,g
GF-REC-00336,GF-ING-00218,"Raisins, dried, black (Vitis vinifera)",1.8,g,E057,Raisins,a few,
GF-REC-00336,GF-ING-00287,"Coconut, kernal, dry (Cocos nucifera)",10.0,g,H006,Dessicated coconut,10,g
GF-REC-00336,GF-ING-00314,Khoa,30.0,g,L004,Khoya,30,g
GF-REC-00336,,"Oil, sunflower",480.0,ml,UK-17-045,Fat,for frying,
GF-REC-00336,,"Sugar, icing",30.0,g,UK-17-062,Castor sugar,30,g
GF-REC-00336,,"Water, distilled",1.0,tbsp,UK-17-377,Water,to make dough (1 tbsp),
GF-REC-00336,,"Ghee, butter",12.0,g,UK-17-640,Fat,12,g
GF-REC-00337,GF-ING-00018,"Wheat flour, refined (Triticum aestivum)",25.0,g,A018,Maida,25,g
GF-REC-00337,GF-ING-00312,"Milk, whole, Cow",1.0,tsp,L002,Milk,1,tsp
GF-REC-00337,GF-ING-00314,Khoa,100.0,g,L004,Soft khoya,100,g
GF-REC-00337,,"Oil, sunflower",480.0,ml,UK-17-045,Fat,for deep frying,
GF-REC-00337,,"Sugar, white",200.0,g,UK-17-063,Sugar,200,g
GF-REC-00337,,Bicarbonate of soda,0.06,tsp,UK-17-356,Soda-bi-carb,1,pinch
GF-REC-00337,,"Water, distilled",1.0,tsp,UK-17-377,Water,1,tsp
GF-REC-00337,,"Water, distilled",125.0,ml,UK-17-377,Water,125,ml
GF-REC-00338,,Kewra essence,0.5,tsp,,Kewra essence,few drops,
GF-REC-00338,GF-ING-00018,"Wheat flour, refined (Triticum aestivum)",30.0,g,A018,Maida,30,g
GF-REC-00338,GF-ING-00022,"Wheat, semolina (Triticum aestivum)",45.0,g,A022,Suji,45,g
GF-REC-00338,GF-ING-00282,Almond (Prunus amygdalus),1.8,g,H001,Almonds,a few,
GF-REC-00338,GF-ING-00299,Pistachio nuts (Pistacla vera),1.0,g,H018,Pistachios,a few,
GF-REC-00338,GF-ING-00312,"Milk, whole, Cow",200.0,ml,L002,Milk,200,ml
GF-REC-00338,,"Oil, sunflower",480.0,ml,UK-17-045,Fat,for frying,
GF-REC-00338,,"Sugar, white",90.0,g,UK-17-063,Sugar,90,g
GF-REC-00338,,"Water, distilled",50.0,ml,UK-17-377,Water,50,ml
GF-REC-00339,,Silver Foil,1.0,sheet,,Silver foil,1,sheet
GF-REC-00339,GF-ING-00282,Almond (Prunus amygdalus),2.22,g,H001,Almonds,2,
GF-REC-00339,GF-ING-00299,Pistachio nuts (Pistacla vera),0.4,g,H018,Pistachios,2,
GF-REC-00339,GF-ING-00312,"Milk, whole, Cow",170.0,ml,L002,Milk,170,ml
GF-REC-00339,,"Bread, white, average",60.0,g,UK-11-1145,Bread (white),2,slices
GF-REC-00339,,"Sugar, white",25.0,g,UK-17-063,Sugar,25,g
GF-REC-00339,,"Sugar, white",100.0,g,UK-17-063,Sugar,100,g
GF-REC-00339,,"Water, distilled",50.0,ml,UK-17-377,Water,50,ml
GF-REC-00340,GF-ING-00235,"Potato, brown skin, big (Solanum tuberosum)",80.0,g,F006,Potato,80,g
GF-REC-00340,,"Flour, gram",50.0,g,UK-11-896,Besan,50,g
GF-REC-00340,,Garam masala,0.125,tsp,UK-13-829,Garam masala,.125,tsp
GF-REC-00340,,Chilli powder,0.125,tsp,UK-13-873,Red chilli,.125,tsp
GF-REC-00340,,Chilli powder,0.25,tsp,UK-13-873,Red chilli powder,1,pinch
GF-REC-00340,,"Oil, sunflower",480.0,ml,UK-17-045,Fat,for frying,
GF-REC-00340,,"Oil, sunflower",0.5,tsp,UK-17-045,Oil,.5,tsp
GF-REC-00340,,Salt,0.25,tsp,UK-17-367,Salt,.25,tsp
GF-REC-00340,,Salt,0.25,tsp,UK-17-367,Salt,.25,tsp
GF-REC-00340,,"Water, distilled",4.0,tbsp,UK-17-377,Water,4,tbsp
GF-REC-00340,,AJWAIN SEED WHOLE ORGANIC SPICES,0.25,tsp,US-806341,Ajwain,a few grains,
GF-REC-00341,GF-ING-00265,"Onion, big (Allium cepa)",80.0,g,G017,Onion,80,g
GF-REC-00341,,"Flour, gram",50.0,g,UK-11-896,Besan,50,g
GF-REC-00341,,Garam masala,0.125,tsp,UK-13-829,Garam masala,.125,tsp
GF-REC-00341,,Chilli powder,0.125,tsp,UK-13-873,Red chilli,.125,tsp
GF-REC-00341,,Chilli powder,0.25,tsp,UK-13-873,Red chilli powder,1,pinch
GF-REC-00341,,"Oil, sunflower",480.0,ml,UK-17-045,Fat,for frying,
GF-REC-00341,,"Oil, sunflower",0.5,tsp,UK-17-045,Oil,.5,tsp
GF-REC-00341,,Salt,0.25,tsp,UK-17-367,Salt,.25,tsp
GF-REC-00341,,Salt,0.25,tsp,UK-17-367,Salt,.25,tsp
GF-REC-00341,,"Water, distilled",4.0,tbsp,UK-17-377,Water,4,tbsp
GF-REC-00341,,AJWAIN SEED WHOLE ORGANIC SPICES,0.25,tsp,US-806341,Ajwain,a few grains,
GF-REC-00342,GF-ING-00119,Cauliflower (Brassica oleracea var. botrytis),80.0,g,D036,Cauliflower,80,g
GF-REC-00342,,"Flour, gram",50.0,g,UK-11-896,Besan,50,g
GF-REC-00342,,Garam masala,0.125,tsp,UK-13-829,Garam masala,.125,tsp
GF-REC-00342,,Chilli powder,0.125,tsp,UK-13-873,Red chilli,.125,tsp
GF-REC-00342,,Chilli powder,0.25,tsp,UK-13-873,Red chilli powder,1,pinch
GF-REC-00342,,"Oil, sunflower",480.0,ml,UK-17-045,Fat,for frying,
GF-REC-00342,,"Oil, sunflower",0.5,tsp,UK-17-045,Oil,.5,tsp
GF-REC-00342,,Salt,0.25,tsp,UK-17-367,Salt,.25,tsp
GF-REC-00342,,Salt,0.25,tsp,UK-17-367,Salt,.25,tsp
GF-REC-00342,,"Water, distilled",4.0,tbsp,UK-17-377,Water,4,tbsp
GF-REC-00342,,AJWAIN SEED WHOLE ORGANIC SPICES,0.25,tsp,US-806341,Ajwain,a few grains,
GF-REC-00343,GF-ING-00082,Spinach (Spinacia oleracea),20.0,g,C033,Spinach,20,g
GF-REC-00343,GF-ING-00119,Cauliflower (Brassica oleracea var. botrytis),20.0,g,D036,Cauliflower,20,g
GF-REC-00343,GF-ING-00235,"Potato, brown skin, big (Solanum tuberosum)",20.0,g,F006,Potato,20,g
GF-REC-00343,GF-ING-00265,"Onion, big (Allium cepa)",20.0,g,G017,Onion,20,g
GF-REC-00343,,"Flour, gram",50.0,g,UK-11-896,Besan,50,g
GF-REC-00343,,Garam masala,0.125,tsp,UK-13-829,Garam masala,.125,tsp
GF-REC-00343,,Chilli powder,0.125,tsp,UK-13-873,Red chilli,.125,tsp
GF-REC-00343,,Chilli powder,0.25,tsp,UK-13-873,Red chilli powder,1,pinch
GF-REC-00343,,"Oil, sunflower",480.0,ml,UK-17-045,Fat,for frying,
GF-REC-00343,,"Oil, sunflower",0.5,tsp,UK-17-045,Oil,.5,tsp
GF-REC-00343,,Salt,0.25,tsp,UK-17-367,Salt,.25,tsp
GF-REC-00343,,Salt,0.25,tsp,UK-17-367,Salt,.25,tsp
GF-REC-00343,,"Water, distilled",4.0,tbsp,UK-17-377,Water,4,tbsp
GF-REC-00343,,AJWAIN SEED WHOLE ORGANIC SPICES,0.25,tsp,US-806341,Ajwain,a few grains,
GF-REC-00344,GF-ING-00082,Spinach (Spinacia oleracea),40.0,g,C033,Spinach,40,g
GF-REC-00344,,"Flour, gram",50.0,g,UK-11-896,Besan,50,g
GF-REC-00344,,Garam masala,0.125,tsp,UK-13-829,Garam masala,.125,tsp
GF-REC-00344,,Chilli powder,0.125,tsp,UK-13-873,Red chilli,.125,tsp
GF-REC-00344,,Chilli powder,0.25,tsp,UK-13-873,Red chilli powder,1,pinch
GF-REC-00344,,"Oil, sunflower",480.0,ml,UK-17-045,Fat,for frying,
GF-REC-00344,,"Oil, sunflower",0.5,tsp,UK-17-045,Oil,.5,tsp
GF-REC-00344,,Salt,0.25,tsp,UK-17-367,Salt,.25,tsp
GF-REC-00344,,Salt,0.25,tsp,UK-17-367,Salt,.25,tsp
GF-REC-00344,,"Water, distilled",4.0,tbsp,UK-17-377,Water,4,tbsp
GF-REC-00344,,AJWAIN SEED WHOLE ORGANIC SPICES,0.25,tsp,US-806341,Ajwain,a few grains,
GF-REC-00345,GF-ING-00069,Fenugreek leaves (Trigonella foenum graecum),40.0,g,C020,Fenugreek leaves,40,g
GF-REC-00345,,"Flour, gram",50.0,g,UK-11-896,Besan,50,g
GF-REC-00345,,Garam masala,0.125,tsp,UK-13-829,Garam masala,.125,tsp
GF-REC-00345,,Chilli powder,0.125,tsp,UK-13-873,Red chilli,.125,tsp
GF-REC-00345,,Chilli powder,0.25,tsp,UK-13-873,Red chilli powder,1,pinch
GF-REC-00345,,"Oil, sunflower",480.0,ml,UK-17-045,Fat,for frying,
GF-REC-00345,,"Oil, sunflower",0.5,tsp,UK-17-045,Oil,.5,tsp
GF-REC-00345,,Salt,0.25,tsp,UK-17-367,Salt,.25,tsp
GF-REC-00345,,Salt,0.25,tsp,UK-17-367,Salt,.25,tsp
GF-REC-00345,,"Water, distilled",4.0,tbsp,UK-17-377,Water,4,tbsp
GF-REC-00345,,AJWAIN SEED WHOLE ORGANIC SPICES,0.25,tsp,US-806341,Ajwain,a few grains,
GF-REC-00346,GF-ING-00315,"Egg, poultry, whole, raw",50.0,g,M001,Egg,1,
GF-REC-00346,,"Flour, gram",50.0,g,UK-11-896,Besan,50,g
GF-REC-00346,,Garam masala,0.125,tsp,UK-13-829,Garam masala,.125,tsp
GF-REC-00346,,Chilli powder,0.125,tsp,UK-13-873,Red chilli,.125,tsp
GF-REC-00346,,Chilli powder,0.25,tsp,UK-13-873,Red chilli powder,1,pinch
GF-REC-00346,,"Oil, sunflower",480.0,ml,UK-17-045,Fat,for frying,
GF-REC-00346,,"Oil, sunflower",0.5,tsp,UK-17-045,Oil,.5,tsp
GF-REC-00346,,Salt,0.25,tsp,UK-17-367,Salt,.25,tsp
GF-REC-00346,,Salt,0.25,tsp,UK-17-367,Salt,.25,tsp
GF-REC-00346,,"Water, distilled",4.0,tbsp,UK-17-377,Water,4,tbsp
GF-REC-00346,,AJWAIN SEED WHOLE ORGANIC SPICES,0.25,tsp,US-806341,Ajwain,a few grains,
GF-REC-00347,,"Bread, white, average",60.0,g,UK-11-1145,Bread (white),2,slices
GF-REC-00347,,"Flour, gram",50.0,g,UK-11-896,Besan,50,g
GF-REC-00347,,Garam masala,0.125,tsp,UK-13-829,Garam masala,.125,tsp
GF-REC-00347,,Chilli powder,0.125,tsp,UK-13-873,Red chilli,.125,tsp
GF-REC-00347,,Chilli powder,0.25,tsp,UK-13-873,Red chilli powder,1,pinch
GF-REC-00347,,"Oil, sunflower",480.0,ml,UK-17-045,Fat,for frying,
GF-REC-00347,,"Oil, sunflower",0.5,tsp,UK-17-045,Oil,.5,tsp
GF-REC-00347,,Salt,0.25,tsp,UK-17-367,Salt,.25,tsp
GF-REC-00347,,Salt,0.25,tsp,UK-17-367,Salt,.25,tsp
GF-REC-00347,,"Water, distilled",4.0,tbsp,UK-17-377,Water,4,tbsp
GF-REC-00347,,AJWAIN SEED WHOLE ORGANIC SPICES,0.25,tsp,US-806341,Ajwain,a few grains,
GF-REC-00348,GF-ING-00313,Paneer,50.0,g,L003,Paneer,50,g
GF-REC-00348,,"Flour, gram",50.0,g,UK-11-896,Besan,50,g
GF-REC-00348,,Garam masala,0.125,tsp,UK-13-829,Garam masala,.125,tsp
GF-REC-00348,,Garam masala,0.25,tsp,UK-13-829,Garam masala,1,pinch
GF-REC-00348,,Chilli powder,0.125,tsp,UK-13-873,Chilli powder,.125,tsp
GF-REC-00348,,Chilli powder,0.125,tsp,UK-13-873,Red chilli,.125,tsp
GF-REC-00348,,Chilli powder,0.25,tsp,UK-13-873,Red chilli powder,1,pinch
GF-REC-00348,,"Oil, sunflower",480.0,ml,UK-17-045,Fat,for deep frying,
GF-REC-00348,,"Oil, sunflower",0.5,tsp,UK-17-045,Oil,.5,tsp
GF-REC-00348,,Salt,0.25,tsp,UK-17-367,Salt,.25,tsp
GF-REC-00348,,Salt,0.25,tsp,UK-17-367,Salt,.25,tsp
GF-REC-00348,,Salt,0.5,tsp,UK-17-367,Salt,.5,tsp
GF-REC-00348,,"Water, distilled",4.0,tbsp,UK-17-377,Water,4,tbsp
GF-REC-00348,,"SIVA'S, AMHUR POWDER (DRY MANGO POWDER)",0.25,tsp,US-400113,Amchur powder,.25,tsp
GF-REC-00348,,AJWAIN SEED WHOLE ORGANIC SPICES,0.25,tsp,US-806341,Ajwain,a few grains,
GF-REC-00349,GF-ING-00025,"Bengal gram, dal (Cicer arietinum)",0.125,tsp,B001,Channa dal,.125,tsp
GF-REC-00349,GF-ING-00027,"Black gram, dal (Phaseolus mungo)",0.125,tsp,B003,Urad dal,.125,tsp
GF-REC-00349,GF-ING-00144,"Peas, fresh (Pisum sativum)",20.0,g,D061,Peas,20,g
GF-REC-00349,GF-ING-00235,"Potato, brown skin, big (Solanum tuberosum)",100.0,g,F006,Potato,100,g
GF-REC-00349,GF-ING-00256,"Chillies, green - all varieties (Capsicum annum)",3.33,g,G008,Green chilli,1,
GF-REC-00349,GF-ING-00257,Coriander leaves (Coriandrum sativum),1.0,sprig,G009,Coriander leaves,few,
GF-REC-00349,GF-ING-00258,Curry leaves (Murraya koenigii),1.0,sprig,G010,Curry leaves,few,
GF-REC-00349,GF-ING-00262,"Ginger, fresh (Zingiber officinale)",5.0,g,G014,Ginger,small piece,
GF-REC-00349,GF-ING-00265,"Onion, big (Allium cepa)",15.0,g,G017,Onion,15,g
GF-REC-00349,GF-ING-00281,Turmeric powder (Curcuma domestica),0.125,tsp,G033,Turmeric powder,.125,tsp
GF-REC-00349,GF-ING-00286,Cashew nut (Anacardium occidentale),2.5,g,H005,Cashewnuts,2,
GF-REC-00349,GF-ING-00294,Mustard seeds (Brassica nigra),0.125,tsp,H013,Mustard seeds,.125,tsp
GF-REC-00349,,"Flour, rice",2.0,tsp,UK-11-021,Rice flour,2,tsp
GF-REC-00349,,"Flour, gram",2.0,tbsp,UK-11-896,Besan,2,tbsp
GF-REC-00349,,Chilli powder,0.125,tsp,UK-13-873,Red chilli powder,.125,tsp
GF-REC-00349,,"Oil, sunflower",1.0,tsp,UK-17-045,Oil,1,tsp
GF-REC-00349,,"Oil, sunflower",480.0,ml,UK-17-045,Oil,for frying,
GF-REC-00349,,Bicarbonate of soda,0.25,tsp,UK-17-356,Soda,1,pinch
GF-REC-00349,,Salt,0.25,tsp,UK-17-367,Salt,.25,tsp
GF-REC-00349,,Salt,0.5,tsp,UK-17-367,Salt,.5,tsp
GF-REC-00349,,"Water, distilled",0.25,C,UK-17-377,Water,.25,cups
GF-REC-00350,GF-ING-00018,"Wheat flour, refined (Triticum aestivum)",60.0,g,A018,Maida,60,g
GF-REC-00350,GF-ING-00144,"Peas, fresh (Pisum sativum)",75.0,g,D061,Peas,75,g
GF-REC-00350,GF-ING-00235,"Potato, brown skin, big (Solanum tuberosum)",150.0,g,F006,Potato,150,g
GF-REC-00350,GF-ING-00256,"Chillies, green - all varieties (Capsicum annum)",3.3,g,G008,Green chilli,1,
GF-REC-00350,GF-ING-00257,Coriander leaves (Coriandrum sativum),1.0,sprig,G009,Coriander leaves,a few,
GF-REC-00350,GF-ING-00262,"Ginger, fresh (Zingiber officinale)",6.33,g,G014,Ginger,.5,inch
GF-REC-00350,GF-ING-00273,Cumin seeds (Cuminum cyminum),0.25,tsp,G025,Cumin seeds,.25,tsp
GF-REC-00350,,Garam masala,0.25,tsp,UK-13-829,Garam masala,.25,tsp
GF-REC-00350,,Chilli powder,0.25,tsp,UK-13-873,Red chilli powder,.25,tsp
GF-REC-00350,,"Oil, sunflower",480.0,ml,UK-17-045,Fat,for frying,
GF-REC-00350,,"Oil, sunflower",12.0,g,UK-17-045,Oil,12,g
GF-REC-00350,,Salt,0.25,tsp,UK-17-367,Salt,.25,tsp
GF-REC-00350,,Salt,0.5,tsp,UK-17-367,Salt,.5,tsp
GF-REC-00350,,"Water, distilled",3.0,tbsp,UK-17-377,Water,to make a stiff dough,
GF-REC-00350,,"Ghee, butter",2.0,tsp,UK-17-640,Fat,2,tsp
GF-REC-00350,,"SIVA'S, AMHUR POWDER (DRY MANGO POWDER)",0.5,tsp,US-400113,Amchur powder,.5,tsp
GF-REC-00351,GF-ING-00018,"Wheat flour, refined (Triticum aestivum)",60.0,g,A018,Maida,60,g
GF-REC-00351,GF-ING-00256,"Chillies, green - all varieties (Capsicum annum)",1.7,g,G008,Green chilli,.5,
GF-REC-00351,GF-ING-00265,"Onion, big (Allium cepa)",50.0,g,G017,Onion,50,g
GF-REC-00351,,Garam masala,0.25,tsp,UK-13-829,Garam masala,.25,tsp
GF-REC-00351,,Chilli powder,0.25,tsp,UK-13-873,Red chilli powder,.25,tsp
GF-REC-00351,,"Oil, sunflower",480.0,ml,UK-17-045,Fat,for frying,
GF-REC-00351,,"Oil, sunflower",12.0,g,UK-17-045,Oil,12,g
GF-REC-00351,,Salt,0.25,tsp,UK-17-367,Salt,.25,tsp
GF-REC-00351,,Salt,0.5,tsp,UK-17-367,Salt,.5,tsp
GF-REC-00351,,"Water, distilled",3.0,tbsp,UK-17-377,Water,to make a stiff dough,
GF-REC-00351,,"Ghee, butter",2.0,tsp,UK-17-640,Fat,2,tsp
GF-REC-00351,,"Lamb, mince, raw",150.0,g,UK-18-481,Keema,150,g
GF-REC-00352,GF-ING-00018,"Wheat flour, refined (Triticum aestivum)",60.0,g,A018,Maida,60,g
GF-REC-00352,GF-ING-00144,"Peas, fresh (Pisum sativum)",100.0,g,D061,Peas (unshelled),100,g
GF-REC-00352,GF-ING-00256,"Chillies, green - all varieties (Capsicum annum)",1.7,g,G008,Green chilli,.5,
GF-REC-00352,GF-ING-00313,Paneer,100.0,g,L003,Paneer,100,g
GF-REC-00352,,Garam masala,0.25,tsp,UK-13-829,Garam masala,.25,tsp
GF-REC-00352,,Chilli powder,0.25,tsp,UK-13-873,Red chilli powder,.25,tsp
GF-REC-00352,,"Oil, sunflower",2.0,tsp,UK-17-045,Fat,2,tsp
GF-REC-00352,,"Oil, sunflower",480.0,ml,UK-17-045,Fat,for frying,
GF-REC-00352,,"Oil, sunflower",12.0,g,UK-17-045,Oil,12,g
GF-REC-00352,,Salt,0.25,tsp,UK-17-367,Salt,.25,tsp
GF-REC-00352,,Salt,0.5,tsp,UK-17-367,Salt,.5,tsp
GF-REC-00352,,"Water, distilled",3.0,tbsp,UK-17-377,Water,to make a stiff dough,
GF-REC-00353,GF-ING-00018,"Wheat flour, refined (Triticum aestivum)",100.0,g,A018,Maida,100,g
GF-REC-00353,GF-ING-00279,"Pepper, black (Piper nigrum)",2.0,g,G031,Whole black pepper,8,corns
GF-REC-00353,,"Oil, sunflower",480.0,ml,UK-17-045,Fat,for frying,
GF-REC-00353,,"Oil, sunflower",2.0,tbsp,UK-17-045,Oil,2,tbsp
GF-REC-00353,,Salt,0.5,tsp,UK-17-367,Salt,.5,tsp
GF-REC-00353,,AJWAIN SEED WHOLE ORGANIC SPICES,0.25,tsp,US-806341,Ajwain,.25,tsp
GF-REC-00354,GF-ING-00018,"Wheat flour, refined (Triticum aestivum)",100.0,g,A018,Maida,100,g
GF-REC-00354,GF-ING-00027,"Black gram, dal (Phaseolus mungo)",30.0,g,B003,Washed urad dal,30,g
GF-REC-00354,GF-ING-00267,Asafoetida (Ferula assa-foetida),0.25,tsp,G019,Hing,1,pinch
GF-REC-00354,GF-ING-00273,Cumin seeds (Cuminum cyminum),0.25,tsp,G025,Cumin seeds,.25,tsp
GF-REC-00354,,Fennel seeds,0.25,tsp,UK-13-827,Aniseeds,.25,tsp
GF-REC-00354,,Chilli powder,0.5,tsp,UK-13-873,Red chilli powder,.5,tsp
GF-REC-00354,,"Lemons, flesh only, raw, weighed with peel and pips",17.5,g,UK-14-130,Lemon juice,.5,lemon
GF-REC-00354,,"Oil, sunflower",480.0,ml,UK-17-045,Fat,for frying,
GF-REC-00354,,"Oil, sunflower",1.5,tbsp,UK-17-045,Oil,1.5,tbsp
GF-REC-00354,,"Oil, sunflower",2.0,tsp,UK-17-045,Fat,2,tsp
GF-REC-00354,,Salt,0.25,tsp,UK-17-367,Salt,.25,tsp
GF-REC-00354,,Salt,0.5,tsp,UK-17-367,Salt,.5,tsp
GF-REC-00354,,"Water, distilled",3.0,tbsp,UK-17-377,Water,to make a stiff dough,
GF-REC-00355,GF-ING-00133,"French beans, hybrid (Phaseolus vulgaris)",20.0,g,D050,French beans,20,g
GF-REC-00355,GF-ING-00144,"Peas, fresh (Pisum sativum)",30.0,g,D061,Peas,30,g
GF-REC-00355,GF-ING-00231,"Carrot, orange (Daucus carota)",20.0,g,F002,Carrots,20,g
GF-REC-00355,GF-ING-00235,"Potato, brown skin, big (Solanum tuberosum)",75.0,g,F006,Potato,75,g
GF-REC-00355,GF-ING-00256,"Chillies, green - all varieties (Capsicum annum)",3.33,g,G008,Green chilli,1,
GF-REC-00355,GF-ING-00262,"Ginger, fresh (Zingiber officinale)",3.17,g,G014,Ginger,.25,inch
GF-REC-00355,GF-ING-00315,"Egg, poultry, whole, raw",12.5,g,M001,Egg,.25,
GF-REC-00355,,"Bread, white, average",2.0,tbsp,UK-11-1145,Bread crumbs,2,tbsp
GF-REC-00355,,"Bread, white, average",15.0,g,UK-11-1145,Bread slice,.5,slices
GF-REC-00355,,Garam masala,0.25,tsp,UK-13-829,Garam masala,.25,tsp
GF-REC-00355,,Chilli powder,0.25,tsp,UK-13-873,Red chilli powder,.25,tsp
GF-REC-00355,,"Oil, sunflower",480.0,ml,UK-17-045,Fat,for frying,
GF-REC-00355,,Salt,0.5,tsp,UK-17-367,Salt,.5,tsp
GF-REC-00355,,"SIVA'S, AMHUR POWDER (DRY MANGO POWDER)",0.25,tsp,US-400113,Amchur powder,.25,tsp
GF-REC-00356,GF-ING-00011,Rice flakes (Oryza sativa ),30.0,g,A011,Chirwa,30,g
GF-REC-00356,GF-ING-00235,"Potato, brown skin, big (Solanum tuberosum)",100.0,g,F006,Potato,100,g
GF-REC-00356,GF-ING-00256,"Chillies, green - all varieties (Capsicum annum)",1.67,g,G008,Green chilli,.5,
GF-REC-00356,GF-ING-00257,Coriander leaves (Coriandrum sativum),1.0,sprig,G009,Coriander leaves,few,
GF-REC-00356,GF-ING-00293,Ground nut (Arachis hypogea),20.0,g,H012,Peanuts,20,g
GF-REC-00356,GF-ING-00315,"Egg, poultry, whole, raw",12.5,g,M001,Egg,.25,
GF-REC-00356,,"Bread, white, average",2.0,tbsp,UK-11-1145,Bread crumbs,2,tbsp
GF-REC-00356,,Garam masala,0.25,tsp,UK-13-829,Garam masala,.25,tsp
GF-REC-00356,,Chilli powder,0.25,tsp,UK-13-873,Red chilli powder,.25,tsp
GF-REC-00356,,"Oil, sunflower",480.0,ml,UK-17-045,Fat,for frying,
GF-REC-00356,,Salt,0.5,tsp,UK-17-367,Salt,.5,tsp
GF-REC-00356,,"SIVA'S, AMHUR POWDER (DRY MANGO POWDER)",0.25,tsp,US-400113,Amchur powder,.25,tsp
GF-REC-00357,GF-ING-00235,"Potato, brown skin, big (Solanum tuberosum)",100.0,g,F006,Potato,100,g
GF-REC-00357,GF-ING-00256,"Chillies, green - all varieties (Capsicum annum)",1.67,g,G008,Green chilli,.5,
GF-REC-00357,GF-ING-00257,Coriander leaves (Coriandrum sativum),1.0,sprig,G009,Coriander leaves,a few,
GF-REC-00357,GF-ING-00293,Ground nut (Arachis hypogea),50.0,g,H012,Peanuts,50,g
GF-REC-00357,GF-ING-00315,"Egg, poultry, whole, raw",12.5,g,M001,Egg,.25,
GF-REC-00357,,"Bread, white, average",15.0,g,UK-11-1145,Bread,.5,slices
GF-REC-00357,,"Bread, white, average",2.0,tbsp,UK-11-1145,Bread crumbs,2,tbsp
GF-REC-00357,,Garam masala,0.25,tsp,UK-13-829,Garam masala,.25,tsp
GF-REC-00357,,Chilli powder,0.25,tsp,UK-13-873,Red chilli powder,.25,tsp
GF-REC-00357,,"Oil, sunflower",480.0,ml,UK-17-045,Fat,for frying,
GF-REC-00357,,Salt,0.5,tsp,UK-17-367,Salt,.5,tsp
GF-REC-00357,,"SIVA'S, AMHUR POWDER (DRY MANGO POWDER)",0.25,tsp,US-400113,Amchur powder,.25,tsp
GF-REC-00358,GF-ING-00235,"Potato, brown skin, big (Solanum tuberosum)",75.0,g,F006,Potato,75,g
GF-REC-00358,GF-ING-00256,"Chillies, green - all varieties (Capsicum annum)",1.67,g,G008,Green chilli,.5,
GF-REC-00358,GF-ING-00257,Coriander leaves (Coriandrum sativum),1.0,sprig,G009,Coriander leaves,a few,
GF-REC-00358,GF-ING-00260,"Garlic, small clove (Allium sativum)",1.25,g,G012,Garlic,2,flakes
GF-REC-00358,GF-ING-00265,"Onion, big (Allium cepa)",20.0,g,G017,Onion,20,g
GF-REC-00358,GF-ING-00279,"Pepper, black (Piper nigrum)",0.5,tbsp,G031,Whole black pepper,2,corns
GF-REC-00358,GF-ING-00315,"Egg, poultry, whole, raw",12.5,g,M001,Egg,.25,
GF-REC-00358,GF-ING-00468,"Pomfret, white (Pampus argenteus)",75.0,g,P057,Fish,75,g
GF-REC-00358,,"Bread, white, average",2.0,tbsp,UK-11-1145,Bread crumbs,2,tbsp
GF-REC-00358,,Garam masala,0.25,tsp,UK-13-829,Garam masala,.25,tsp
GF-REC-00358,,Chilli powder,0.25,tsp,UK-13-873,Red chilli powder,.25,tsp
GF-REC-00358,,"Oil, sunflower",1.0,tsp,UK-17-045,Fat,1,tsp
GF-REC-00358,,"Oil, sunflower",480.0,ml,UK-17-045,Fat,for frying,
GF-REC-00358,,Vinegar,1.0,tbsp,UK-17-339,Vinegar,1,tbsp
GF-REC-00358,,Salt,0.5,tsp,UK-17-367,Salt,.5,tsp
GF-REC-00359,GF-ING-00235,"Potato, brown skin, big (Solanum tuberosum)",100.0,g,F006,Potato,100,g
GF-REC-00359,GF-ING-00313,Paneer,50.0,g,L003,Paneer,50,g
GF-REC-00359,GF-ING-00315,"Egg, poultry, whole, raw",25.0,g,M001,Egg,.5,
GF-REC-00359,,"Bread, white, average",15.0,g,UK-11-1145,Bread,.5,slices
GF-REC-00359,,"Bread, white, average",2.0,tbsp,UK-11-1145,Bread crumbs,2,tbsp
GF-REC-00359,,Garam masala,0.25,tsp,UK-13-829,Garam masala,.5,tsp
GF-REC-00359,,Chilli powder,0.25,tsp,UK-13-873,Red chilli powder,.25,tsp
GF-REC-00359,,"Oil, sunflower",480.0,ml,UK-17-045,Fat,for frying,
GF-REC-00359,,Salt,0.5,tsp,UK-17-367,Salt,.5,tsp
GF-REC-00359,,"SIVA'S, AMHUR POWDER (DRY MANGO POWDER)",0.25,tsp,US-400113,Amchur powder,.5,tsp
GF-REC-00360,GF-ING-00025,"Bengal gram, dal (Cicer arietinum)",20.0,g,B001,Channa dal,20,g
GF-REC-00360,GF-ING-00082,Spinach (Spinacia oleracea),25.0,g,C033,Spinach,25,g
GF-REC-00360,GF-ING-00235,"Potato, brown skin, big (Solanum tuberosum)",100.0,g,F006,Potato,100,g
GF-REC-00360,GF-ING-00256,"Chillies, green - all varieties (Capsicum annum)",1.67,g,G008,Green chilli,.5,
GF-REC-00360,GF-ING-00315,"Egg, poultry, whole, raw",12.5,g,M001,Egg,.25,
GF-REC-00360,,"Bread, white, average",2.0,tbsp,UK-11-1145,Bread crumbs,2,tbsp
GF-REC-00360,,Garam masala,0.25,tsp,UK-13-829,Garam masala,.25,tsp
GF-REC-00360,,Chilli powder,0.25,tsp,UK-13-873,Red chilli powder,.25,tsp
GF-REC-00360,,"Oil, sunflower",480.0,ml,UK-17-045,Fat,for frying,
GF-REC-00360,,Salt,0.5,tsp,UK-17-367,Salt,.5,tsp
GF-REC-00360,,"SIVA'S, AMHUR POWDER (DRY MANGO POWDER)",0.25,tsp,US-400113,Amchur powder,.25,tsp
GF-REC-00361,GF-ING-00279,"Pepper, black (Piper nigrum)",0.125,tsp,G031,Pepper,.125,tsp
GF-REC-00361,GF-ING-00315,"Egg, poultry, whole, raw",12.5,g,M001,Egg,.25,
GF-REC-00361,,"Flour, corn",0.5,tsp,UK-11-1045,Cornflour,.5,tsp
GF-REC-00361,,"Bread, white, average",60.0,g,UK-11-1145,Bread,2,slices
GF-REC-00361,,"Cheese, processed, plain",25.0,g,UK-12-527,Cheese,25,g
GF-REC-00361,,"Oil, sunflower",480.0,ml,UK-17-045,Fat,for frying,
GF-REC-00361,,Mustard powder,0.25,tsp,UK-17-362,Mustard powder,.25,tsp
GF-REC-00361,,Salt,0.25,tsp,UK-17-367,Salt,.25,tsp
GF-REC-00362,GF-ING-00064,"Cabbage, green (Brassica oleracea var. capitata f. alba)",25.0,g,C015,Shredded cabbage,25,g
GF-REC-00362,GF-ING-00144,"Peas, fresh (Pisum sativum)",30.0,g,D061,Peas,30,g
GF-REC-00362,GF-ING-00158,"Tomato, ripe, hybrid (Solanum lycopersicum)",25.0,g,D075,Tomato slices,25,g
GF-REC-00362,GF-ING-00231,"Carrot, orange (Daucus carota)",20.0,g,F002,Carrots,20,g
GF-REC-00362,GF-ING-00235,"Potato, brown skin, big (Solanum tuberosum)",60.0,g,F006,Potato,60,g
GF-REC-00362,GF-ING-00265,"Onion, big (Allium cepa)",25.0,g,G017,Onion slices,25,g
GF-REC-00362,GF-ING-00315,"Egg, poultry, whole, raw",12.5,g,M001,Egg,.25,
GF-REC-00362,,"Bread, white, average",2.0,tbsp,UK-11-1145,Bread crumbs,2,tbsp
GF-REC-00362,,"Bread, white, average",15.0,g,UK-11-1145,Bread slice,.5,
GF-REC-00362,,"Wafers, plain ice cream wafers, not filled",25.0,g,UK-11-800,Wafer,25,g
GF-REC-00362,,Garam masala,0.125,tsp,UK-13-829,Garam masala,0.125 to 0.25,tsp
GF-REC-00362,,Chilli powder,0.125,tsp,UK-13-873,Red chilli powder,.125,tsp
GF-REC-00362,,"Oil, sunflower",480.0,ml,UK-17-045,Fat,for frying,
GF-REC-00362,,Salt,0.5,tsp,UK-17-367,Salt,.5,tsp
GF-REC-00362,,"Mayonnaise, standard, retail",2.5,tbsp,UK-17-654,Mayonnaise,2 to 3,tbsp
GF-REC-00362,,"Tomato sauce, homemade",4.0,tbsp,UK-50-1173,Tomato sauce,4,tbsp
GF-REC-00362,,WHOLE WHEAT HAMBURGER BUNS,180.0,g,US-492422,Burger buns,2,
GF-REC-00363,GF-ING-00158,"Tomato, ripe, hybrid (Solanum lycopersicum)",75.0,g,D075,Tomato,75,g
GF-REC-00363,GF-ING-00260,"Garlic, small clove (Allium sativum)",5.0,g,G012,Garlic,5,g
GF-REC-00363,GF-ING-00262,"Ginger, fresh (Zingiber officinale)",12.66,g,G014,Ginger,1,inch
GF-REC-00363,GF-ING-00265,"Onion, big (Allium cepa)",50.0,g,G017,Onion,50,g
GF-REC-00363,GF-ING-00279,"Pepper, black (Piper nigrum)",0.25,tsp,G031,Pepper,.25,tsp
GF-REC-00363,,"Pizza base, raw",250.0,g,UK-11-1016,Pizza base,1,
GF-REC-00363,,"Cheese, processed, plain",40.0,g,UK-12-527,Grated pizza cheese,40,g
GF-REC-00363,,"Oregano, dried, ground",0.5,tsp,UK-13-878,Crushed oregano,.5,tsp
GF-REC-00363,,"Oil, sunflower",2.0,tbsp,UK-17-045,Oil,2,tbsp
GF-REC-00363,,"Sugar, white",0.25,tsp,UK-17-063,Sugar,.25,tsp
GF-REC-00363,,Vinegar,0.5,tsp,UK-17-339,Vinegar,.5,tsp
GF-REC-00363,,Mustard powder,0.25,g,UK-17-362,Mustard powder,1,pinch
GF-REC-00363,,Salt,0.5,tsp,UK-17-367,Salt,.5,tsp
GF-REC-00363,,"Tomato sauce, homemade",2.0,tbsp,UK-50-1173,Tomato sauce,2,tbsp
GF-REC-00363,,MUSTARD SAUCE,1.0,tbsp,US-461985,Mustard sauce,1,tbsp
GF-REC-00364,GF-ING-00235,"Potato, brown skin, big (Solanum tuberosum)",100.0,g,F006,Potato,100,g
GF-REC-00364,GF-ING-00256,"Chillies, green - all varieties (Capsicum annum)",3.33,g,G008,Green chilli,1,
GF-REC-00364,GF-ING-00257,Coriander leaves (Coriandrum sativum),1.0,sprig,G009,Coriander leaves,few,
GF-REC-00364,GF-ING-00262,"Ginger, fresh (Zingiber officinale)",10.0,g,G014,Ginger,10,g
GF-REC-00364,GF-ING-00273,Cumin seeds (Cuminum cyminum),0.5,tsp,G025,Roasted cumin powder,.5,tsp
GF-REC-00364,GF-ING-00313,Paneer,30.0,g,L003,Paneer,30,g
GF-REC-00364,,"Bread, white, average",30.0,g,UK-11-1145,Bread,1,slices
GF-REC-00364,,Chilli powder,0.125,tsp,UK-13-873,Red chilli powder,.125,tsp
GF-REC-00364,,"Oil, sunflower",480.0,ml,UK-17-045,Fat,for frying,
GF-REC-00364,,Salt,0.5,tsp,UK-17-367,Salt,.5,tsp
GF-REC-00364,,"SIVA'S, AMHUR POWDER (DRY MANGO POWDER)",0.25,tsp,US-400113,Amchur powder,.25,tsp
GF-REC-00365,GF-ING-00025,"Bengal gram, dal (Cicer arietinum)",20.0,g,B001,Channa dal,20,g
GF-REC-00365,GF-ING-00045,"Red gram, dal (Cajanus cajan)",20.0,g,B021,Arhar dal,20,g
GF-REC-00365,GF-ING-00256,"Chillies, green - all varieties (Capsicum annum)",3.33,g,G008,Green chilli,1,
GF-REC-00365,GF-ING-00258,Curry leaves (Murraya koenigii),1.0,sprig,G010,Curry leaves,a few,
GF-REC-00365,GF-ING-00262,"Ginger, fresh (Zingiber officinale)",3.17,g,G014,Ginger,.25,inch
GF-REC-00365,GF-ING-00265,"Onion, big (Allium cepa)",10.0,g,G017,Onion,10,g
GF-REC-00365,,"Oil, sunflower",480.0,ml,UK-17-045,Fat,for deep frying,
GF-REC-00365,,Salt,0.5,tsp,UK-17-367,Salt,.5,tsp
GF-REC-00366,GF-ING-00235,"Potato, brown skin, big (Solanum tuberosum)",75.0,g,F006,Potato,75,g
GF-REC-00366,GF-ING-00256,"Chillies, green - all varieties (Capsicum annum)",1.67,g,G008,Green chilli,.5,
GF-REC-00366,GF-ING-00257,Coriander leaves (Coriandrum sativum),1.0,sprig,G009,Coriander leaves,a few,
GF-REC-00366,GF-ING-00293,Ground nut (Arachis hypogea),20.0,g,H012,Peanuts,20,g
GF-REC-00366,,"Sago, raw",30.0,g,UK-11-023,Sago,30,g
GF-REC-00366,,Garam masala,0.25,tsp,UK-13-829,Garam masala,.25,tsp
GF-REC-00366,,Chilli powder,0.25,tsp,UK-13-873,Red chilli powder,.25,tsp
GF-REC-00366,,"Oil, sunflower",480.0,ml,UK-17-045,Fat,for frying,
GF-REC-00366,,Salt,0.5,tsp,UK-17-367,Salt,.5,tsp
GF-REC-00366,,"SIVA'S, AMHUR POWDER (DRY MANGO POWDER)",0.25,tsp,US-400113,Amchur powder,.25,tsp
GF-REC-00367,GF-ING-00018,"Wheat flour, refined (Triticum aestivum)",1.0,tsp,A018,Maida,1,tsp
GF-REC-00367,GF-ING-00144,"Peas, fresh (Pisum sativum)",25.0,g,D061,Peas (shelled),25,g
GF-REC-00367,GF-ING-00235,"Potato, brown skin, big (Solanum tuberosum)",60.0,g,F006,Potato,60,g
GF-REC-00367,GF-ING-00256,"Chillies, green - all varieties (Capsicum annum)",1.67,g,G008,Green chilli,.5,
GF-REC-00367,GF-ING-00315,"Egg, poultry, whole, raw",12.5,g,M001,Egg (for coating),.25,
GF-REC-00367,GF-ING-00315,"Egg, poultry, whole, raw",50.0,g,M001,Egg (hard boiled),1,
GF-REC-00367,,"Bread, white, average",20.0,g,UK-11-1145,Bread crumbs,for coating,
GF-REC-00367,,"Bread, white, average",15.0,g,UK-11-1145,Bread slice,.5,
GF-REC-00367,,Garam masala,0.125,tsp,UK-13-829,Garam masala,.125,tsp
GF-REC-00367,,Chilli powder,0.125,tsp,UK-13-873,Red pepper,.125,tsp
GF-REC-00367,,"Oil, sunflower",480.0,ml,UK-17-045,Fat,for frying,
GF-REC-00367,,Salt,0.5,tsp,UK-17-367,Salt,.5,tsp
GF-REC-00368,GF-ING-00116,"Capsicum, green (Capsicum annuum)",50.0,g,D033,Capsicum,50,g
GF-REC-00368,GF-ING-00158,"Tomato, ripe, hybrid (Solanum lycopersicum)",100.0,g,D075,Tomato,100,g
GF-REC-00368,GF-ING-00256,"Chillies, green - all varieties (Capsicum annum)",1.67,g,G008,Green chilli,.5,
GF-REC-00368,GF-ING-00257,Coriander leaves (Coriandrum sativum),1.0,sprig,G009,Coriander leaves,a few,
GF-REC-00368,GF-ING-00265,"Onion, big (Allium cepa)",100.0,g,G017,Onion,100,g
GF-REC-00368,GF-ING-00313,Paneer,100.0,g,L003,Paneer,100,g
GF-REC-00368,,Garam masala,0.25,tsp,UK-13-829,Garam masala,.25,tsp
GF-REC-00368,,Chilli powder,0.25,tsp,UK-13-873,Red chilli powder,.25,tsp
GF-REC-00368,,"Lemons, flesh only, raw, weighed with peel and pips",30.0,g,UK-14-130,Lemon,1,
GF-REC-00368,,"Oil, sunflower",1.0,tsp,UK-17-045,Oil,1,tsp
GF-REC-00368,,Vinegar,1.0,tbsp,UK-17-339,White vinegar,1,tbsp
GF-REC-00368,,Salt,0.5,tsp,UK-17-367,Salt,.5,tsp
GF-REC-00368,,"Mint sauce, homemade",2.0,tbsp,UK-17-811,Mint chutney in curd,2,tbsp
GF-REC-00368,,"GINGER JUICE, GINGER",1.0,tsp,US-1979740,Ginger juice,1,tsp
GF-REC-00369,GF-ING-00293,Ground nut (Arachis hypogea),50.0,g,H012,Peanuts,50,g
GF-REC-00369,GF-ING-00303,"Jaggery, cane (Saccharum officinarum)",100.0,g,I001,Jaggery,100,g
GF-REC-00369,,"Water, distilled",3.0,tbsp,UK-17-377,Water,3,tbsp
GF-REC-00369,,"Ghee, butter",0.5,tsp,UK-17-640,Fat,.5,tsp
GF-REC-00370,GF-ING-00018,"Wheat flour, refined (Triticum aestivum)",80.0,g,A018,Refined flour,80,g
GF-REC-00370,GF-ING-00064,"Cabbage, green (Brassica oleracea var. capitata f. alba)",15.0,g,C015,Cabbage,15,g
GF-REC-00370,GF-ING-00116,"Capsicum, green (Capsicum annuum)",15.0,g,D033,Capsicum,15,g
GF-REC-00370,GF-ING-00120,Celery stalk (Apium graveolens),5.0,g,D037,Celery,5,g
GF-REC-00370,GF-ING-00133,"French beans, hybrid (Phaseolus vulgaris)",20.0,g,D050,Tender beans,20,g
GF-REC-00370,GF-ING-00231,"Carrot, orange (Daucus carota)",20.0,g,F002,Carrots,20,g
GF-REC-00370,GF-ING-00256,"Chillies, green - all varieties (Capsicum annum)",3.33,g,G008,Green chilli,1,
GF-REC-00370,GF-ING-00260,"Garlic, small clove (Allium sativum)",0.63,g,G012,Garlic,1,clove
GF-REC-00370,GF-ING-00262,"Ginger, fresh (Zingiber officinale)",2.5,g,G014,Ginger,.5,cm
GF-REC-00370,GF-ING-00315,"Egg, poultry, whole, raw",25.0,g,M001,Egg,.5,
GF-REC-00370,,"Spring onions, bulbs and tops, raw",30.0,g,UK-13-352,Spring onion,1,
GF-REC-00370,,"Oil, sunflower",1.0,tsp,UK-17-045,Oil,1,tsp
GF-REC-00370,,"Oil, sunflower",480.0,ml,UK-17-045,Oil,for frying,
GF-REC-00370,,Salt,0.25,tsp,UK-17-367,Salt,to taste,
GF-REC-00370,,Salt,0.5,tsp,UK-17-367,Salt,.5,tsp
GF-REC-00370,,"Water, distilled",3.0,tbsp,UK-17-377,Water,as required,
GF-REC-00370,,"Soy sauce, light and dark varieties",1.0,tsp,UK-17-721,Soy sauce,1,tsp
GF-REC-00370,,MSG MONOSODIUM GLUTAMATE,0.125,tsp,US-711552,Ajinomoto,.125,tsp
GF-REC-00371,GF-ING-00218,"Raisins, dried, black (Vitis vinifera)",10.0,g,E057,Raisin,10,g
GF-REC-00371,GF-ING-00260,"Garlic, small clove (Allium sativum)",0.9,g,G012,Garlic,1 to 2,clove
GF-REC-00371,GF-ING-00262,"Ginger, fresh (Zingiber officinale)",3.17,g,G014,Ginger,.25,inch
GF-REC-00371,GF-ING-00270,"Chillies, red (Capsicum annum)",3.33,g,G022,Whole red chilli,1,
GF-REC-00371,GF-ING-00303,"Jaggery, cane (Saccharum officinarum)",25.0,g,I001,Jaggery,25,g
GF-REC-00371,,Chilli powder,0.25,tsp,UK-13-873,Red chilli powder,.25,tsp
GF-REC-00371,,Vinegar,1.0,tsp,UK-17-339,Vinegar,1,tsp
GF-REC-00371,,Salt,0.25,tsp,UK-17-367,Salt,.25,tsp
GF-REC-00371,,DRIED MANGO,10.0,g,US-604150,Dried mango pieces,10,g
GF-REC-00372,GF-ING-00256,"Chillies, green - all varieties (Capsicum annum)",3.33,g,G008,Green chilli,1,
GF-REC-00372,GF-ING-00262,"Ginger, fresh (Zingiber officinale)",3.17,g,G014,Ginger,.25,inch
GF-REC-00372,GF-ING-00293,Ground nut (Arachis hypogea),20.0,g,H012,Peanuts,20,g
GF-REC-00372,,"Lemons, flesh only, raw, weighed with peel and pips",15.0,g,UK-14-130,Lemon juice,.5,lemon
GF-REC-00372,,Salt,0.25,tsp,UK-17-367,Salt,.25,tsp
GF-REC-00373,GF-ING-00025,"Bengal gram, dal (Cicer arietinum)",0.5,tsp,B001,Channa dal,.5,tsp
GF-REC-00373,GF-ING-00027,"Black gram, dal (Phaseolus mungo)",0.5,tsp,B003,Washed urad dal,.5,tsp
GF-REC-00373,GF-ING-00256,"Chillies, green - all varieties (Capsicum annum)",3.33,g,G008,Green chilli,1,
GF-REC-00373,GF-ING-00267,Asafoetida (Ferula assa-foetida),0.25,tsp,G019,Hing,1,pinch
GF-REC-00373,GF-ING-00288,"Coconut, kernel, fresh (Cocos nucifera)",50.0,g,H007,Fresh coconut,50,g
GF-REC-00373,GF-ING-00294,Mustard seeds (Brassica nigra),0.125,tsp,H013,Mustard seeds,.125,tsp
GF-REC-00373,,"Lemons, flesh only, raw, weighed with peel and pips",35.0,g,UK-14-130,Lemon,1,
GF-REC-00373,,"Oil, sunflower",1.0,tsp,UK-17-045,Oil,1,tsp
GF-REC-00373,,Salt,0.5,tsp,UK-17-367,Salt,.5,tsp
GF-REC-00373,,ROASTED CHICKPEAS,0.75,tbsp,US-585551,Roasted channas,.75,tbsp
GF-REC-00374,GF-ING-00225,"Tamarind, pulp (Tamarindus indica)",10.0,g,E064,Tamarind (seedless),10,g
GF-REC-00374,GF-ING-00256,"Chillies, green - all varieties (Capsicum annum)",1.67,g,G008,Green chilli,.5,
GF-REC-00374,GF-ING-00257,Coriander leaves (Coriandrum sativum),10.0,g,G009,Coriander leaves,10,g
GF-REC-00374,GF-ING-00262,"Ginger, fresh (Zingiber officinale)",3.17,g,G014,Ginger,.25,inch
GF-REC-00374,GF-ING-00264,Mint leaves (Mentha spicata ),10.0,g,G016,Mint leaves,10,g
GF-REC-00374,GF-ING-00265,"Onion, big (Allium cepa)",15.0,g,G017,Onion,15,g
GF-REC-00374,GF-ING-00273,Cumin seeds (Cuminum cyminum),0.125,tsp,G025,Cumin seeds,.125,tsp
GF-REC-00374,,"Sugar, white",0.5,tsp,UK-17-063,Sugar,.5,tsp
GF-REC-00374,,Salt,0.25,tsp,UK-17-367,Salt,.25,tsp
GF-REC-00375,GF-ING-00279,"Pepper, black (Piper nigrum)",0.125,tsp,G031,Pepper,.125,tsp
GF-REC-00375,,"Yogurt, whole milk, plain",100.0,g,UK-12-184,Fresh curds,100,g
GF-REC-00375,,Salt,0.25,tsp,UK-17-367,Salt,.25,tsp
GF-REC-00375,,Chilli sauce,1.0,tsp,UK-17-719,Chilli sauce,1,tsp
GF-REC-00375,,"Tomato sauce, homemade",1.0,tbsp,UK-50-1173,Tomato sauce,1,tbsp
GF-REC-00376,GF-ING-00018,"Wheat flour, refined (Triticum aestivum)",60.0,g,A018,Refined flour,60,g
GF-REC-00376,,"Sugar, icing",0.5,tsp,UK-17-062,Castor sugar,.5,tsp
GF-REC-00376,,Salt,0.125,tsp,UK-17-367,Salt,.125,tsp
GF-REC-00376,,"Water, distilled",2.5,tsp,UK-17-377,Cold water,2 to 3 ,tsp
GF-REC-00376,,"Butter, unsalted",30.0,g,UK-17-661,Butter,30,g
GF-REC-00377,GF-ING-00018,"Wheat flour, refined (Triticum aestivum)",60.0,g,A018,Refined flour,60,g
GF-REC-00377,GF-ING-00162,"Apple, big (Malus domestica)",20.0,g,E001,Apple,20,g
GF-REC-00377,GF-ING-00170,"Banana, ripe, montham (Musa x paradisiaca)",20.0,g,E009,Banana,20,g
GF-REC-00377,GF-ING-00312,"Milk, whole, Cow",120.0,ml,L002,Milk,120,ml
GF-REC-00377,,Custard powder,2.0,tsp,UK-11-1138,Curtard powder,2,tsp
GF-REC-00377,,"Sugar, icing",0.5,tsp,UK-17-062,Castor sugar,.5,tsp
GF-REC-00377,,"Sugar, white",1.0,tbsp,UK-17-063,Sugar,1,tbsp
GF-REC-00377,,Salt,0.125,tsp,UK-17-367,Salt,.125,tsp
GF-REC-00377,,"Water, distilled",2.5,tsp,UK-17-377,Cold water,2 to 3 ,tsp
GF-REC-00377,,"Butter, unsalted",30.0,g,UK-17-661,Butter,30,g
GF-REC-00378,,Yellow colour,0.25,tsp,,Yellow color,1,drop
GF-REC-00378,GF-ING-00018,"Wheat flour, refined (Triticum aestivum)",60.0,g,A018,Refined flour,60,g
GF-REC-00378,GF-ING-00175,"Cherries, red (Prunus cerasus)",5.0,g,E014,Cherry,1,
GF-REC-00378,GF-ING-00315,"Egg, poultry, whole, raw",50.0,g,M001,Egg,1,
GF-REC-00378,,"Lemons, flesh only, raw, weighed with peel and pips",30.0,g,UK-14-130,Lemon,1,
GF-REC-00378,,"Sugar, icing",0.5,tsp,UK-17-062,Castor sugar,.5,tsp
GF-REC-00378,,"Sugar, white",1.5,tbsp,UK-17-063,Sugar,1.5,tbsp
GF-REC-00378,,Salt,0.125,tsp,UK-17-367,Salt,.125,tsp
GF-REC-00378,,"Water, distilled",2.5,tsp,UK-17-377,Cold water,2 to 3 ,tsp
GF-REC-00378,,"Butter, unsalted",10.0,g,UK-17-661,Butter,10,g
GF-REC-00378,,"Butter, unsalted",30.0,g,UK-17-661,Butter,30,g
GF-REC-00379,GF-ING-00018,"Wheat flour, refined (Triticum aestivum)",60.0,g,A018,Refined flour,60,g
GF-REC-00379,,"Sugar, icing",0.5,tsp,UK-17-062,Castor sugar,.5,tsp
GF-REC-00379,,Salt,0.125,tsp,UK-17-367,Salt,.125,tsp
GF-REC-00379,,"Water, distilled",2.5,tsp,UK-17-377,Cold water,2 to 3 ,tsp
GF-REC-00379,,"Butter, unsalted",30.0,g,UK-17-661,Butter,30,g
GF-REC-00379,,JAM,40.0,g,US-499195,"Jam (mixed fruit, strawberry or pineapple)",2,tbsp
GF-REC-00380,,Orange colour,0.5,tsp,,Orange color,few drops,
GF-REC-00380,GF-ING-00018,"Wheat flour, refined (Triticum aestivum)",60.0,g,A018,Refined flour,60,g
GF-REC-00380,GF-ING-00208,"Orange, pulp (Citrus aurantium)",1.0,tbsp,E047,Orange segments,1,tbsp
GF-REC-00380,,"Flour, corn",1.0,tbsp,UK-11-1045,Cornflour,1,tbsp
GF-REC-00380,,"Orange juice, freshly squeezed",150.0,ml,UK-14-369,Orange juice,150,ml
GF-REC-00380,,"Sugar, icing",0.5,tsp,UK-17-062,Castor sugar,.5,tsp
GF-REC-00380,,"Sugar, white",1.0,tbsp,UK-17-063,Sugar,1,tbsp
GF-REC-00380,,Salt,0.125,tsp,UK-17-367,Salt,.125,tsp
GF-REC-00380,,"Water, distilled",2.5,tsp,UK-17-377,Cold water,2 to 3 ,tsp
GF-REC-00380,,"Butter, unsalted",30.0,g,UK-17-661,Butter,30,g
GF-REC-00381,,Pineapple essence,0.5,tsp,,Pineapple essence,few drops,
GF-REC-00381,GF-ING-00018,"Wheat flour, refined (Triticum aestivum)",60.0,g,A018,Refined flour,60,g
GF-REC-00381,GF-ING-00214,Pineapple (Ananas comosus),30.0,g,E053,Pineapple slice,1,slices
GF-REC-00381,,"Flour, corn",1.0,tbsp,UK-11-1045,Cornflour,1,tbsp
GF-REC-00381,,"Pineapple juice, unsweetened",150.0,ml,UK-14-286,Pineapple juice,150,ml
GF-REC-00381,,"Cherries, glace",5.0,g,UK-14-335,Glaced cherry,1,
GF-REC-00381,,"Sugar, icing",0.5,tsp,UK-17-062,Castor sugar,.5,tsp
GF-REC-00381,,"Sugar, white",1.0,tbsp,UK-17-063,Sugar,1,tbsp
GF-REC-00381,,Salt,0.125,tsp,UK-17-367,Salt,.125,tsp
GF-REC-00381,,"Water, distilled",2.5,tsp,UK-17-377,Cold water,2 to 3 ,tsp
GF-REC-00381,,"Butter, unsalted",30.0,g,UK-17-661,Butter,30,g
GF-REC-00382,GF-ING-00018,"Wheat flour, refined (Triticum aestivum)",60.0,g,A018,Refined flour,60,g
GF-REC-00382,GF-ING-00116,"Capsicum, green (Capsicum annuum)",20.0,g,D033,Capsicum,20,g
GF-REC-00382,GF-ING-00279,"Pepper, black (Piper nigrum)",0.25,tsp,G031,Pepper,1,pinch
GF-REC-00382,GF-ING-00305,"Button mushroom, fresh (Agaricus sp.)",30.0,g,J001,Mushroom,30,g
GF-REC-00382,GF-ING-00312,"Milk, whole, Cow",75.0,ml,L002,Milk,75,ml
GF-REC-00382,,"Flour, corn",2.0,tsp,UK-11-1045,Cornflour,2,tsp
GF-REC-00382,,"Cheese, processed, plain",25.0,g,UK-12-527,Processed cheese,25,g
GF-REC-00382,,"Sugar, icing",0.5,tsp,UK-17-062,Castor sugar,.5,tsp
GF-REC-00382,,Mustard powder,0.25,g,UK-17-362,Mustard powder,1,pinch
GF-REC-00382,,Salt,0.125,tsp,UK-17-367,Salt,.125,tsp
GF-REC-00382,,Salt,0.25,tsp,UK-17-367,Salt,.25,tsp
GF-REC-00382,,"Water, distilled",2.5,tsp,UK-17-377,Cold water,2 to 3 ,tsp
GF-REC-00382,,"Butter, unsalted",2.0,tsp,UK-17-661,Butter,2,tsp
GF-REC-00382,,"Butter, unsalted",30.0,g,UK-17-661,Butter,30,g
GF-REC-00383,GF-ING-00018,"Wheat flour, refined (Triticum aestivum)",100.0,g,A018,Refined flour,100,g
GF-REC-00383,GF-ING-00144,"Peas, fresh (Pisum sativum)",100.0,g,D061,Peas (unshelled),100,g
GF-REC-00383,GF-ING-00158,"Tomato, ripe, hybrid (Solanum lycopersicum)",50.0,g,D075,Tomato,50,g
GF-REC-00383,GF-ING-00265,"Onion, big (Allium cepa)",50.0,g,G017,Onion,50,g
GF-REC-00383,GF-ING-00279,"Pepper, black (Piper nigrum)",0.25,tsp,G031,Black pepper powder,.25,tsp
GF-REC-00383,GF-ING-00313,Paneer,100.0,g,L003,Cottage cheese,100,g
GF-REC-00383,,"Oil, sunflower",1.0,tbsp,UK-17-045,Fat,1,tbsp
GF-REC-00383,,Mustard powder,0.25,g,UK-17-362,Mustard powder,1,pinch
GF-REC-00383,,Salt,0.125,tsp,UK-17-367,Salt,1,pinch
GF-REC-00383,,Salt,0.5,tsp,UK-17-367,Salt,.5,tsp
GF-REC-00383,,"Water, distilled",3.0,tbsp,UK-17-377,Cold water,to mix,
GF-REC-00383,,"Butter, unsalted",50.0,g,UK-17-661,Butter,50,g
GF-REC-00384,GF-ING-00018,"Wheat flour, refined (Triticum aestivum)",100.0,g,A018,Refined flour,100,g
GF-REC-00384,GF-ING-00144,"Peas, fresh (Pisum sativum)",100.0,g,D061,Peas,100,g
GF-REC-00384,GF-ING-00158,"Tomato, ripe, hybrid (Solanum lycopersicum)",50.0,g,D075,Tomato,50,g
GF-REC-00384,GF-ING-00260,"Garlic, small clove (Allium sativum)",10.0,g,G012,Garlic,10,g
GF-REC-00384,GF-ING-00262,"Ginger, fresh (Zingiber officinale)",10.0,g,G014,Ginger,10,g
GF-REC-00384,GF-ING-00265,"Onion, big (Allium cepa)",50.0,g,G017,Onion,50,g
GF-REC-00384,GF-ING-00279,"Pepper, black (Piper nigrum)",0.25,tsp,G031,Black pepper powder,.25,tsp
GF-REC-00384,,"Oil, sunflower",1.0,tbsp,UK-17-045,Fat,1,tbsp
GF-REC-00384,,Mustard powder,0.25,g,UK-17-362,Mustard powder,1,pinch
GF-REC-00384,,Salt,0.25,tsp,UK-17-367,Salt,1,pinch
GF-REC-00384,,Salt,0.5,tsp,UK-17-367,Salt,.5,tsp
GF-REC-00384,,"Water, distilled",3.0,tbsp,UK-17-377,Cold water,to mix,
GF-REC-00384,,"Butter, unsalted",50.0,g,UK-17-661,Butter,50,g
GF-REC-00384,,"Lamb, mince, raw",100.0,g,UK-18-481,Minced meat,100,g
GF-REC-00385,GF-ING-00018,"Wheat flour, refined (Triticum aestivum)",100.0,g,A018,Refined flour,100,g
GF-REC-00385,GF-ING-00162,"Apple, big (Malus domestica)",125.0,g,E001,Cooking apples,125,g
GF-REC-00385,GF-ING-00315,"Egg, poultry, whole, raw",6.25,g,M001,Egg or milk,0.125 egg/0.5tbsp milk,
GF-REC-00385,,"Cinnamon, ground",0.25,tsp,UK-13-874,Ground cinnamon,.25,tsp
GF-REC-00385,,"Sugar, icing",0.5,tsp,UK-17-062,Castor sugar,.5,tsp
GF-REC-00385,,"Sugar, white",25.0,g,UK-17-063,Sugar,25,g
GF-REC-00385,,Salt,0.25,tsp,UK-17-367,Salt,1,pinch
GF-REC-00385,,"Water, distilled",3.0,tbsp,UK-17-377,Cold water,to mix,
GF-REC-00385,,"Butter, unsalted",50.0,g,UK-17-661,Butter,50,g
GF-REC-00386,GF-ING-00018,"Wheat flour, refined (Triticum aestivum)",50.0,g,A018,Refined flour,50,g
GF-REC-00386,GF-ING-00315,"Egg, poultry, whole, raw",50.0,g,M001,Egg,1,
GF-REC-00386,,"Flour, corn",1.5,tsp,UK-11-1045,Cornflour,1.5,tsp
GF-REC-00386,,"Lemons, flesh only, raw, weighed with peel and pips",15.0,g,UK-14-130,Lemon juice,0.5,lemon
GF-REC-00386,,"Lemons, flesh only, raw, weighed with peel and pips",15.0,g,UK-14-130,Lemon rind,0.5,lemon
GF-REC-00386,,"Cherries, glace",5.0,g,UK-14-335,Glaced cherry,1,
GF-REC-00386,,"Sugar, icing",0.5,tsp,UK-17-062,Castor sugar,.5,tsp
GF-REC-00386,,"Sugar, icing",10.0,g,UK-17-062,Castor sugar,10,g
GF-REC-00386,,"Sugar, white",50.0,g,UK-17-063,Sugar,50,g
GF-REC-00386,,Salt,0.25,tsp,UK-17-367,Salt,1,pinch
GF-REC-00386,,"Water, distilled",2.5,tsp,UK-17-377,Cold water,to mix,
GF-REC-00386,,"Water, distilled",75.0,ml,UK-17-377,Water,75,ml
GF-REC-00386,,"Butter, unsalted",25.0,g,UK-17-661,Butter,25,g
GF-REC-00387,GF-ING-00018,"Wheat flour, refined (Triticum aestivum)",50.0,g,A018,Refined flour,50,g
GF-REC-00387,GF-ING-00312,"Milk, whole, Cow",125.0,ml,L002,Milk,125,ml
GF-REC-00387,GF-ING-00315,"Egg, poultry, whole, raw",50.0,g,M001,Egg,1,
GF-REC-00387,,"Flour, corn",2.0,tbsp,UK-11-1045,Cornflour,2,tbsp
GF-REC-00387,,Cocoa powder,1.5,tbsp,UK-12-545,Cocoa,1.5,tbsp
GF-REC-00387,,"Sugar, icing",0.5,tbsp,UK-17-062,Castor sugar,.5,tbsp
GF-REC-00387,,"Sugar, icing",10.0,g,UK-17-062,Castor sugar,10,g
GF-REC-00387,,"Sugar, white",30.0,g,UK-17-063,Sugar,30,g
GF-REC-00387,,Salt,0.25,tsp,UK-17-367,Salt,1,pinch
GF-REC-00387,,"Water, distilled",3.0,tbsp,UK-17-377,Cold water,to mix,
GF-REC-00387,,"Butter, unsalted",25.0,g,UK-17-661,Butter,25,g
GF-REC-00387,,Vanilla extract,0.5,tsp,US-173471,Vanilla essence,few drops,
GF-REC-00388,GF-ING-00018,"Wheat flour, refined (Triticum aestivum)",40.0,g,A018,Refined flour,40,g
GF-REC-00388,GF-ING-00315,"Egg, poultry, whole, raw",50.0,g,M001,Eggs,1,
GF-REC-00388,,"Sugar, icing",0.5,tsp,UK-17-062,Castor sugar,.5,tsp
GF-REC-00388,,Salt,0.25,tsp,UK-17-367,Salt,1,pinch
GF-REC-00388,,"Water, distilled",75.0,ml,UK-17-377,Water,75,ml
GF-REC-00388,,"Butter, unsalted",30.0,g,UK-17-661,Butter,30,g
GF-REC-00389,GF-ING-00018,"Wheat flour, refined (Triticum aestivum)",40.0,g,A018,Refined flour,40,g
GF-REC-00389,GF-ING-00315,"Egg, poultry, whole, raw",50.0,g,M001,Eggs,1,
GF-REC-00389,,"Cream, fresh, single",80.0,g,UK-12-332,Cream,80,g
GF-REC-00389,,"Sugar, icing",0.5,tsp,UK-17-062,Castor sugar,.5,tsp
GF-REC-00389,,"Sugar, icing",1.0,tbsp,UK-17-062,Castor sugar,1,tbsp
GF-REC-00389,,Salt,0.25,tsp,UK-17-367,Salt,1,pinch
GF-REC-00389,,"Water, distilled",75.0,ml,UK-17-377,Water,75,ml
GF-REC-00389,,"Butter, unsalted",30.0,g,UK-17-661,Butter,30,g
GF-REC-00390,GF-ING-00018,"Wheat flour, refined (Triticum aestivum)",40.0,g,A018,Refined flour,40,g
GF-REC-00390,GF-ING-00315,"Egg, poultry, whole, raw",50.0,g,M001,Eggs,1,
GF-REC-00390,,"Cream, fresh, single",80.0,g,UK-12-332,Fresh cream,80,g
GF-REC-00390,,Cocoa powder,2.0,tsp,UK-12-545,Cocoa,2,tsp
GF-REC-00390,,"Sugar, icing",0.5,tsp,UK-17-062,Castor sugar,.5,tsp
GF-REC-00390,,"Sugar, icing",1.0,tbsp,UK-17-062,Icing sugar,1,tbsp
GF-REC-00390,,"Sugar, icing",40.0,g,UK-17-062,Icing sugar,40,g
GF-REC-00390,,Salt,0.25,tsp,UK-17-367,Salt,1,pinch
GF-REC-00390,,"Water, distilled",1.0,tsp,UK-17-377,Water,1,tsp
GF-REC-00390,,"Water, distilled",75.0,ml,UK-17-377,Water,75,ml
GF-REC-00390,,"Butter, unsalted",30.0,g,UK-17-661,Butter,30,g
GF-REC-00391,GF-ING-00018,"Wheat flour, refined (Triticum aestivum)",40.0,g,A018,Refined flour,40,g
GF-REC-00391,GF-ING-00279,"Pepper, black (Piper nigrum)",0.25,tsp,G031,Pepper,to taste,
GF-REC-00391,GF-ING-00312,"Milk, whole, Cow",1.0,tsp,L002,Milk,1,tsp
GF-REC-00391,GF-ING-00315,"Egg, poultry, whole, raw",50.0,g,M001,Eggs,1,
GF-REC-00391,,"Cheese, processed, plain",25.0,g,UK-12-527,Cheese (grated),25,g
GF-REC-00391,,"Oil, sunflower",480.0,ml,UK-17-045,Fat,for frying,
GF-REC-00391,,"Sugar, icing",0.5,tsp,UK-17-062,Castor sugar,.5,tsp
GF-REC-00391,,Baking powder,0.25,tsp,UK-17-355,Baking powder,.25,tsp
GF-REC-00391,,Salt,0.25,tsp,UK-17-367,Salt,to taste,
GF-REC-00391,,Salt,0.25,tsp,UK-17-367,Salt,1,pinch
GF-REC-00391,,"Water, distilled",75.0,ml,UK-17-377,Water,75,ml
GF-REC-00391,,"Butter, unsalted",30.0,g,UK-17-661,Butter,30,g
GF-REC-00392,GF-ING-00018,"Wheat flour, refined (Triticum aestivum)",50.0,g,A018,Refined flour,50,g
GF-REC-00392,,"Oil, sunflower",30.0,g,UK-17-045,Fat (for folding),30,g
GF-REC-00392,,"Oil, sunflower",5.0,g,UK-17-045,Fat (for kneading),5,g
GF-REC-00392,,Salt,0.25,tsp,UK-17-367,Salt,.25,tsp
GF-REC-00392,,"Water, distilled",25.0,ml,UK-17-377,Water,25,ml
GF-REC-00393,GF-ING-00018,"Wheat flour, refined (Triticum aestivum)",50.0,g,A018,Refined flour,50,g
GF-REC-00393,GF-ING-00256,"Chillies, green - all varieties (Capsicum annum)",1.67,g,G008,Green chilli,.5,
GF-REC-00393,GF-ING-00265,"Onion, big (Allium cepa)",15.0,g,G017,Onion,15,g
GF-REC-00393,GF-ING-00279,"Pepper, black (Piper nigrum)",0.25,tsp,G031,Pepper,.25,tsp
GF-REC-00393,GF-ING-00312,"Milk, whole, Cow",1.0,tsp,L002,Milk,1,tsp
GF-REC-00393,GF-ING-00317,"Egg, poultry, yolk, raw",16.0,g,M003,Egg yolk,1,
GF-REC-00393,,"Oil, sunflower",1.0,tsp,UK-17-045,Fat,1,tsp
GF-REC-00393,,"Oil, sunflower",30.0,g,UK-17-045,Fat (for folding),30,g
GF-REC-00393,,"Oil, sunflower",5.0,g,UK-17-045,Fat (for kneading),5,g
GF-REC-00393,,Salt,0.25,tsp,UK-17-367,Salt,.25,tsp
GF-REC-00393,,Salt,0.5,tsp,UK-17-367,Salt,.5,tsp
GF-REC-00393,,"Water, distilled",25.0,ml,UK-17-377,Water,25,ml
GF-REC-00393,,"Water, distilled",50.0,ml,UK-17-377,Water,50,ml
GF-REC-00393,,"Lamb, mince, raw",50.0,g,UK-18-481,Minced meat,50,g
GF-REC-00393,,"Tomato sauce, homemade",1.0,tsp,UK-50-1173,Tomato sauce,1,tsp
GF-REC-00394,GF-ING-00018,"Wheat flour, refined (Triticum aestivum)",50.0,g,A018,Refined flour,50,g
GF-REC-00394,GF-ING-00158,"Tomato, ripe, hybrid (Solanum lycopersicum)",15.0,g,D075,Tomato,15,g
GF-REC-00394,GF-ING-00256,"Chillies, green - all varieties (Capsicum annum)",1.67,g,G008,Green chilli,.5,
GF-REC-00394,GF-ING-00262,"Ginger, fresh (Zingiber officinale)",5.0,g,G014,Ginger,5,g
GF-REC-00394,GF-ING-00265,"Onion, big (Allium cepa)",15.0,g,G017,Onion,15,g
GF-REC-00394,GF-ING-00279,"Pepper, black (Piper nigrum)",0.25,tsp,G031,Pepper,.25,tsp
GF-REC-00394,GF-ING-00312,"Milk, whole, Cow",1.0,tsp,L002,Milk,1,tsp
GF-REC-00394,GF-ING-00313,Paneer,50.0,g,L003,Paneer,50,g
GF-REC-00394,,Chilli powder,0.125,tsp,UK-13-873,Red chilli powder,.125,tsp
GF-REC-00394,,"Oil, sunflower",1.0,tsp,UK-17-045,Fat,1,tsp
GF-REC-00394,,"Oil, sunflower",30.0,g,UK-17-045,Fat (for folding),30,g
GF-REC-00394,,"Oil, sunflower",5.0,g,UK-17-045,Fat (for kneading),5,g
GF-REC-00394,,Salt,0.25,tsp,UK-17-367,Salt,.25,tsp
GF-REC-00394,,Salt,0.5,tsp,UK-17-367,Salt,.5,tsp
GF-REC-00394,,"Water, distilled",25.0,ml,UK-17-377,Water,25,ml
GF-REC-00395,GF-ING-00018,"Wheat flour, refined (Triticum aestivum)",4.0,tsp,A018,Refined flour,4,tsp
GF-REC-00395,GF-ING-00279,"Pepper, black (Piper nigrum)",0.125,tsp,G031,Black pepper powder,.125,tsp
GF-REC-00395,GF-ING-00312,"Milk, whole, Cow",120.0,ml,L002,Milk,120,ml
GF-REC-00395,GF-ING-00315,"Egg, poultry, whole, raw",100.0,g,M001,Eggs,2,
GF-REC-00395,,"Cheese, processed, plain",50.0,g,UK-12-527,Processed cheese,50,g
GF-REC-00395,,Salt,0.25,tsp,UK-17-367,Salt,.25,tsp
GF-REC-00395,,"Butter, unsalted",4.0,tsp,UK-17-661,Butter,4,tsp
GF-REC-00396,GF-ING-00018,"Wheat flour, refined (Triticum aestivum)",4.0,tsp,A018,Refined flour,4,tsp
GF-REC-00396,GF-ING-00235,"Potato, brown skin, big (Solanum tuberosum)",120.0,g,F006,Potato,120,g
GF-REC-00396,GF-ING-00279,"Pepper, black (Piper nigrum)",0.125,tsp,G031,Black pepper powder,.125,tsp
GF-REC-00396,GF-ING-00312,"Milk, whole, Cow",120.0,ml,L002,Milk,120,ml
GF-REC-00396,GF-ING-00315,"Egg, poultry, whole, raw",100.0,g,M001,Eggs,2,
GF-REC-00396,,Salt,0.25,tsp,UK-17-367,Salt,.25,tsp
GF-REC-00396,,"Butter, unsalted",4.0,tsp,UK-17-661,Butter,4,tsp
GF-REC-00397,GF-ING-00018,"Wheat flour, refined (Triticum aestivum)",4.0,tsp,A018,Refined flour,4,tsp
GF-REC-00397,GF-ING-00279,"Pepper, black (Piper nigrum)",0.125,tsp,G031,Black pepper powder,.125,tsp
GF-REC-00397,GF-ING-00312,"Milk, whole, Cow",120.0,ml,L002,Milk,120,ml
GF-REC-00397,GF-ING-00315,"Egg, poultry, whole, raw",100.0,g,M001,Eggs,2,
GF-REC-00397,GF-ING-00468,"Pomfret, white (Pampus argenteus)",120.0,g,P057,Fish,120,g
GF-REC-00397,,Salt,0.25,tsp,UK-17-367,Salt,.25,tsp
GF-REC-00397,,"Butter, unsalted",4.0,tsp,UK-17-661,Butter,4,tsp
GF-REC-00398,GF-ING-00018,"Wheat flour, refined (Triticum aestivum)",4.0,tsp,A018,Refined flour,4,tsp
GF-REC-00398,GF-ING-00082,Spinach (Spinacia oleracea),150.0,g,C033,Spinach,150,g
GF-REC-00398,GF-ING-00279,"Pepper, black (Piper nigrum)",0.125,tsp,G031,Black pepper powder,.125,tsp
GF-REC-00398,GF-ING-00312,"Milk, whole, Cow",120.0,ml,L002,Milk,120,ml
GF-REC-00398,GF-ING-00315,"Egg, poultry, whole, raw",100.0,g,M001,Eggs,2,
GF-REC-00398,,Salt,0.25,tsp,UK-17-367,Salt,.25,tsp
GF-REC-00398,,"Butter, unsalted",4.0,tsp,UK-17-661,Butter,4,tsp
GF-REC-00399,GF-ING-00018,"Wheat flour, refined (Triticum aestivum)",55.0,g,A018,Refined flour,55,g
GF-REC-00399,GF-ING-00312,"Milk, whole, Cow",15.0,ml,L002,Milk,15,ml
GF-REC-00399,GF-ING-00315,"Egg, poultry, whole, raw",50.0,g,M001,Egg,1,
GF-REC-00399,,"Sugar, icing",55.0,g,UK-17-062,Castor sugar,55,g
GF-REC-00399,,Baking powder,0.5,tsp,UK-17-355,Baking powder,.5,tsp
GF-REC-00399,,"Butter, unsalted",35.0,g,UK-17-661,Butter,35,g
GF-REC-00399,,Vanilla extract,0.25,tsp,US-173471,Vanilla essence,2,drops
GF-REC-00400,GF-ING-00018,"Wheat flour, refined (Triticum aestivum)",55.0,g,A018,Refined flour,55,g
GF-REC-00400,GF-ING-00162,"Apple, big (Malus domestica)",50.0,g,E001,Cooking apples,50,g
GF-REC-00400,GF-ING-00271,Cloves (Syzygium aromaticum),0.25,tsp,G023,Clove powder,1,pinch
GF-REC-00400,GF-ING-00276,Nutmeg (Myristica fragrans),0.25,tsp,G028,Nutmeg powder,1,pinch
GF-REC-00400,GF-ING-00312,"Milk, whole, Cow",15.0,ml,L002,Milk,15,ml
GF-REC-00400,GF-ING-00315,"Egg, poultry, whole, raw",50.0,g,M001,Egg,1,
GF-REC-00400,,"Cinnamon, ground",0.25,tsp,UK-13-874,Cinnamon powder,1,pinch
GF-REC-00400,,"Lemons, flesh only, raw, weighed with peel and pips",7.5,g,UK-14-130,Lemon juice,.25,lemon
GF-REC-00400,,"Sugar, icing",55.0,g,UK-17-062,Castor sugar,55,g
GF-REC-00400,,Baking powder,0.5,tsp,UK-17-355,Baking powder,.5,tsp
GF-REC-00400,,"Butter, unsalted",35.0,g,UK-17-661,Butter,35,g
GF-REC-00400,,Vanilla extract,0.25,tsp,US-173471,Vanilla essence,2,drops
GF-REC-00401,GF-ING-00018,"Wheat flour, refined (Triticum aestivum)",110.0,g,A018,Refined flour,110,g
GF-REC-00401,GF-ING-00312,"Milk, whole, Cow",30.0,ml,L002,Milk,30,ml
GF-REC-00401,GF-ING-00315,"Egg, poultry, whole, raw",100.0,g,M001,Eggs,2,
GF-REC-00401,,Cocoa powder,2.0,tsp,UK-12-545,Cocoa powder,2,tsp
GF-REC-00401,,"Sugar, icing",110.0,g,UK-17-062,Castor sugar,110,g
GF-REC-00401,,Baking powder,0.75,tsp,UK-17-355,Baking powder,.75,tsp
GF-REC-00401,,"Butter, unsalted",70.0,g,UK-17-661,Butter,70,g
GF-REC-00401,,Vanilla extract,0.5,tsp,US-173471,Vanilla essence,4 to 5,drops
GF-REC-00402,GF-ING-00018,"Wheat flour, refined (Triticum aestivum)",55.0,g,A018,Refined flour,55,g
GF-REC-00402,GF-ING-00312,"Milk, whole, Cow",30.0,ml,L002,Milk,30,ml
GF-REC-00402,GF-ING-00315,"Egg, poultry, whole, raw",50.0,g,M001,Egg,1,
GF-REC-00402,,Cocoa powder,1.5,tsp,UK-12-545,Cocoa powder,1.5,tsp
GF-REC-00402,,"Sugar, icing",60.0,g,UK-17-062,Castor sugar,60,g
GF-REC-00402,,Baking powder,0.25,tsp,UK-17-355,Baking powder,.25,tsp
GF-REC-00402,,Bicarbonate of soda,0.25,tsp,UK-17-356,Soda,.25,tsp
GF-REC-00402,,"Butter, unsalted",35.0,g,UK-17-661,Butter,35,g
GF-REC-00403,,Orange colour,0.25,tsp,,Orange color,1 to 2,drops
GF-REC-00403,,Orange essence,0.25,tsp,,Orange essence,1 to 2,drops
GF-REC-00403,GF-ING-00018,"Wheat flour, refined (Triticum aestivum)",55.0,g,A018,Refined flour,55,g
GF-REC-00403,GF-ING-00315,"Egg, poultry, whole, raw",50.0,g,M001,Egg,1,
GF-REC-00403,,"Orange juice, freshly squeezed",2.0,tsp,UK-14-369,Orange juice,2,tsp
GF-REC-00403,,"Sugar, icing",55.0,g,UK-17-062,Castor sugar,55,g
GF-REC-00403,,Baking powder,0.25,tsp,UK-17-355,Baking powder,.25,tsp
GF-REC-00403,,"Butter, unsalted",35.0,g,UK-17-661,Butter,35,g
GF-REC-00403,,"Orange peel, raw",1.0,tsp,US-169103,Orange rind (grated),1,tsp
GF-REC-00404,GF-ING-00018,"Wheat flour, refined (Triticum aestivum)",1.0,tbsp,A018,Flour,1,tbsp
GF-REC-00404,GF-ING-00018,"Wheat flour, refined (Triticum aestivum)",100.0,g,A018,Refined flour,100,g
GF-REC-00404,GF-ING-00176,"Currants, black (Ribes nigrum)",10.0,g,E015,Currants,10,g
GF-REC-00404,GF-ING-00262,"Ginger, fresh (Zingiber officinale)",10.0,g,G014,Crystallised ginger,10,g
GF-REC-00404,GF-ING-00312,"Milk, whole, Cow",50.0,ml,L002,Milk,50,ml
GF-REC-00404,GF-ING-00315,"Egg, poultry, whole, raw",75.0,g,M001,Egg,1.5,
GF-REC-00404,,Sultanas,10.0,g,UK-14-263,Sultanas,10,g
GF-REC-00404,,"Cherries, glace",10.0,g,UK-14-335,Glaced cherries,10,g
GF-REC-00404,,"Sugar, icing",60.0,g,UK-17-062,Castor sugar,60,g
GF-REC-00404,,Baking powder,1.0,tsp,UK-17-355,Baking powder,1,tsp
GF-REC-00404,,"Butter, unsalted",60.0,g,UK-17-661,Butter,60,g
GF-REC-00404,,"Candies, gum drops, no sugar or low calorie (sorbitol)",50.0,g,US-169061,Candied peel,50,g
GF-REC-00405,,Banana flavour,0.5,tsp,,Banana flavour,few drops,
GF-REC-00405,GF-ING-00018,"Wheat flour, refined (Triticum aestivum)",100.0,g,A018,Refined flour,100,g
GF-REC-00405,GF-ING-00170,"Banana, ripe, montham (Musa x paradisiaca)",97.5,g,E009,Bananas,1.5,
GF-REC-00405,GF-ING-00286,Cashew nut (Anacardium occidentale),30.0,g,H005,Walnuts/cashewnuts,30,g
GF-REC-00405,GF-ING-00315,"Egg, poultry, whole, raw",100.0,g,M001,Eggs,2,
GF-REC-00405,,"Oil, sunflower",100.0,g,UK-17-045,Fat,100,g
GF-REC-00405,,"Sugar, white",100.0,g,UK-17-063,Sugar,100,g
GF-REC-00405,,Baking powder,0.5,tsp,UK-17-355,Baking powder,.5,tsp
GF-REC-00405,,Salt,0.25,tsp,UK-17-367,Salt,1,pinch
GF-REC-00406,GF-ING-00018,"Wheat flour, refined (Triticum aestivum)",100.0,g,A018,Refined flour,100,g
GF-REC-00406,GF-ING-00194,"Lemon, juice (Citrus limon)",0.5,tsp,E033,Lemon juice,.5,tsp
GF-REC-00406,GF-ING-00302,Walnut (Juglans regia),25.0,g,H021,Walnuts,25,g
GF-REC-00406,GF-ING-00316,"Egg, poultry, white, raw",68.0,g,M002,Egg white,2,
GF-REC-00406,GF-ING-00317,"Egg, poultry, yolk, raw",48.0,g,M003,Egg yolk,3,nos
GF-REC-00406,,"Cream, fresh, single",50.0,g,UK-12-332,Fresh cream,50,g
GF-REC-00406,,Cocoa powder,1.0,tbsp,UK-12-545,Cocoa powder,1,tbsp
GF-REC-00406,,Cocoa powder,3.0,tsp,UK-12-545,Cocoa powder,3,tsp
GF-REC-00406,,"Oil, sunflower",50.0,ml,UK-17-045,Oil,50,ml
GF-REC-00406,,"Sugar, icing",1.0,tbsp,UK-17-062,Icing sugar,1,tbsp
GF-REC-00406,,"Sugar, icing",85.0,g,UK-17-062,Icing sugar,85,g
GF-REC-00406,,"Sugar, white",35.0,g,UK-17-063,Sugar,35,g
GF-REC-00406,,Baking powder,1.25,tsp,UK-17-355,Baking powder,1.25,tsp
GF-REC-00406,,Cream of tartar,0.25,tsp,UK-17-358,Cream of tartar,1,pinch
GF-REC-00406,,Salt,0.25,tsp,UK-17-367,Salt,.25,tsp
GF-REC-00406,,"Water, distilled",85.0,ml,UK-17-377,Water,85,ml
GF-REC-00406,,Vanilla extract,0.5,tsp,US-173471,Vanilla essence,.5,tsp
GF-REC-00407,GF-ING-00018,"Wheat flour, refined (Triticum aestivum)",125.0,g,A018,Refined flour,125,g
GF-REC-00407,GF-ING-00268,"Cardamom, green (Elettaria cardamomum)",1.25,g,G020,Green cardamon,3,
GF-REC-00407,GF-ING-00269,"Cardamom, black (Elettaria cardamomum)",0.5,tsp,G021,Black cardamon,2,
GF-REC-00407,GF-ING-00271,Cloves (Syzygium aromaticum),0.88,tsp,G023,Cloves,3 to 4,
GF-REC-00407,GF-ING-00276,Nutmeg (Myristica fragrans),0.25,tsp,G028,Jaiphal,1,pinch
GF-REC-00407,GF-ING-00286,Cashew nut (Anacardium occidentale),50.0,g,H005,"Fruits (sultana, cherry, orange peel, cashewnuts, tutifruity)",50,g
GF-REC-00407,GF-ING-00315,"Egg, poultry, whole, raw",150.0,g,M001,Eggs,3,
GF-REC-00407,,"Cinnamon, ground",0.5,tsp,UK-13-874,Cinnamon,.5,inch
GF-REC-00407,,Sultanas,50.0,g,UK-14-263,"Fruits (sultana, cherry, orange peel, cashewnuts, tutifruity)",50,g
GF-REC-00407,,"Cherries, glace",50.0,g,UK-14-335,"Fruits (sultana, cherry, orange peel, cashewnuts, tutifruity)",50,g
GF-REC-00407,,"Sugar, icing",125.0,g,UK-17-062,Castor sugar,125,g
GF-REC-00407,,"Sugar, white",25.0,g,UK-17-063,Sugar,25,g
GF-REC-00407,,"Spirits, 40% volume",25.0,ml,UK-17-247,Rum,25,ml
GF-REC-00407,,Baking powder,0.5,tsp,UK-17-355,Baking powder,.5,tsp
GF-REC-00407,,"Butter, unsalted",125.0,g,UK-17-661,Butter,125,g
GF-REC-00407,,"Orange peel, raw",50.0,g,US-169103,"Fruits (sultana, cherry, orange peel, cashewnuts, tutifruity)",50,g
GF-REC-00407,,Vanilla extract,0.25,tsp,US-173471,Vanilla essence,.25,tsp
GF-REC-00407,,"TUTTI FRUTTI GUMBALLS, TUTTI FRUTTI",50.0,g,US-695922,"Fruits (sultana, cherry, orange peel, cashewnuts, tutifruity)",50,g
GF-REC-00408,,Red colour,0.25,tsp,,Red color,1,drops
GF-REC-00408,,Syrawberry flavour,0.25,tsp,,Strawberry flavour,1,drops
GF-REC-00408,GF-ING-00018,"Wheat flour, refined (Triticum aestivum)",110.0,g,A018,Refined flour,110,g
GF-REC-00408,GF-ING-00224,Strawberry (Fragaria x ananassa),100.0,g,E063,Strawberry,100,g
GF-REC-00408,GF-ING-00312,"Milk, whole, Cow",2.0,tsp,L002,Hot milk,2,tsp
GF-REC-00408,GF-ING-00315,"Egg, poultry, whole, raw",100.0,g,M001,Eggs,2,
GF-REC-00408,,"Sugar, icing",110.0,g,UK-17-062,Castor sugar,110,g
GF-REC-00408,,"Sugar, white",100.0,g,UK-17-063,Icing sugar,100,g
GF-REC-00408,,Baking powder,1.0,tsp,UK-17-355,Baking powder,1,tsp
GF-REC-00408,,"Butter, unsalted",50.0,g,UK-17-661,Butter,50,g
GF-REC-00408,,"Butter, unsalted",110.0,g,UK-17-661,Butter,110,g
GF-REC-00408,,Vanilla extract,2.0,tsp,US-173471,Vanilla essence,.5,tsp
GF-REC-00409,GF-ING-00018,"Wheat flour, refined (Triticum aestivum)",120.0,g,A018,Refined flour,120,g
GF-REC-00409,GF-ING-00312,"Milk, whole, Cow",150.0,ml,L002,Milk,150,ml
GF-REC-00409,,"Milk, skimmed, dried, fortified",60.0,g,UK-12-521,Milk powder,60,g
GF-REC-00409,,"Sugar, icing",90.0,g,UK-17-062,Castor sugar,90,g
GF-REC-00409,,Baking powder,1.0,tsp,UK-17-355,Baking powder,1,tsp
GF-REC-00409,,Bicarbonate of soda,0.25,tsp,UK-17-356,Soda-bi-carbonate,.25,tsp
GF-REC-00409,,Salt,0.25,tsp,UK-17-367,Salt,1,pinch
GF-REC-00409,,"Butter, unsalted",60.0,g,UK-17-661,Butter (without salt),60,g
GF-REC-00409,,Vanilla extract,0.5,tsp,US-173471,Vanilla essence,.5,tsp
GF-REC-00410,GF-ING-00018,"Wheat flour, refined (Triticum aestivum)",50.0,g,A018,Refined flour,50,g
GF-REC-00410,GF-ING-00315,"Egg, poultry, whole, raw",100.0,g,M001,Eggs,2,
GF-REC-00410,,"Sugar, icing",50.0,g,UK-17-062,Castor sugar,50,g
GF-REC-00410,,Vanilla extract,0.5,tsp,US-173471,Vanilla essence,a few drops,
GF-REC-00411,GF-ING-00018,"Wheat flour, refined (Triticum aestivum)",50.0,g,A018,Refined flour,50,g
GF-REC-00411,GF-ING-00315,"Egg, poultry, whole, raw",100.0,g,M001,Eggs,2,
GF-REC-00411,,"Sugar, icing",1.0,tbsp,UK-17-062,Castor sugar,1,tbsp
GF-REC-00411,,"Sugar, icing",50.0,g,UK-17-062,Castor sugar,50,g
GF-REC-00411,,Vanilla extract,0.5,tsp,US-173471,Vanilla essence,a few drops,
GF-REC-00411,,JAM,40.0,g,US-499195,Jam,2,tbsp
GF-REC-00412,GF-ING-00018,"Wheat flour, refined (Triticum aestivum)",50.0,g,A018,Refined flour,50,g
GF-REC-00412,GF-ING-00175,"Cherries, red (Prunus cerasus)",10.0,g,E014,Cherries,2,
GF-REC-00412,GF-ING-00214,Pineapple (Ananas comosus),30.0,g,E053,Pineapple slice,1,
GF-REC-00412,GF-ING-00315,"Egg, poultry, whole, raw",100.0,g,M001,Eggs,2,
GF-REC-00412,,"Cream, fresh, single",100.0,g,UK-12-332,Cream,100,g
GF-REC-00412,,"Pineapple juice, unsweetened",2.0,tbsp,UK-14-286,Pineapple juice,2,tbsp
GF-REC-00412,,"Sugar, icing",50.0,g,UK-17-062,Castor sugar,50,g
GF-REC-00412,,"Sugar, icing",2.0,tsp,UK-17-062,Icing sugar,2,tsp
GF-REC-00412,,Vanilla extract,0.5,tsp,US-173471,Vanilla essence,a few drops,
GF-REC-00413,GF-ING-00018,"Wheat flour, refined (Triticum aestivum)",50.0,g,A018,Refined flour,50,g
GF-REC-00413,GF-ING-00175,"Cherries, red (Prunus cerasus)",2.0,tbsp,E014,Cherries,2,tbsp
GF-REC-00413,GF-ING-00315,"Egg, poultry, whole, raw",100.0,g,M001,Eggs,2,
GF-REC-00413,,"Cream, fresh, single",100.0,g,UK-12-332,Cream,100,g
GF-REC-00413,,"Sugar, icing",50.0,g,UK-17-062,Castor sugar,50,g
GF-REC-00413,,"Sugar, icing",2.0,tsp,UK-17-062,Icing sugar,2,tsp
GF-REC-00413,,"Syrup, corn, dark",2.0,tbsp,UK-17-064,Syrup,from the tinned cherries,
GF-REC-00413,,"Chocolate, plain",10.0,g,UK-17-491,Plain milk chocolate,10,g
GF-REC-00413,,Vanilla extract,0.5,tsp,US-173471,Vanilla essence,a few drops,
GF-REC-00414,GF-ING-00018,"Wheat flour, refined (Triticum aestivum)",50.0,g,A018,Refined flour,50,g
GF-REC-00414,GF-ING-00287,"Coconut, kernal, dry (Cocos nucifera)",25.0,g,H006,Dessicated coconut,25,g
GF-REC-00414,GF-ING-00315,"Egg, poultry, whole, raw",100.0,g,M001,Eggs,2,
GF-REC-00414,,"Sugar, icing",50.0,g,UK-17-062,Castor sugar,50,g
GF-REC-00414,,Vanilla extract,0.5,tsp,US-173471,Vanilla essence,a few drops,
GF-REC-00414,,JAM,60.0,g,US-499195,Red color jam,3,tbsp
GF-REC-00415,GF-ING-00018,"Wheat flour, refined (Triticum aestivum)",50.0,g,A018,Refined flour,50,g
GF-REC-00415,GF-ING-00175,"Cherries, red (Prunus cerasus)",20.0,g,E014,Cherries,4,
GF-REC-00415,GF-ING-00214,Pineapple (Ananas comosus),60.0,g,E053,Pineapple slice,2,slices
GF-REC-00415,GF-ING-00315,"Egg, poultry, whole, raw",100.0,g,M001,Eggs,2,
GF-REC-00415,,"Cream, fresh, single",200.0,g,UK-12-332,Cream,200,g
GF-REC-00415,,"Pineapple juice, unsweetened",2.0,tbsp,UK-14-286,Pineapple juice,2,tbsp
GF-REC-00415,,"Sugar, icing",50.0,g,UK-17-062,Castor sugar,50,g
GF-REC-00415,,"Sugar, icing",4.0,tsp,UK-17-062,Icing sugar,4,tsp
GF-REC-00415,,Vanilla extract,0.5,tsp,US-173471,Vanilla essence,a few drops,
GF-REC-00416,GF-ING-00194,"Lemon, juice (Citrus limon)",0.5,tsp,E033,Lemon juice,few drops,
GF-REC-00416,,"Sugar, icing",150.0,g,UK-17-062,Icing sugar,150,g
GF-REC-00416,,"Water, distilled",2.0,tbsp,UK-17-377,Warm water,2,tbsp
GF-REC-00417,GF-ING-00194,"Lemon, juice (Citrus limon)",0.5,tsp,E033,Lemon juice,few drops,
GF-REC-00417,GF-ING-00316,"Egg, poultry, white, raw",34.0,g,M002,Egg white,1,
GF-REC-00417,,"Sugar, icing",175.0,g,UK-17-062,Icing sugar,150 to 200,g
GF-REC-00417,,Vanilla extract,0.5,tsp,US-173471,Vanilla essence,few drops,
GF-REC-00418,GF-ING-00194,"Lemon, juice (Citrus limon)",0.5,tsp,E033,Lemon juice or citric acid,for cleaning the syrup,
GF-REC-00418,GF-ING-00316,"Egg, poultry, white, raw",68.0,g,M002,Egg whites,2,
GF-REC-00418,,"Sugar, white",450.0,g,UK-17-063,Granulated sugar,450,g
GF-REC-00418,,"Water, distilled",180.0,ml,UK-17-377,Water,180,ml
GF-REC-00419,,"Sugar, icing",3.0,tbsp,UK-17-062,Icing sugar,to get desired consistency,
GF-REC-00419,,Gelatine,1.0,tsp,UK-17-360,Gelatin,1,tsp
GF-REC-00419,,"Water, distilled",2.0,tbsp,UK-17-377,Tap water,2,tbsp
GF-REC-00420,GF-ING-00018,"Wheat flour, refined (Triticum aestivum)",50.0,g,A018,Refined flour,50,g
GF-REC-00420,GF-ING-00175,"Cherries, red (Prunus cerasus)",10.0,g,E014,Cherries,10,g
GF-REC-00420,GF-ING-00302,Walnut (Juglans regia),15.0,g,H021,Walnuts,15,g
GF-REC-00420,GF-ING-00312,"Milk, whole, Cow",1.0,tsp,L002,Milk,1,tsp
GF-REC-00420,GF-ING-00315,"Egg, poultry, whole, raw",12.5,g,M001,Egg,.25,
GF-REC-00420,,Cocoa powder,0.5,tbsp,UK-12-545,Cocoa powder,.5,tbsp
GF-REC-00420,,Honey,0.25,tsp,UK-17-050,Honey,.25,tsp
GF-REC-00420,,"Sugar, white",30.0,g,UK-17-063,Sugar,30,g
GF-REC-00420,,Baking powder,0.125,tsp,UK-17-355,Baking powder,.125,tsp
GF-REC-00420,,Bicarbonate of soda,0.25,tsp,UK-17-356,Baking soda,1,pinch
GF-REC-00420,,"Ghee, butter",25.0,g,UK-17-640,Ghee,25,g
GF-REC-00420,,Vanilla extract,0.5,tsp,US-173471,Vanilla essence,few drops,
GF-REC-00421,GF-ING-00018,"Wheat flour, refined (Triticum aestivum)",50.0,g,A018,Refined flour,50,g
GF-REC-00421,GF-ING-00315,"Egg, poultry, whole, raw",12.5,g,M001,Egg,.25,
GF-REC-00421,,"Sugar, brown",10.0,g,UK-17-060,Brown sugar (or Caramel syrup),10,g
GF-REC-00421,,"Sugar, white",20.0,g,UK-17-063,Sugar,20,g
GF-REC-00421,,Bicarbonate of soda,0.25,tsp,UK-17-356,Baking soda,1,pinch
GF-REC-00421,,"Chocolate, plain",1.0,tbsp,UK-17-491,Chocolate chips,1,tbsp
GF-REC-00421,,"Butter, unsalted",25.0,g,UK-17-661,Butter,25,g
GF-REC-00421,,Vanilla extract,0.25,tsp,US-173471,Vanilla essence,.25,tsp
GF-REC-00422,GF-ING-00018,"Wheat flour, refined (Triticum aestivum)",50.0,g,A018,Refined flour,50,g
GF-REC-00422,GF-ING-00312,"Milk, whole, Cow",1.0,tbsp,L002,Milk,to make the dough,
GF-REC-00422,GF-ING-00315,"Egg, poultry, whole, raw",12.5,g,M001,Egg,.25,
GF-REC-00422,,"Sugar, white",25.0,g,UK-17-063,Castor sugar,25,g
GF-REC-00422,,Baking powder,0.25,tsp,UK-17-355,Baking powder,.25,tsp
GF-REC-00422,,"Butter, unsalted",25.0,g,UK-17-661,Butter,25,g
GF-REC-00423,GF-ING-00018,"Wheat flour, refined (Triticum aestivum)",50.0,g,A018,Refined flour,50,g
GF-REC-00423,GF-ING-00312,"Milk, whole, Cow",1.0,tbsp,L002,Milk,to make the dough,
GF-REC-00423,GF-ING-00315,"Egg, poultry, whole, raw",12.5,g,M001,Egg,.25,
GF-REC-00423,,Cocoa powder,1.25,tsp,UK-12-545,Cocoa powder,1.25,tsp
GF-REC-00423,,"Sugar, icing",30.0,g,UK-17-062,Castor sugar,30,g
GF-REC-00423,,Baking powder,0.25,tsp,UK-17-355,Baking powder,.25,tsp
GF-REC-00423,,"Butter, unsalted",25.0,g,UK-17-661,Butter,25,g
GF-REC-00424,GF-ING-00018,"Wheat flour, refined (Triticum aestivum)",50.0,g,A018,Refined flour,50,g
GF-REC-00424,GF-ING-00287,"Coconut, kernal, dry (Cocos nucifera)",30.0,g,H006,Coconut powder,30,g
GF-REC-00424,GF-ING-00312,"Milk, whole, Cow",1.0,tbsp,L002,Milk,to make the dough,
GF-REC-00424,GF-ING-00315,"Egg, poultry, whole, raw",12.5,g,M001,Egg,.25,
GF-REC-00424,,"Sugar, icing",30.0,g,UK-17-062,Castor sugar,30,g
GF-REC-00424,,Baking powder,0.25,tsp,UK-17-355,Baking powder,.25,tsp
GF-REC-00424,,"Butter, unsalted",30.0,g,UK-17-661,Butter,30,g
GF-REC-00425,,Ammonium bicarbonate,0.25,tsp,,Ammonium bicarbonate,1,pinch
GF-REC-00425,GF-ING-00018,"Wheat flour, refined (Triticum aestivum)",50.0,g,A018,Refined flour,50,g
GF-REC-00425,GF-ING-00312,"Milk, whole, Cow",1.0,tbsp,L002,Milk, to make the dough,
GF-REC-00425,,"Sugar, icing",5.0,g,UK-17-062,Castor sugar,5,g
GF-REC-00425,,Salt,0.5,tsp,UK-17-367,Salt,.5,tsp
GF-REC-00425,,"Butter, unsalted",25.0,g,UK-17-661,Butter,25,g
GF-REC-00425,,AJWAIN SEED WHOLE ORGANIC SPICES,0.25,tsp,US-806341,Ajwain seeds,.25,tsp
GF-REC-00426,GF-ING-00018,"Wheat flour, refined (Triticum aestivum)",50.0,g,A018,Refined flour,50,g
GF-REC-00426,GF-ING-00293,Ground nut (Arachis hypogea),25.0,g,H012,Peanuts,25,g
GF-REC-00426,GF-ING-00312,"Milk, whole, Cow",1.0,tbsp,L002,Milk,to make the dough,
GF-REC-00426,GF-ING-00315,"Egg, poultry, whole, raw",12.5,g,M001,Egg,.25,
GF-REC-00426,,"Sugar, icing",30.0,g,UK-17-062,Castor sugar,30,g
GF-REC-00426,,Baking powder,0.5,tsp,UK-17-355,Baking powder,.5,tsp
GF-REC-00426,,"Butter, unsalted",25.0,g,UK-17-661,Butter,25,g
GF-REC-00427,GF-ING-00018,"Wheat flour, refined (Triticum aestivum)",50.0,g,A018,Refined flour,50,g
GF-REC-00427,GF-ING-00312,"Milk, whole, Cow",1.0,tbsp,L002,Milk,to make the dough,
GF-REC-00427,,Cocoa powder,1.5,tsp,UK-12-545,Cocoa powder,1.5,tsp
GF-REC-00427,,"Sugar, icing",25.0,g,UK-17-062,Castor sugar,25,g
GF-REC-00427,,Baking powder,0.25,tsp,UK-17-355,Baking powder,.25,tsp
GF-REC-00427,,"Butter, unsalted",25.0,g,UK-17-661,Butter,25,g
GF-REC-00428,GF-ING-00018,"Wheat flour, refined (Triticum aestivum)",50.0,g,A018,Refined flour,50,g
GF-REC-00428,GF-ING-00268,"Cardamom, green (Elettaria cardamomum)",0.25,tsp,G020,Green cardamon,1,
GF-REC-00428,GF-ING-00276,Nutmeg (Myristica fragrans),0.25,tsp,G028,Nutmeg,a small piece,
GF-REC-00428,GF-ING-00282,Almond (Prunus amygdalus),2.22,g,H001,Almonds,2,
GF-REC-00428,GF-ING-00299,Pistachio nuts (Pistacla vera),0.4,g,H018,Pistachios,2,
GF-REC-00428,GF-ING-00312,"Milk, whole, Cow",1.0,tsp,L002,Milk,1,tsp
GF-REC-00428,,Saffron,0.5,g,UK-13-852,Saffron,1,packet
GF-REC-00428,,"Sugar, icing",20.0,g,UK-17-062,Castor sugar,20,g
GF-REC-00428,,"Ghee, butter",20.0,g,UK-17-640,Ghee,20,g
GF-REC-00429,GF-ING-00018,"Wheat flour, refined (Triticum aestivum)",50.0,g,A018,Refined flour,50,g
GF-REC-00429,GF-ING-00257,Coriander leaves (Coriandrum sativum),1.0,sprig,G009,Coriander leaves,a few,
GF-REC-00429,GF-ING-00258,Curry leaves (Murraya koenigii),1.0,sprig,G010,Curry leaves,a few,
GF-REC-00429,GF-ING-00262,"Ginger, fresh (Zingiber officinale)",5.0,g,G014,Ginger,5,g
GF-REC-00429,,"Yogurt, whole milk, plain",1.0,tsp,UK-12-184,Curds,1,tsp
GF-REC-00429,,"Sugar, white",5.0,g,UK-17-063,Sugar,5,g
GF-REC-00429,,Baking powder,0.25,tsp,UK-17-355,Baking powder,1,pinch
GF-REC-00429,,Bicarbonate of soda,0.25,tsp,UK-17-356,Baking soda,1,pinch
GF-REC-00429,,Salt,0.25,tsp,UK-17-367,Salt,.25,tsp
GF-REC-00429,,"Water, distilled",1.0,tsp,UK-17-377,Chilled water, to make the dough,
GF-REC-00429,,"Ghee, butter",20.0,g,UK-17-640,Ghee,20,g
GF-REC-00430,GF-ING-00018,"Wheat flour, refined (Triticum aestivum)",50.0,g,A018,Refined flour,50,g
GF-REC-00430,GF-ING-00175,"Cherries, red (Prunus cerasus)",10.0,g,E014,Cherries,10,g
GF-REC-00430,GF-ING-00315,"Egg, poultry, whole, raw",12.5,g,M001,Egg,.25,
GF-REC-00430,,"Sugar, icing",30.0,g,UK-17-062,Castor sugar,30,g
GF-REC-00430,,Bicarbonate of soda,0.25,tsp,UK-17-356,Sodium bicarbonate,1,pinch
GF-REC-00430,,Salt,0.25,tsp,UK-17-367,Salt,1,pinch
GF-REC-00430,,"Butter, unsalted",20.0,g,UK-17-661,Butter,20,g
GF-REC-00430,,Vanilla extract,0.25,tsp,US-173471,Vanilla essence,2 to 3,drops
GF-REC-00431,GF-ING-00018,"Wheat flour, refined (Triticum aestivum)",50.0,g,A018,Refined flour,50,g
GF-REC-00431,GF-ING-00271,Cloves (Syzygium aromaticum),0.125,tsp,G023,Clove powder,.125,tsp
GF-REC-00431,GF-ING-00303,"Jaggery, cane (Saccharum officinarum)",15.0,g,I001,Jaggery,15,g
GF-REC-00431,GF-ING-00315,"Egg, poultry, whole, raw",16.6,g,M001,Egg,.33,
GF-REC-00431,,"Ginger, ground",0.5,tsp,UK-13-832,Ginger powder,.5,tsp
GF-REC-00431,,"Cinnamon, ground",0.25,tsp,UK-13-874,Cinnamon powder,.25,tsp
GF-REC-00431,,"Sugar, icing",20.0,g,UK-17-062,Castor sugar,20,g
GF-REC-00431,,Bicarbonate of soda,0.25,tsp,UK-17-356,Baking soda,1,pinch
GF-REC-00431,,Salt,0.25,tsp,UK-17-367,Salt,1,pinch
GF-REC-00431,,"Butter, unsalted",1.0,tbsp,UK-17-661,Butter,1,tbsp
GF-REC-00431,,"Lemon peel, raw",0.125,tsp,US-167749,Lemon rind,.125,tsp
GF-REC-00432,GF-ING-00018,"Wheat flour, refined (Triticum aestivum)",50.0,g,A018,Refined flour,50,g
GF-REC-00432,,"Sugar, icing",20.0,g,UK-17-062,Icing sugar,20,g
GF-REC-00432,,Salt,0.25,tsp,UK-17-367,Salt,1,pinch
GF-REC-00432,,"Butter, unsalted",30.0,g,UK-17-661,Butter,30,g
GF-REC-00433,GF-ING-00018,"Wheat flour, refined (Triticum aestivum)",80.0,g,A018,Refined flour,80,g
GF-REC-00433,,"Sugar, icing",30.0,g,UK-17-062,Castor sugar,30,g
GF-REC-00433,,Salt,0.25,tsp,UK-17-367,Salt,1,pinch
GF-REC-00433,,"Butter, unsalted",30.0,g,UK-17-661,Butter,50,g
GF-REC-00434,GF-ING-00018,"Wheat flour, refined (Triticum aestivum)",50.0,g,A018,Refined flour,50,g
GF-REC-00434,GF-ING-00302,Walnut (Juglans regia),20.0,g,H021,Walnuts,8 to 10,
GF-REC-00434,GF-ING-00312,"Milk, whole, Cow",1.0,tbsp,L002,Milk,to make the dough,
GF-REC-00434,GF-ING-00315,"Egg, poultry, whole, raw",12.5,g,M001,Egg,.25,
GF-REC-00434,,"Sugar, icing",30.0,g,UK-17-062,Castor sugar,30,g
GF-REC-00434,,"Coffee, powder, instant",0.5,tsp,UK-17-158,Coffee powder,.5,tsp
GF-REC-00434,,Baking powder,0.25,tsp,UK-17-355,Baking powder,.25,tsp
GF-REC-00434,,"Butter, unsalted",25.0,g,UK-17-661,Butter,25,g
GF-REC-00435,GF-ING-00018,"Wheat flour, refined (Triticum aestivum)",50.0,g,A018,Refined flour,50,g
GF-REC-00435,GF-ING-00315,"Egg, poultry, whole, raw",12.5,g,M001,Egg,.25,
GF-REC-00435,,"Breakfast cereal, crunchy clusters type, without nuts, unfortified",20.0,g,UK-11-938,Cornflakes,20,g
GF-REC-00435,,"Sugar, icing",30.0,g,UK-17-062,Castor sugar,30,g
GF-REC-00435,,Baking powder,0.25,tsp,UK-17-355,Baking powder,.25,tsp
GF-REC-00435,,"Butter, unsalted",35.0,g,UK-17-661,Butter,35,g
GF-REC-00435,,Vanilla extract,0.5,tsp,US-173471,Vanilla essence,a few drops,
GF-REC-00436,GF-ING-00018,"Wheat flour, refined (Triticum aestivum)",50.0,g,A018,Refined flour,50,g
GF-REC-00436,GF-ING-00315,"Egg, poultry, whole, raw",12.5,g,M001,Egg,.25,
GF-REC-00436,,"Ginger, ground",1.5,tsp,UK-13-832,Ginger powder,1.5,tsp
GF-REC-00436,,"Sugar, icing",30.0,g,UK-17-062,Castor sugar,30,g
GF-REC-00436,,Baking powder,0.125,tsp,UK-17-355,Baking powder,.125,tsp
GF-REC-00436,,"Butter, unsalted",25.0,g,UK-17-661,Butter,25,g
GF-REC-00437,GF-ING-00014,"Rice, parboiled, milled (Oryza sativa )",20.0,g,A014,Rice,20,g
GF-REC-00437,GF-ING-00049,"Soya bean, white (Glycine max)",30.0,g,B025,Soyabean,30,g
GF-REC-00437,GF-ING-00256,"Chillies, green - all varieties (Capsicum annum)",3.33,g,G008,Green chilli,1,
GF-REC-00437,,"Bread, white, average",1.0,tsp,UK-11-1145,Bread crumbs,1,tsp
GF-REC-00437,,Chilli powder,0.125,tsp,UK-13-873,Red chilli powder,.125,tsp
GF-REC-00437,,"Oil, sunflower",2.0,C,UK-17-045,Fat,for frying,
GF-REC-00437,,Salt,0.5,tsp,UK-17-367,Salt,.5,tsp
GF-REC-00437,,"SIVA'S, AMHUR POWDER (DRY MANGO POWDER)",0.125,tsp,US-400113,Amchur powder,.125,tsp
GF-REC-00438,GF-ING-00049,"Soya bean, white (Glycine max)",50.0,g,B025,Soyabean,50,g
GF-REC-00438,GF-ING-00082,Spinach (Spinacia oleracea),50.0,g,C033,Spinach,50,g
GF-REC-00438,GF-ING-00235,"Potato, brown skin, big (Solanum tuberosum)",50.0,g,F006,Potatoes,50,g
GF-REC-00438,,"Bread, white, average",30.0,g,UK-11-1145,Bread slice,1,
GF-REC-00438,,Chilli powder,0.25,tsp,UK-13-873,Red chilli powder,.25,tsp
GF-REC-00438,,"Oil, sunflower",2.0,C,UK-17-045,Fat,for frying,
GF-REC-00438,,Salt,0.5,tsp,UK-17-367,Salt,.5,tsp
GF-REC-00438,,"SIVA'S, AMHUR POWDER (DRY MANGO POWDER)",0.5,tsp,US-400113,Amchur powder,.5,tsp
GF-REC-00439,GF-ING-00018,"Wheat flour, refined (Triticum aestivum)",30.0,g,A018,Maida,30,g
GF-REC-00439,GF-ING-00049,"Soya bean, white (Glycine max)",30.0,g,B025,Soyabean,30,g
GF-REC-00439,,"Oil, sunflower",1.5,tsp,UK-17-045,Fat,1.5,tsp
GF-REC-00439,,"Oil, sunflower",2.0,C,UK-17-045,Fat,for frying,
GF-REC-00439,,Salt,0.5,tsp,UK-17-367,Salt,.5,tsp
GF-REC-00439,,AJWAIN SEED WHOLE ORGANIC SPICES,0.125,tsp,US-806341,Ajwain seeds,.125,tsp
GF-REC-00440,GF-ING-00293,Ground nut (Arachis hypogea),50.0,g,H012,Peanuts,50,g
GF-REC-00440,,"Oil, sunflower",2.0,tbsp,UK-17-045,Fat,for greasing,
GF-REC-00440,,"Sugar, white",50.0,g,UK-17-063,Sugar,50,g
GF-REC-00441,GF-ING-00018,"Wheat flour, refined (Triticum aestivum)",50.0,g,A018,Maida,50,g
GF-REC-00441,GF-ING-00082,Spinach (Spinacia oleracea),75.0,g,C033,Spinach,75,g
GF-REC-00441,GF-ING-00293,Ground nut (Arachis hypogea),15.0,g,H012,Peanuts,15,g
GF-REC-00441,,Chilli powder,0.25,tsp,UK-13-873,Red chilli powder,.25,tsp
GF-REC-00441,,"Oil, sunflower",2.0,C,UK-17-045,Fat,for frying,
GF-REC-00441,,"Oil, sunflower",10.0,g,UK-17-045,Fat,10,g
GF-REC-00441,,Salt,0.5,tsp,UK-17-367,Salt,.5,tsp
GF-REC-00441,,"SIVA'S, AMHUR POWDER (DRY MANGO POWDER)",0.25,tsp,US-400113,Amchur powder,.25,tsp
GF-REC-00441,,AJWAIN SEED WHOLE ORGANIC SPICES,0.125,tsp,US-806341,Ajwain seeds,.125,tsp
GF-REC-00442,GF-ING-00022,"Wheat, semolina (Triticum aestivum)",40.0,g,A022,Suji,40,g
GF-REC-00442,GF-ING-00082,Spinach (Spinacia oleracea),50.0,g,C033,Spinach,50,g
GF-REC-00442,,"Flour, gram",30.0,g,UK-11-896,Besan,30,g
GF-REC-00442,,Chilli powder,0.25,tsp,UK-13-873,Red chilli powder,.25,tsp
GF-REC-00442,,"Oil, sunflower",2.0,C,UK-17-045,Fat,for frying,
GF-REC-00442,,Salt,0.5,tsp,UK-17-367,Salt,.5,tsp
GF-REC-00442,,"SIVA'S, AMHUR POWDER (DRY MANGO POWDER)",0.25,tsp,US-400113,Amchur powder,.25,tsp
GF-REC-00443,GF-ING-00014,"Rice, parboiled, milled (Oryza sativa )",50.0,g,A014,Rice,50,g
GF-REC-00443,GF-ING-00034,"Green gram, dal (Vigna radiata)",50.0,g,B010,Split moong dal,50,g
GF-REC-00443,,Chilli powder,0.5,tsp,UK-13-873,Red chilli powder,.5,tsp
GF-REC-00443,,"Oil, sunflower",2.0,C,UK-17-045,Fat,for frying,
GF-REC-00443,,Salt,1.0,tsp,UK-17-367,Salt,0.75 to 1,tsp
GF-REC-00444,GF-ING-00014,"Rice, parboiled, milled (Oryza sativa )",50.0,g,A014,Rice,50,g
GF-REC-00444,GF-ING-00025,"Bengal gram, dal (Cicer arietinum)",20.0,g,B001,Channa dal,20,g
GF-REC-00444,GF-ING-00303,"Jaggery, cane (Saccharum officinarum)",50.0,g,I001,Jaggery,50,g
GF-REC-00444,,"Water, distilled",100.0,ml,UK-17-377,Water,100,g
GF-REC-00445,GF-ING-00019,"Wheat flour, atta (Triticum aestivum)",50.0,g,A019,Wheat flour,50,g
GF-REC-00445,GF-ING-00292,"Gingelly seeds, white (Sesamum indicum)",10.0,g,H011,Til,10,g
GF-REC-00445,GF-ING-00303,"Jaggery, cane (Saccharum officinarum)",50.0,g,I001,Jaggery,50,g
GF-REC-00445,,"Flour, gram",20.0,g,UK-11-896,Besan,20,g
GF-REC-00445,,"Oil, sunflower",2.0,C,UK-17-045,Fat,for frying,
GF-REC-00446,GF-ING-00019,"Wheat flour, atta (Triticum aestivum)",30.0,g,A019,Wheat flour,30,g
GF-REC-00446,GF-ING-00034,"Green gram, dal (Vigna radiata)",20.0,g,B010,Moong dal washed,20,g
GF-REC-00446,GF-ING-00293,Ground nut (Arachis hypogea),10.0,g,H012,Peanuts,10,g
GF-REC-00446,,"Sugar, white",30.0,g,UK-17-063,Sugar,30,g
GF-REC-00446,,"Ghee, butter",15.0,g,UK-17-640,Fat,15,g
GF-REC-00447,GF-ING-00082,Spinach (Spinacia oleracea),100.0,g,C033,Spinach,100,g
GF-REC-00447,GF-ING-00268,"Cardamom, green (Elettaria cardamomum)",0.25,tsp,G020,Green cardamon,1,
GF-REC-00447,GF-ING-00287,"Coconut, kernal, dry (Cocos nucifera)",10.0,g,H006,Dessicated coconut,10,g
GF-REC-00447,GF-ING-00312,"Milk, whole, Cow",200.0,ml,L002,Milk,200,ml
GF-REC-00447,,"Sugar, white",30.0,g,UK-17-063,Sugar,30,g
GF-REC-00447,,"Ghee, butter",2.0,tsp,UK-17-640,Fat,2,tsp
GF-REC-00448,GF-ING-00019,"Wheat flour, atta (Triticum aestivum)",100.0,g,A019,Wheat flour,100,g
GF-REC-00448,GF-ING-00025,"Bengal gram, dal (Cicer arietinum)",40.0,g,B001,Channa dal,40,g
GF-REC-00448,GF-ING-00303,"Jaggery, cane (Saccharum officinarum)",60.0,g,I001,Jaggery,60,g
GF-REC-00448,,"Ghee, butter",1.0,tbsp,UK-17-640,Fat,1,tbsp
GF-REC-00449,GF-ING-00231,"Carrot, orange (Daucus carota)",50.0,g,F002,Carrot,50,g
GF-REC-00449,GF-ING-00265,"Onion, big (Allium cepa)",50.0,g,G017,Onion,50,g
GF-REC-00449,GF-ING-00273,Cumin seeds (Cuminum cyminum),0.5,tsp,G025,Cumin seeds,.5,tsp
GF-REC-00449,,"Beansprouts, mung, boiled in unsalted water",50.0,g,UK-13-580,Sprouted moong,50,g
GF-REC-00449,,"Oil, sunflower",1.0,tbsp,UK-17-045,Fat,1,tbsp
GF-REC-00449,,Salt,0.75,tsp,UK-17-367,Salt,.75,tsp
GF-REC-00449,,"Water, distilled",100.0,ml,UK-17-377,Water,100,g
GF-REC-00449,,CRACKED WHEAT,50.0,g,US-473921,Broken wheat,50,g
GF-REC-00450,GF-ING-00011,Rice flakes (Oryza sativa ),50.0,g,A011,Rice flakes,50,g
GF-REC-00450,GF-ING-00235,"Potato, brown skin, big (Solanum tuberosum)",30.0,g,F006,Potatoes,30,g
GF-REC-00450,GF-ING-00256,"Chillies, green - all varieties (Capsicum annum)",3.33,g,G008,Green chilli,1,
GF-REC-00450,GF-ING-00257,Coriander leaves (Coriandrum sativum),1.0,sprig,G009,Coriander leaves,a few,
GF-REC-00450,GF-ING-00258,Curry leaves (Murraya koenigii),1.0,sprig,G010,Curry leaves,a few,
GF-REC-00450,GF-ING-00265,"Onion, big (Allium cepa)",30.0,g,G017,Onion,30,g
GF-REC-00450,GF-ING-00281,Turmeric powder (Curcuma domestica),0.25,tsp,G033,Haldi,.25,tsp
GF-REC-00450,GF-ING-00293,Ground nut (Arachis hypogea),20.0,g,H012,Peanuts,20,g
GF-REC-00450,GF-ING-00294,Mustard seeds (Brassica nigra),0.25,tsp,H013,Mustard seeds,.25,tsp
GF-REC-00450,,"Beansprouts, mung, boiled in unsalted water",30.0,g,UK-13-580,Sprouted moong,30,g
GF-REC-00450,,Chilli powder,0.25,tsp,UK-13-873,Red chilli powder,.25,tsp
GF-REC-00450,,"Lemons, flesh only, raw, weighed with peel and pips",17.5,g,UK-14-130,Lemon juice,.5,lemon
GF-REC-00450,,"Oil, sunflower",1.0,tsp,UK-17-045,Oil,1,tsp
GF-REC-00450,,Salt,0.5,tsp,UK-17-367,Salt,.5,tsp
GF-REC-00451,GF-ING-00003,Bajra (Pennisetum typhoideum),50.0,g,A003,Bajra,50,g
GF-REC-00451,GF-ING-00034,"Green gram, dal (Vigna radiata)",20.0,g,B010,Washed moong dal,20,g
GF-REC-00451,GF-ING-00292,"Gingelly seeds, white (Sesamum indicum)",10.0,g,H011,Til,10,g
GF-REC-00451,GF-ING-00293,Ground nut (Arachis hypogea),20.0,g,H012,Peanuts,20,g
GF-REC-00451,GF-ING-00303,"Jaggery, cane (Saccharum officinarum)",60.0,g,I001,Jaggery,60,g
GF-REC-00451,,"Water, distilled",2.0,tbsp,UK-17-377,Water,2,tbsp
GF-REC-00452,GF-ING-00019,"Wheat flour, atta (Triticum aestivum)",25.0,g,A019,Wheat flour,25,g
GF-REC-00452,GF-ING-00293,Ground nut (Arachis hypogea),10.0,g,H012,Peanuts,10,g
GF-REC-00452,,"Flour, gram",25.0,g,UK-11-896,Besan,25,g
GF-REC-00452,,"Sugar, icing",50.0,g,UK-17-062,Castor sugar,50,g
GF-REC-00452,,"Ghee, butter",30.0,g,UK-17-640,Ghee,30,g
GF-REC-00453,GF-ING-00019,"Wheat flour, atta (Triticum aestivum)",30.0,g,A019,Wheat flour,30,g
GF-REC-00453,GF-ING-00082,Spinach (Spinacia oleracea),50.0,g,C033,Spinach,50,g
GF-REC-00453,GF-ING-00256,"Chillies, green - all varieties (Capsicum annum)",3.33,g,G008,Green chilli,1,
GF-REC-00453,GF-ING-00265,"Onion, big (Allium cepa)",25.0,g,G017,Onion,25,g
GF-REC-00453,,"Flour, gram",20.0,g,UK-11-896,Besan,20,g
GF-REC-00453,,Salt,0.25,tsp,UK-17-367,Salt,.25,tsp
GF-REC-00454,GF-ING-00022,"Wheat, semolina (Triticum aestivum)",50.0,g,A022,Suji,50,g
GF-REC-00454,GF-ING-00231,"Carrot, orange (Daucus carota)",50.0,g,F002,Carrot,50,g
GF-REC-00454,,"Yogurt, whole milk, plain",70.0,g,UK-12-184,Curds,70,g
GF-REC-00454,,"Oil, sunflower",2.0,C,UK-17-045,Fat,for frying,
GF-REC-00454,,Salt,0.5,tsp,UK-17-367,Salt,.5,tsp
GF-REC-00455,GF-ING-00256,"Chillies, green - all varieties (Capsicum annum)",3.33,g,G008,Green chilli,1,
GF-REC-00455,GF-ING-00257,Coriander leaves (Coriandrum sativum),1.0,sprig,G009,Coriander leaves,a few,
GF-REC-00455,GF-ING-00262,"Ginger, fresh (Zingiber officinale)",6.33,g,G014,Ginger,a small piece,
GF-REC-00455,GF-ING-00294,Mustard seeds (Brassica nigra),0.25,tsp,H013,Mustard seeds,.25,tsp
GF-REC-00455,,"Flour, gram",150.0,g,UK-11-896,Besan,150,g
GF-REC-00455,,"Yogurt, whole milk, plain",150.0,g,UK-12-184,Curds,150,g
GF-REC-00455,,"Oil, sunflower",1.0,tsp,UK-17-045,Oil,1,tsp
GF-REC-00455,,Bicarbonate of soda,0.5,tsp,UK-17-356,Soda,.5,tsp
GF-REC-00455,,Salt,0.5,tsp,UK-17-367,Salt,.5,tsp
GF-REC-00456,GF-ING-00012,Rice puffed (Oryza sativa ),70.0,g,A012,Murmura,70,g
GF-REC-00456,,ROASTED CHICKPEAS,30.0,g,US-585551,Roasted channa,30,g
GF-REC-00457,GF-ING-00034,"Green gram, dal (Vigna radiata)",20.0,g,B010,Moong dal washed,20,g
GF-REC-00457,GF-ING-00293,Ground nut (Arachis hypogea),10.0,g,H012,Peanuts,10,g
GF-REC-00457,,CRACKED WHEAT,70.0,g,US-473921,Dalia,70,g
GF-REC-00458,GF-ING-00011,Rice flakes (Oryza sativa ),70.0,g,A011,Rice flakes,70,g
GF-REC-00458,,ROASTED CHICKPEAS,30.0,g,US-585551,Roasted channa,30,g
GF-REC-00459,GF-ING-00082,Spinach (Spinacia oleracea),50.0,g,C033,Spinach,50,g
GF-REC-00459,GF-ING-00312,"Milk, whole, Cow",100.0,ml,L002,Milk,100,ml
GF-REC-00460,GF-ING-00144,"Peas, fresh (Pisum sativum)",25.0,g,D061,Peas,25,g
GF-REC-00460,GF-ING-00158,"Tomato, ripe, hybrid (Solanum lycopersicum)",50.0,g,D075,Tomato,50,g
GF-REC-00460,GF-ING-00231,"Carrot, orange (Daucus carota)",25.0,g,F002,Carrot,25,g
GF-REC-00460,GF-ING-00235,"Potato, brown skin, big (Solanum tuberosum)",25.0,g,F006,Potatoes,25,g
GF-REC-00460,,Salt,0.25,tsp,UK-17-367,Salt,1,pinch
GF-REC-00460,,"Butter, unsalted",0.5,tsp,UK-17-661,Butter,.5,tsp
GF-REC-00461,GF-ING-00170,"Banana, ripe, montham (Musa x paradisiaca)",50.0,g,E009,Banana,50,g
GF-REC-00461,GF-ING-00312,"Milk, whole, Cow",100.0,ml,L002,Milk,100,ml
GF-REC-00461,,"Sugar, white",5.0,g,UK-17-063,Sugar,5,g
GF-REC-00462,GF-ING-00011,Rice flakes (Oryza sativa ),20.0,g,A011,Rice flakes,20,g
GF-REC-00462,GF-ING-00281,Turmeric powder (Curcuma domestica),0.25,tsp,G033,Haldi,1,pinch
GF-REC-00462,,"Yogurt, whole milk, plain",50.0,g,UK-12-184,Curds,50,g
GF-REC-00462,,Salt,0.25,tsp,UK-17-367,Salt,1,pinch
GF-REC-00462,,"Butter, unsalted",0.5,tsp,UK-17-661,Butter,.5,tsp
GF-REC-00463,GF-ING-00235,"Potato, brown skin, big (Solanum tuberosum)",75.0,g,F006,Potatoes,75,g
GF-REC-00463,,"Yogurt, whole milk, plain",50.0,g,UK-12-184,Curds,50,g
GF-REC-00463,,Salt,0.25,tsp,UK-17-367,Salt,1,pinch
GF-REC-00464,GF-ING-00037,Lentil dal (Lens culinaris),10.0,g,B013,Lentil (washed),10,g
GF-REC-00464,GF-ING-00082,Spinach (Spinacia oleracea),30.0,g,C033,Spinach,30,g
GF-REC-00464,GF-ING-00303,"Jaggery, cane (Saccharum officinarum)",20.0,g,I001,Jaggery,20,g
GF-REC-00464,GF-ING-00312,"Milk, whole, Cow",100.0,ml,L002,Milk,100,ml
GF-REC-00464,,CRACKED WHEAT,20.0,g,US-473921,Dalia,20,g
GF-REC-00465,GF-ING-00014,"Rice, parboiled, milled (Oryza sativa )",20.0,g,A014,Rice,20,g
GF-REC-00465,GF-ING-00034,"Green gram, dal (Vigna radiata)",10.0,g,B010,Washed moong dal,10,g
GF-REC-00465,GF-ING-00082,Spinach (Spinacia oleracea),25.0,g,C033,Spinach,25,g
GF-REC-00465,GF-ING-00231,"Carrot, orange (Daucus carota)",25.0,g,F002,Carrot,25,g
GF-REC-00465,,"Yogurt, whole milk, plain",50.0,g,UK-12-184,Curds,50,g
GF-REC-00465,,Salt,0.25,tsp,UK-17-367,Salt,to taste,
GF-REC-00465,,"Butter, unsalted",5.0,g,UK-17-661,Butter,5,g
GF-REC-00466,GF-ING-00034,"Green gram, dal (Vigna radiata)",10.0,g,B010,Washed moong dal,10,g
GF-REC-00466,GF-ING-00082,Spinach (Spinacia oleracea),20.0,g,C033,Spinach,20,g
GF-REC-00466,GF-ING-00194,"Lemon, juice (Citrus limon)",0.5,tsp,E033,Lemon juice,few drops,
GF-REC-00466,GF-ING-00235,"Potato, brown skin, big (Solanum tuberosum)",20.0,g,F006,Potatoes,20,g
GF-REC-00466,,"Yogurt, whole milk, plain",20.0,g,UK-12-184,Curds,20,g
GF-REC-00466,,"Sugar, white",20.0,g,UK-17-063,Castor sugar,20,g
GF-REC-00467,GF-ING-00037,Lentil dal (Lens culinaris),10.0,g,B013,Lentil,10,g
GF-REC-00467,GF-ING-00082,Spinach (Spinacia oleracea),25.0,g,C033,Spinach,25,g
GF-REC-00467,,"Yogurt, whole milk, plain",50.0,g,UK-12-184,Curds,50,g
GF-REC-00467,,Salt,0.25,tsp,UK-17-367,Salt,a,pinch
GF-REC-00467,,"Butter, unsalted",5.0,g,UK-17-661,Butter,5,g
GF-REC-00467,,CRACKED WHEAT,20.0,g,US-473921,Dalia,20,g
GF-REC-00468,GF-ING-00162,"Apple, big (Malus domestica)",100.0,g,E001,Apple,100,g
GF-REC-00468,,"Sugar, white",25.0,g,UK-17-063,Sugar,25,g
GF-REC-00468,,"Water, distilled",50.0,ml,UK-17-377,Water,50,ml
GF-REC-00469,,"Lemons, flesh only, raw, weighed with peel and pips",1000.0,g,UK-14-130,Lemon,1,kg
GF-REC-00469,,"Sugar, white",1500.0,g,UK-17-063,Sugar,1.5,kg
GF-REC-00469,,Salt,0.5,tsp,UK-17-367,KMS,.5,tsp
GF-REC-00469,,"Water, distilled",750.0,g,UK-17-377,Water,.75,kg
GF-REC-00470,,Citric Acid,25.0,g,,Citric acid,25,g
GF-REC-00470,,Orange essence,1.0,tsp,,Essence,1,tsp
GF-REC-00470,,Yellow color,1.0,tbsp,,Color,1,tbsp
GF-REC-00470,GF-ING-00208,"Orange, pulp (Citrus aurantium)",1000.0,g,E047,Orange,1,kg
GF-REC-00470,,"Sugar, white",1500.0,g,UK-17-063,Sugar,1.5,kg
GF-REC-00470,,Salt,0.5,tsp,UK-17-367,KMS,.5,tsp
GF-REC-00470,,"Water, distilled",750.0,g,UK-17-377,Water,.75,kg
GF-REC-00471,,Citric Acid,25.0,g,,Citric acid,25,g
GF-REC-00471,GF-ING-00196,Litchi (Nephelium litchi),1000.0,g,E035,Lichi,1,kg
GF-REC-00471,,"Sugar, white",1500.0,g,UK-17-063,Sugar,1.5,kg
GF-REC-00471,,Salt,0.5,tsp,UK-17-367,KMS,.5,tsp
GF-REC-00471,,"Water, distilled",750.0,g,UK-17-377,Water,.75,kg
GF-REC-00472,,Citric Acid,30.0,g,,Citric acid,30,g
GF-REC-00472,GF-ING-00197,"Mango, ripe, banganapalli (Mangifera indica)",1000.0,g,E036,Mango,1,kg
GF-REC-00472,,"Sugar, white",1500.0,g,UK-17-063,Sugar,1.5,kg
GF-REC-00472,,Salt,0.5,tsp,UK-17-367,KMS,.5,tsp
GF-REC-00472,,"Water, distilled",750.0,g,UK-17-377,Water,.75,kg
GF-REC-00473,,Citric Acid,25.0,g,,Citric acid,25,g
GF-REC-00473,,Pineapple essence,1.0,tsp,,Essence,1,tsp
GF-REC-00473,,Yellow color,0.5,tbsp,,Color,.5,tbsp
GF-REC-00473,GF-ING-00214,Pineapple (Ananas comosus),1000.0,g,E053,Pineapple,1,kg
GF-REC-00473,,"Sugar, white",1500.0,g,UK-17-063,Sugar,1.5,kg
GF-REC-00473,,Salt,0.5,tsp,UK-17-367,KMS,.5,tsp
GF-REC-00473,,"Water, distilled",750.0,g,UK-17-377,Water,.75,kg
GF-REC-00474,GF-ING-00262,"Ginger, fresh (Zingiber officinale)",1000.0,g,G014,Ginger,1,kg
GF-REC-00474,,"Lemons, flesh only, raw, weighed with peel and pips",1000.0,g,UK-14-130,Lemon,1,kg
GF-REC-00474,,"Sugar, white",2000.0,g,UK-17-063,Sugar,2,kg
GF-REC-00474,,Salt,0.75,tsp,UK-17-367,KMS,.75,tsp
GF-REC-00474,,"Water, distilled",1000.0,g,UK-17-377,Water,1,kg
GF-REC-00475,,Citric Acid,5.0,g,,Citric acid,5,g
GF-REC-00475,GF-ING-00162,"Apple, big (Malus domestica)",1250.0,g,E001,Apple,1.25,kg
GF-REC-00475,,"Sugar, white",1000.0,g,UK-17-063,Sugar,1,kg
GF-REC-00475,,"Water, distilled",250.0,ml,UK-17-377,Water,250,ml
GF-REC-00476,GF-ING-00215,Plum (Prunus domestica),1250.0,g,E054,Plums,1.25,kg
GF-REC-00476,,"Sugar, white",1000.0,g,UK-17-063,Sugar,1,kg
GF-REC-00476,,"Water, distilled",350.0,ml,UK-17-377,Water,300 to 400,ml
GF-REC-00477,,Citric Acid,5.0,g,,Citric acid,5,g
GF-REC-00477,GF-ING-00162,"Apple, big (Malus domestica)",250.0,g,E001,Apples,250,g
GF-REC-00477,GF-ING-00214,Pineapple (Ananas comosus),1500.0,g,E053,Pineapple,1.5,kg
GF-REC-00477,,"Sugar, white",800.0,g,UK-17-063,Sugar,800,g
GF-REC-00477,,"Water, distilled",100.0,ml,UK-17-377,Water,100,ml
GF-REC-00478,,Citric Acid,0.5,tsp,,Citric acid,.5,tsp
GF-REC-00478,GF-ING-00189,"Guava, white flesh (Psidium guajava)",500.0,g,E028,Guava,500,g
GF-REC-00478,,"Sugar, white",150.0,g,UK-17-063,Sugar,According to pectin content,
GF-REC-00479,,Citric Acid,0.5,tsp,,Citric acid,.5,tsp
GF-REC-00479,GF-ING-00189,"Guava, white flesh (Psidium guajava)",100.0,g,E028,Guava,100,g
GF-REC-00479,GF-ING-00208,"Orange, pulp (Citrus aurantium)",42.5,g,E047,Orange peel,.5,orange
GF-REC-00479,GF-ING-00208,"Orange, pulp (Citrus aurantium)",500.0,g,E047,Oranges,500,g
GF-REC-00479,,"Sugar, white",150.0,g,UK-17-063,Sugar,According to pectin content,
GF-REC-00480,,Citric Acid,4.0,g,,Citric acid,4,g
GF-REC-00480,GF-ING-00231,"Carrot, orange (Daucus carota)",1000.0,g,F002,Carrot,1,kg
GF-REC-00480,,"Sugar, white",1250.0,g,UK-17-063,Sugar,1.25,kg
GF-REC-00480,,"Water, distilled",750.0,ml,UK-17-377,Water,750,ml
GF-REC-00481,,Alum Solution (2%),1000.0,ml,,Alum solution (2%),1,L
GF-REC-00481,,Amla,1000.0,g,UK-14-001,Amla,1,kg
GF-REC-00481,,"Sugar, white",1000.0,g,UK-17-063,Sugar,1,kg
GF-REC-00481,,Salt,20.0,g,UK-17-367,Salt,20,g
GF-REC-00481,,"Water, distilled",1000.0,ml,UK-17-377,Water for brine,1,L
GF-REC-00481,,"Water, distilled",650.0,ml,UK-17-377,Water for syrup,650,ml
GF-REC-00482,,Citric Acid,4.0,g,,Citric acid,4,g
GF-REC-00482,GF-ING-00262,"Ginger, fresh (Zingiber officinale)",1000.0,g,G014,Ginger,1,kg
GF-REC-00482,,"Sugar, white",1450.0,g,UK-17-063,Sugar,1.45,kg
GF-REC-00482,,"Water, distilled",750.0,ml,UK-17-377,Water,750,g
GF-REC-00483,GF-ING-00140,"Mango, green, raw (Mangifera indica)",1000.0,g,D057,Raw mangoes,1,kg
GF-REC-00483,GF-ING-00274,Fenugreek seeds (Trigonella foenum graecum),25.0,g,G026,Fenugreek seeds,25,g
GF-REC-00483,GF-ING-00281,Turmeric powder (Curcuma domestica),12.5,g,G033,Haldi,10 to 15,g
GF-REC-00483,,Fennel seeds,25.0,g,UK-13-827,Aniseeds,25,g
GF-REC-00483,,Chilli powder,27.5,g,UK-13-873,Red chilli powder,25 to 30 ,g
GF-REC-00483,,Salt,125.0,g,UK-17-367,Salt,125,g
GF-REC-00483,,"Oil, mustard",250.0,g,US-172337,Mustard oil,250,g
GF-REC-00483,,"SWEET SUNNAH, WHOLE BLACK SEEDS NIGELLA SATIVA",10.0,g,US-468991,Kalonji,10,g
GF-REC-00484,GF-ING-00140,"Mango, green, raw (Mangifera indica)",166.67,g,D057,Raw mangoes,166.67,g
GF-REC-00484,GF-ING-00191,"Jack fruit, ripe (Artocarpus heterophyllus)",166.67,g,E030,Jackfruit,166.67,g
GF-REC-00484,GF-ING-00234,Lotus root (Nelumbium nelumbo),166.67,g,F005,Lotus stem,166.67,g
GF-REC-00484,GF-ING-00256,"Chillies, green - all varieties (Capsicum annum)",166.67,g,G008,Green chilli,166.67,g
GF-REC-00484,GF-ING-00260,"Garlic, small clove (Allium sativum)",10.0,g,G012,Garlic,10,g
GF-REC-00484,GF-ING-00262,"Ginger, fresh (Zingiber officinale)",30.0,g,G014,Ginger,30,g
GF-REC-00484,GF-ING-00265,"Onion, big (Allium cepa)",100.0,g,G017,Onion,100,g
GF-REC-00484,GF-ING-00281,Turmeric powder (Curcuma domestica),15.0,g,G033,Haldi,15,g
GF-REC-00484,GF-ING-00294,Mustard seeds (Brassica nigra),25.0,g,H013,Mustard seeds,25,g
GF-REC-00484,,Garam masala,25.0,g,UK-13-829,Garam masala,25,g
GF-REC-00484,,Chilli powder,20.0,g,UK-13-873,Red chilli powder,20,g
GF-REC-00484,,"Lemons, flesh only, raw, weighed with peel and pips",166.67,g,UK-14-130,Lemons,166.67,g
GF-REC-00484,,"Redcurrants, raw",166.67,g,UK-14-249,Karonda,166.67,g
GF-REC-00484,,Salt,100.0,g,UK-17-367,Salt,100,g
GF-REC-00484,,Salt,1.0,g,UK-17-367,Sodium benzoate,1,g
GF-REC-00484,,"Vinegar, distilled",7.0,ml,US-172237,Glacial acetic acid,6 to 8,ml
GF-REC-00484,,"Oil, mustard",300.0,ml,US-172337,Mustard oil,300,ml
GF-REC-00485,GF-ING-00267,Asafoetida (Ferula assa-foetida),1.0,g,G019,Hing,1,g
GF-REC-00485,GF-ING-00271,Cloves (Syzygium aromaticum),0.5,tsp,G023,Cloves,2,
GF-REC-00485,GF-ING-00279,"Pepper, black (Piper nigrum)",40.0,g,G031,Black pepper powder,40,g
GF-REC-00485,,"Lemons, flesh only, raw, weighed with peel and pips",1000.0,g,UK-14-130,Lemon,1,kg
GF-REC-00485,,"Sugar, white",200.0,g,UK-17-063,Sugar,200,g
GF-REC-00485,,Salt,100.0,g,UK-17-367,Black salt,100,g
GF-REC-00485,,Salt,150.0,g,UK-17-367,Salt,150,g
GF-REC-00485,,AJWAIN SEED WHOLE ORGANIC SPICES,40.0,g,US-806341,Ajwain seeds,40,g
GF-REC-00486,GF-ING-00215,Plum (Prunus domestica),1000.0,g,E054,Plums,1,kg
GF-REC-00486,GF-ING-00268,"Cardamom, green (Elettaria cardamomum)",2.5,g,G020,Cardamom,2.5,g
GF-REC-00486,GF-ING-00271,Cloves (Syzygium aromaticum),2.5,g,G023,Cloves,2.5,g
GF-REC-00486,GF-ING-00279,"Pepper, black (Piper nigrum)",2.5,g,G031,Black pepper powder,2.5,g
GF-REC-00486,,Chilli powder,10.0,g,UK-13-873,Red chilli powder,10,g
GF-REC-00486,,"Cinnamon, ground",2.5,g,UK-13-874,Cinnamon,2.5,g
GF-REC-00486,,"Sugar, white",750.0,g,UK-17-063,Sugar,750,g
GF-REC-00486,,Vinegar,250.0,ml,UK-17-339,Vinegar,250,ml
GF-REC-00486,,Salt,10.0,g,UK-17-367,Salt,10,g
GF-REC-00487,GF-ING-00140,"Mango, green, raw (Mangifera indica)",1000.0,g,D057,Raw mango pulp,1,kg
GF-REC-00487,GF-ING-00269,"Cardamom, black (Elettaria cardamomum)",3.75,g,G021,Black cardamom,3.75,g
GF-REC-00487,GF-ING-00271,Cloves (Syzygium aromaticum),3.75,g,G023,Cloves,3.75,g
GF-REC-00487,GF-ING-00279,"Pepper, black (Piper nigrum)",3.75,g,G031,Black pepper,3.75,g
GF-REC-00487,,Chilli powder,10.0,g,UK-13-873,Red chilli powder,10,g
GF-REC-00487,,"Cinnamon, ground",3.75,g,UK-13-874,Cinnamon,3.75,g
GF-REC-00487,,"Sugar, white",750.0,g,UK-17-063,Sugar,750,g
GF-REC-00487,,Salt,20.0,g,UK-17-367,Salt,20,g
GF-REC-00487,,"Vinegar, distilled",1.0,tsp,US-172237,Glacial acetic acid,1,tsp
GF-REC-00488,GF-ING-00158,"Tomato, ripe, hybrid (Solanum lycopersicum)",1000.0,g,D075,Tomatoes,1,kg
GF-REC-00488,GF-ING-00260,"Garlic, small clove (Allium sativum)",1.25,g,G012,Garlic,2,cloves
GF-REC-00488,GF-ING-00262,"Ginger, fresh (Zingiber officinale)",15.0,g,G014,Ginger,15,g
GF-REC-00488,GF-ING-00265,"Onion, big (Allium cepa)",40.0,g,G017,Onion,40,g
GF-REC-00488,GF-ING-00269,"Cardamom, black (Elettaria cardamomum)",0.25,tsp,G021,Cardamom,1,
GF-REC-00488,GF-ING-00271,Cloves (Syzygium aromaticum),0.5,tsp,G023,Cloves,2,
GF-REC-00488,,"Bay leaf, dried",0.4,g,UK-13-806,Bay leaf,1,
GF-REC-00488,,Chilli powder,0.5,tsp,UK-13-873,Red chilli powder,.5,tsp
GF-REC-00488,,"Cinnamon, ground",2.5,g,UK-13-874,Cinnamon,1,inch
GF-REC-00488,,"Sugar, white",40.0,g,UK-17-063,Sugar,40,g
GF-REC-00488,,Salt,2.0,tsp,UK-17-367,Salt,2,tsp
GF-REC-00488,,Salt,0.25,tsp,UK-17-367,Sodium benzoate,1,pinch
GF-REC-00488,,"Vinegar, distilled",0.5,tsp,US-172237,Glacial acetic acid,.5,tsp
GF-REC-00489,GF-ING-00158,"Tomato, ripe, hybrid (Solanum lycopersicum)",5000.0,g,D075,Tomatoes,5,kg
GF-REC-00489,,"Sugar, white",25.0,g,UK-17-063,Sugar,25,g
GF-REC-00489,,Salt,25.0,g,UK-17-367,Salt,25,g
GF-REC-00489,,Salt,5.0,g,UK-17-367,Sodium benzoate,5,g
GF-REC-00490,GF-ING-00269,"Cardamom, black (Elettaria cardamomum)",20.0,g,G021,Black cardamom,20,g
GF-REC-00490,GF-ING-00271,Cloves (Syzygium aromaticum),10.0,g,G023,Cloves,10,g
GF-REC-00490,GF-ING-00272,Coriander seeds (Coriandrum sativum),40.0,g,G024,Coriander seeds,40,g
GF-REC-00490,GF-ING-00273,Cumin seeds (Cuminum cyminum),20.0,g,G025,Cumin seeds,20,g
GF-REC-00490,GF-ING-00279,"Pepper, black (Piper nigrum)",20.0,g,G031,Black pepper,20,g
GF-REC-00490,,"Cinnamon, ground",1.0,tsp,UK-13-874,Cinnamon,2,sticks
GF-REC-00491,GF-ING-00272,Coriander seeds (Coriandrum sativum),10.0,g,G024,Coriander seeds,10,g
GF-REC-00491,GF-ING-00273,Cumin seeds (Cuminum cyminum),40.0,g,G025,Cumin seeds,40,g
GF-REC-00491,,Garam masala,10.0,g,UK-13-829,Garam masala,10,g
GF-REC-00491,,Salt,5.0,g,UK-17-367,Salt,5,g
GF-REC-00491,,"SIVA'S, AMHUR POWDER (DRY MANGO POWDER)",10.0,g,US-400113,Mango powder,10,g
GF-REC-00491,,HIMALAYAN BLACK SALT,25.0,g,US-806241,Black salt powder,25,g
GF-REC-00492,GF-ING-00027,"Black gram, dal (Phaseolus mungo)",75.0,g,B003,Black gram,75,g
GF-REC-00492,GF-ING-00267,Asafoetida (Ferula assa-foetida),30.0,g,G019,Asafoetida,30,g
GF-REC-00492,GF-ING-00270,"Chillies, red (Capsicum annum)",75.0,g,G022,Red chillies,75,g
GF-REC-00492,GF-ING-00271,Cloves (Syzygium aromaticum),25.0,g,G023,Cloves powder,25,g
GF-REC-00492,GF-ING-00272,Coriander seeds (Coriandrum sativum),75.0,g,G024,Coriander powder,75,g
GF-REC-00492,GF-ING-00273,Cumin seeds (Cuminum cyminum),15.0,g,G025,Black cumin seeds powder,15,g
GF-REC-00492,GF-ING-00273,Cumin seeds (Cuminum cyminum),30.0,g,G025,White cumin seeds powder,30,g
GF-REC-00492,GF-ING-00281,Turmeric powder (Curcuma domestica),75.0,g,G033,Turmeric,75,g
GF-REC-00492,,Fennel seeds,75.0,g,UK-13-827,Fennel powder,75,g
GF-REC-00492,,Garam masala,75.0,g,UK-13-829,Garam masala,75,g
GF-REC-00492,,"Ginger, ground",75.0,g,UK-13-832,Ginger dry powder,75,g
GF-REC-00492,,Salt,75.0,g,UK-17-367,Salt,75,g
GF-REC-00492,,"Water, distilled",20.0,ml,UK-17-377,Water,20,ml
GF-REC-00492,,"Oil, mustard",1.0,C,US-172337,Mustard oil,240,ml
GF-REC-00493,GF-ING-00045,"Red gram, dal (Cajanus cajan)",10.0,g,B021,Red gram dal,10,g
GF-REC-00493,GF-ING-00267,Asafoetida (Ferula assa-foetida),2.0,g,G019,Asafoetida,2,g
GF-REC-00493,GF-ING-00270,"Chillies, red (Capsicum annum)",5.0,g,G022,Whole red chilli,5,g
GF-REC-00493,GF-ING-00272,Coriander seeds (Coriandrum sativum),50.0,g,G024,Coriander seeds,50,g
GF-REC-00493,GF-ING-00273,Cumin seeds (Cuminum cyminum),10.0,g,G025,Cumin seeds,10,g
GF-REC-00493,GF-ING-00279,"Pepper, black (Piper nigrum)",20.0,g,G031,Pepper corns,20,g
GF-REC-00494,GF-ING-00025,"Bengal gram, dal (Cicer arietinum)",15.0,g,B001,Bengal gram dal,15,g
GF-REC-00494,GF-ING-00267,Asafoetida (Ferula assa-foetida),2.0,g,G019,Asafoetida,2,g
GF-REC-00494,GF-ING-00270,"Chillies, red (Capsicum annum)",10.0,g,G022,Whole red chilli,10,g
GF-REC-00494,GF-ING-00272,Coriander seeds (Coriandrum sativum),50.0,g,G024,Coriander seeds,50,g
GF-REC-00494,GF-ING-00274,Fenugreek seeds (Trigonella foenum graecum),5.0,g,G026,Fenugreek seeds,5,g
GF-REC-00494,GF-ING-00279,"Pepper, black (Piper nigrum)",15.0,g,G031,Pepper corns,15,g
GF-REC-00494,,"Oil, coconut",5.0,g,UK-17-031,Fat,5,g
GF-REC-00495,GF-ING-00268,"Cardamom, green (Elettaria cardamomum)",0.5,tsp,G020,Cardamom,2,
GF-REC-00495,GF-ING-00282,Almond (Prunus amygdalus),4.4,g,H001,Almonds,4,
GF-REC-00495,,"Sugar, white",25.0,g,UK-17-063,Sugar,25,g
GF-REC-00495,,"Tea, green, infusion",3.0,g,UK-17-171,Green tea leaves,3,g
GF-REC-00495,,"Water, distilled",480.0,ml,UK-17-377,Water,480,ml
GF-REC-00496,GF-ING-00312,"Milk, whole, Cow",30.0,ml,L002,Milk,30,ml
GF-REC-00496,,"Sugar, white",10.0,g,UK-17-063,Sugar,10,g
GF-REC-00496,,"Coffee, powder, instant",4.0,g,UK-17-158,Coffee powder,4,g
GF-REC-00496,,"Water, distilled",360.0,ml,UK-17-377,Water,360,ml
GF-REC-00497,GF-ING-00312,"Milk, whole, Cow",360.0,ml,L002,Hot milk,360,ml
GF-REC-00497,,"Chocolate, plain",0.25,tsp,UK-17-491,Grated chocolate,a sprinkle,
GF-REC-00497,,"Drinking chocolate, powder",20.0,g,UK-17-498,Drinking chocolate,20,g
GF-REC-00498,GF-ING-00312,"Milk, whole, Cow",240.0,ml,L002,Milk,240,ml
GF-REC-00498,,"Cream, fresh, single",30.0,g,UK-12-332,Cream,30,g
GF-REC-00498,,"Sugar, white",45.0,g,UK-17-063,Sugar,45,g
GF-REC-00498,,"Coffee, powder, instant",6.0,g,UK-17-158,Coffee powder,6,g
GF-REC-00498,,"Water, distilled",12.0,tbsp,UK-17-377,Ice crushed,4,cubes
GF-REC-00499,,Banana essence ,0.5,tsp,,Banana essence,3,drops
GF-REC-00499,,Green colour,0.25,tsp,,Green color,1,drops
GF-REC-00499,GF-ING-00170,"Banana, ripe, montham (Musa x paradisiaca)",80.0,g,E009,Banana,80,g
GF-REC-00499,GF-ING-00312,"Milk, whole, Cow",360.0,ml,L002,Milk,360,ml
GF-REC-00499,,"Ice cream, dairy, vanilla, soft scoop",30.0,g,UK-12-508,Ice cream,30,g
GF-REC-00499,,"Sugar, white",30.0,g,UK-17-063,Sugar,30,g
GF-REC-00499,,"Water, distilled",12.0,tbsp,UK-17-377,Crushed ice,4,cubes
GF-REC-00500,,Fruit essence,0.5,tsp,,Essence,3,drops
GF-REC-00500,,Green colour,0.25,tsp,,Color,1,drops
GF-REC-00500,GF-ING-00312,"Milk, whole, Cow",360.0,ml,L002,Milk,360,ml
GF-REC-00500,,"Sugar, white",30.0,g,UK-17-063,Sugar,30,g
GF-REC-00500,,"Water, distilled",12.0,tbsp,UK-17-377,Crushed ice,4,cubes
GF-REC-00501,GF-ING-00225,"Tamarind, pulp (Tamarindus indica)",30.0,g,E064,Tamarind,30,g
GF-REC-00501,GF-ING-00256,"Chillies, green - all varieties (Capsicum annum)",3.33,g,G008,Green chilli,1,
GF-REC-00501,GF-ING-00262,"Ginger, fresh (Zingiber officinale)",5.0,g,G014,Fresh ginger,5,g
GF-REC-00501,GF-ING-00264,Mint leaves (Mentha spicata ),15.0,g,G016,Mint leaves,15,g
GF-REC-00501,GF-ING-00264,Mint leaves (Mentha spicata ),1.0,sprig,G016,Mint/boondi,few,garnishing
GF-REC-00501,GF-ING-00268,"Cardamom, green (Elettaria cardamomum)",0.8,tsp,G020,"Ground spices (cinnamon, clove, cardamom)",.8,tsp
GF-REC-00501,GF-ING-00271,Cloves (Syzygium aromaticum),0.8,tsp,G023,"Ground spices (cinnamon, clove, cardamom)",.8,tsp
GF-REC-00501,GF-ING-00273,Cumin seeds (Cuminum cyminum),10.0,g,G025,Cumin seeds,10,g
GF-REC-00501,,Chilli powder,0.25,tsp,UK-13-873,Red chilli powder,.25,tsp
GF-REC-00501,,"Cinnamon, ground",0.8,tsp,UK-13-874,"Ground spices (cinnamon, clove, cardamom)",.25,tsp
GF-REC-00501,,"Lemons, flesh only, raw, weighed with peel and pips",15.0,g,UK-14-130,Lemon,15,g
GF-REC-00501,,"Sugar, white",30.0,g,UK-17-063,Sugar,30,g
GF-REC-00501,,Salt,2.0,tsp,UK-17-367,Common salt,2,tsp
GF-REC-00501,,"Water, distilled",720.0,ml,UK-17-377,Water,3,cups
GF-REC-00501,,HIMALAYAN BLACK SALT,0.25,tsp,US-806241,Black salt,.25,tsp
GF-REC-00502,GF-ING-00194,"Lemon, juice (Citrus limon)",30.0,g,E033,Lemon juice,30,g
GF-REC-00502,GF-ING-00262,"Ginger, fresh (Zingiber officinale)",5.0,g,G014,Ginger,5,g
GF-REC-00502,GF-ING-00264,Mint leaves (Mentha spicata ),6.0,sprig,G016,Mint leaves,6,stems
GF-REC-00502,,"Sugar, white",45.0,g,UK-17-063,Sugar,45,g
GF-REC-00502,,"Water, distilled",6.0,tbsp,UK-17-377,Ice cubes,2,
GF-REC-00502,,"Water, distilled",80.0,ml,UK-17-377,Water,80,ml
GF-REC-00502,,"Water, distilled",120.0,ml,UK-17-377,Water,120,ml
GF-REC-00502,,"Energy drink, carbonated",200.0,ml,UK-17-672,Aerated soda,200,ml
GF-REC-00503,GF-ING-00194,"Lemon, juice (Citrus limon)",30.0,g,E033,Lemon juice,30,g
GF-REC-00503,GF-ING-00264,Mint leaves (Mentha spicata ),5.0,g,G016,Mint,5,g
GF-REC-00503,,"Lemons, flesh only, raw, weighed with peel and pips",5.0,g,UK-14-130,Lemon slice,1,
GF-REC-00503,,"Sugar, white",60.0,g,UK-17-063,Sugar,60,g
GF-REC-00503,,"Water, distilled",12.0,tbsp,UK-17-377,Ice cubes,4,
GF-REC-00503,,"Water, distilled",360.0,ml,UK-17-377,Water,360,ml
GF-REC-00503,,"Energy drink, carbonated",500.0,ml,UK-17-672,Aerated soda,1,bottle
GF-REC-00504,GF-ING-00231,"Carrot, orange (Daucus carota)",50.0,g,F002,Black carrots,50,g
GF-REC-00504,GF-ING-00294,Mustard seeds (Brassica nigra),10.0,g,H013,Mustard seeds,10,g
GF-REC-00504,,Chilli powder,0.25,tsp,UK-13-873,Chilli powder,.25,tsp
GF-REC-00504,,Salt,0.5,tsp,UK-17-367,Salt,.5,tsp
GF-REC-00504,,"Water, distilled",960.0,ml,UK-17-377,Water,960,ml
GF-REC-00505,GF-ING-00119,Cauliflower (Brassica oleracea var. botrytis),100.0,g,D036,Blanced cauliflower,100,g
GF-REC-00505,GF-ING-00294,Mustard seeds (Brassica nigra),10.0,g,H013,Mustard seeds,10,g
GF-REC-00505,,Chilli powder,0.25,tsp,UK-13-873,Chilli powder,.25,tsp
GF-REC-00505,,Salt,0.5,tsp,UK-17-367,Salt,.5,tsp
GF-REC-00505,,"Water, distilled",960.0,ml,UK-17-377,Water,960,ml
GF-REC-00506,GF-ING-00235,"Potato, brown skin, big (Solanum tuberosum)",200.0,g,F006,Potato,200,g
GF-REC-00506,GF-ING-00294,Mustard seeds (Brassica nigra),10.0,g,H013,Mustard seeds,10,g
GF-REC-00506,,Chilli powder,0.25,tsp,UK-13-873,Chilli powder,.25,tsp
GF-REC-00506,,Salt,0.5,tsp,UK-17-367,Salt,.5,tsp
GF-REC-00506,,"Water, distilled",960.0,ml,UK-17-377,Water,960,ml
GF-REC-00507,GF-ING-00024,"Wheat, vermicelli, roasted (Triticum aestivum)",20.0,g,A024,Vermicelli,20,g
GF-REC-00507,GF-ING-00312,"Milk, whole, Cow",240.0,ml,L002,Milk,240,ml
GF-REC-00507,,"Sugar, white",15.0,g,UK-17-063,Sugar,15,g
GF-REC-00507,,Salt,0.25,tsp,UK-17-367,Salt,1,pinch
GF-REC-00507,,"Water, distilled",120.0,ml,UK-17-377,Water,120,ml
GF-REC-00507,,"Ghee, butter",0.25,tsp,UK-17-640,Fat,.25,tsp
GF-REC-00508,GF-ING-00022,"Wheat, semolina (Triticum aestivum)",40.0,g,A022,Coarse semolina,40,g
GF-REC-00508,GF-ING-00027,"Black gram, dal (Phaseolus mungo)",5.0,g,B003,Black gram dal,5,g
GF-REC-00508,GF-ING-00256,"Chillies, green - all varieties (Capsicum annum)",1.67,g,G008,Green chilli,.5,
GF-REC-00508,GF-ING-00256,"Chillies, green - all varieties (Capsicum annum)",3.33,g,G008,Green chilli,1,
GF-REC-00508,GF-ING-00257,Coriander leaves (Coriandrum sativum),1.0,sprig,G009,Coriander leaves,1,Sprig
GF-REC-00508,GF-ING-00258,Curry leaves (Murraya koenigii),1.0,sprig,G010,Curry leaves,1,Sprig
GF-REC-00508,GF-ING-00262,"Ginger, fresh (Zingiber officinale)",5.0,g,G014,Ginger,5,g
GF-REC-00508,GF-ING-00265,"Onion, big (Allium cepa)",30.0,g,G017,Onion,30,g
GF-REC-00508,GF-ING-00267,Asafoetida (Ferula assa-foetida),0.25,tsp,G019,Asafoetida,1,pinch
GF-REC-00508,GF-ING-00270,"Chillies, red (Capsicum annum)",1.67,g,G022,Whole red chilli,.5,
GF-REC-00508,GF-ING-00294,Mustard seeds (Brassica nigra),0.25,tsp,H013,Mustard seeds,.25,tsp
GF-REC-00508,,Chilli powder,0.17,tsp,UK-13-873,Red chilli powder,.167,tsp
GF-REC-00508,,"Lemons, flesh only, raw, weighed with peel and pips",5.0,g,UK-14-130,Lemon,5,g
GF-REC-00508,,"Oil, sunflower",15.0,g,UK-17-045,Oil,15,g
GF-REC-00508,,Salt,0.25,tsp,UK-17-367,Salt,.25,tsp
GF-REC-00508,,"Water, distilled",100.0,ml,UK-17-377,Water,100,ml
GF-REC-00509,GF-ING-00024,"Wheat, vermicelli, roasted (Triticum aestivum)",40.0,g,A024,Vermicelli,40,g
GF-REC-00509,GF-ING-00027,"Black gram, dal (Phaseolus mungo)",5.0,g,B003,Black gram dal,5,g
GF-REC-00509,GF-ING-00256,"Chillies, green - all varieties (Capsicum annum)",1.67,g,G008,Green chilli,.5,
GF-REC-00509,GF-ING-00256,"Chillies, green - all varieties (Capsicum annum)",3.33,g,G008,Green chilli,1,
GF-REC-00509,GF-ING-00257,Coriander leaves (Coriandrum sativum),1.0,sprig,G009,Coriander leaves,1,Sprig
GF-REC-00509,GF-ING-00258,Curry leaves (Murraya koenigii),1.0,sprig,G010,Curry leaves,1,Sprig
GF-REC-00509,GF-ING-00262,"Ginger, fresh (Zingiber officinale)",5.0,g,G014,Ginger,5,g
GF-REC-00509,GF-ING-00265,"Onion, big (Allium cepa)",30.0,g,G017,Onion,30,g
GF-REC-00509,GF-ING-00267,Asafoetida (Ferula assa-foetida),0.25,tsp,G019,Asafoetida,1,pinch
GF-REC-00509,GF-ING-00270,"Chillies, red (Capsicum annum)",1.67,g,G022,Whole red chilli,.5,
GF-REC-00509,GF-ING-00294,Mustard seeds (Brassica nigra),0.25,tsp,H013,Mustard seeds,.25,tsp
GF-REC-00509,,Chilli powder,0.17,tsp,UK-13-873,Red chilli powder,.167,tsp
GF-REC-00509,,"Lemons, flesh only, raw, weighed with peel and pips",5.0,g,UK-14-130,Lemon,5,g
GF-REC-00509,,"Oil, sunflower",15.0,g,UK-17-045,Oil,15,g
GF-REC-00509,,Salt,0.25,tsp,UK-17-367,Salt,.25,tsp
GF-REC-00509,,"Water, distilled",100.0,ml,UK-17-377,Water,100,ml
GF-REC-00510,GF-ING-00014,"Rice, parboiled, milled (Oryza sativa )",40.0,g,A014,Rice,40,g
GF-REC-00510,GF-ING-00027,"Black gram, dal (Phaseolus mungo)",5.0,g,B003,Black gram dal,5,g
GF-REC-00510,GF-ING-00256,"Chillies, green - all varieties (Capsicum annum)",1.67,g,G008,Green chilli,.5,
GF-REC-00510,GF-ING-00256,"Chillies, green - all varieties (Capsicum annum)",3.33,g,G008,Green chilli,1,
GF-REC-00510,GF-ING-00257,Coriander leaves (Coriandrum sativum),1.0,sprig,G009,Coriander leaves,1,Sprig
GF-REC-00510,GF-ING-00258,Curry leaves (Murraya koenigii),1.0,sprig,G010,Curry leaves,1,Sprig
GF-REC-00510,GF-ING-00262,"Ginger, fresh (Zingiber officinale)",5.0,g,G014,Ginger,5,g
GF-REC-00510,GF-ING-00265,"Onion, big (Allium cepa)",30.0,g,G017,Onion,30,g
GF-REC-00510,GF-ING-00267,Asafoetida (Ferula assa-foetida),0.25,tsp,G019,Asafoetida,1,pinch
GF-REC-00510,GF-ING-00270,"Chillies, red (Capsicum annum)",1.67,g,G022,Whole red chilli,.5,
GF-REC-00510,GF-ING-00294,Mustard seeds (Brassica nigra),0.25,tsp,H013,Mustard seeds,.25,tsp
GF-REC-00510,,Chilli powder,0.17,tsp,UK-13-873,Red chilli powder,.167,tsp
GF-REC-00510,,"Lemons, flesh only, raw, weighed with peel and pips",5.0,g,UK-14-130,Lemon,5,g
GF-REC-00510,,"Oil, sunflower",15.0,g,UK-17-045,Oil,15,g
GF-REC-00510,,Salt,0.25,tsp,UK-17-367,Salt,.25,tsp
GF-REC-00510,,"Water, distilled",100.0,ml,UK-17-377,Water,100,ml
GF-REC-00511,GF-ING-00027,"Black gram, dal (Phaseolus mungo)",5.0,g,B003,Black gram dal,5,g
GF-REC-00511,GF-ING-00256,"Chillies, green - all varieties (Capsicum annum)",1.67,g,G008,Green chilli,.5,
GF-REC-00511,GF-ING-00256,"Chillies, green - all varieties (Capsicum annum)",3.33,g,G008,Green chilli,1,
GF-REC-00511,GF-ING-00257,Coriander leaves (Coriandrum sativum),1.0,sprig,G009,Coriander leaves,1,Sprig
GF-REC-00511,GF-ING-00258,Curry leaves (Murraya koenigii),1.0,sprig,G010,Curry leaves,1,Sprig
GF-REC-00511,GF-ING-00262,"Ginger, fresh (Zingiber officinale)",5.0,g,G014,Ginger,5,g
GF-REC-00511,GF-ING-00265,"Onion, big (Allium cepa)",30.0,g,G017,Onion,30,g
GF-REC-00511,GF-ING-00267,Asafoetida (Ferula assa-foetida),0.25,tsp,G019,Asafoetida,1,pinch
GF-REC-00511,GF-ING-00270,"Chillies, red (Capsicum annum)",1.67,g,G022,Whole red chilli,.5,
GF-REC-00511,GF-ING-00294,Mustard seeds (Brassica nigra),0.25,tsp,H013,Mustard seeds,.25,tsp
GF-REC-00511,,"Bread, white, average",40.0,g,UK-11-1145,Bread crumbs,40,g
GF-REC-00511,,Chilli powder,0.17,tsp,UK-13-873,Red chilli powder,.167,tsp
GF-REC-00511,,"Lemons, flesh only, raw, weighed with peel and pips",5.0,g,UK-14-130,Lemon,5,g
GF-REC-00511,,"Oil, sunflower",15.0,g,UK-17-045,Oil,15,g
GF-REC-00511,,Salt,0.25,tsp,UK-17-367,Salt,.25,tsp
GF-REC-00511,,"Water, distilled",100.0,ml,UK-17-377,Water,100,ml
GF-REC-00512,GF-ING-00022,"Wheat, semolina (Triticum aestivum)",40.0,g,A022,Semolina/Vermicelli,40,g
GF-REC-00512,GF-ING-00027,"Black gram, dal (Phaseolus mungo)",5.0,g,B003,Blackgram,5,g
GF-REC-00512,GF-ING-00144,"Peas, fresh (Pisum sativum)",20.0,g,D061,Peas (shelled),20,g
GF-REC-00512,GF-ING-00231,"Carrot, orange (Daucus carota)",10.0,g,F002,Carrot,10,g
GF-REC-00512,GF-ING-00256,"Chillies, green - all varieties (Capsicum annum)",3.33,g,G008,Green chilli,1,
GF-REC-00512,GF-ING-00258,Curry leaves (Murraya koenigii),1.0,sprig,G010,Curry leaves,1,Sprig
GF-REC-00512,GF-ING-00262,"Ginger, fresh (Zingiber officinale)",3.0,g,G014,Ginger,3,g
GF-REC-00512,GF-ING-00265,"Onion, big (Allium cepa)",20.0,g,G017,Onion,20,g
GF-REC-00512,GF-ING-00267,Asafoetida (Ferula assa-foetida),0.25,tsp,G019,Asafoetida,1,pinch
GF-REC-00512,GF-ING-00270,"Chillies, red (Capsicum annum)",3.33,g,G022,Red chilli,1,
GF-REC-00512,GF-ING-00293,Ground nut (Arachis hypogea),10.0,g,H012,Ground nuts,10,g
GF-REC-00512,GF-ING-00294,Mustard seeds (Brassica nigra),2.0,g,H013,Mustard seeds,2,g
GF-REC-00512,,Chilli powder,0.25,tsp,UK-13-873,Red chilli powder,1,pinch
GF-REC-00512,,"Lemons, flesh only, raw, weighed with peel and pips",4.0,g,UK-14-130,Lemon,4,g
GF-REC-00512,,"Oil, sunflower",10.0,g,UK-17-045,Oil,10,g
GF-REC-00512,,Salt,2.0,g,UK-17-367,Salt,2,g
GF-REC-00512,,"Water, distilled",100.0,ml,UK-17-377,Water,100,ml
GF-REC-00513,GF-ING-00011,Rice flakes (Oryza sativa ),40.0,g,A011,Flaked rice,40,g
GF-REC-00513,GF-ING-00235,"Potato, brown skin, big (Solanum tuberosum)",30.0,g,F006,Potato,30,g
GF-REC-00513,GF-ING-00256,"Chillies, green - all varieties (Capsicum annum)",1.67,tsp,G008,Green chilli,0.5,
GF-REC-00513,GF-ING-00257,Coriander leaves (Coriandrum sativum),1.0,sprig,G009,Coriander leaves,1,Sprig
GF-REC-00513,GF-ING-00258,Curry leaves (Murraya koenigii),1.0,sprig,G010,Curry leaves,1,Sprig
GF-REC-00513,GF-ING-00267,Asafoetida (Ferula assa-foetida),0.25,tsp,G019,Asafoetida,1,pinch
GF-REC-00513,GF-ING-00281,Turmeric powder (Curcuma domestica),0.25,tsp,G033,Turmeric powder,0.25,tsp
GF-REC-00513,GF-ING-00293,Ground nut (Arachis hypogea),10.0,g,H012,Peanuts,10,g
GF-REC-00513,GF-ING-00294,Mustard seeds (Brassica nigra),2.0,g,H013,Mustard seeds,2,g
GF-REC-00513,,Chilli powder,0.17,tsp,UK-13-873,Red chilli powder,0.167,tsp
GF-REC-00513,,"Lemons, flesh only, raw, weighed with peel and pips",7.5,g,UK-14-130,Lemon,0.25,
GF-REC-00513,,"Oil, sunflower",10.0,g,UK-17-045,Oil,10,g
GF-REC-00513,,Salt,0.5,tsp,UK-17-367,Salt,0.5,tsp
GF-REC-00514,GF-ING-00011,Rice flakes (Oryza sativa ),40.0,g,A011,Flaked rice,40,g
GF-REC-00514,GF-ING-00027,"Black gram, dal (Phaseolus mungo)",5.0,g,B003,Blackgram,5,g
GF-REC-00514,GF-ING-00144,"Peas, fresh (Pisum sativum)",20.0,g,D061,Peas (shelled),20,g
GF-REC-00514,GF-ING-00231,"Carrot, orange (Daucus carota)",10.0,g,F002,Carrot,10,g
GF-REC-00514,GF-ING-00256,"Chillies, green - all varieties (Capsicum annum)",3.33,g,G008,Green chilli,1,
GF-REC-00514,GF-ING-00258,Curry leaves (Murraya koenigii),1.0,sprig,G010,Curry leaves,1,Sprig
GF-REC-00514,GF-ING-00262,"Ginger, fresh (Zingiber officinale)",3.0,g,G014,Ginger,3,g
GF-REC-00514,GF-ING-00265,"Onion, big (Allium cepa)",20.0,g,G017,Onion,20,g
GF-REC-00514,GF-ING-00267,Asafoetida (Ferula assa-foetida),0.25,tsp,G019,Asafoetida,1,pinch
GF-REC-00514,GF-ING-00270,"Chillies, red (Capsicum annum)",3.33,g,G022,Red chilli,1,
GF-REC-00514,GF-ING-00293,Ground nut (Arachis hypogea),10.0,g,H012,Ground nuts,10,g
GF-REC-00514,GF-ING-00294,Mustard seeds (Brassica nigra),2.0,g,H013,Mustard seeds,2,g
GF-REC-00514,,Chilli powder,0.25,tsp,UK-13-873,Red chilli powder,1,pinch
GF-REC-00514,,"Lemons, flesh only, raw, weighed with peel and pips",4.0,g,UK-14-130,Lemon,4,g
GF-REC-00514,,"Oil, sunflower",10.0,g,UK-17-045,Oil,10,g
GF-REC-00514,,Salt,2.0,g,UK-17-367,Salt,2,g
GF-REC-00514,,"Water, distilled",60.0,ml,UK-17-377,Water,60,g
GF-REC-00515,GF-ING-00027,"Black gram, dal (Phaseolus mungo)",5.0,g,B003,Black gram dal,5,g
GF-REC-00515,GF-ING-00034,"Green gram, dal (Vigna radiata)",50.0,g,B010,Green gram dal,50,g
GF-REC-00515,GF-ING-00235,"Potato, brown skin, big (Solanum tuberosum)",65.0,g,F006,Potato,65,g
GF-REC-00515,GF-ING-00256,"Chillies, green - all varieties (Capsicum annum)",3.33,g,G008,Green chilli,1,
GF-REC-00515,GF-ING-00256,"Chillies, green - all varieties (Capsicum annum)",3.33,g,G008,Green chilli,1,
GF-REC-00515,GF-ING-00256,"Chillies, green - all varieties (Capsicum annum)",6.67,g,G008,Green chilli,2,
GF-REC-00515,GF-ING-00257,Coriander leaves (Coriandrum sativum),10.0,g,G009,Coriander leaves,10,g
GF-REC-00515,GF-ING-00258,Curry leaves (Murraya koenigii),1.0,sprig,G010,Curry leaves,a few,
GF-REC-00515,GF-ING-00262,"Ginger, fresh (Zingiber officinale)",3.0,g,G014,Ginger,3,g
GF-REC-00515,GF-ING-00265,"Onion, big (Allium cepa)",25.0,g,G017,Onion,25,g
GF-REC-00515,GF-ING-00267,Asafoetida (Ferula assa-foetida),0.25,tsp,G019,Asafoetida,1,pinch
GF-REC-00515,GF-ING-00273,Cumin seeds (Cuminum cyminum),2.0,g,G025,Cumin seeds,2,g
GF-REC-00515,GF-ING-00281,Turmeric powder (Curcuma domestica),2.0,g,G033,Turmeric powder,2,g
GF-REC-00515,,"Lemons, flesh only, raw, weighed with peel and pips",8.0,g,UK-14-130,Lemon,8,g
GF-REC-00515,,"Oil, sunflower",10.0,g,UK-17-045,Oil,10,g
GF-REC-00515,,Salt,0.25,tsp,UK-17-367,Salt,to taste,
GF-REC-00515,,Salt,0.25,tsp,UK-17-367,Salt,to taste,
GF-REC-00515,,Salt,0.25,tsp,UK-17-367,Salt,to taste,
GF-REC-00515,,"Water, distilled",30.0,ml,UK-17-377,Water,30,ml
GF-REC-00516,GF-ING-00027,"Black gram, dal (Phaseolus mungo)",5.0,g,B003,Black gram dal,5,g
GF-REC-00516,GF-ING-00034,"Green gram, dal (Vigna radiata)",50.0,g,B010,Green gram dal,50,g
GF-REC-00516,GF-ING-00256,"Chillies, green - all varieties (Capsicum annum)",3.33,g,G008,Green chilli,1,
GF-REC-00516,GF-ING-00256,"Chillies, green - all varieties (Capsicum annum)",3.33,g,G008,Green chilli,1,
GF-REC-00516,GF-ING-00256,"Chillies, green - all varieties (Capsicum annum)",6.67,g,G008,Green chilli,2,
GF-REC-00516,GF-ING-00257,Coriander leaves (Coriandrum sativum),10.0,g,G009,Coriander leaves,10,g
GF-REC-00516,GF-ING-00258,Curry leaves (Murraya koenigii),1.0,sprig,G010,Curry leaves,a few,
GF-REC-00516,GF-ING-00262,"Ginger, fresh (Zingiber officinale)",3.0,g,G014,Ginger,3,g
GF-REC-00516,GF-ING-00265,"Onion, big (Allium cepa)",25.0,g,G017,Onion,25,g
GF-REC-00516,GF-ING-00267,Asafoetida (Ferula assa-foetida),0.25,tsp,G019,Asafoetida,1,pinch
GF-REC-00516,GF-ING-00273,Cumin seeds (Cuminum cyminum),2.0,g,G025,Cumin seeds,2,g
GF-REC-00516,GF-ING-00281,Turmeric powder (Curcuma domestica),2.0,g,G033,Turmeric powder,2,g
GF-REC-00516,GF-ING-00313,Paneer,50.0,g,L003,Paneer,50,g
GF-REC-00516,,"Lemons, flesh only, raw, weighed with peel and pips",8.0,g,UK-14-130,Lemon,8,g
GF-REC-00516,,"Oil, sunflower",10.0,g,UK-17-045,Oil,10,g
GF-REC-00516,,Salt,0.25,tsp,UK-17-367,Salt,to taste,
GF-REC-00516,,Salt,0.25,tsp,UK-17-367,Salt,to taste,
GF-REC-00516,,Salt,0.25,tsp,UK-17-367,Salt,to taste,
GF-REC-00516,,"Water, distilled",30.0,ml,UK-17-377,Water,30,ml
GF-REC-00517,GF-ING-00158,"Tomato, ripe, hybrid (Solanum lycopersicum)",30.0,g,D075,Tomato,30,g
GF-REC-00517,GF-ING-00256,"Chillies, green - all varieties (Capsicum annum)",3.33,g,G008,Green chilli,1,
GF-REC-00517,GF-ING-00257,Coriander leaves (Coriandrum sativum),1.0,sprig,G009,Coriander leaves,1,Sprig
GF-REC-00517,GF-ING-00260,"Garlic, small clove (Allium sativum)",0.63,g,G012,Garlic,1,clove
GF-REC-00517,GF-ING-00262,"Ginger, fresh (Zingiber officinale)",5.0,g,G014,Ginger,1,cm
GF-REC-00517,GF-ING-00265,"Onion, big (Allium cepa)",30.0,g,G017,Onion/Spring Onion,30,g
GF-REC-00517,GF-ING-00279,"Pepper, black (Piper nigrum)",0.125,tsp,G031,Black pepper powder,.125,tsp
GF-REC-00517,GF-ING-00315,"Egg, poultry, whole, raw",50.0,g,M001,Egg,1,
GF-REC-00517,,Chilli powder,0.125,tsp,UK-13-873,Red chilli powder,.125,tsp
GF-REC-00517,,"Oil, sunflower",1.0,tsp,UK-17-045,Oil,1,tsp
GF-REC-00517,,Salt,0.25,tsp,UK-17-367,Salt,.25,tsp
GF-REC-00518,GF-ING-00257,Coriander leaves (Coriandrum sativum),1.0,sprig,G009,Parsely/coriander leaves,for garnish,
GF-REC-00518,GF-ING-00279,"Pepper, black (Piper nigrum)",0.25,tsp,G031,Pepper,a dash,
GF-REC-00518,GF-ING-00315,"Egg, poultry, whole, raw",50.0,g,M001,Egg,50,g
GF-REC-00518,,Salt,0.25,tsp,UK-17-367,Salt,a sprinkle,
GF-REC-00518,,"Water, distilled",5.0,ml,UK-17-377,Water,5,ml
GF-REC-00518,,"Butter, unsalted",10.0,g,UK-17-661,Butter/Oil,10,g
GF-REC-00519,GF-ING-00315,"Egg, poultry, whole, raw",50.0,g,M001,Egg,50,g
GF-REC-00519,,Cream of tartar,0.25,tsp,UK-17-358,Cream of tartar,1,pinch
GF-REC-00519,,Salt,0.25,tsp,UK-17-367,Salt,a dash,
GF-REC-00519,,"Water, distilled",15.0,ml,UK-17-377,Cold water,15,ml
GF-REC-00519,,"Butter, unsalted",10.0,g,UK-17-661,Butter/Oil,10,g
GF-REC-00520,GF-ING-00315,"Egg, poultry, whole, raw",50.0,g,M001,Egg,50,g
GF-REC-00520,,"Orange juice, freshly squeezed",15.0,g,UK-14-369,Orange juice,15,g
GF-REC-00520,,Cream of tartar,0.25,tsp,UK-17-358,Cream of tartar,1,pinch
GF-REC-00520,,Salt,0.25,tsp,UK-17-367,Salt,a dash,
GF-REC-00520,,"Butter, unsalted",10.0,g,UK-17-661,Butter/Oil,10,g
GF-REC-00521,GF-ING-00257,Coriander leaves (Coriandrum sativum),1.0,sprig,G009,Coriander leaves,1,sprig
GF-REC-00521,GF-ING-00279,"Pepper, black (Piper nigrum)",0.25,tsp,G031,Pepper,a dash,
GF-REC-00521,GF-ING-00305,"Button mushroom, fresh (Agaricus sp.)",30.0,g,J001,Mushroom,30,g
GF-REC-00521,GF-ING-00315,"Egg, poultry, whole, raw",50.0,g,M001,Egg,50,g
GF-REC-00521,,"Cheese, processed, plain",25.0,g,UK-12-527,Cheese,25,g
GF-REC-00521,,Salt,0.25,tsp,UK-17-367,Salt,a dash,
GF-REC-00521,,"Water, distilled",5.0,g,UK-17-377,Water,5,g
GF-REC-00521,,"Butter, unsalted",5.0,g,UK-17-661,Butter/Oil,5,g
GF-REC-00521,,"Butter, unsalted",10.0,g,UK-17-661,Butter/Oil,10,g
GF-REC-00522,GF-ING-00116,"Capsicum, green (Capsicum annuum)",5.0,g,D033,Capsicum,5,g
GF-REC-00522,GF-ING-00144,"Peas, fresh (Pisum sativum)",50.0,g,D061,Peas,50,g
GF-REC-00522,GF-ING-00158,"Tomato, ripe, hybrid (Solanum lycopersicum)",10.0,g,D075,Tomato,10,g
GF-REC-00522,GF-ING-00265,"Onion, big (Allium cepa)",10.0,g,G017,Onion,10,g
GF-REC-00522,GF-ING-00279,"Pepper, black (Piper nigrum)",0.25,tsp,G031,Pepper,a dash,
GF-REC-00522,GF-ING-00315,"Egg, poultry, whole, raw",50.0,g,M001,Egg,50,g
GF-REC-00522,,Salt,0.25,tsp,UK-17-367,Salt,a sprinkle,
GF-REC-00522,,"Butter, unsalted",15.0,g,UK-17-661,Butter/Oil,15,g
GF-REC-00522,,Chilli sauce,0.5,tsp,UK-17-719,Tabasco sauce,2,drops
GF-REC-00522,,Ham,10.0,g,UK-19-496,Ham,10,g
GF-REC-00523,GF-ING-00231,"Carrot, orange (Daucus carota)",20.0,g,F002,Carrot,20,g
GF-REC-00523,GF-ING-00265,"Onion, big (Allium cepa)",20.0,g,G017,Onion,20,g
GF-REC-00523,,"Water, distilled",720.0,ml,UK-17-377,Water,720,ml
GF-REC-00523,,"Chicken, whole, corn-fed, raw, meat and skin, weighed with bone",150.0,g,UK-18-304,Bones and Meat trimmings,150,g
GF-REC-00524,,"Water, distilled",720.0,ml,UK-17-377,Water,720,ml
GF-REC-00524,,"Chicken, whole, corn-fed, raw, meat and skin, weighed with bone",150.0,g,UK-18-304,Bones and Meat trimmings,150,g
GF-REC-00525,GF-ING-00231,"Carrot, orange (Daucus carota)",20.0,g,F002,Carrot,20,g
GF-REC-00525,GF-ING-00265,"Onion, big (Allium cepa)",20.0,g,G017,Onion,20,g
GF-REC-00525,,"Water, distilled",720.0,ml,UK-17-377,Water,720,ml
GF-REC-00525,,"Butter, unsalted",5.0,g,UK-17-661,Butter,5,g
GF-REC-00526,GF-ING-00231,"Carrot, orange (Daucus carota)",10.0,g,F002,Carrot,10,g
GF-REC-00526,GF-ING-00257,Coriander leaves (Coriandrum sativum),1.0,sprig,G009,Parsely/coriander leaves,1,sprig
GF-REC-00526,GF-ING-00265,"Onion, big (Allium cepa)",20.0,g,G017,Onion,20,g
GF-REC-00526,GF-ING-00271,Cloves (Syzygium aromaticum),0.25,tsp,G023,Clove,1,
GF-REC-00526,GF-ING-00279,"Pepper, black (Piper nigrum)",0.5,tsp,G031,Pepper corn,2,
GF-REC-00526,GF-ING-00316,"Egg, poultry, white, raw",25.5,g,M002,Egg white,0.5 to 1,
GF-REC-00526,,"MUTTON, muscle",80.0,g,O064,Lean meat,80,g
GF-REC-00526,,"Bay leaf, dried",0.4,g,UK-13-806,Bay leaf,1,
GF-REC-00526,,Salt,0.25,tsp,UK-17-367,Salt,.25,tsp
GF-REC-00526,,"Stock cubes, chicken",480.0,ml,UK-17-726,Meat stock (fat free),480,ml
GF-REC-00527,GF-ING-00231,"Carrot, orange (Daucus carota)",10.0,g,F002,Carrot,10,g
GF-REC-00527,GF-ING-00231,"Carrot, orange (Daucus carota)",150.0,g,F002,Carrot,150,g
GF-REC-00527,GF-ING-00257,Coriander leaves (Coriandrum sativum),1.0,sprig,G009,Parsely/coriander leaves,1,sprig
GF-REC-00527,GF-ING-00265,"Onion, big (Allium cepa)",20.0,g,G017,Onion,20,g
GF-REC-00527,GF-ING-00271,Cloves (Syzygium aromaticum),0.25,tsp,G023,Clove,1,
GF-REC-00527,GF-ING-00279,"Pepper, black (Piper nigrum)",0.5,tsp,G031,Pepper corn,2,
GF-REC-00527,GF-ING-00316,"Egg, poultry, white, raw",25.5,g,M002,Egg white,0.5 to 1,
GF-REC-00527,GF-ING-00332,"Chicken, poultry, breast, skinless",80.0,g,N003,Chicken Bones and Meat trimmings,80,g
GF-REC-00527,,"Bay leaf, dried",0.4,g,UK-13-806,Bay leaf,1,
GF-REC-00527,,Salt,0.25,tsp,UK-17-367,Salt,.25,tsp
GF-REC-00527,,"Stock cubes, chicken",480.0,ml,UK-17-726,Chicken stock,480,ml
GF-REC-00528,GF-ING-00024,"Wheat, vermicelli, roasted (Triticum aestivum)",1.0,tbsp,A024,Vermicelli,1,tbsp
GF-REC-00528,GF-ING-00231,"Carrot, orange (Daucus carota)",10.0,g,F002,Carrot,10,g
GF-REC-00528,GF-ING-00257,Coriander leaves (Coriandrum sativum),1.0,sprig,G009,Parsely/coriander leaves,1,sprig
GF-REC-00528,GF-ING-00265,"Onion, big (Allium cepa)",20.0,g,G017,Onion,20,g
GF-REC-00528,GF-ING-00271,Cloves (Syzygium aromaticum),0.25,tsp,G023,Clove,1,
GF-REC-00528,GF-ING-00279,"Pepper, black (Piper nigrum)",0.5,tsp,G031,Pepper corn,2,
GF-REC-00528,GF-ING-00316,"Egg, poultry, white, raw",25.5,g,M002,Egg white,0.5 to 1,
GF-REC-00528,GF-ING-00332,"Chicken, poultry, breast, skinless",80.0,g,N003,Chicken Bones and Meat trimmings,80,g
GF-REC-00528,,"Bay leaf, dried",0.4,g,UK-13-806,Bay leaf,1,
GF-REC-00528,,Salt,0.25,tsp,UK-17-367,Salt,.25,tsp
GF-REC-00528,,"Stock cubes, chicken",480.0,ml,UK-17-726,Chicken stock,480,ml
GF-REC-00529,GF-ING-00018,"Wheat flour, refined (Triticum aestivum)",5.0,g,A018,Refined flour,5,g
GF-REC-00529,GF-ING-00144,"Peas, fresh (Pisum sativum)",100.0,g,D061,Fresh peas,100,g
GF-REC-00529,GF-ING-00231,"Carrot, orange (Daucus carota)",10.0,g,F002,Carrot,10,g
GF-REC-00529,GF-ING-00257,Coriander leaves (Coriandrum sativum),1.0,sprig,G009,Mint/coriander,1,sprig
GF-REC-00529,GF-ING-00265,"Onion, big (Allium cepa)",10.0,g,G017,Onion,10,g
GF-REC-00529,GF-ING-00279,"Pepper, black (Piper nigrum)",0.25,tsp,G031,Pepper,a dash,
GF-REC-00529,GF-ING-00312,"Milk, whole, Cow",30.0,g,L002,Milk,30,g
GF-REC-00529,,"Cream, fresh, single",15.0,g,UK-12-332,Cream,15,g
GF-REC-00529,,"Sugar, white",0.25,tsp,UK-17-063,Sugar,1,pinch
GF-REC-00529,,Salt,0.25,tsp,UK-17-367,Salt,.25,tsp
GF-REC-00529,,"Butter, unsalted",2.0,g,UK-17-661,Butter,2,g
GF-REC-00529,,"Stock cubes, vegetable",360.0,ml,UK-17-727,Vegetable stock,360,ml
GF-REC-00529,,"Bacon rashers, back, raw",20.0,g,UK-19-497,Bacon,.5,rasher
GF-REC-00530,GF-ING-00018,"Wheat flour, refined (Triticum aestivum)",6.0,g,A018,Refined flour,6,g
GF-REC-00530,GF-ING-00082,Spinach (Spinacia oleracea),100.0,g,C033,Spinach,100,g
GF-REC-00530,GF-ING-00260,"Garlic, small clove (Allium sativum)",0.31,g,G012,Garlic,.5,clove
GF-REC-00530,GF-ING-00265,"Onion, big (Allium cepa)",10.0,g,G017,Onion,10,g
GF-REC-00530,GF-ING-00276,Nutmeg (Myristica fragrans),0.25,tsp,G028,Nutmeg powder,1,pinch
GF-REC-00530,GF-ING-00279,"Pepper, black (Piper nigrum)",0.25,tsp,G031,Pepper powder,a dash,
GF-REC-00530,,"Bread, white, average",15.0,g,UK-11-1145,Bread,.5,
GF-REC-00530,,Salt,0.25,tsp,UK-17-367,Salt,.25,tsp
GF-REC-00530,,"Butter, unsalted",5.0,g,UK-17-661,Butter,5,g
GF-REC-00530,,"Butter, unsalted",5.0,g,UK-17-661,Butter,5,g
GF-REC-00530,,"Stock cubes, vegetable",360.0,ml,UK-17-727,Vegetable chicken stock,360,ml
GF-REC-00531,GF-ING-00018,"Wheat flour, refined (Triticum aestivum)",4.0,g,A018,Refined flour,4,g
GF-REC-00531,GF-ING-00120,Celery stalk (Apium graveolens),17.0,g,D037,Celery,1,stick
GF-REC-00531,GF-ING-00158,"Tomato, ripe, hybrid (Solanum lycopersicum)",40.0,g,D075,Tomato,40,g
GF-REC-00531,GF-ING-00231,"Carrot, orange (Daucus carota)",20.0,g,F002,Carrot,20,g
GF-REC-00531,GF-ING-00265,"Onion, big (Allium cepa)",20.0,g,G017,Onion,20,g
GF-REC-00531,GF-ING-00265,"Onion, big (Allium cepa)",10.0,g,G017,Onion slice,10,g
GF-REC-00531,GF-ING-00276,Nutmeg (Myristica fragrans),0.25,tsp,G028,Nutmeg,1,pinch
GF-REC-00531,GF-ING-00279,"Pepper, black (Piper nigrum)",0.25,tsp,G031,Pepper powder,a dash,
GF-REC-00531,GF-ING-00312,"Milk, whole, Cow",60.0,ml,L002,Milk,60,g
GF-REC-00531,,"Turnip, flesh only, raw",20.0,g,UK-13-389,Turnip,20,g
GF-REC-00531,,"Bay leaf, dried",0.2,g,UK-13-806,Bay leaf,.5,
GF-REC-00531,,Salt,0.25,tsp,UK-17-367,Salt,.25,tsp
GF-REC-00531,,"Butter, unsalted",8.0,g,UK-17-661,Butter,8,g
GF-REC-00531,,"Stock cubes, vegetable",240.0,ml,UK-17-727,Vegetable stock,240,ml
GF-REC-00532,GF-ING-00018,"Wheat flour, refined (Triticum aestivum)",4.0,g,A018,Refined flour,4,g
GF-REC-00532,GF-ING-00077,Parsley (Petroselinum crispum),1.0,sprig,C028,Parsely,1,sprig
GF-REC-00532,GF-ING-00231,"Carrot, orange (Daucus carota)",10.0,g,F002,Carrot,10,g
GF-REC-00532,GF-ING-00265,"Onion, big (Allium cepa)",30.0,g,G017,Onion,30,g
GF-REC-00532,GF-ING-00279,"Pepper, black (Piper nigrum)",0.25,tsp,G031,Pepper powder,a dash,
GF-REC-00532,,"Cheese, processed, plain",30.0,g,UK-12-527,Cheese,30,g
GF-REC-00532,,Salt,0.17,tsp,UK-17-367,Salt,.167,tsp
GF-REC-00532,,"Butter, unsalted",8.0,g,UK-17-661,Butter,8,g
GF-REC-00532,,"Stock cubes, vegetable",360.0,ml,UK-17-727,Vegetable stock,360,ml
GF-REC-00533,GF-ING-00014,"Rice, parboiled, milled (Oryza sativa )",15.0,g,A014,Cooked rice,15,g
GF-REC-00533,GF-ING-00037,Lentil dal (Lens culinaris),20.0,g,B013,Lentils,20,g
GF-REC-00533,GF-ING-00077,Parsley (Petroselinum crispum),1.0,sprig,C028,Parsley/coriander leaves,a few,
GF-REC-00533,GF-ING-00162,"Apple, big (Malus domestica)",20.0,g,E001,Cooking apple,20,g
GF-REC-00533,GF-ING-00194,"Lemon, juice (Citrus limon)",5.0,g,E033,Lemon juice,5,g
GF-REC-00533,GF-ING-00231,"Carrot, orange (Daucus carota)",20.0,g,F002,Carrot,20,g
GF-REC-00533,GF-ING-00265,"Onion, big (Allium cepa)",20.0,g,G017,Onion,20,g
GF-REC-00533,GF-ING-00279,"Pepper, black (Piper nigrum)",0.25,tsp,G031,Pepper powder,a dash,
GF-REC-00533,,Curry powder,0.5,tsp,UK-13-876,Curry powder,.5,tsp
GF-REC-00533,,Salt,0.17,tsp,UK-17-367,Salt,.167,tsp
GF-REC-00533,,"Butter, unsalted",5.0,g,UK-17-661,Butter,5,g
GF-REC-00533,,"Stock cubes, vegetable",240.0,ml,UK-17-727,Vegetable stock water,240,ml
GF-REC-00534,GF-ING-00014,"Rice, parboiled, milled (Oryza sativa )",10.0,g,A014,Rice,10,g
GF-REC-00534,GF-ING-00018,"Wheat flour, refined (Triticum aestivum)",10.0,g,A018,Refined flour,10,g
GF-REC-00534,GF-ING-00077,Parsley (Petroselinum crispum),1.0,sprig,C028,Parsley,1,sprig
GF-REC-00534,GF-ING-00231,"Carrot, orange (Daucus carota)",80.0,g,F002,Carrot,80,g
GF-REC-00534,GF-ING-00265,"Onion, big (Allium cepa)",20.0,g,G017,Onion,20,g
GF-REC-00534,GF-ING-00279,"Pepper, black (Piper nigrum)",0.25,tsp,G031,Pepper corn,1,
GF-REC-00534,GF-ING-00279,"Pepper, black (Piper nigrum)",0.25,tsp,G031,Pepper powder,a dash,
GF-REC-00534,GF-ING-00312,"Milk, whole, Cow",80.0,ml,L002,Milk,80,ml
GF-REC-00534,,"Cream, fresh, single",10.0,g,UK-12-332,Cream,10,g
GF-REC-00534,,"Bay leaf, dried",0.4,g,UK-13-806,Bay leaf,1,
GF-REC-00534,,Salt,0.125,tsp,UK-17-367,Salt,.125,tsp
GF-REC-00534,,"Butter, unsalted",12.0,g,UK-17-661,Butter,12,g
GF-REC-00534,,"Stock cubes, vegetable",240.0,ml,UK-17-727,Vegetable/chicken stock,240,ml
GF-REC-00535,GF-ING-00018,"Wheat flour, refined (Triticum aestivum)",10.0,g,A018,Refined flour,10,g
GF-REC-00535,GF-ING-00077,Parsley (Petroselinum crispum),1.0,sprig,C028,Parsley,1,sprig
GF-REC-00535,GF-ING-00265,"Onion, big (Allium cepa)",20.0,g,G017,Onion,20,g
GF-REC-00535,GF-ING-00279,"Pepper, black (Piper nigrum)",0.25,tsp,G031,Pepper corn,1,
GF-REC-00535,GF-ING-00279,"Pepper, black (Piper nigrum)",0.25,tsp,G031,Pepper powder,a dash,
GF-REC-00535,GF-ING-00312,"Milk, whole, Cow",80.0,ml,L002,Milk,80,ml
GF-REC-00535,,"Cream, fresh, single",10.0,g,UK-12-332,Cream,10,g
GF-REC-00535,,"Cheese, processed, plain",5.0,g,UK-12-527,Cheese,5,g
GF-REC-00535,,"Broccoli, green, raw",80.0,g,UK-13-502,Broccoli,80,g
GF-REC-00535,,"Bay leaf, dried",0.4,g,UK-13-806,Bay leaf,1,
GF-REC-00535,,Salt,0.125,tsp,UK-17-367,Salt,.125,tsp
GF-REC-00535,,"Butter, unsalted",12.0,g,UK-17-661,Butter,12,g
GF-REC-00535,,"Stock cubes, vegetable",240.0,ml,UK-17-727,Vegetable/chicken stock,240,ml
GF-REC-00536,GF-ING-00018,"Wheat flour, refined (Triticum aestivum)",10.0,g,A018,Refined flour,10,g
GF-REC-00536,GF-ING-00077,Parsley (Petroselinum crispum),1.0,sprig,C028,Parsley,1,sprig
GF-REC-00536,GF-ING-00235,"Potato, brown skin, big (Solanum tuberosum)",100.0,g,F006,Potato,100,g
GF-REC-00536,GF-ING-00265,"Onion, big (Allium cepa)",20.0,g,G017,Onion,20,g
GF-REC-00536,GF-ING-00279,"Pepper, black (Piper nigrum)",0.25,tsp,G031,Pepper corn,1,
GF-REC-00536,GF-ING-00279,"Pepper, black (Piper nigrum)",0.25,tsp,G031,Pepper powder,a dash,
GF-REC-00536,GF-ING-00312,"Milk, whole, Cow",80.0,ml,L002,Milk,80,ml
GF-REC-00536,,"Cream, fresh, single",10.0,g,UK-12-332,Cream,10,g
GF-REC-00536,,"Bay leaf, dried",0.4,g,UK-13-806,Bay leaf,1,
GF-REC-00536,,Salt,0.125,tsp,UK-17-367,Salt,.125,tsp
GF-REC-00536,,"Butter, unsalted",12.0,g,UK-17-661,Butter,12,g
GF-REC-00536,,"Stock cubes, vegetable",240.0,ml,UK-17-727,Vegetable/chicken stock,240,ml
GF-REC-00537,GF-ING-00018,"Wheat flour, refined (Triticum aestivum)",10.0,g,A018,Refined flour,10,g
GF-REC-00537,GF-ING-00077,Parsley (Petroselinum crispum),1.0,sprig,C028,Parsley,a,sprig
GF-REC-00537,GF-ING-00120,Celery stalk (Apium graveolens),7.5,g,D037,Celery,.5,stick
GF-REC-00537,GF-ING-00265,"Onion, big (Allium cepa)",10.0,g,G017,Onion,10,g
GF-REC-00537,GF-ING-00279,"Pepper, black (Piper nigrum)",0.25,tsp,G031,Pepper powder,a dash,
GF-REC-00537,GF-ING-00282,Almond (Prunus amygdalus),15.0,g,H001,Almonds,15,g
GF-REC-00537,GF-ING-00312,"Milk, whole, Cow",160.0,ml,L002,Milk,160,ml
GF-REC-00537,GF-ING-00317,"Egg, poultry, yolk, raw",10.0,g,M003,Egg yolk,10,g
GF-REC-00537,,"Cream, fresh, single",10.0,g,UK-12-332,Cream,10,g
GF-REC-00537,,Salt,2.0,g,UK-17-367,Salt,2,g
GF-REC-00537,,"Butter, unsalted",10.0,g,UK-17-661,Butter,10,g
GF-REC-00537,,"Stock cubes, chicken",240.0,ml,UK-17-726,Chicken stock,240,ml
GF-REC-00538,GF-ING-00126,"Cucumber, green, elongate (Cucumis sativus)",100.0,g,D043,Cucumber,100,g
GF-REC-00538,GF-ING-00194,"Lemon, juice (Citrus limon)",15.0,g,E033,Lemon juice,15,g
GF-REC-00538,GF-ING-00265,"Onion, big (Allium cepa)",20.0,g,G017,Onion,20,g
GF-REC-00538,GF-ING-00279,"Pepper, black (Piper nigrum)",0.25,tsp,G031,Pepper,a dash,
GF-REC-00538,,"Cream, fresh, single",5.0,g,UK-12-332,Cream,5,g
GF-REC-00538,,Salt,2.0,g,UK-17-367,Salt,2,g
GF-REC-00538,,"Water, distilled",240.0,ml,UK-17-377,Water,240,ml
GF-REC-00539,GF-ING-00158,"Tomato, ripe, hybrid (Solanum lycopersicum)",10.0,g,D075,Tomato,100,g
GF-REC-00539,GF-ING-00194,"Lemon, juice (Citrus limon)",15.0,g,E033,Lemon juice,15,g
GF-REC-00539,GF-ING-00264,Mint leaves (Mentha spicata ),1.0,sprig,G016,Mint,1,sprig
GF-REC-00539,GF-ING-00279,"Pepper, black (Piper nigrum)",0.25,tsp,G031,Pepper,a dash,
GF-REC-00539,,Salt,2.0,g,UK-17-367,Salt,2,g
GF-REC-00539,,"Water, distilled",240.0,ml,UK-17-377,Water,240,ml
GF-REC-00539,,"Butter, unsalted",5.0,g,UK-17-661,Butter,5,g
GF-REC-00540,GF-ING-00235,"Potato, brown skin, big (Solanum tuberosum)",30.0,g,F006,Potato,30,g
GF-REC-00540,GF-ING-00256,"Chillies, green - all varieties (Capsicum annum)",6.67,g,G008,Green chilli,2,
GF-REC-00540,GF-ING-00258,Curry leaves (Murraya koenigii),1.0,sprig,G010,Curry leaves,few,
GF-REC-00540,GF-ING-00258,Curry leaves (Murraya koenigii),1.0,sprig,G010,Curry leaves,few,
GF-REC-00540,GF-ING-00260,"Garlic, small clove (Allium sativum)",1.87,g,G012,Garlic,3,pods
GF-REC-00540,GF-ING-00262,"Ginger, fresh (Zingiber officinale)",5.0,g,G014,Ginger,5,g
GF-REC-00540,GF-ING-00265,"Onion, big (Allium cepa)",30.0,g,G017,Onion,30,g
GF-REC-00540,GF-ING-00268,"Cardamom, green (Elettaria cardamomum)",0.5,tsp,G020,Cardamom,2,
GF-REC-00540,GF-ING-00270,"Chillies, red (Capsicum annum)",3.33,g,G022,Whole red chilli,1,
GF-REC-00540,GF-ING-00271,Cloves (Syzygium aromaticum),0.5,tsp,G023,Clove,2,
GF-REC-00540,GF-ING-00279,"Pepper, black (Piper nigrum)",0.5,tsp,G031,Peppercorn,a few,
GF-REC-00540,GF-ING-00281,Turmeric powder (Curcuma domestica),0.25,tsp,G033,Turmeric,.25,tsp
GF-REC-00540,GF-ING-00294,Mustard seeds (Brassica nigra),0.25,tsp,H013,Mustard seeds,.25,tsp
GF-REC-00540,,"Shallots, raw",35.0,g,UK-13-342,Small onion/shallot,1,
GF-REC-00540,,"Bay leaf, dried",0.4,g,UK-13-806,Bay leaf,1,
GF-REC-00540,,"Cinnamon, ground",1.25,g,UK-13-874,Cinnamon,.5,inch
GF-REC-00540,,Coconut milk,15.0,ml,UK-14-820,Coconut milk,50,ml
GF-REC-00540,,"Oil, sunflower",5.0,g,UK-17-045,Oil,5,g
GF-REC-00540,,"Oil, sunflower",5.0,g,UK-17-045,Oil,5,g
GF-REC-00540,,Salt,0.17,tsp,UK-17-367,Salt,.167,tsp
GF-REC-00540,,"Chicken, whole, corn-fed, raw, meat and skin, weighed with bone",150.0,g,UK-18-304,Chicken,150,g
GF-REC-00541,GF-ING-00144,"Peas, fresh (Pisum sativum)",30.0,g,D061,Peas,30,g
GF-REC-00541,GF-ING-00235,"Potato, brown skin, big (Solanum tuberosum)",30.0,g,F006,Potato,30,g
GF-REC-00541,GF-ING-00256,"Chillies, green - all varieties (Capsicum annum)",6.67,g,G008,Green chilli,2,
GF-REC-00541,GF-ING-00258,Curry leaves (Murraya koenigii),1.0,sprig,G010,Curry leaves,few,
GF-REC-00541,GF-ING-00258,Curry leaves (Murraya koenigii),1.0,sprig,G010,Curry leaves,few,
GF-REC-00541,GF-ING-00260,"Garlic, small clove (Allium sativum)",1.87,g,G012,Garlic,3,pods
GF-REC-00541,GF-ING-00262,"Ginger, fresh (Zingiber officinale)",5.0,g,G014,Ginger,5,g
GF-REC-00541,GF-ING-00265,"Onion, big (Allium cepa)",30.0,g,G017,Onion,30,g
GF-REC-00541,GF-ING-00268,"Cardamom, green (Elettaria cardamomum)",0.5,tsp,G020,Cardamom,2,
GF-REC-00541,GF-ING-00270,"Chillies, red (Capsicum annum)",3.33,g,G022,Whole red chilli,1,
GF-REC-00541,GF-ING-00271,Cloves (Syzygium aromaticum),0.5,tsp,G023,Clove,2,
GF-REC-00541,GF-ING-00279,"Pepper, black (Piper nigrum)",0.5,tsp,G031,Peppercorn,a few,
GF-REC-00541,GF-ING-00281,Turmeric powder (Curcuma domestica),0.25,tsp,G033,Turmeric,.25,tsp
GF-REC-00541,GF-ING-00294,Mustard seeds (Brassica nigra),0.25,tsp,H013,Mustard seeds,.25,tsp
GF-REC-00541,GF-ING-00313,Paneer,60.0,g,L003,Paneer,60,g
GF-REC-00541,,"Shallots, raw",35.0,g,UK-13-342,Small onion/shallot,1,
GF-REC-00541,,"Bay leaf, dried",0.4,g,UK-13-806,Bay leaf,1,
GF-REC-00541,,"Cinnamon, ground",1.25,g,UK-13-874,Cinnamon,.5,inch
GF-REC-00541,,Coconut milk,15.0,ml,UK-14-820,Coconut milk,50,ml
GF-REC-00541,,"Oil, sunflower",5.0,g,UK-17-045,Oil,5,g
GF-REC-00541,,"Oil, sunflower",5.0,g,UK-17-045,Oil,5,g
GF-REC-00541,,Salt,0.17,tsp,UK-17-367,Salt,.167,tsp
GF-REC-00542,GF-ING-00077,Parsley (Petroselinum crispum),10.0,g,C028,Parsley,10,g
GF-REC-00542,,"Mayonnaise, standard, retail",150.0,g,UK-17-654,Mayonnaise,150,ml
GF-REC-00542,,"Capers, canned",10.0,g,US-172238,Caper,10,g
GF-REC-00543,GF-ING-00265,"Onion, big (Allium cepa)",15.0,g,G017,Onion,15,g
GF-REC-00543,GF-ING-00279,"Pepper, black (Piper nigrum)",0.25,tsp,G031,Pepper powder,a pinch,
GF-REC-00543,,"Lemons, flesh only, raw, weighed with peel and pips",15.0,g,UK-14-130,Lemon juice,.5,lemon
GF-REC-00543,,"Oil, sunflower",5.0,g,UK-17-045,Oil,5,g
GF-REC-00543,,"Sugar, white",10.0,g,UK-17-063,Sugar,10,g
GF-REC-00543,,Mustard powder,0.25,tsp,UK-17-362,Mustard powder,a pinch,
GF-REC-00543,,Salt,0.25,tsp,UK-17-367,Salt,to taste,
GF-REC-00543,,"Water, distilled",30.0,ml,UK-17-377,Water,30,ml
GF-REC-00543,,Tomato ketchup,30.0,ml,UK-17-709,Tomato ketchup,30,ml
GF-REC-00543,,Worcestershire sauce,10.0,ml,UK-17-723,Worcestershire sauce,10,ml
GF-REC-00544,GF-ING-00265,"Onion, big (Allium cepa)",30.0,g,G017,Onion,30,g
GF-REC-00544,GF-ING-00271,Cloves (Syzygium aromaticum),0.5,tsp,G023,Clove,2,
GF-REC-00544,GF-ING-00279,"Pepper, black (Piper nigrum)",0.25,tsp,G031,Pepper,a dash,
GF-REC-00544,GF-ING-00312,"Milk, whole, Cow",300.0,ml,L002,Milk,300,ml
GF-REC-00544,,"Bread, white, average",30.0,g,UK-11-1145,Fresh bread crumbs,30,g
GF-REC-00544,,Salt,0.17,tsp,UK-17-367,Salt,.167,tsp
GF-REC-00544,,"Butter, unsalted",15.0,g,UK-17-661,Fat,15,g
GF-REC-00545,GF-ING-00019,"Wheat flour, atta (Triticum aestivum)",80.0,g,A019,Whole wheat flour,80,g
GF-REC-00545,GF-ING-00256,"Chillies, green - all varieties (Capsicum annum)",3.33,g,G008,Green chilli,1,
GF-REC-00545,GF-ING-00257,Coriander leaves (Coriandrum sativum),1.0,sprig,G009,Coriander leaves,1,sprig
GF-REC-00545,GF-ING-00262,"Ginger, fresh (Zingiber officinale)",0.13,tsp,G014,Ginger,.125,tsp
GF-REC-00545,GF-ING-00265,"Onion, big (Allium cepa)",80.0,g,G017,Onion,80,g
GF-REC-00545,GF-ING-00273,Cumin seeds (Cuminum cyminum),0.25,tsp,G025,Cumin seeds,.25,tsp
GF-REC-00545,,Garam masala,0.25,tsp,UK-13-829,Garam masala,.25,tsp
GF-REC-00545,,Chilli powder,0.25,tsp,UK-13-873,Red chilli powder,.25,tsp
GF-REC-00545,,"Oil, sunflower",15.0,g,UK-17-045,Oil,15,g
GF-REC-00545,,Salt,0.13,tsp,UK-17-367,Salt,.125,tsp
GF-REC-00545,,Salt,0.5,tsp,UK-17-367,Salt,.5,tsp
GF-REC-00545,,"Water, distilled",3.0,tbsp,UK-17-377,Water,3,tbsp
GF-REC-00545,,"SIVA'S, AMHUR POWDER (DRY MANGO POWDER)",0.5,tsp,US-400113,Dry mango powder,.5,tsp
GF-REC-00546,GF-ING-00019,"Wheat flour, atta (Triticum aestivum)",80.0,g,A019,Whole wheat flour,80,g
GF-REC-00546,GF-ING-00069,Fenugreek leaves (Trigonella foenum graecum),50.0,g,C020,Fenugreek leaves,50,g
GF-REC-00546,GF-ING-00256,"Chillies, green - all varieties (Capsicum annum)",3.33,g,G008,Green chilli,1,
GF-REC-00546,GF-ING-00262,"Ginger, fresh (Zingiber officinale)",5.0,g,G014,Ginger,5,g
GF-REC-00546,GF-ING-00265,"Onion, big (Allium cepa)",80.0,g,G017,Onion,80,g
GF-REC-00546,,"Oil, sunflower",10.0,g,UK-17-045,Oil,15,g
GF-REC-00546,,Salt,0.13,tsp,UK-17-367,Salt,.125,tsp
GF-REC-00546,,"Water, distilled",3.0,tbsp,UK-17-377,Water,3,tbsp
GF-REC-00547,GF-ING-00018,"Wheat flour, refined (Triticum aestivum)",40.0,g,A018,Refined flour,40,g
GF-REC-00547,GF-ING-00019,"Wheat flour, atta (Triticum aestivum)",40.0,g,A019,Whole wheat flour,40,g
GF-REC-00547,GF-ING-00057,Bathua leaves (Chenopodium album),50.0,g,C008,Bathua,50,g
GF-REC-00547,,"Oil, sunflower",240.0,ml,UK-17-045,Oil,for frying,
GF-REC-00547,,Salt,0.25,tsp,UK-17-367,Salt,.25,tsp
GF-REC-00547,,"Water, distilled",2.5,tbsp,UK-17-377,Water,2.5,tbsp
GF-REC-00547,,"Ghee, butter",0.25,tsp,UK-17-640,Ghee,.25,tsp
GF-REC-00548,GF-ING-00019,"Wheat flour, atta (Triticum aestivum)",40.0,g,A019,Whole wheat flour,40,g
GF-REC-00548,,"Flour, gram",20.0,g,UK-11-896,Bengal gram,20,g
GF-REC-00548,,"Oil, sunflower",240.0,ml,UK-17-045,Oil,for frying,
GF-REC-00548,,Salt,0.25,tsp,UK-17-367,Salt,.25,tsp
GF-REC-00548,,"Water, distilled",2.5,tbsp,UK-17-377,Water,2.5,tbsp
GF-REC-00548,,"Ghee, butter",0.25,tsp,UK-17-640,Ghee,.25,tsp
GF-REC-00549,GF-ING-00018,"Wheat flour, refined (Triticum aestivum)",40.0,g,A018,Refined flour,40,g
GF-REC-00549,GF-ING-00019,"Wheat flour, atta (Triticum aestivum)",40.0,g,A019,Whole wheat flour,40,g
GF-REC-00549,GF-ING-00230,Beet root (Beta vulgaris),25.0,g,F001,Beetroot,25,g
GF-REC-00549,,"Oil, sunflower",240.0,ml,UK-17-045,Oil,for frying,
GF-REC-00549,,Salt,0.25,tsp,UK-17-367,Salt,.25,tsp
GF-REC-00549,,"Water, distilled",0.33,C,UK-17-377,Water,.33,cups
GF-REC-00549,,"Water, distilled",2.5,tbsp,UK-17-377,Water,2.5,tbsp
GF-REC-00549,,"Ghee, butter",0.25,tsp,UK-17-640,Ghee,.25,tsp
GF-REC-00550,GF-ING-00018,"Wheat flour, refined (Triticum aestivum)",40.0,g,A018,Refined flour,40,g
GF-REC-00550,GF-ING-00019,"Wheat flour, atta (Triticum aestivum)",40.0,g,A019,Whole wheat flour,40,g
GF-REC-00550,GF-ING-00144,"Peas, fresh (Pisum sativum)",60.0,g,D061,Peas,60,g
GF-REC-00550,,"Oil, sunflower",240.0,ml,UK-17-045,Oil,for frying,
GF-REC-00550,,Salt,0.25,tsp,UK-17-367,Salt,.25,tsp
GF-REC-00550,,"Water, distilled",2.5,tbsp,UK-17-377,Water,2.5,tbsp
GF-REC-00550,,"Ghee, butter",0.25,tsp,UK-17-640,Ghee,.25,tsp
GF-REC-00551,GF-ING-00018,"Wheat flour, refined (Triticum aestivum)",60.0,g,A018,Refined flour,60,g
GF-REC-00551,GF-ING-00144,"Peas, fresh (Pisum sativum)",100.0,g,D061,Peas,100,g
GF-REC-00551,GF-ING-00256,"Chillies, green - all varieties (Capsicum annum)",1.67,g,G008,Green chilli,.5,
GF-REC-00551,GF-ING-00262,"Ginger, fresh (Zingiber officinale)",5.0,g,G014,Ginger,1,cm
GF-REC-00551,GF-ING-00267,Asafoetida (Ferula assa-foetida),0.125,tsp,G019,Asafoetida,.125,tsp
GF-REC-00551,GF-ING-00272,Coriander seeds (Coriandrum sativum),0.5,tsp,G024,Coriander powder,.5,tsp
GF-REC-00551,,Fennel seeds,0.5,tsp,UK-13-827,Fennel,.5,tsp
GF-REC-00551,,"Oil, sunflower",2.0,tsp,UK-17-045,Oil,2,tsp
GF-REC-00551,,"Oil, sunflower",240.0,ml,UK-17-045,Oil,for frying,
GF-REC-00551,,Salt,0.13,tsp,UK-17-367,Salt,.125,tsp
GF-REC-00551,,Salt,0.167,tsp,UK-17-367,Salt,.167,tsp
GF-REC-00551,,"Water, distilled",1.0,tbsp,UK-17-377,Water,1,tbsp
GF-REC-00552,GF-ING-00018,"Wheat flour, refined (Triticum aestivum)",60.0,g,A018,Refined flour,60,g
GF-REC-00552,GF-ING-00064,"Cabbage, green (Brassica oleracea var. capitata f. alba)",20.0,g,C015,Cabbage,20,g
GF-REC-00552,GF-ING-00117,"Capsicum, red (Capsicum annuum)",20.0,g,D034,Capsicum,20,g
GF-REC-00552,GF-ING-00141,"Onion, stalk (Allium cepa)",20.0,g,D058,Spring onions,20,g
GF-REC-00552,GF-ING-00158,"Tomato, ripe, hybrid (Solanum lycopersicum)",125.0,g,D075,Tomato,125,g
GF-REC-00552,GF-ING-00260,"Garlic, small clove (Allium sativum)",1.25,g,G012,Garlic,2,cloves
GF-REC-00552,GF-ING-00265,"Onion, big (Allium cepa)",20.0,g,G017,Onion,20,g
GF-REC-00552,GF-ING-00279,"Pepper, black (Piper nigrum)",0.25,tsp,G031,Black pepper powder,.25,tsp
GF-REC-00552,GF-ING-00305,"Button mushroom, fresh (Agaricus sp.)",20.0,g,J001,Mushrooms,20,g
GF-REC-00552,GF-ING-00305,"Button mushroom, fresh (Agaricus sp.)",80.0,g,J001,Mushrooms,80,g
GF-REC-00552,,"Cheese, Mozzarella, fresh",50.0,g,UK-12-360,Pizza cheese,50,g
GF-REC-00552,,"Oil, sunflower",2.0,tsp,UK-17-045,Oil,2,tsp
GF-REC-00552,,"Oil, sunflower",5.0,g,UK-17-045,Oil,5,g
GF-REC-00552,,"Sugar, white",0.25,tsp,UK-17-063,Sugar,.25,tsp
GF-REC-00552,,Salt,0.17,tsp,UK-17-367,Salt,.167,tsp
GF-REC-00552,,Salt,0.25,tsp,UK-17-367,Salt,.25,tsp
GF-REC-00552,,"Water, distilled",30.0,ml,UK-17-377,Water,30,ml
GF-REC-00552,,Yeast extract,3.0,g,UK-17-517,Dry or fresh yeast,1.5 or 3,g
GF-REC-00552,,"Sausages, premium, raw",50.0,g,UK-19-657,Sausages,50,g
GF-REC-00552,,"Sausages, premium, raw",80.0,g,UK-19-657,Sausages/salami,80,g
GF-REC-00553,GF-ING-00018,"Wheat flour, refined (Triticum aestivum)",28.0,g,A018,Refined flour,28,g
GF-REC-00553,GF-ING-00125,"Corn, Baby (Zea mays)",40.0,g,D042,Fresh corn,40,g
GF-REC-00553,GF-ING-00279,"Pepper, black (Piper nigrum)",0.13,tsp,G031,Pepper,.125,tsp
GF-REC-00553,GF-ING-00305,"Button mushroom, fresh (Agaricus sp.)",80.0,g,J001,Mushrooms,80,g
GF-REC-00553,GF-ING-00312,"Milk, whole, Cow",60.0,ml,L002,Milk,60,ml
GF-REC-00553,GF-ING-00315,"Egg, poultry, whole, raw",12.5,g,M001,Egg,.25,
GF-REC-00553,,"Cream, fresh, single",2.0,tbsp,UK-12-332,Cream,2,tbsp
GF-REC-00553,,Salt,0.125,tsp,UK-17-367,Salt,.125,tsp
GF-REC-00553,,Salt,0.25,tsp,UK-17-367,Salt,.25,tsp
GF-REC-00553,,"Water, distilled",15.0,ml,UK-17-377,Cold water,15,ml
GF-REC-00553,,"Butter, unsalted",10.0,g,UK-17-661,Oil or butter,10,g
GF-REC-00553,,"Butter, unsalted",2.0,tsp,UK-17-661,Oil or butter,2,tsp
GF-REC-00553,,"Bacon rashers, back, raw",80.0,g,UK-19-497,Bacon,2,rashers
GF-REC-00554,GF-ING-00018,"Wheat flour, refined (Triticum aestivum)",28.0,g,A018,Refined flour,28,g
GF-REC-00554,GF-ING-00158,"Tomato, ripe, hybrid (Solanum lycopersicum)",100.0,g,D075,Tomato,100,g
GF-REC-00554,GF-ING-00265,"Onion, big (Allium cepa)",40.0,g,G017,Onion,40,g
GF-REC-00554,GF-ING-00279,"Pepper, black (Piper nigrum)",0.25,tsp,G031,Pepper,.25,tsp
GF-REC-00554,GF-ING-00312,"Milk, whole, Cow",60.0,ml,L002,Milk,60,ml
GF-REC-00554,GF-ING-00315,"Egg, poultry, whole, raw",12.5,g,M001,Egg,.25,
GF-REC-00554,,"Cheese, processed, plain",50.0,g,UK-12-527,Cheese,50,g
GF-REC-00554,,Salt,0.125,tsp,UK-17-367,Salt,.125,tsp
GF-REC-00554,,Salt,0.25,tsp,UK-17-367,Salt,.25,tsp
GF-REC-00554,,"Water, distilled",15.0,ml,UK-17-377,Cold water,15,ml
GF-REC-00554,,"Butter, unsalted",2.0,tsp,UK-17-661,Oil or butter,2,tsp
GF-REC-00554,,"Butter, unsalted",10.0,g,UK-17-661,Oil or butter,10,g
GF-REC-00554,,Worcestershire sauce,1.0,tsp,UK-17-723,Worcestershire sauce,1,tsp
GF-REC-00555,GF-ING-00018,"Wheat flour, refined (Triticum aestivum)",8.0,g,A018,Refined flour,8,g
GF-REC-00555,GF-ING-00018,"Wheat flour, refined (Triticum aestivum)",28.0,g,A018,Refined flour,28,g
GF-REC-00555,GF-ING-00077,Parsley (Petroselinum crispum),1.0,sprig,C028,Parsley,1,sprig
GF-REC-00555,GF-ING-00231,"Carrot, orange (Daucus carota)",15.0,g,F002,Carrot,15,g
GF-REC-00555,GF-ING-00265,"Onion, big (Allium cepa)",10.0,g,G017,Onion,10,g
GF-REC-00555,GF-ING-00279,"Pepper, black (Piper nigrum)",0.25,tsp,G031,Pepper,.25,tsp
GF-REC-00555,GF-ING-00312,"Milk, whole, Cow",60.0,ml,L002,Milk,60,ml
GF-REC-00555,GF-ING-00315,"Egg, poultry, whole, raw",12.5,g,M001,Egg,.25,
GF-REC-00555,GF-ING-00332,"Chicken, poultry, breast, skinless",100.0,g,N003,Minced meat,100,g
GF-REC-00555,,Salt,0.06,tsp,UK-17-367,Salt,.125,tsp
GF-REC-00555,,Salt,0.25,tsp,UK-17-367,Salt,.25,tsp
GF-REC-00555,,"Water, distilled",0.5,tbsp,UK-17-377,Cold water,.5,tbsp
GF-REC-00555,,"Water, distilled",15.0,ml,UK-17-377,Cold water,15,ml
GF-REC-00555,,"Butter, unsalted",1.0,tsp,UK-17-661,Oil or butter,1,tsp
GF-REC-00555,,"Butter, unsalted",2.0,tsp,UK-17-661,Oil or butter,2,tsp
GF-REC-00555,,"Stock cubes, chicken",120.0,ml,UK-17-726,Meat stock,.5,cups
GF-REC-00555,,"Tomato sauce, homemade",2.0,tsp,UK-50-1173,Tomato sauce,2,tsp
GF-REC-00556,GF-ING-00014,"Rice, parboiled, milled (Oryza sativa )",80.0,g,A014,Rice,80,g
GF-REC-00556,GF-ING-00025,"Bengal gram, dal (Cicer arietinum)",10.0,g,B001,Bengal gram,10,g
GF-REC-00556,GF-ING-00027,"Black gram, dal (Phaseolus mungo)",10.0,g,B003,Black gram,10,g
GF-REC-00556,GF-ING-00114,Brinjal - all varieties (Solanum melongena),100.0,g,D031,Brinjal,100,g
GF-REC-00556,GF-ING-00225,"Tamarind, pulp (Tamarindus indica)",20.0,g,E064,Tamarind,20,g
GF-REC-00556,GF-ING-00258,Curry leaves (Murraya koenigii),1.0,sprig,G010,Curry leaves,1,sprig
GF-REC-00556,GF-ING-00267,Asafoetida (Ferula assa-foetida),0.17,tsp,G019,Asafoetida,.167,tsp
GF-REC-00556,GF-ING-00272,Coriander seeds (Coriandrum sativum),0.5,tsp,G024,Coriander seeds,.5,tsp
GF-REC-00556,GF-ING-00273,Cumin seeds (Cuminum cyminum),0.5,tsp,G025,Cumin seeds,.5,tsp
GF-REC-00556,GF-ING-00279,"Pepper, black (Piper nigrum)",0.5,tsp,G031,Pepper corns,.5,tsp
GF-REC-00556,GF-ING-00281,Turmeric powder (Curcuma domestica),0.25,tsp,G033,Turmeric powder,.25,tsp
GF-REC-00556,GF-ING-00286,Cashew nut (Anacardium occidentale),10.0,g,H005,Peanuts/cashewnuts,10,g
GF-REC-00556,GF-ING-00294,Mustard seeds (Brassica nigra),0.25,tsp,H013,Mustard seeds,.25,tsp
GF-REC-00556,,Chilli powder,0.25,tsp,UK-13-873,Chilli powder,.25,tsp
GF-REC-00556,,"Oil, sunflower",1.0,tsp,UK-17-045,Oil,1,tsp
GF-REC-00556,,Salt,0.17,tsp,UK-17-367,Salt,.167,tsp
GF-REC-00556,,"Water, distilled",50.0,ml,UK-17-377,Water,50,ml
GF-REC-00557,GF-ING-00014,"Rice, parboiled, milled (Oryza sativa )",80.0,g,A014,Rice,80,g
GF-REC-00557,GF-ING-00273,Cumin seeds (Cuminum cyminum),0.13,tsp,G025,Cumin seeds,.125,tsp
GF-REC-00557,GF-ING-00281,Turmeric powder (Curcuma domestica),0.25,tsp,G033,Turmeric powder,.25,tsp
GF-REC-00557,,"Bay leaf, dried",0.4,g,UK-13-806,Bay leaf,1,
GF-REC-00557,,Salt,0.25,tsp,UK-17-367,Salt,.25,tsp
GF-REC-00557,,"Water, distilled",240.0,ml,UK-17-377,Water,1,cups
GF-REC-00557,,"Ghee, butter",1.0,tsp,UK-17-640,Pure ghee,1,tsp
GF-REC-00558,GF-ING-00014,"Rice, parboiled, milled (Oryza sativa )",80.0,g,A014,Rice,80,g
GF-REC-00558,GF-ING-00265,"Onion, big (Allium cepa)",20.0,g,G017,Onion/Potato fingers,20,g
GF-REC-00558,GF-ING-00273,Cumin seeds (Cuminum cyminum),0.5,tsp,G025,Cumin seeds,.5,tsp
GF-REC-00558,,"Oil, sunflower",2.0,tsp,UK-17-045,Oil,2,tsp
GF-REC-00558,,Salt,0.75,tsp,UK-17-367,Salt,0.75,tsp
GF-REC-00558,,"Water, distilled",160.0,ml,UK-17-377,Water,160,ml
GF-REC-00559,GF-ING-00014,"Rice, parboiled, milled (Oryza sativa )",80.0,g,A014,Rice,80,g
GF-REC-00559,GF-ING-00144,"Peas, fresh (Pisum sativum)",150.0,g,D061,Peas,150,g
GF-REC-00559,GF-ING-00265,"Onion, big (Allium cepa)",20.0,g,G017,Onion,20,g
GF-REC-00559,GF-ING-00265,"Onion, big (Allium cepa)",50.0,g,G017,Onion,50,g
GF-REC-00559,GF-ING-00269,"Cardamom, black (Elettaria cardamomum)",0.25,tsp,G021,Black cardamon,1,
GF-REC-00559,GF-ING-00271,Cloves (Syzygium aromaticum),0.25,tsp,G023,Clove,1,
GF-REC-00559,GF-ING-00273,Cumin seeds (Cuminum cyminum),0.25,tsp,G025,Cumin seeds,.25,tsp
GF-REC-00559,,"Bay leaf, dried",0.4,g,UK-13-806,Bay leaf,1,
GF-REC-00559,,"Cinnamon, ground",0.5,tsp,UK-13-874,Cinnamon,1,stick
GF-REC-00559,,"Oil, sunflower",2.0,tsp,UK-17-045,Oil,2,tsp
GF-REC-00559,,Salt,0.5,tsp,UK-17-367,Salt,.5,tsp
GF-REC-00559,,"Water, distilled",160.0,ml,UK-17-377,Water,160,ml
GF-REC-00560,GF-ING-00014,"Rice, parboiled, milled (Oryza sativa )",80.0,g,A014,Rice,80,g
GF-REC-00560,GF-ING-00025,"Bengal gram, dal (Cicer arietinum)",20.0,g,B001,Bengal gram,20,g
GF-REC-00560,GF-ING-00144,"Peas, fresh (Pisum sativum)",50.0,g,D061,Peas,50,g
GF-REC-00560,GF-ING-00231,"Carrot, orange (Daucus carota)",50.0,g,F002,Carrot,50,g
GF-REC-00560,GF-ING-00265,"Onion, big (Allium cepa)",20.0,g,G017,Onion,20,g
GF-REC-00560,GF-ING-00265,"Onion, big (Allium cepa)",50.0,g,G017,Onion,50,g
GF-REC-00560,GF-ING-00269,"Cardamom, black (Elettaria cardamomum)",0.25,tsp,G021,Black cardamon,1,
GF-REC-00560,GF-ING-00271,Cloves (Syzygium aromaticum),0.25,tsp,G023,Clove,1,
GF-REC-00560,GF-ING-00273,Cumin seeds (Cuminum cyminum),0.25,tsp,G025,Cumin seeds,.25,tsp
GF-REC-00560,,"Bay leaf, dried",0.4,g,UK-13-806,Bay leaf,1,
GF-REC-00560,,"Cinnamon, ground",0.5,tsp,UK-13-874,Cinnamon,1,stick
GF-REC-00560,,"Oil, sunflower",2.0,tsp,UK-17-045,Oil,2,tsp
GF-REC-00560,,Salt,0.5,tsp,UK-17-367,Salt,.5,tsp
GF-REC-00560,,"Water, distilled",160.0,ml,UK-17-377,Water,160,ml
GF-REC-00561,GF-ING-00014,"Rice, parboiled, milled (Oryza sativa )",80.0,g,A014,Rice,80,g
GF-REC-00561,GF-ING-00025,"Bengal gram, dal (Cicer arietinum)",25.0,g,B001,Bengal gram whole,25,g
GF-REC-00561,GF-ING-00265,"Onion, big (Allium cepa)",20.0,g,G017,Onion,20,g
GF-REC-00561,GF-ING-00265,"Onion, big (Allium cepa)",50.0,g,G017,Onion,50,g
GF-REC-00561,GF-ING-00265,"Onion, big (Allium cepa)",50.0,g,G017,Onion,50,g
GF-REC-00561,GF-ING-00269,"Cardamom, black (Elettaria cardamomum)",0.25,tsp,G021,Black cardamon,1,
GF-REC-00561,GF-ING-00271,Cloves (Syzygium aromaticum),0.25,tsp,G023,Clove,1,
GF-REC-00561,GF-ING-00273,Cumin seeds (Cuminum cyminum),0.25,tsp,G025,Cumin seeds,.25,tsp
GF-REC-00561,,"Bay leaf, dried",0.4,g,UK-13-806,Bay leaf,1,
GF-REC-00561,,"Cinnamon, ground",0.5,tsp,UK-13-874,Cinnamon,1,stick
GF-REC-00561,,"Oil, sunflower",2.0,tsp,UK-17-045,Oil,2,tsp
GF-REC-00561,,Salt,0.5,tsp,UK-17-367,Salt,.5,tsp
GF-REC-00561,,"Water, distilled",160.0,ml,UK-17-377,Water,160,ml
GF-REC-00562,,Kewra,0.5,tsp,,Kewra,a few drops,
GF-REC-00562,GF-ING-00014,"Rice, parboiled, milled (Oryza sativa )",80.0,g,A014,Rice,80,g
GF-REC-00562,GF-ING-00260,"Garlic, small clove (Allium sativum)",0.63,g,G012,Garlic,1,cloves
GF-REC-00562,GF-ING-00260,"Garlic, small clove (Allium sativum)",1.25,g,G012,Garlic,2,cloves
GF-REC-00562,GF-ING-00262,"Ginger, fresh (Zingiber officinale)",5.0,g,G014,Ginger,5,g
GF-REC-00562,GF-ING-00265,"Onion, big (Allium cepa)",15.0,g,G017,Onion,15,g
GF-REC-00562,GF-ING-00265,"Onion, big (Allium cepa)",15.0,g,G017,Onion,15,g
GF-REC-00562,GF-ING-00265,"Onion, big (Allium cepa)",20.0,g,G017,Onion,20,g
GF-REC-00562,GF-ING-00269,"Cardamom, black (Elettaria cardamomum)",0.25,tsp,G021,Black cardamom,1,
GF-REC-00562,GF-ING-00269,"Cardamom, black (Elettaria cardamomum)",0.25,tsp,G021,Black cardamom,1,
GF-REC-00562,GF-ING-00271,Cloves (Syzygium aromaticum),0.25,tsp,G023,Clove,1,
GF-REC-00562,GF-ING-00271,Cloves (Syzygium aromaticum),0.25,tsp,G023,Clove,1,
GF-REC-00562,GF-ING-00272,Coriander seeds (Coriandrum sativum),0.25,tsp,G024,Coriander seeds,.25,tsp
GF-REC-00562,GF-ING-00273,Cumin seeds (Cuminum cyminum),0.25,tsp,G025,Cumin seeds,.25,tsp
GF-REC-00562,GF-ING-00279,"Pepper, black (Piper nigrum)",0.5,tsp,G031,Pepper corns,2,
GF-REC-00562,GF-ING-00280,Poppy seeds (Papaver somniferum),0.25,tsp,G032,Poppy seeds,.25,tsp
GF-REC-00562,GF-ING-00286,Cashew nut (Anacardium occidentale),3.33,g,H005,Almonds/cashewnuts,2,
GF-REC-00562,GF-ING-00286,Cashew nut (Anacardium occidentale),10.0,g,H005,Cashewnuts,6,
GF-REC-00562,,"MUTTON, muscle",80.0,g,O064,Mutton,80,g
GF-REC-00562,,"Yogurt, whole milk, plain",2.0,tbsp,UK-12-184,Curd,2,tbsp
GF-REC-00562,,"Bay leaf, dried",0.4,g,UK-13-806,Bay leaf,1,
GF-REC-00562,,Saffron,0.005,g,UK-13-852,Saffron,2,strands
GF-REC-00562,,Chilli powder,0.13,tsp,UK-13-873,Red chilli powder,.125,tsp
GF-REC-00562,,Chilli powder,0.25,tsp,UK-13-873,Red chilli powder,.25,tsp
GF-REC-00562,,"Cinnamon, ground",1.25,g,UK-13-874,Cinnamon,.5,piece
GF-REC-00562,,"Cinnamon, ground",2.5,g,UK-13-874,Cinnamon,2.5,cm
GF-REC-00562,,"Oil, sunflower",2.0,tbsp,UK-17-045,Oil,1,tbsp
GF-REC-00562,,Salt,0.5,tsp,UK-17-367,Salt,.5,tsp
GF-REC-00562,,"Water, distilled",120.0,ml,UK-17-377,Water,.5,cups
GF-REC-00562,,"Water, distilled",120.0,ml,UK-17-377,Water,.5,cups
GF-REC-00562,,"Ghee, butter",5.0,g,UK-17-640,Fat,5,g
GF-REC-00562,,"Stock cubes, vegetable",120.0,ml,UK-17-727,Stock,.5,cups
GF-REC-00563,,Kewra,0.5,tsp,,Kewra,a few drops,
GF-REC-00563,GF-ING-00014,"Rice, parboiled, milled (Oryza sativa )",80.0,g,A014,Rice,80,g
GF-REC-00563,GF-ING-00260,"Garlic, small clove (Allium sativum)",0.63,g,G012,Garlic,1,cloves
GF-REC-00563,GF-ING-00260,"Garlic, small clove (Allium sativum)",1.25,g,G012,Garlic,2,cloves
GF-REC-00563,GF-ING-00262,"Ginger, fresh (Zingiber officinale)",5.0,g,G014,Ginger,5,g
GF-REC-00563,GF-ING-00265,"Onion, big (Allium cepa)",15.0,g,G017,Onion,15,g
GF-REC-00563,GF-ING-00265,"Onion, big (Allium cepa)",15.0,g,G017,Onion,15,g
GF-REC-00563,GF-ING-00265,"Onion, big (Allium cepa)",20.0,g,G017,Onion,20,g
GF-REC-00563,GF-ING-00269,"Cardamom, black (Elettaria cardamomum)",0.25,tsp,G021,Black cardamom,1,
GF-REC-00563,GF-ING-00269,"Cardamom, black (Elettaria cardamomum)",0.25,tsp,G021,Black cardamom,1,
GF-REC-00563,GF-ING-00271,Cloves (Syzygium aromaticum),0.25,tsp,G023,Clove,1,
GF-REC-00563,GF-ING-00271,Cloves (Syzygium aromaticum),0.25,tsp,G023,Clove,1,
GF-REC-00563,GF-ING-00272,Coriander seeds (Coriandrum sativum),0.25,tsp,G024,Coriander seeds,.25,tsp
GF-REC-00563,GF-ING-00273,Cumin seeds (Cuminum cyminum),0.25,tsp,G025,Cumin seeds,.25,tsp
GF-REC-00563,GF-ING-00279,"Pepper, black (Piper nigrum)",0.5,tsp,G031,Pepper corns,2,
GF-REC-00563,GF-ING-00280,Poppy seeds (Papaver somniferum),0.25,tsp,G032,Poppy seeds,.25,tsp
GF-REC-00563,GF-ING-00286,Cashew nut (Anacardium occidentale),3.33,g,H005,Almonds/cashewnuts,2,
GF-REC-00563,GF-ING-00286,Cashew nut (Anacardium occidentale),10.0,g,H005,Cashewnuts,6,
GF-REC-00563,,"Yogurt, whole milk, plain",2.0,tbsp,UK-12-184,Curd,2,tbsp
GF-REC-00563,,"Bay leaf, dried",0.4,g,UK-13-806,Bay leaf,1,
GF-REC-00563,,Saffron,0.005,g,UK-13-852,Saffron,2,strands
GF-REC-00563,,Chilli powder,0.13,tsp,UK-13-873,Red chilli powder,.125,tsp
GF-REC-00563,,Chilli powder,0.25,tsp,UK-13-873,Red chilli powder,.25,tsp
GF-REC-00563,,"Cinnamon, ground",1.25,g,UK-13-874,Cinnamon,.5,piece
GF-REC-00563,,"Cinnamon, ground",2.5,g,UK-13-874,Cinnamon,2.5,cm
GF-REC-00563,,"Oil, sunflower",1.0,tbsp,UK-17-045,Oil,1,tbsp
GF-REC-00563,,Salt,0.5,tsp,UK-17-367,Salt,.5,tsp
GF-REC-00563,,"Water, distilled",120.0,ml,UK-17-377,Water,.5,cups
GF-REC-00563,,"Water, distilled",120.0,ml,UK-17-377,Water,.5,cups
GF-REC-00563,,"Ghee, butter",1.0,tsp,UK-17-640,Fat,5,g
GF-REC-00563,,"Stock cubes, vegetable",120.0,ml,UK-17-727,Stock,.5,cups
GF-REC-00563,,"Chicken, whole, corn-fed, raw, meat and skin, weighed with bone",100.0,g,UK-18-304,Chicken,100,g
GF-REC-00564,GF-ING-00014,"Rice, parboiled, milled (Oryza sativa )",80.0,g,A014,Rice,80,g
GF-REC-00564,GF-ING-00158,"Tomato, ripe, hybrid (Solanum lycopersicum)",150.0,g,D075,Tomato,150,g
GF-REC-00564,GF-ING-00265,"Onion, big (Allium cepa)",20.0,g,G017,Onion,20,g
GF-REC-00564,GF-ING-00265,"Onion, big (Allium cepa)",50.0,g,G017,Onion,50,g
GF-REC-00564,GF-ING-00269,"Cardamom, black (Elettaria cardamomum)",0.25,tsp,G021,Black cardamom,1,
GF-REC-00564,GF-ING-00273,Cumin seeds (Cuminum cyminum),0.25,tsp,G025,Cumin seeds,.25,tsp
GF-REC-00564,,Chilli powder,0.13,tsp,UK-13-873,Red chilli powder,.125,tsp
GF-REC-00564,,"Cinnamon, ground",2.0,g,UK-13-874,Cinnamon,2,cm
GF-REC-00564,,"Oil, sunflower",1.0,tbsp,UK-17-045,Oil,1,tbsp
GF-REC-00564,,Salt,0.5,tsp,UK-17-367,Salt,.5,tsp
GF-REC-00564,,"Water, distilled",120.0,ml,UK-17-377,Water,.5,cups
GF-REC-00564,,"Lamb, mince, raw",80.0,g,UK-18-481,Minced meat,80,g
GF-REC-00565,GF-ING-00014,"Rice, parboiled, milled (Oryza sativa )",60.0,g,A014,Rice,60,g
GF-REC-00565,GF-ING-00034,"Green gram, dal (Vigna radiata)",20.0,g,B010,Dehusked green gram,20,g
GF-REC-00565,GF-ING-00257,Coriander leaves (Coriandrum sativum),1.0,sprig,G009,Coriander leaves,1,sprig
GF-REC-00565,GF-ING-00262,"Ginger, fresh (Zingiber officinale)",5.0,g,G014,Ginger,1,cm
GF-REC-00565,GF-ING-00273,Cumin seeds (Cuminum cyminum),0.5,tsp,G025,Cumin seeds,.5,tsp
GF-REC-00565,,Garam masala,0.125,tsp,UK-13-829,Garam masala,.125,tsp
GF-REC-00565,,Chilli powder,0.125,tsp,UK-13-873,Red chilli powder,.125,tsp
GF-REC-00565,,Salt,0.25,tsp,UK-17-367,Salt,.25,tsp
GF-REC-00565,,"Water, distilled",480.0,ml,UK-17-377,Water,2,cups
GF-REC-00565,,"Ghee, butter",5.0,g,UK-17-640,Ghee/Oil,5,g
GF-REC-00566,GF-ING-00022,"Wheat, semolina (Triticum aestivum)",60.0,g,A022,Semolina,60,g
GF-REC-00566,GF-ING-00027,"Black gram, dal (Phaseolus mungo)",1.0,tsp,B003,"Black gram, dehusked",1,tsp
GF-REC-00566,GF-ING-00258,Curry leaves (Murraya koenigii),1.0,sprig,G010,Curry leaves,1,sprig
GF-REC-00566,GF-ING-00267,Asafoetida (Ferula assa-foetida),0.25,tsp,G019,Asafoetida,1,pinch
GF-REC-00566,GF-ING-00270,"Chillies, red (Capsicum annum)",3.33,g,G022,Red chilli whole,1,
GF-REC-00566,GF-ING-00294,Mustard seeds (Brassica nigra),0.25,tsp,H013,Mustard seeds,.25,tsp
GF-REC-00566,,"Yogurt, whole milk, plain",30.0,g,UK-12-184,Sour curd,30,g
GF-REC-00566,,"Oil, sunflower",0.5,tsp,UK-17-045,Oil,.5,tsp
GF-REC-00566,,Bicarbonate of soda,1.0,tsp,UK-17-356,Eno's powder,1,tsp
GF-REC-00566,,Salt,0.25,tsp,UK-17-367,Salt,.25,tsp
GF-REC-00567,GF-ING-00014,"Rice, parboiled, milled (Oryza sativa )",50.0,g,A014,"Rice (raw, milled)",50,g
GF-REC-00567,GF-ING-00014,"Rice, parboiled, milled (Oryza sativa )",50.0,g,A014,Rice paraboiled sela,50,g
GF-REC-00567,GF-ING-00027,"Black gram, dal (Phaseolus mungo)",30.0,g,B003,Black gram dehusked,30,g
GF-REC-00567,GF-ING-00274,Fenugreek seeds (Trigonella foenum graecum),0.25,tsp,G026,Fenugreek seeds,.25,tsp
GF-REC-00567,,Salt,0.25,tsp,UK-17-367,Salt,.25,tsp
GF-REC-00567,,"Butter, unsalted",1.0,tbsp,UK-17-661,Oil/Butter,1,tbsp
GF-REC-00568,GF-ING-00014,"Rice, parboiled, milled (Oryza sativa )",50.0,g,A014,"Rice (raw, milled)",50,g
GF-REC-00568,GF-ING-00014,"Rice, parboiled, milled (Oryza sativa )",50.0,g,A014,Rice paraboiled sela,50,g
GF-REC-00568,GF-ING-00025,"Bengal gram, dal (Cicer arietinum)",1.0,tsp,B001,"Bengal gram, dehusked",1,tsp
GF-REC-00568,GF-ING-00027,"Black gram, dal (Phaseolus mungo)",1.0,tsp,B003,"Black gram dal, dehusked",1,tsp
GF-REC-00568,GF-ING-00027,"Black gram, dal (Phaseolus mungo)",30.0,g,B003,Black gram dehusked,30,g
GF-REC-00568,GF-ING-00119,Cauliflower (Brassica oleracea var. botrytis),75.0,g,D036,Cauliflower,75,g
GF-REC-00568,GF-ING-00144,"Peas, fresh (Pisum sativum)",75.0,g,D061,Peas,75,g
GF-REC-00568,GF-ING-00158,"Tomato, ripe, hybrid (Solanum lycopersicum)",30.0,g,D075,Tomato,30,g
GF-REC-00568,GF-ING-00231,"Carrot, orange (Daucus carota)",75.0,g,F002,Carrot,75,g
GF-REC-00568,GF-ING-00235,"Potato, brown skin, big (Solanum tuberosum)",75.0,g,F006,Potatoes,75,g
GF-REC-00568,GF-ING-00256,"Chillies, green - all varieties (Capsicum annum)",6.67,g,G008,Green chilli,2,
GF-REC-00568,GF-ING-00258,Curry leaves (Murraya koenigii),4.0,sprig,G010,Curry leaves,4,sprig
GF-REC-00568,GF-ING-00262,"Ginger, fresh (Zingiber officinale)",5.0,g,G014,Ginger,1,cm
GF-REC-00568,GF-ING-00265,"Onion, big (Allium cepa)",50.0,g,G017,Onion,50,g
GF-REC-00568,GF-ING-00274,Fenugreek seeds (Trigonella foenum graecum),0.25,tsp,G026,Fenugreek seeds,.25,tsp
GF-REC-00568,GF-ING-00281,Turmeric powder (Curcuma domestica),0.25,tsp,G033,Turmeric powder,.25,tsp
GF-REC-00568,GF-ING-00294,Mustard seeds (Brassica nigra),0.5,tsp,H013,Mustard seeds,.5,tsp
GF-REC-00568,,"Oil, sunflower",1.0,tsp,UK-17-045,Oil,1,tsp
GF-REC-00568,,Salt,0.25,tsp,UK-17-367,Salt,.25,tsp
GF-REC-00568,,Salt,0.5,tsp,UK-17-367,Salt,.5,tsp
GF-REC-00568,,"Butter, unsalted",1.0,tbsp,UK-17-661,Oil/Butter,1,tbsp
GF-REC-00569,GF-ING-00014,"Rice, parboiled, milled (Oryza sativa )",50.0,g,A014,"Rice (raw, milled)",50,g
GF-REC-00569,GF-ING-00014,"Rice, parboiled, milled (Oryza sativa )",50.0,g,A014,Rice paraboiled sela,50,g
GF-REC-00569,GF-ING-00025,"Bengal gram, dal (Cicer arietinum)",1.0,tsp,B001,"Bengal gram, dehusked",1,tsp
GF-REC-00569,GF-ING-00027,"Black gram, dal (Phaseolus mungo)",1.0,tsp,B003,"Black gram dal, dehusked",1,tsp
GF-REC-00569,GF-ING-00027,"Black gram, dal (Phaseolus mungo)",30.0,g,B003,Black gram dehusked,30,g
GF-REC-00569,GF-ING-00158,"Tomato, ripe, hybrid (Solanum lycopersicum)",50.0,g,D075,Tomato,50,g
GF-REC-00569,GF-ING-00256,"Chillies, green - all varieties (Capsicum annum)",6.67,g,G008,Green chilli,2,
GF-REC-00569,GF-ING-00258,Curry leaves (Murraya koenigii),4.0,sprig,G010,Curry leaves,4,sprig
GF-REC-00569,GF-ING-00262,"Ginger, fresh (Zingiber officinale)",5.0,g,G014,Ginger,1,cm
GF-REC-00569,GF-ING-00265,"Onion, big (Allium cepa)",50.0,g,G017,Onion,50,g
GF-REC-00569,GF-ING-00274,Fenugreek seeds (Trigonella foenum graecum),0.25,tsp,G026,Fenugreek seeds,.25,tsp
GF-REC-00569,GF-ING-00281,Turmeric powder (Curcuma domestica),0.25,tsp,G033,Turmeric powder,.25,tsp
GF-REC-00569,GF-ING-00294,Mustard seeds (Brassica nigra),0.5,tsp,H013,Mustard seeds,.5,tsp
GF-REC-00569,GF-ING-00313,Paneer,120.0,g,L003,Paneer,120,g
GF-REC-00569,,"Oil, sunflower",1.0,tsp,UK-17-045,Oil,1,tsp
GF-REC-00569,,Salt,0.25,tsp,UK-17-367,Salt,.25,tsp
GF-REC-00569,,Salt,0.5,tsp,UK-17-367,Salt,.5,tsp
GF-REC-00569,,"Butter, unsalted",1.0,tbsp,UK-17-661,Oil/Butter,1,tbsp
GF-REC-00570,GF-ING-00014,"Rice, parboiled, milled (Oryza sativa )",50.0,g,A014,"Rice (raw, milled)",50,g
GF-REC-00570,GF-ING-00014,"Rice, parboiled, milled (Oryza sativa )",50.0,g,A014,Rice paraboiled sela,50,g
GF-REC-00570,GF-ING-00027,"Black gram, dal (Phaseolus mungo)",30.0,g,B003,Black gram dehusked,30,g
GF-REC-00570,GF-ING-00064,"Cabbage, green (Brassica oleracea var. capitata f. alba)",25.0,g,C015,Cabbage,25,g
GF-REC-00570,GF-ING-00158,"Tomato, ripe, hybrid (Solanum lycopersicum)",25.0,g,D075,Tomato,25,g
GF-REC-00570,GF-ING-00231,"Carrot, orange (Daucus carota)",25.0,g,F002,Carrot,25,g
GF-REC-00570,GF-ING-00256,"Chillies, green - all varieties (Capsicum annum)",6.67,g,G008,Green chilli,2,
GF-REC-00570,GF-ING-00258,Curry leaves (Murraya koenigii),4.0,sprig,G010,Curry leaves,4,sprig
GF-REC-00570,GF-ING-00265,"Onion, big (Allium cepa)",25.0,g,G017,Onion,25,g
GF-REC-00570,GF-ING-00274,Fenugreek seeds (Trigonella foenum graecum),0.25,tsp,G026,Fenugreek seeds,.25,tsp
GF-REC-00570,,"Oil, sunflower",3.0,tsp,UK-17-045,Oil,3,tsp
GF-REC-00570,,Salt,0.25,tsp,UK-17-367,Salt,.25,tsp
GF-REC-00570,,Salt,0.5,tsp,UK-17-367,Salt,.5,tsp
GF-REC-00570,,"Butter, unsalted",1.0,tbsp,UK-17-661,Oil/Butter,1,tbsp
GF-REC-00571,GF-ING-00014,"Rice, parboiled, milled (Oryza sativa )",100.0,g,A014,Raw rice,100,g
GF-REC-00571,GF-ING-00022,"Wheat, semolina (Triticum aestivum)",10.0,g,A022,Semolina,10,g
GF-REC-00571,GF-ING-00288,"Coconut, kernel, fresh (Cocos nucifera)",500.0,g,H007,Grated fresh coconut,500,g
GF-REC-00571,,Coconut milk,3.0,tbsp,UK-14-820,Milk/coconut milk,to adjust consistency,
GF-REC-00571,,"Sugar, white",5.0,g,UK-17-063,Sugar,5,g
GF-REC-00571,,Salt,0.17,tsp,UK-17-367,Salt,.167,tsp
GF-REC-00571,,"Water, distilled",2.0,tbsp,UK-17-377,Water,2,tbsp
GF-REC-00571,,"Water, distilled",100.0,ml,UK-17-377,Water,100,ml
GF-REC-00571,,"Water, distilled",150.0,ml,UK-17-377,Water,150,ml
GF-REC-00571,,Yeast extract,0.5,tsp,UK-17-517,Yeast,.5,tsp
GF-REC-00572,GF-ING-00133,"French beans, hybrid (Phaseolus vulgaris)",100.0,g,D050,Beans,100,g
GF-REC-00572,GF-ING-00158,"Tomato, ripe, hybrid (Solanum lycopersicum)",60.0,g,D075,Tomato,60,g
GF-REC-00572,GF-ING-00279,"Pepper, black (Piper nigrum)",0.125,tsp,G031,Pepper powder,.125,tsp
GF-REC-00572,,"Pasta, white, dried, raw",40.0,g,UK-11-716,Macaroni,40,g
GF-REC-00572,,"Cheese, processed, plain",25.0,g,UK-12-527,Cheese,25,g
GF-REC-00572,,Salt,0.125,tsp,UK-17-367,Salt,.125,tsp
GF-REC-00572,,Salt,0.125,tsp,UK-17-367,Salt,.125,tsp
GF-REC-00572,,"Water, distilled",1.0,tbsp,UK-17-377,Water,1,tbsp
GF-REC-00572,,"Butter, unsalted",1.0,tbsp,UK-17-661,Butter,1,tbsp
GF-REC-00573,GF-ING-00158,"Tomato, ripe, hybrid (Solanum lycopersicum)",100.0,g,D075,Tomato,100,g
GF-REC-00573,GF-ING-00231,"Carrot, orange (Daucus carota)",20.0,g,F002,Carrot,20,g
GF-REC-00573,GF-ING-00260,"Garlic, small clove (Allium sativum)",0.31,g,G012,Garlic ,.5,cloves
GF-REC-00573,GF-ING-00265,"Onion, big (Allium cepa)",20.0,g,G017,Onion,20,g
GF-REC-00573,GF-ING-00279,"Pepper, black (Piper nigrum)",0.125,tsp,G031,Pepper,.125,tsp
GF-REC-00573,GF-ING-00305,"Button mushroom, fresh (Agaricus sp.)",10.0,g,J001,Mushrooms,10,g
GF-REC-00573,,"Pasta, white, dried, raw",40.0,g,UK-11-716,Spaghetti,40,g
GF-REC-00573,,"Cheese, processed, plain",1.0,tbsp,UK-12-527,Cheese grated,1,tbsp
GF-REC-00573,,"Oil, sunflower",1.0,tsp,UK-17-045,Oil,1,tsp
GF-REC-00573,,Salt,0.125,tsp,UK-17-367,Salt,.125,tsp
GF-REC-00573,,Salt,0.25,tsp,UK-17-367,Salt,.25,tsp
GF-REC-00573,,"Butter, unsalted",1.0,tsp,UK-17-661,Butter,1,tsp
GF-REC-00573,,"Stock cubes, chicken",0.5,C,UK-17-726,Meat stock,.5,cups
GF-REC-00573,,"Lamb, mince, raw",40.0,g,UK-18-481,Minced meat,40,g
GF-REC-00574,GF-ING-00018,"Wheat flour, refined (Triticum aestivum)",2.0,tbsp,A018,Refined wheat flour,2,tbsp
GF-REC-00574,GF-ING-00194,"Lemon, juice (Citrus limon)",1.0,tsp,E033,Lime juice,1,tsp
GF-REC-00574,GF-ING-00231,"Carrot, orange (Daucus carota)",30.0,g,F002,Carrot,30,g
GF-REC-00574,GF-ING-00235,"Potato, brown skin, big (Solanum tuberosum)",100.0,g,F006,Potatoes,100,g
GF-REC-00574,GF-ING-00262,"Ginger, fresh (Zingiber officinale)",5.0,g,G014,Ginger,1,cm
GF-REC-00574,GF-ING-00265,"Onion, big (Allium cepa)",20.0,g,G017,Onion,20,g
GF-REC-00574,GF-ING-00279,"Pepper, black (Piper nigrum)",0.125,tsp,G031,Pepper powder,.125,tsp
GF-REC-00574,,"MUTTON, muscle",100.0,g,O064,Mutton (boneless),100,g
GF-REC-00574,,"Flour, corn",0.5,tsp,UK-11-1045,Corn flour,.5,tsp
GF-REC-00574,,"Bread, white, average",1.0,tbsp,UK-11-1145,Bread crumbs,1,tbsp
GF-REC-00574,,"Pasta, white, dried, raw",40.0,g,UK-11-716,Macaroni,40,g
GF-REC-00574,,"Oil, sunflower",1.0,tbsp,UK-17-045,Oil,1,tbsp
GF-REC-00574,,Salt,0.125,tsp,UK-17-367,Salt,.125,tsp
GF-REC-00574,,Salt,0.125,tsp,UK-17-367,Salt,.125,tsp
GF-REC-00574,,"Butter, unsalted",1.0,tsp,UK-17-661,Butter,1,tsp
GF-REC-00574,,"Stock cubes, chicken",0.25,C,UK-17-726,Meat stock,.25,cups
GF-REC-00575,GF-ING-00077,Parsley (Petroselinum crispum),1.0,sprig,C028,Parsley,1,sprig
GF-REC-00575,GF-ING-00158,"Tomato, ripe, hybrid (Solanum lycopersicum)",150.0,g,D075,Tomato,150,g
GF-REC-00575,GF-ING-00260,"Garlic, small clove (Allium sativum)",0.63,g,G012,Garlic,1,cloves
GF-REC-00575,GF-ING-00265,"Onion, big (Allium cepa)",50.0,g,G017,Onion,50,g
GF-REC-00575,GF-ING-00271,Cloves (Syzygium aromaticum),0.125,tsp,G023,Cinnamon clove powder,.125,tsp
GF-REC-00575,GF-ING-00271,Cloves (Syzygium aromaticum),0.25,tsp,G023,Clove,1,
GF-REC-00575,GF-ING-00279,"Pepper, black (Piper nigrum)",0.25,tsp,G031,Pepper,.25,tsp
GF-REC-00575,,"Bread, white, average",30.0,g,UK-11-1145,Bread,1,slice
GF-REC-00575,,"Pasta, white, dried, raw",40.0,g,UK-11-716,Spaghetti,40,g
GF-REC-00575,,"Cheese, processed, plain",1.0,tbsp,UK-12-527,Cheese,1,tbsp
GF-REC-00575,,"Bay leaf, dried",0.4,g,UK-13-806,Bay leaf,1,
GF-REC-00575,,"Cinnamon, ground",2.0,g,UK-13-874,Cinnamon,2,cm
GF-REC-00575,,"Cinnamon, ground",0.125,tsp,UK-13-874,Cinnamon clove powder,.125,tsp
GF-REC-00575,,"Oil, sunflower",1.0,tbsp,UK-17-045,Oil,1,tbsp
GF-REC-00575,,"Oil, sunflower",2.0,tbsp,UK-17-045,Oil,2,tbsp
GF-REC-00575,,"Sugar, white",0.5,tsp,UK-17-063,Sugar,.5,tsp
GF-REC-00575,,Salt,0.125,tsp,UK-17-367,Salt,.125,tsp
GF-REC-00575,,Salt,0.25,tsp,UK-17-367,Salt,.25,tsp
GF-REC-00575,,Salt,0.5,tsp,UK-17-367,Salt,.5,tsp
GF-REC-00575,,"Water, distilled",0.5,C,UK-17-377,Water,.5,cups
GF-REC-00575,,"Lamb, mince, raw",100.0,g,UK-18-481,Minced meat,100,g
GF-REC-00576,GF-ING-00077,Parsley (Petroselinum crispum),1.0,sprig,C028,Parsley,1,sprig
GF-REC-00576,GF-ING-00158,"Tomato, ripe, hybrid (Solanum lycopersicum)",150.0,g,D075,Tomato,150,g
GF-REC-00576,GF-ING-00260,"Garlic, small clove (Allium sativum)",0.63,g,G012,Garlic,1,cloves
GF-REC-00576,GF-ING-00265,"Onion, big (Allium cepa)",50.0,g,G017,Onion,50,g
GF-REC-00576,GF-ING-00271,Cloves (Syzygium aromaticum),0.125,tsp,G023,Cinnamon clove powder,.125,tsp
GF-REC-00576,GF-ING-00271,Cloves (Syzygium aromaticum),0.25,tsp,G023,Clove,1,
GF-REC-00576,GF-ING-00279,"Pepper, black (Piper nigrum)",0.25,tsp,G031,Pepper,.25,tsp
GF-REC-00576,GF-ING-00313,Paneer,40.0,g,L003,Paneer,40,g
GF-REC-00576,,"Bread, white, average",30.0,g,UK-11-1145,Bread,1,slice
GF-REC-00576,,"Pasta, white, dried, raw",40.0,g,UK-11-716,Spaghetti,40,g
GF-REC-00576,,"Cheese, processed, plain",1.0,tbsp,UK-12-527,Cheese,1,tbsp
GF-REC-00576,,"Bay leaf, dried",0.4,g,UK-13-806,Bay leaf,1,
GF-REC-00576,,"Cinnamon, ground",2.0,g,UK-13-874,Cinnamon,2,cm
GF-REC-00576,,"Cinnamon, ground",0.125,tsp,UK-13-874,Cinnamon clove powder,.125,tsp
GF-REC-00576,,"Oil, sunflower",1.0,tbsp,UK-17-045,Oil,1,tbsp
GF-REC-00576,,"Oil, sunflower",2.0,tbsp,UK-17-045,Oil,2,tbsp
GF-REC-00576,,"Sugar, white",0.5,tsp,UK-17-063,Sugar,.5,tsp
GF-REC-00576,,Salt,0.125,tsp,UK-17-367,Salt,.125,tsp
GF-REC-00576,,Salt,0.25,tsp,UK-17-367,Salt,.25,tsp
GF-REC-00576,,Salt,0.5,tsp,UK-17-367,Salt,.5,tsp
GF-REC-00576,,"Water, distilled",0.5,C,UK-17-377,Water,.5,cups
GF-REC-00577,GF-ING-00018,"Wheat flour, refined (Triticum aestivum)",15.0,g,A018,Refined wheat flour,15,g
GF-REC-00577,GF-ING-00077,Parsley (Petroselinum crispum),1.0,sprig,C028,Parsley,1,sprig
GF-REC-00577,GF-ING-00077,Parsley (Petroselinum crispum),1.0,sprig,C028,Parsley,1,sprig
GF-REC-00577,GF-ING-00120,Celery stalk (Apium graveolens),25.0,g,D037,Celery stick,25,g
GF-REC-00577,GF-ING-00158,"Tomato, ripe, hybrid (Solanum lycopersicum)",250.0,g,D075,Tomato,250,g
GF-REC-00577,GF-ING-00231,"Carrot, orange (Daucus carota)",30.0,g,F002,Carrot,30,g
GF-REC-00577,GF-ING-00260,"Garlic, small clove (Allium sativum)",0.63,g,G012,Garlic,1,cloves
GF-REC-00577,GF-ING-00265,"Onion, big (Allium cepa)",30.0,g,G017,Onion,30,g
GF-REC-00577,GF-ING-00279,"Pepper, black (Piper nigrum)",0.125,tsp,G031,Pepper,.125,tsp
GF-REC-00577,GF-ING-00279,"Pepper, black (Piper nigrum)",0.125,tsp,G031,Pepper,.125,tsp
GF-REC-00577,GF-ING-00312,"Milk, whole, Cow",180.0,ml,L002,Milk,180,ml
GF-REC-00577,,"Pasta, white, dried, raw",80.0,g,UK-11-716,Dry lasagne sheets,80,g
GF-REC-00577,,"Cheese, Mozzarella, fresh",15.0,g,UK-12-360,Mozzarella cheese,15,g
GF-REC-00577,,"Bay leaf, dried",0.4,g,UK-13-806,Bay leaf,1,
GF-REC-00577,,"Oregano, dried, ground",0.5,tsp,UK-13-878,Oregano/Basil,.5,tsp
GF-REC-00577,,"Thyme, dried, ground",1.0,sprig,UK-13-883,Thyme,1,sprig
GF-REC-00577,,"Oil, olive",15.0,g,UK-17-038,Olive oil,15,g
GF-REC-00577,,Salt,0.25,tsp,UK-17-367,Salt,.25,tsp
GF-REC-00577,,Salt,0.25,tsp,UK-17-367,Salt,.25,tsp
GF-REC-00577,,"Water, distilled",4.0,C,UK-17-377,Water,4,cups
GF-REC-00577,,"Butter, unsalted",15.0,g,UK-17-661,Butter,15,g
GF-REC-00577,,"Lamb, mince, raw",150.0,g,UK-18-481,Minced meat,150,g
GF-REC-00578,GF-ING-00018,"Wheat flour, refined (Triticum aestivum)",15.0,g,A018,Refined wheat flour,15,g
GF-REC-00578,GF-ING-00077,Parsley (Petroselinum crispum),1.0,sprig,C028,Parsley,for garnishing,
GF-REC-00578,GF-ING-00082,Spinach (Spinacia oleracea),100.0,g,C033,Spinach,100,g
GF-REC-00578,GF-ING-00116,"Capsicum, green (Capsicum annuum)",30.0,g,D033,Green capsicum,30,g
GF-REC-00578,GF-ING-00117,"Capsicum, red (Capsicum annuum)",30.0,g,D034,Red capsicum,30,g
GF-REC-00578,GF-ING-00158,"Tomato, ripe, hybrid (Solanum lycopersicum)",200.0,g,D075,Tomato,200,g
GF-REC-00578,GF-ING-00260,"Garlic, small clove (Allium sativum)",0.63,g,G012,Garlic,1,cloves
GF-REC-00578,GF-ING-00265,"Onion, big (Allium cepa)",60.0,g,G017,Onion,60,g
GF-REC-00578,GF-ING-00276,Nutmeg (Myristica fragrans),0.25,tsp,G028,Nutmeg,1,dash
GF-REC-00578,GF-ING-00279,"Pepper, black (Piper nigrum)",0.125,tsp,G031,Pepper,.125,tsp
GF-REC-00578,GF-ING-00279,"Pepper, black (Piper nigrum)",0.125,tsp,G031,Pepper powder,.125,tsp
GF-REC-00578,GF-ING-00312,"Milk, whole, Cow",180.0,ml,L002,Milk,180,ml
GF-REC-00578,,"Pasta, white, dried, raw",80.0,g,UK-11-716,Dry lasagne sheets,80,g
GF-REC-00578,,"Cheese, Mozzarella, fresh",30.0,g,UK-12-360,Mazzarella cheese or gruyere cheese,30,g
GF-REC-00578,,Tomato puree,2.0,tbsp,UK-13-531,Tomato puree,2,tbsp
GF-REC-00578,,"Basil, dried, ground",2.0,g,UK-13-805,Basil leaf,3,
GF-REC-00578,,"Bay leaf, dried",0.4,g,UK-13-806,Bay leaf,1,
GF-REC-00578,,"Thyme, dried, ground",1.0,sprig,UK-13-883,Thyme,1,sprig
GF-REC-00578,,"Oil, olive",2.0,tsp,UK-17-038,Olive oil,2,tsp
GF-REC-00578,,Salt,0.25,tsp,UK-17-367,Salt,.25,tsp
GF-REC-00578,,Salt,0.33,tsp,UK-17-367,Salt,.33,tsp
GF-REC-00578,,"Water, distilled",4.0,C,UK-17-377,Water,4,cups
GF-REC-00578,,"Butter, unsalted",15.0,g,UK-17-661,Butter,15,g
GF-REC-00579,GF-ING-00256,"Chillies, green - all varieties (Capsicum annum)",10.0,g,G008,Green chillies,10,g
GF-REC-00579,,"Sugar, white",0.25,tsp,UK-17-063,Sugar,.25,tsp
GF-REC-00579,,Vinegar,2.0,tbsp,UK-17-339,Vinegar,2,tbsp
GF-REC-00579,,Salt,0.25,tsp,UK-17-367,Salt,.25,tsp
GF-REC-00579,,"Soy sauce, light and dark varieties",0.25,tsp,UK-17-721,Soya sauce,.25,tsp
GF-REC-00580,GF-ING-00018,"Wheat flour, refined (Triticum aestivum)",130.0,g,A018,Refined wheat flour,1,cups
GF-REC-00580,,"Oil, olive",0.5,tbsp,UK-17-038,Salad oil,.5,tbsp
GF-REC-00580,,Salt,0.5,tsp,UK-17-367,Salt,.5,tsp
GF-REC-00580,,"Water, distilled",0.33,C,UK-17-377,Water,.33,cups
GF-REC-00581,GF-ING-00018,"Wheat flour, refined (Triticum aestivum)",130.0,g,A018,Refined wheat flour,1,cups
GF-REC-00581,GF-ING-00317,"Egg, poultry, yolk, raw",8.0,g,M003,Egg yolk,.5,
GF-REC-00581,,"Oil, olive",0.5,tbsp,UK-17-038,Salad oil,.5,tbsp
GF-REC-00581,,Salt,0.5,tsp,UK-17-367,Salt,.5,tsp
GF-REC-00581,,"Water, distilled",0.33,C,UK-17-377,Water,.33,cups
GF-REC-00582,GF-ING-00034,"Green gram, dal (Vigna radiata)",30.0,g,B010,"Green gram, dehusked",30,g
GF-REC-00582,GF-ING-00256,"Chillies, green - all varieties (Capsicum annum)",3.33,g,G008,Green chilli,1,
GF-REC-00582,GF-ING-00260,"Garlic, small clove (Allium sativum)",0.63,g,G012,Garlic,1,cloves
GF-REC-00582,GF-ING-00262,"Ginger, fresh (Zingiber officinale)",5.0,g,G014,Ginger,1,cm
GF-REC-00582,GF-ING-00273,Cumin seeds (Cuminum cyminum),0.5,tsp,G025,Cumin seeds,.5,tsp
GF-REC-00582,GF-ING-00281,Turmeric powder (Curcuma domestica),0.17,tsp,G033,Turmeric powder,.167,tsp
GF-REC-00582,,Garam masala,0.125,tsp,UK-13-829,Garam masala,.125,tsp
GF-REC-00582,,Chilli powder,0.125,tsp,UK-13-873,Chilli powder,.125,tsp
GF-REC-00582,,Salt,0.5,tsp,UK-17-367,Salt,.5,tsp
GF-REC-00582,,"Water, distilled",1.25,C,UK-17-377,Water,1.25,cups
GF-REC-00582,,"Ghee, butter",5.0,g,UK-17-640,Ghee/oil,5,g
GF-REC-00583,GF-ING-00273,Cumin seeds (Cuminum cyminum),0.5,tsp,G025,Cumin seeds,.5,tsp
GF-REC-00583,,Garam masala,0.125,tsp,UK-13-829,Garam masala,.125,tsp
GF-REC-00583,,Chilli powder,0.125,tsp,UK-13-873,Chilli powder,.125,tsp
GF-REC-00583,,"Ghee, butter",5.0,g,UK-17-640,Ghee/oil,5,g
GF-REC-00584,GF-ING-00158,"Tomato, ripe, hybrid (Solanum lycopersicum)",15.0,g,D075,Tomato,15,g
GF-REC-00584,GF-ING-00256,"Chillies, green - all varieties (Capsicum annum)",1.67,g,G008,Green chilli,.5,
GF-REC-00584,GF-ING-00265,"Onion, big (Allium cepa)",20.0,g,G017,Onion,20,g
GF-REC-00584,,Garam masala,0.125,tsp,UK-13-829,Garam masala,.125,tsp
GF-REC-00584,,Chilli powder,0.125,tsp,UK-13-873,Red chilli powder,.125,tsp
GF-REC-00584,,"Ghee, butter",5.0,g,UK-17-640,Oil/Ghee,5,g
GF-REC-00585,GF-ING-00258,Curry leaves (Murraya koenigii),1.0,sprig,G010,Curry leaves,1,sprig
GF-REC-00585,GF-ING-00267,Asafoetida (Ferula assa-foetida),0.25,tsp,G019,Asafoetida powder,1,pinch
GF-REC-00585,GF-ING-00270,"Chillies, red (Capsicum annum)",1.67,g,G022,Whole red chilli,.5,
GF-REC-00585,GF-ING-00294,Mustard seeds (Brassica nigra),0.125,tsp,H013,Mustard seeds,.125,tsp
GF-REC-00585,,"Ghee, butter",5.0,g,UK-17-640,Oil/Ghee,5,g
GF-REC-00586,GF-ING-00037,Lentil dal (Lens culinaris),30.0,g,B013,Lentils,30,g
GF-REC-00586,GF-ING-00225,"Tamarind, pulp (Tamarindus indica)",5.0,g,E064,Tamarind,5,g
GF-REC-00586,GF-ING-00260,"Garlic, small clove (Allium sativum)",0.63,g,G012,Garlic,1,cloves
GF-REC-00586,GF-ING-00262,"Ginger, fresh (Zingiber officinale)",5.0,g,G014,Ginger,1,cm
GF-REC-00586,GF-ING-00265,"Onion, big (Allium cepa)",20.0,g,G017,Onion,20,g
GF-REC-00586,GF-ING-00281,Turmeric powder (Curcuma domestica),0.17,tsp,G033,Turmeric powder,.167,tsp
GF-REC-00586,,Garam masala,0.125,tsp,UK-13-829,Garam masala,.125,tsp
GF-REC-00586,,Chilli powder,0.25,tsp,UK-13-873,Red chilli powder,1,pinch
GF-REC-00586,,Salt,0.5,tsp,UK-17-367,Salt,.5,tsp
GF-REC-00586,,"Water, distilled",1.25,C,UK-17-377,Water,1.25,cups
GF-REC-00587,GF-ING-00027,"Black gram, dal (Phaseolus mungo)",30.0,g,B003,"Black gram, dehusked",30,g
GF-REC-00587,GF-ING-00158,"Tomato, ripe, hybrid (Solanum lycopersicum)",20.0,g,D075,Tomato,20,g
GF-REC-00587,GF-ING-00239,"Radish, elongate, white skin (Raphanus sativus)",37.5,g,F010,Radish with tender leaves,.25,
GF-REC-00587,GF-ING-00256,"Chillies, green - all varieties (Capsicum annum)",1.67,g,G008,Green chilli,.5,
GF-REC-00587,GF-ING-00260,"Garlic, small clove (Allium sativum)",0.63,g,G012,Garlic,1,cloves
GF-REC-00587,GF-ING-00262,"Ginger, fresh (Zingiber officinale)",10.0,g,G014,Ginger,2,cm
GF-REC-00587,GF-ING-00265,"Onion, big (Allium cepa)",40.0,g,G017,Onion,40,g
GF-REC-00587,GF-ING-00281,Turmeric powder (Curcuma domestica),0.125,tsp,G033,Turmeric powder,.125,tsp
GF-REC-00587,,Garam masala,0.125,tsp,UK-13-829,Garam masala,.125,tsp
GF-REC-00587,,Chilli powder,0.125,tsp,UK-13-873,Red chilli powder,.125,tsp
GF-REC-00587,,Salt,0.33,tsp,UK-17-367,Salt,.33,tsp
GF-REC-00587,,"Water, distilled",0.5,C,UK-17-377,Water,.5,cups
GF-REC-00587,,"Ghee, butter",5.0,g,UK-17-640,Oil/Ghee,5,g
GF-REC-00588,GF-ING-00045,"Red gram, dal (Cajanus cajan)",30.0,g,B021,Red gram dal,30,g
GF-REC-00588,GF-ING-00082,Spinach (Spinacia oleracea),50.0,g,C033,Spinach,50,g
GF-REC-00588,GF-ING-00256,"Chillies, green - all varieties (Capsicum annum)",3.33,g,G008,Green chilli,1,
GF-REC-00588,GF-ING-00260,"Garlic, small clove (Allium sativum)",0.63,g,G012,Garlic,1,cloves
GF-REC-00588,GF-ING-00262,"Ginger, fresh (Zingiber officinale)",5.0,g,G014,Ginger,1,cm
GF-REC-00588,GF-ING-00273,Cumin seeds (Cuminum cyminum),0.5,tsp,G025,Cumin seeds,.5,tsp
GF-REC-00588,GF-ING-00273,Cumin seeds (Cuminum cyminum),0.5,tsp,G025,Cumin seeds,.5,tsp
GF-REC-00588,GF-ING-00281,Turmeric powder (Curcuma domestica),0.17,tsp,G033,Turmeric powder,.167,tsp
GF-REC-00588,,Garam masala,0.125,tsp,UK-13-829,Garam masala,.125,tsp
GF-REC-00588,,Garam masala,0.125,tsp,UK-13-829,Garam masala,.125,tsp
GF-REC-00588,,Chilli powder,0.125,tsp,UK-13-873,Chilli powder,.125,tsp
GF-REC-00588,,Chilli powder,0.125,tsp,UK-13-873,Red chilli powder,.125,tsp
GF-REC-00588,,Salt,0.5,tsp,UK-17-367,Salt,.5,tsp
GF-REC-00588,,"Water, distilled",1.25,C,UK-17-377,Water,1.25,cups
GF-REC-00588,,"Ghee, butter",5.0,g,UK-17-640,Ghee/oil,5,g
GF-REC-00588,,"Ghee, butter",5.0,g,UK-17-640,Ghee/oil,5,g
GF-REC-00589,GF-ING-00158,"Tomato, ripe, hybrid (Solanum lycopersicum)",15.0,g,D075,Tomato,15,g
GF-REC-00589,GF-ING-00256,"Chillies, green - all varieties (Capsicum annum)",1.67,g,G008,Green chilli,1,
GF-REC-00589,GF-ING-00256,"Chillies, green - all varieties (Capsicum annum)",3.33,g,G008,Green chilli,1,
GF-REC-00589,GF-ING-00260,"Garlic, small clove (Allium sativum)",0.63,g,G012,Garlic,1,cloves
GF-REC-00589,GF-ING-00262,"Ginger, fresh (Zingiber officinale)",5.0,g,G014,Ginger,1,cm
GF-REC-00589,GF-ING-00265,"Onion, big (Allium cepa)",20.0,g,G017,Onion,20,g
GF-REC-00589,GF-ING-00281,Turmeric powder (Curcuma domestica),0.17,tsp,G033,Turmeric powder,.167,tsp
GF-REC-00589,,"Tofu, soya bean, steamed",8.0,g,UK-13-570,Vadi,8,g
GF-REC-00589,,Garam masala,0.125,tsp,UK-13-829,Garam masala,.125,tsp
GF-REC-00589,,Chilli powder,0.125,tsp,UK-13-873,Red chilli powder,.125,tsp
GF-REC-00589,,Salt,0.5,tsp,UK-17-367,Salt,.5,tsp
GF-REC-00589,,"Water, distilled",1.25,C,UK-17-377,Water,1.25,cups
GF-REC-00589,,"Ghee, butter",0.5,tsp,UK-17-640,Fat,.5,tsp
GF-REC-00589,,"Ghee, butter",5.0,g,UK-17-640,Ghee/oil,5,g
GF-REC-00590,GF-ING-00045,"Red gram, dal (Cajanus cajan)",10.0,g,B021,Red gram dal,10,g
GF-REC-00590,GF-ING-00158,"Tomato, ripe, hybrid (Solanum lycopersicum)",50.0,g,D075,Tomato,50,g
GF-REC-00590,GF-ING-00225,"Tamarind, pulp (Tamarindus indica)",3.0,g,E064,Tamarind,3,g
GF-REC-00590,GF-ING-00256,"Chillies, green - all varieties (Capsicum annum)",3.33,g,G008,Green chilli,1,
GF-REC-00590,GF-ING-00257,Coriander leaves (Coriandrum sativum),1.0,sprig,G009,Coriander leaves,a few,
GF-REC-00590,GF-ING-00258,Curry leaves (Murraya koenigii),1.0,sprig,G010,Curry leaves,1,sprig
GF-REC-00590,GF-ING-00260,"Garlic, small clove (Allium sativum)",0.63,g,G012,Garlic,1,cloves
GF-REC-00590,GF-ING-00262,"Ginger, fresh (Zingiber officinale)",5.0,g,G014,Ginger,1,cm
GF-REC-00590,GF-ING-00267,Asafoetida (Ferula assa-foetida),0.25,tsp,G019,Asafoetida,1,pinch
GF-REC-00590,GF-ING-00270,"Chillies, red (Capsicum annum)",3.33,g,G022,Red chilli whole,1,
GF-REC-00590,GF-ING-00270,"Chillies, red (Capsicum annum)",3.33,g,G022,Whole red chilli,1,
GF-REC-00590,GF-ING-00272,Coriander seeds (Coriandrum sativum),1.0,tsp,G024,Coriander seeds,1,tsp
GF-REC-00590,GF-ING-00273,Cumin seeds (Cuminum cyminum),0.125,tsp,G025,Cumin seeds,.125,tsp
GF-REC-00590,GF-ING-00279,"Pepper, black (Piper nigrum)",0.5,tsp,G031,Pepper corns,2,
GF-REC-00590,GF-ING-00294,Mustard seeds (Brassica nigra),0.25,tsp,H013,Mustard seeds,.25,tsp
GF-REC-00590,,"Oil, sunflower",0.5,tsp,UK-17-045,Oil,.5,tsp
GF-REC-00590,,Salt,0.5,tsp,UK-17-367,Salt,.5,tsp
GF-REC-00590,,"Water, distilled",1.25,C,UK-17-377,Water,1.25,cups
GF-REC-00591,GF-ING-00045,"Red gram, dal (Cajanus cajan)",10.0,g,B021,Red gram dal,10,g
GF-REC-00591,GF-ING-00158,"Tomato, ripe, hybrid (Solanum lycopersicum)",50.0,g,D075,Tomato,50,g
GF-REC-00591,GF-ING-00256,"Chillies, green - all varieties (Capsicum annum)",3.33,g,G008,Green chilli,1,
GF-REC-00591,GF-ING-00257,Coriander leaves (Coriandrum sativum),1.0,sprig,G009,Coriander leaves,a few,
GF-REC-00591,GF-ING-00258,Curry leaves (Murraya koenigii),1.0,sprig,G010,Curry leaves,1,sprig
GF-REC-00591,GF-ING-00260,"Garlic, small clove (Allium sativum)",0.63,g,G012,Garlic,1,cloves
GF-REC-00591,GF-ING-00262,"Ginger, fresh (Zingiber officinale)",5.0,g,G014,Ginger,1,cm
GF-REC-00591,GF-ING-00267,Asafoetida (Ferula assa-foetida),0.25,tsp,G019,Asafoetida,1,pinch
GF-REC-00591,GF-ING-00270,"Chillies, red (Capsicum annum)",3.33,g,G022,Red chilli whole,1,
GF-REC-00591,GF-ING-00270,"Chillies, red (Capsicum annum)",3.33,g,G022,Whole red chilli,1,
GF-REC-00591,GF-ING-00272,Coriander seeds (Coriandrum sativum),1.0,tsp,G024,Coriander seeds,1,tsp
GF-REC-00591,GF-ING-00273,Cumin seeds (Cuminum cyminum),0.125,tsp,G025,Cumin seeds,.125,tsp
GF-REC-00591,GF-ING-00279,"Pepper, black (Piper nigrum)",0.5,tsp,G031,Pepper corns,2,
GF-REC-00591,GF-ING-00294,Mustard seeds (Brassica nigra),0.25,tsp,H013,Mustard seeds,.25,tsp
GF-REC-00591,,"Lemons, flesh only, raw, weighed with peel and pips",7.5,g,UK-14-130,Lemon juice,.25,lemon
GF-REC-00591,,"Oil, sunflower",0.5,tsp,UK-17-045,Oil,.5,tsp
GF-REC-00591,,Salt,0.5,tsp,UK-17-367,Salt,.5,tsp
GF-REC-00591,,"Water, distilled",1.25,C,UK-17-377,Water,1.25,cups
GF-REC-00592,GF-ING-00035,"Green gram, whole (Vigna radiata)",30.0,g,B011,Whole pulses,30,g
GF-REC-00592,GF-ING-00260,"Garlic, small clove (Allium sativum)",0.63,g,G012,Garlic,1,cloves
GF-REC-00592,GF-ING-00262,"Ginger, fresh (Zingiber officinale)",5.0,g,G014,Ginger,1,cm
GF-REC-00592,GF-ING-00269,"Cardamom, black (Elettaria cardamomum)",0.125,tsp,G021,Black cardamom,.5,
GF-REC-00592,GF-ING-00271,Cloves (Syzygium aromaticum),0.25,tsp,G023,Clove,1,
GF-REC-00592,GF-ING-00273,Cumin seeds (Cuminum cyminum),0.5,tsp,G025,Cumin seeds,.5,tsp
GF-REC-00592,GF-ING-00279,"Pepper, black (Piper nigrum)",0.25,tsp,G031,Pepper corns,1,
GF-REC-00592,GF-ING-00281,Turmeric powder (Curcuma domestica),0.17,tsp,G033,Turmeric powder,.167,tsp
GF-REC-00592,,Garam masala,0.125,tsp,UK-13-829,Garam masala,.125,tsp
GF-REC-00592,,Chilli powder,0.125,tsp,UK-13-873,Red chilli powder,.125,tsp
GF-REC-00592,,"Cinnamon, ground",1.0,g,UK-13-874,Cinnamon,1,cm
GF-REC-00592,,Salt,0.5,tsp,UK-17-367,Salt,.5,tsp
GF-REC-00592,,"Water, distilled",180.0,ml,UK-17-377,Water,180,ml
GF-REC-00592,,"Ghee, butter",5.0,g,UK-17-640,Ghee/oil,5,g
GF-REC-00593,GF-ING-00025,"Bengal gram, dal (Cicer arietinum)",5.0,g,B001,Bengal gram,5,g
GF-REC-00593,GF-ING-00028,"Black gram, whole (Phaseolus mungo)",25.0,g,B004,Whole black gram,25,g
GF-REC-00593,GF-ING-00044,"Rajmah, red (Phaseolus vulgaris)",5.0,g,B020,Rajmah,5,g
GF-REC-00593,GF-ING-00158,"Tomato, ripe, hybrid (Solanum lycopersicum)",100.0,g,D075,Tomato,100,g
GF-REC-00593,GF-ING-00256,"Chillies, green - all varieties (Capsicum annum)",1.67,g,G008,Green chilli,.5,
GF-REC-00593,GF-ING-00257,Coriander leaves (Coriandrum sativum),1.0,sprig,G009,Green coriander leaves,1,sprig
GF-REC-00593,GF-ING-00260,"Garlic, small clove (Allium sativum)",0.63,g,G012,Garlic,1,cloves
GF-REC-00593,GF-ING-00262,"Ginger, fresh (Zingiber officinale)",5.0,g,G014,Ginger,5,g
GF-REC-00593,GF-ING-00262,"Ginger, fresh (Zingiber officinale)",5.0,g,G014,Ginger,5,g
GF-REC-00593,GF-ING-00268,"Cardamom, green (Elettaria cardamomum)",0.25,tsp,G020,Green cardamom,1,
GF-REC-00593,GF-ING-00281,Turmeric powder (Curcuma domestica),0.25,tsp,G033,Turmeric powder,.25,tsp
GF-REC-00593,,"Yogurt, whole milk, plain",15.0,g,UK-12-184,Curd,15,g
GF-REC-00593,,"Cream, fresh, single",15.0,g,UK-12-332,Cream,15,g
GF-REC-00593,,Garam masala,0.125,tsp,UK-13-829,Garam masala,.125,tsp
GF-REC-00593,,Chilli powder,0.125,tsp,UK-13-873,Red chilli powder,.125,tsp
GF-REC-00593,,Chilli powder,0.25,tsp,UK-13-873,Red chilli powder,.25,tsp
GF-REC-00593,,Salt,0.125,tsp,UK-17-367,Salt,.125,tsp
GF-REC-00593,,Salt,0.125,tsp,UK-17-367,Salt,1,pinch
GF-REC-00593,,"Water, distilled",1.0,C,UK-17-377,Water,1,cups
GF-REC-00593,,"Ghee, butter",10.0,g,UK-17-640,Ghee/Butter,10,g
GF-REC-00593,,"Ghee, butter",10.0,g,UK-17-640,Oil/Ghee,10,g
GF-REC-00594,GF-ING-00158,"Tomato, ripe, hybrid (Solanum lycopersicum)",50.0,g,D075,Tomato,50,g
GF-REC-00594,GF-ING-00257,Coriander leaves (Coriandrum sativum),1.0,sprig,G009,Coriander leaves,1,sprig
GF-REC-00594,GF-ING-00260,"Garlic, small clove (Allium sativum)",0.63,g,G012,Garlic,1,cloves
GF-REC-00594,GF-ING-00262,"Ginger, fresh (Zingiber officinale)",15.0,g,G014,Ginger,3,cm
GF-REC-00594,GF-ING-00265,"Onion, big (Allium cepa)",30.0,g,G017,Onion,30,g
GF-REC-00594,GF-ING-00269,"Cardamom, black (Elettaria cardamomum)",0.25,tsp,G021,Black cardamom,1,
GF-REC-00594,GF-ING-00271,Cloves (Syzygium aromaticum),0.25,tsp,G023,Clove,1,
GF-REC-00594,GF-ING-00272,Coriander seeds (Coriandrum sativum),0.25,tsp,G024,Coriander powder,.25,tsp
GF-REC-00594,GF-ING-00279,"Pepper, black (Piper nigrum)",0.5,tsp,G031,Pepper corns,2,
GF-REC-00594,GF-ING-00281,Turmeric powder (Curcuma domestica),0.125,tsp,G033,Turmeric powder,.125,tsp
GF-REC-00594,,"Yogurt, whole milk, plain",1.0,tsp,UK-12-184,Curd,1,tsp
GF-REC-00594,,"Beans, chick peas, Kabuli, whole, dried, raw",40.0,g,UK-13-074,Kabuli channa,40,g
GF-REC-00594,,Chilli powder,0.125,tsp,UK-13-873,Red chilli powder,.125,tsp
GF-REC-00594,,"Cinnamon, ground",1.0,g,UK-13-874,Cinnamon,1,cm
GF-REC-00594,,"Oil, sunflower",2.0,tsp,UK-17-045,Oil,2,tsp
GF-REC-00594,,Salt,0.5,tsp,UK-17-367,Salt,.5,tsp
GF-REC-00594,,"Water, distilled",200.0,ml,UK-17-377,Water,200,ml
GF-REC-00595,GF-ING-00158,"Tomato, ripe, hybrid (Solanum lycopersicum)",30.0,g,D075,Tomato,30,g
GF-REC-00595,GF-ING-00218,"Raisins, dried, black (Vitis vinifera)",0.89,g,E057,Raisins,4,
GF-REC-00595,GF-ING-00256,"Chillies, green - all varieties (Capsicum annum)",1.67,g,G008,Green chilli,.5,
GF-REC-00595,GF-ING-00257,Coriander leaves (Coriandrum sativum),1.0,sprig,G009,Coriander leaves,1,sprig
GF-REC-00595,GF-ING-00257,Coriander leaves (Coriandrum sativum),1.0,sprig,G009,Coriander leaves,1,sprig
GF-REC-00595,GF-ING-00262,"Ginger, fresh (Zingiber officinale)",5.0,g,G014,Ginger,5,g
GF-REC-00595,GF-ING-00265,"Onion, big (Allium cepa)",30.0,g,G017,Onion,30,g
GF-REC-00595,GF-ING-00267,Asafoetida (Ferula assa-foetida),0.25,tsp,G019,Asafoetida,1,pinch
GF-REC-00595,GF-ING-00268,"Cardamom, green (Elettaria cardamomum)",0.25,tsp,G020,Green cardamom,1,
GF-REC-00595,GF-ING-00271,Cloves (Syzygium aromaticum),0.25,tsp,G023,Clove,1,
GF-REC-00595,GF-ING-00272,Coriander seeds (Coriandrum sativum),0.5,tsp,G024,Coriander powder,.5,tsp
GF-REC-00595,GF-ING-00273,Cumin seeds (Cuminum cyminum),0.25,tsp,G025,Black cumin seeds,.25,tsp
GF-REC-00595,GF-ING-00273,Cumin seeds (Cuminum cyminum),0.25,tsp,G025,Cumin seeds,.25,tsp
GF-REC-00595,GF-ING-00275,Mace (Myristica fragrans),0.25,tsp,G027,Mace powder,1,pinch
GF-REC-00595,GF-ING-00281,Turmeric powder (Curcuma domestica),0.25,tsp,G033,Turmeric powder,.25,tsp
GF-REC-00595,GF-ING-00313,Paneer,20.0,g,L003,Cottage cheese,20,g
GF-REC-00595,,"Flour, gram",45.0,g,UK-11-896,Bengal gram flour,45,g
GF-REC-00595,,"Yogurt, whole milk, plain",15.0,g,UK-12-184,Curds,15,g
GF-REC-00595,,"Yogurt, whole milk, plain",50.0,g,UK-12-184,Curds,50,g
GF-REC-00595,,"Basil, dried, ground",3.75,g,UK-13-805,Basil,5,
GF-REC-00595,,Garam masala,0.25,tsp,UK-13-829,Garam masala,.25,tsp
GF-REC-00595,,Chilli powder,0.25,tsp,UK-13-873,Red chilli powder,.25,tsp
GF-REC-00595,,"Cinnamon, ground",1.0,g,UK-13-874,Cinnamon,1,cm
GF-REC-00595,,"Oil, sunflower",1.0,tsp,UK-17-045,Oil,1,tsp
GF-REC-00595,,"Oil, sunflower",15.0,g,UK-17-045,Oil,15,g
GF-REC-00595,,Bicarbonate of soda,0.17,tsp,UK-17-356,Baking soda,.167,tsp
GF-REC-00595,,Salt,0.25,tsp,UK-17-367,Salt,.25,tsp
GF-REC-00595,,Salt,0.25,tsp,UK-17-367,Salt,1,pinch
GF-REC-00595,,Salt,0.25,tsp,UK-17-367,Salt,.25,tsp
GF-REC-00595,,"Water, distilled",1.5,tbsp,UK-17-377,Water,1.5,tbsp
GF-REC-00596,GF-ING-00257,Coriander leaves (Coriandrum sativum),1.0,sprig,G009,Coriander leaves,1,sprig
GF-REC-00596,GF-ING-00260,"Garlic, small clove (Allium sativum)",1.87,g,G012,Garlic,3,cloves
GF-REC-00596,GF-ING-00262,"Ginger, fresh (Zingiber officinale)",7.0,g,G014,Ginger,7,g
GF-REC-00596,GF-ING-00265,"Onion, big (Allium cepa)",30.0,g,G017,Onion,30,g
GF-REC-00596,GF-ING-00269,"Cardamom, black (Elettaria cardamomum)",0.125,tsp,G021,Black cardamom,.5,
GF-REC-00596,GF-ING-00271,Cloves (Syzygium aromaticum),0.25,tsp,G023,Clove,1,
GF-REC-00596,GF-ING-00279,"Pepper, black (Piper nigrum)",0.75,tsp,G031,Pepper corns,3,
GF-REC-00596,GF-ING-00281,Turmeric powder (Curcuma domestica),0.125,tsp,G033,Turmeric powder,.125,tsp
GF-REC-00596,,"MUTTON, muscle",120.0,g,O064,Mutton chops,120,g
GF-REC-00596,,"Yogurt, whole milk, plain",60.0,g,UK-12-184,Curd,60,g
GF-REC-00596,,Garam masala,0.25,tsp,UK-13-829,Garam masala,.25,tsp
GF-REC-00596,,Chilli powder,0.25,tsp,UK-13-873,Red chilli powder,.25,tsp
GF-REC-00596,,"Cinnamon, ground",0.25,tsp,UK-13-874,Cinnamon,1,cm
GF-REC-00596,,"Oil, sunflower",10.0,g,UK-17-045,Oil,10,g
GF-REC-00596,,Salt,0.17,tsp,UK-17-367,Salt,.167,tsp
GF-REC-00596,,"Water, distilled",60.0,ml,UK-17-377,Water,60,ml
GF-REC-00597,GF-ING-00257,Coriander leaves (Coriandrum sativum),1.0,sprig,G009,Coriander leaves,1,sprig
GF-REC-00597,GF-ING-00260,"Garlic, small clove (Allium sativum)",1.87,g,G012,Garlic,3,cloves
GF-REC-00597,GF-ING-00262,"Ginger, fresh (Zingiber officinale)",10.0,g,G014,Ginger,10,g
GF-REC-00597,GF-ING-00265,"Onion, big (Allium cepa)",20.0,g,G017,Onion,20,g
GF-REC-00597,GF-ING-00265,"Onion, big (Allium cepa)",30.0,g,G017,Onion,30,g
GF-REC-00597,GF-ING-00272,Coriander seeds (Coriandrum sativum),1.0,tsp,G024,Coriander seeds,1,tsp
GF-REC-00597,,"MUTTON, muscle",120.0,g,O064,Mutton,120,g
GF-REC-00597,,"Yogurt, whole milk, plain",30.0,g,UK-12-184,Curd,30,g
GF-REC-00597,,"Cream, fresh, single",20.0,g,UK-12-332,Cream,20,g
GF-REC-00597,,Garam masala,0.125,tsp,UK-13-829,Garam masala,.125,tsp
GF-REC-00597,,Saffron,0.005,g,UK-13-852,Saffron strands,2,
GF-REC-00597,,"Oil, sunflower",10.0,ml,UK-17-045,Oil,10,ml
GF-REC-00597,,Salt,0.17,tsp,UK-17-367,Salt,.167,tsp
GF-REC-00597,,"Water, distilled",0.5,C,UK-17-377,Water,.5,cup
GF-REC-00598,GF-ING-00158,"Tomato, ripe, hybrid (Solanum lycopersicum)",60.0,g,D075,Tomato,60,g
GF-REC-00598,GF-ING-00257,Coriander leaves (Coriandrum sativum),1.0,sprig,G009,Coriander leaves,1,sprig
GF-REC-00598,GF-ING-00260,"Garlic, small clove (Allium sativum)",1.25,g,G012,Garlic,2,cloves
GF-REC-00598,GF-ING-00260,"Garlic, small clove (Allium sativum)",1.25,g,G012,Garlic,2,cloves
GF-REC-00598,GF-ING-00262,"Ginger, fresh (Zingiber officinale)",8.0,g,G014,Ginger,8,g
GF-REC-00598,GF-ING-00262,"Ginger, fresh (Zingiber officinale)",8.0,g,G014,Ginger,8,g
GF-REC-00598,GF-ING-00265,"Onion, big (Allium cepa)",15.0,g,G017,Onion,15,g
GF-REC-00598,GF-ING-00265,"Onion, big (Allium cepa)",40.0,g,G017,Onion,40,g
GF-REC-00598,GF-ING-00269,"Cardamom, black (Elettaria cardamomum)",0.25,tsp,G021,Black cardamom,1,
GF-REC-00598,GF-ING-00271,Cloves (Syzygium aromaticum),0.25,tsp,G023,Clove,1,
GF-REC-00598,GF-ING-00272,Coriander seeds (Coriandrum sativum),0.5,tsp,G024,Coriander seeds,.5,tsp
GF-REC-00598,GF-ING-00272,Coriander seeds (Coriandrum sativum),0.5,tsp,G024,Coriander seeds,.5,tsp
GF-REC-00598,GF-ING-00275,Mace (Myristica fragrans),1.0,g,G027,Blade of mace,1,
GF-REC-00598,GF-ING-00276,Nutmeg (Myristica fragrans),0.25,tsp,G028,Nutmeg powder,1,pinch
GF-REC-00598,GF-ING-00280,Poppy seeds (Papaver somniferum),0.5,tsp,G032,Poppy seeds,.5,tsp
GF-REC-00598,GF-ING-00281,Turmeric powder (Curcuma domestica),0.125,tsp,G033,Turmeric powder,.125,tsp
GF-REC-00598,,Garam masala,0.125,tsp,UK-13-829,Garam masala,.125,tsp
GF-REC-00598,,Garam masala,0.125,tsp,UK-13-829,Garam masala,.125,tsp
GF-REC-00598,,Chilli powder,0.125,tsp,UK-13-873,Red chilli powder,.125,tsp
GF-REC-00598,,Chilli powder,0.125,tsp,UK-13-873,Red chilli powder,.125,tsp
GF-REC-00598,,"Cinnamon, ground",0.25,tsp,UK-13-874,Cinnamon,1,cm
GF-REC-00598,,"Oil, sunflower",2.0,tsp,UK-17-045,Oil,2,tsp
GF-REC-00598,,"Oil, sunflower",5.0,g,UK-17-045,Oil,5,g
GF-REC-00598,,"Oil, sunflower",240.0,ml,UK-17-045,Oil,for deep frying,
GF-REC-00598,,Salt,0.17,tsp,UK-17-367,Salt,.167,tsp
GF-REC-00598,,Salt,0.5,tsp,UK-17-367,Salt,.5,tsp
GF-REC-00598,,"Water, distilled",100.0,ml,UK-17-377,Hot water,100,ml
GF-REC-00598,,"Lamb, mince, raw",120.0,g,UK-18-481,Minced meat,120,g
GF-REC-00599,GF-ING-00158,"Tomato, ripe, hybrid (Solanum lycopersicum)",60.0,g,D075,Tomato,60,g
GF-REC-00599,GF-ING-00257,Coriander leaves (Coriandrum sativum),1.0,sprig,G009,Coriander leaves,1,sprig
GF-REC-00599,GF-ING-00260,"Garlic, small clove (Allium sativum)",1.25,g,G012,Garlic,2,cloves
GF-REC-00599,GF-ING-00260,"Garlic, small clove (Allium sativum)",1.25,g,G012,Garlic,2,cloves
GF-REC-00599,GF-ING-00262,"Ginger, fresh (Zingiber officinale)",5.0,g,G014,Ginger,5,g
GF-REC-00599,GF-ING-00262,"Ginger, fresh (Zingiber officinale)",8.0,g,G014,Ginger,8,g
GF-REC-00599,GF-ING-00265,"Onion, big (Allium cepa)",15.0,g,G017,Onion,15,g
GF-REC-00599,GF-ING-00265,"Onion, big (Allium cepa)",40.0,g,G017,Onion,40,g
GF-REC-00599,GF-ING-00269,"Cardamom, black (Elettaria cardamomum)",0.25,tsp,G021,Black cardamom,1,
GF-REC-00599,GF-ING-00269,"Cardamom, black (Elettaria cardamomum)",0.25,tsp,G021,Black cardamom,1,
GF-REC-00599,GF-ING-00271,Cloves (Syzygium aromaticum),0.25,tsp,G023,Clove,1,
GF-REC-00599,GF-ING-00272,Coriander seeds (Coriandrum sativum),0.5,tsp,G024,Coriander seeds,.5,tsp
GF-REC-00599,GF-ING-00275,Mace (Myristica fragrans),1.0,g,G027,Blade of mace,1,
GF-REC-00599,GF-ING-00279,"Pepper, black (Piper nigrum)",0.5,tsp,G031,Pepper corns,2,
GF-REC-00599,GF-ING-00280,Poppy seeds (Papaver somniferum),0.5,tsp,G032,Poppy seeds,.5,tsp
GF-REC-00599,GF-ING-00281,Turmeric powder (Curcuma domestica),0.125,tsp,G033,Turmeric powder,.125,tsp
GF-REC-00599,,Garam masala,0.125,tsp,UK-13-829,Garam masala,.125,tsp
GF-REC-00599,,Chilli powder,0.125,tsp,UK-13-873,Red chilli powder,.125,tsp
GF-REC-00599,,"Cinnamon, ground",0.25,tsp,UK-13-874,Cinnamon,1,cm
GF-REC-00599,,"Cinnamon, ground",0.25,tsp,UK-13-874,Cinnamon,1,cm
GF-REC-00599,,"Oil, sunflower",1.0,tsp,UK-17-045,Oil,1,tsp
GF-REC-00599,,"Oil, sunflower",2.0,tsp,UK-17-045,Oil,2,tsp
GF-REC-00599,,Salt,0.17,tsp,UK-17-367,Salt,.167,tsp
GF-REC-00599,,Salt,0.5,tsp,UK-17-367,Salt,.5,tsp
GF-REC-00599,,"Water, distilled",100.0,ml,UK-17-377,Hot water,100,ml
GF-REC-00599,,"Lamb, mince, raw",120.0,g,UK-18-481,Minced meat,120,g
GF-REC-00600,,TOMATO COLOUR,0.25,tsp,,Tomato color,a few grains,
GF-REC-00600,GF-ING-00142,"Papaya, raw (Carica papaya)",20.0,g,D059,"Papaya, raw",20,g
GF-REC-00600,GF-ING-00260,"Garlic, small clove (Allium sativum)",1.87,g,G012,Garlic,3,cloves
GF-REC-00600,GF-ING-00262,"Ginger, fresh (Zingiber officinale)",10.0,g,G014,Ginger,10,g
GF-REC-00600,GF-ING-00265,"Onion, big (Allium cepa)",30.0,g,G017,Onion,garnish,
GF-REC-00600,GF-ING-00273,Cumin seeds (Cuminum cyminum),0.25,tsp,G025,Cumin seeds powder,.25,tsp
GF-REC-00600,,"MUTTON, muscle",120.0,g,O064,Mutton boneless boti,120,g
GF-REC-00600,,"Yogurt, whole milk, plain",30.0,g,UK-12-184,Curd,30,g
GF-REC-00600,,Garam masala,0.25,tsp,UK-13-829,Garam masala,.25,tsp
GF-REC-00600,,Chilli powder,0.125,tsp,UK-13-873,Red chilli powder,.125,tsp
GF-REC-00600,,"Lemons, flesh only, raw, weighed with peel and pips",30.0,g,UK-14-130,Lemon,garnish,
GF-REC-00600,,"Lemons, flesh only, raw, weighed with peel and pips",15.0,g,UK-14-130,Lemon juice,.5,lemon
GF-REC-00600,,"Oil, sunflower",2.0,tsp,UK-17-045,Oil,2,tsp
GF-REC-00600,,Vinegar,1.0,tsp,UK-17-339,Vinegar,1,tsp
GF-REC-00600,,Salt,0.17,tsp,UK-17-367,Salt,.167,tsp
GF-REC-00600,,"Water, distilled",1.0,tsp,UK-17-377,Water,1,tsp
GF-REC-00601,,TOMATO COLOUR,0.25,tsp,,Tomato color,a few grains,
GF-REC-00601,GF-ING-00194,"Lemon, juice (Citrus limon)",1.0,tsp,E033,Lime juice,1,tsp
GF-REC-00601,GF-ING-00257,Coriander leaves (Coriandrum sativum),1.0,sprig,G009,Coriander leaves,1,sprig
GF-REC-00601,GF-ING-00262,"Ginger, fresh (Zingiber officinale)",5.0,g,G014,Ginger,5,g
GF-REC-00601,GF-ING-00265,"Onion, big (Allium cepa)",30.0,g,G017,Onion slice,1,nos
GF-REC-00601,GF-ING-00271,Cloves (Syzygium aromaticum),0.25,tsp,G023,Clove,1,
GF-REC-00601,GF-ING-00272,Coriander seeds (Coriandrum sativum),1.0,tsp,G024,Coriander seeds,1,tsp
GF-REC-00601,GF-ING-00273,Cumin seeds (Cuminum cyminum),0.5,tsp,G025,Cumin seeds,.5,tsp
GF-REC-00601,GF-ING-00276,Nutmeg (Myristica fragrans),0.25,tsp,G028,Nutmeg powder,1,pinch
GF-REC-00601,GF-ING-00279,"Pepper, black (Piper nigrum)",0.75,tsp,G031,Pepper corns,3,
GF-REC-00601,GF-ING-00280,Poppy seeds (Papaver somniferum),0.25,tsp,G032,Poppy seeds,.25,tsp
GF-REC-00601,GF-ING-00282,Almond (Prunus amygdalus),1.1,g,H001,Almonds,1,
GF-REC-00601,,"MUTTON, muscle",100.0,g,O064,Mutton mince,100,g
GF-REC-00601,,Garam masala,0.125,tsp,UK-13-829,Garam masala,.125,tsp
GF-REC-00601,,Chilli powder,0.125,tsp,UK-13-873,Red chilli powder,.125,tsp
GF-REC-00601,,"Lemons, flesh only, raw, weighed with peel and pips",30.0,g,UK-14-130,Lemon,1,
GF-REC-00601,,Salt,0.17,tsp,UK-17-367,Salt,.167,tsp
GF-REC-00602,GF-ING-00158,"Tomato, ripe, hybrid (Solanum lycopersicum)",30.0,g,D075,Tomato,30,g
GF-REC-00602,GF-ING-00256,"Chillies, green - all varieties (Capsicum annum)",1.67,g,G008,Green chilli,.5,
GF-REC-00602,GF-ING-00260,"Garlic, small clove (Allium sativum)",1.25,g,G012,Garlic,2,cloves
GF-REC-00602,GF-ING-00260,"Garlic, small clove (Allium sativum)",1.25,g,G012,Garlic,2,cloves
GF-REC-00602,GF-ING-00262,"Ginger, fresh (Zingiber officinale)",5.0,g,G014,Ginger,5,g
GF-REC-00602,GF-ING-00262,"Ginger, fresh (Zingiber officinale)",5.0,g,G014,Ginger,5,g
GF-REC-00602,GF-ING-00265,"Onion, big (Allium cepa)",60.0,g,G017,Onion,60,g
GF-REC-00602,GF-ING-00265,"Onion, big (Allium cepa)",15.0,g,G017,Onions,15,g
GF-REC-00602,GF-ING-00272,Coriander seeds (Coriandrum sativum),0.25,tsp,G024,Dry coriander seeds,.25,tsp
GF-REC-00602,GF-ING-00273,Cumin seeds (Cuminum cyminum),0.125,tsp,G025,Cumin seeds,.125,tsp
GF-REC-00602,GF-ING-00281,Turmeric powder (Curcuma domestica),0.125,tsp,G033,Turmeric powder,.125,tsp
GF-REC-00602,GF-ING-00281,Turmeric powder (Curcuma domestica),0.125,tsp,G033,Turmeric powder,.125,tsp
GF-REC-00602,GF-ING-00315,"Egg, poultry, whole, raw",25.0,g,M001,Egg,.5,
GF-REC-00602,GF-ING-00315,"Egg, poultry, whole, raw",50.0,g,M001,Egg,1,
GF-REC-00602,,"Flour, gram",10.0,g,UK-11-896,Bengal gram flour,10,g
GF-REC-00602,,"Cream, fresh, single",1.0,tbsp,UK-12-332,Cream,1,tbsp
GF-REC-00602,,Garam masala,0.125,tsp,UK-13-829,Garam masala,.125,tsp
GF-REC-00602,,Chilli powder,0.125,tsp,UK-13-873,Red chilli powder,.125,tsp
GF-REC-00602,,Chilli powder,0.125,tsp,UK-13-873,Red chilli powder,.125,tsp
GF-REC-00602,,"Oil, sunflower",10.0,g,UK-17-045,Oil,10,g
GF-REC-00602,,"Oil, sunflower",240.0,ml,UK-17-045,Oil,for deep frying,
GF-REC-00602,,Salt,0.17,tsp,UK-17-367,Salt,.167,tsp
GF-REC-00602,,Salt,0.17,tsp,UK-17-367,Salt,.167,tsp
GF-REC-00602,,"Water, distilled",0.5,C,UK-17-377,Water,.5,cup
GF-REC-00602,,"Water, distilled",4.0,tsp,UK-17-377,Water,4,tsp
GF-REC-00602,,"Water, distilled",90.0,ml,UK-17-377,Water,80 to 100,ml
GF-REC-00602,,"Lamb, mince, raw",80.0,g,UK-18-481,Minced meat,80,g
GF-REC-00603,GF-ING-00116,"Capsicum, green (Capsicum annuum)",20.0,g,D033,Capsicum,20,g
GF-REC-00603,GF-ING-00120,Celery stalk (Apium graveolens),17.0,g,D037,Celery,1,cm
GF-REC-00603,GF-ING-00126,"Cucumber, green, elongate (Cucumis sativus)",10.0,g,D043,Cucumber,10,g
GF-REC-00603,GF-ING-00214,Pineapple (Ananas comosus),25.0,g,E053,Pineapple slice,.5,slice
GF-REC-00603,GF-ING-00265,"Onion, big (Allium cepa)",10.0,g,G017,Onion,10,g
GF-REC-00603,GF-ING-00279,"Pepper, black (Piper nigrum)",0.25,tsp,G031,Pepper,a,dash
GF-REC-00603,GF-ING-00305,"Button mushroom, fresh (Agaricus sp.)",20.0,g,J001,Mushroom,20,g
GF-REC-00603,GF-ING-00317,"Egg, poultry, yolk, raw",2.0,tsp,M003,Egg yolk,2,tsp
GF-REC-00603,,"Flour, corn",0.5,tsp,UK-11-1045,Cornflour,.5,tsp
GF-REC-00603,,"Flour, corn",1.0,tbsp,UK-11-1045,Cornflour,1,tbsp
GF-REC-00603,,"Tofu, soya bean, steamed",20.0,g,UK-13-570,Nutrinugget chunks,20,g
GF-REC-00603,,"Oil, sunflower",1.0,tsp,UK-17-045,Oil,1,tsp
GF-REC-00603,,"Oil, sunflower",240.0,ml,UK-17-045,Oil,to fry,
GF-REC-00603,,"Sugar, white",0.25,tsp,UK-17-063,Sugar,.25,tsp
GF-REC-00603,,Vinegar,0.5,tbsp,UK-17-339,Vinegar,.5,tbsp
GF-REC-00603,,Salt,0.17,tsp,UK-17-367,Salt,.167,tsp
GF-REC-00603,,"Soy sauce, light and dark varieties",0.5,tsp,UK-17-721,Soya sauce,.5,tsp
GF-REC-00603,,"Stock cubes, vegetable",60.0,ml,UK-17-727,Chicken stock,60,ml
GF-REC-00603,,"Tomato sauce, homemade",1.5,tsp,UK-50-1173,Tomato sauce,1.5,tsp
GF-REC-00604,GF-ING-00256,"Chillies, green - all varieties (Capsicum annum)",1.67,tsp,G008,Green chilli,.5,
GF-REC-00604,GF-ING-00257,Coriander leaves (Coriandrum sativum),1.0,sprig,G009,Coriander leaves,a few,
GF-REC-00604,GF-ING-00260,"Garlic, small clove (Allium sativum)",1.25,g,G012,Garlic,2,cloves
GF-REC-00604,GF-ING-00260,"Garlic, small clove (Allium sativum)",1.87,g,G012,Garlic,3,cloves
GF-REC-00604,GF-ING-00262,"Ginger, fresh (Zingiber officinale)",10.0,g,G014,Ginger,10,g
GF-REC-00604,GF-ING-00262,"Ginger, fresh (Zingiber officinale)",10.0,g,G014,Ginger,10,g
GF-REC-00604,GF-ING-00265,"Onion, big (Allium cepa)",40.0,g,G017,Onion,40,g
GF-REC-00604,GF-ING-00265,"Onion, big (Allium cepa)",40.0,g,G017,Onion,40,g
GF-REC-00604,GF-ING-00268,"Cardamom, green (Elettaria cardamomum)",0.25,tsp,G020,Green cardamom,1,
GF-REC-00604,GF-ING-00271,Cloves (Syzygium aromaticum),0.25,tsp,G023,Clove,1,
GF-REC-00604,GF-ING-00272,Coriander seeds (Coriandrum sativum),0.25,tsp,G024,Coriander seeds,.25,tsp
GF-REC-00604,GF-ING-00272,Coriander seeds (Coriandrum sativum),0.33,tsp,G024,Coriander seeds,.33,tsp
GF-REC-00604,GF-ING-00273,Cumin seeds (Cuminum cyminum),0.33,tsp,G025,Cumin powder,.33,tsp
GF-REC-00604,GF-ING-00273,Cumin seeds (Cuminum cyminum),0.25,tsp,G025,Cumin seeds,.25,tsp
GF-REC-00604,GF-ING-00275,Mace (Myristica fragrans),1.0,g,G027,Blade of mace,1,
GF-REC-00604,GF-ING-00280,Poppy seeds (Papaver somniferum),0.33,tsp,G032,Poppy seeds,.33,tsp
GF-REC-00604,GF-ING-00281,Turmeric powder (Curcuma domestica),0.25,tsp,G033,Turmeric powder,.25,tsp
GF-REC-00604,GF-ING-00286,Cashew nut (Anacardium occidentale),3.33,g,H005,Cashewnuts,2,
GF-REC-00604,GF-ING-00287,"Coconut, kernal, dry (Cocos nucifera)",2.0,tsp,H006,Coconut,2,tsp
GF-REC-00604,,"Yogurt, whole milk, plain",75.0,g,UK-12-184,Curd,75,g
GF-REC-00604,,"Tofu, soya bean, steamed",20.0,g,UK-13-570,Nutrinugget chunks,20,g
GF-REC-00604,,Garam masala,0.25,tsp,UK-13-829,Garam masala,.25,tsp
GF-REC-00604,,Chilli powder,0.125,tsp,UK-13-873,Red chilli powder,.125,tsp
GF-REC-00604,,Chilli powder,0.25,tsp,UK-13-873,Red chilli powder,.25,tsp
GF-REC-00604,,"Cinnamon, ground",0.25,tsp,UK-13-874,Cinnamon,1,cm
GF-REC-00604,,"Oil, sunflower",15.0,g,UK-17-045,Oil,15,g
GF-REC-00604,,Salt,0.17,tsp,UK-17-367,Salt,.167,tsp
GF-REC-00604,,Salt,0.17,tsp,UK-17-367,Salt,.167,tsp
GF-REC-00604,,"Water, distilled",15.0,ml,UK-17-377,Hot water,15,ml
GF-REC-00605,GF-ING-00144,"Peas, fresh (Pisum sativum)",50.0,g,D061,Peas shelled,50,g
GF-REC-00605,GF-ING-00158,"Tomato, ripe, hybrid (Solanum lycopersicum)",60.0,g,D075,Tomato,60,g
GF-REC-00605,GF-ING-00256,"Chillies, green - all varieties (Capsicum annum)",1.67,g,G008,Green chilli,.5,
GF-REC-00605,GF-ING-00257,Coriander leaves (Coriandrum sativum),1.0,sprig,G009,Coriander leaves,1,sprig
GF-REC-00605,GF-ING-00260,"Garlic, small clove (Allium sativum)",1.25,g,G012,Garlic,2,cloves
GF-REC-00605,GF-ING-00262,"Ginger, fresh (Zingiber officinale)",10.0,g,G014,Ginger,10,g
GF-REC-00605,GF-ING-00265,"Onion, big (Allium cepa)",30.0,g,G017,Onion,30,g
GF-REC-00605,GF-ING-00269,"Cardamom, black (Elettaria cardamomum)",0.25,tsp,G021,Black cardamom,1,
GF-REC-00605,GF-ING-00271,Cloves (Syzygium aromaticum),0.25,tsp,G023,Clove,1,
GF-REC-00605,GF-ING-00281,Turmeric powder (Curcuma domestica),0.25,tsp,G033,Turmeric powder,.25,tsp
GF-REC-00605,GF-ING-00305,"Button mushroom, fresh (Agaricus sp.)",60.0,g,J001,Mushroom,60,g
GF-REC-00605,,"Bay leaf, dried",0.4,g,UK-13-806,Bay leaf,1,
GF-REC-00605,,Chilli powder,0.125,tsp,UK-13-873,Red chilli powder,.125,tsp
GF-REC-00605,,"Cinnamon, ground",0.25,tsp,UK-13-874,Cinnamon,1,cm
GF-REC-00605,,"Oil, sunflower",10.0,g,UK-17-045,Oil,10,g
GF-REC-00605,,Salt,0.17,tsp,UK-17-367,Salt,.167,tsp
GF-REC-00605,,"Water, distilled",5.0,ml,UK-17-377,Water,5,ml
GF-REC-00605,,"Water, distilled",30.0,ml,UK-17-377,Water,30,ml
GF-REC-00606,GF-ING-00144,"Peas, fresh (Pisum sativum)",50.0,g,D061,Peas shelled,50,g
GF-REC-00606,GF-ING-00158,"Tomato, ripe, hybrid (Solanum lycopersicum)",60.0,g,D075,Tomato,60,g
GF-REC-00606,GF-ING-00256,"Chillies, green - all varieties (Capsicum annum)",1.67,g,G008,Green chilli,.5,
GF-REC-00606,GF-ING-00257,Coriander leaves (Coriandrum sativum),1.0,sprig,G009,Coriander leaves,1,sprig
GF-REC-00606,GF-ING-00260,"Garlic, small clove (Allium sativum)",1.25,g,G012,Garlic,2,cloves
GF-REC-00606,GF-ING-00262,"Ginger, fresh (Zingiber officinale)",10.0,g,G014,Ginger,10,g
GF-REC-00606,GF-ING-00265,"Onion, big (Allium cepa)",30.0,g,G017,Onion,30,g
GF-REC-00606,GF-ING-00269,"Cardamom, black (Elettaria cardamomum)",0.25,tsp,G021,Black cardamom,1,
GF-REC-00606,GF-ING-00271,Cloves (Syzygium aromaticum),0.25,tsp,G023,Clove,1,
GF-REC-00606,GF-ING-00281,Turmeric powder (Curcuma domestica),0.25,tsp,G033,Turmeric powder,.25,tsp
GF-REC-00606,,"Tofu, soya bean, steamed",20.0,g,UK-13-570,Nutrinugget chunks,20,g
GF-REC-00606,,"Bay leaf, dried",0.4,g,UK-13-806,Bay leaf,1,
GF-REC-00606,,Chilli powder,0.125,tsp,UK-13-873,Red chilli powder,.125,tsp
GF-REC-00606,,"Cinnamon, ground",0.25,tsp,UK-13-874,Cinnamon,1,cm
GF-REC-00606,,"Oil, sunflower",10.0,g,UK-17-045,Oil,10,g
GF-REC-00606,,Salt,0.17,tsp,UK-17-367,Salt,.167,tsp
GF-REC-00606,,"Water, distilled",5.0,ml,UK-17-377,Water,5,ml
GF-REC-00606,,"Water, distilled",30.0,ml,UK-17-377,Water,30,ml
GF-REC-00607,GF-ING-00090,"Bottle gourd, elongate, pale green (Lagenaria vulgaris)",100.0,g,D007,Bottle gourd,100,g
GF-REC-00607,GF-ING-00267,Asafoetida (Ferula assa-foetida),0.125,tsp,G019,Asafoetida,.125,tsp
GF-REC-00607,GF-ING-00268,"Cardamom, green (Elettaria cardamomum)",0.25,tsp,G020,Green cardamom,1,
GF-REC-00607,GF-ING-00269,"Cardamom, black (Elettaria cardamomum)",0.25,tsp,G021,Black cardamom,1,
GF-REC-00607,GF-ING-00271,Cloves (Syzygium aromaticum),0.25,tsp,G023,Clove,1,
GF-REC-00607,GF-ING-00273,Cumin seeds (Cuminum cyminum),0.5,tsp,G025,Cumin seed,.5,tsp
GF-REC-00607,GF-ING-00279,"Pepper, black (Piper nigrum)",0.625,tsp,G031,Peppercorn,2 to 3,
GF-REC-00607,,"Yogurt, whole milk, plain",100.0,g,UK-12-184,Curd,100,g
GF-REC-00607,,"Bay leaf, dried",0.4,g,UK-13-806,Bay leaf,1,
GF-REC-00607,,Fennel seeds,0.25,tsp,UK-13-827,Fennel,.25,tsp
GF-REC-00607,,"Cinnamon, ground",0.25,tsp,UK-13-874,Cinnamon,1,cm
GF-REC-00607,,"Oil, sunflower",240.0,ml,UK-17-045,Oil,for frying,
GF-REC-00607,,Salt,0.17,tsp,UK-17-367,Salt,.167,tsp
GF-REC-00607,,"Water, distilled",0.5,C,UK-17-377,Water,.5,cup
GF-REC-00607,,"Oil, mustard",2.0,tsp,US-172337,Mustard oil,2,tsp
GF-REC-00608,GF-ING-00082,Spinach (Spinacia oleracea),150.0,g,C033,Spinach,150,g
GF-REC-00608,GF-ING-00158,"Tomato, ripe, hybrid (Solanum lycopersicum)",50.0,g,D075,Tomato,50,g
GF-REC-00608,GF-ING-00260,"Garlic, small clove (Allium sativum)",1.25,g,G012,Garlic,2,cloves
GF-REC-00608,GF-ING-00262,"Ginger, fresh (Zingiber officinale)",5.0,g,G014,Ginger,1,cm
GF-REC-00608,GF-ING-00265,"Onion, big (Allium cepa)",25.0,g,G017,Onion,25,g
GF-REC-00608,GF-ING-00273,Cumin seeds (Cuminum cyminum),0.25,tsp,G025,Cumin seeds,.25,tsp
GF-REC-00608,GF-ING-00305,"Button mushroom, fresh (Agaricus sp.)",40.0,g,J001,Mushroom,40,g
GF-REC-00608,,"Oil, sunflower",1.0,tsp,UK-17-045,Oil,1,tsp
GF-REC-00608,,Salt,0.17,tsp,UK-17-367,Salt,.167,tsp
GF-REC-00608,,"Water, distilled",1.0,tbsp,UK-17-377,Water,1,tbsp
GF-REC-00608,,"Butter, unsalted",1.0,tsp,UK-17-661,Butter,1,tsp
GF-REC-00609,,Yellow colour,0.25,tsp,,Yellow colour,1,drop
GF-REC-00609,GF-ING-00018,"Wheat flour, refined (Triticum aestivum)",0.5,tsp,A018,Refined wheat flour,.5,tbsp
GF-REC-00609,GF-ING-00018,"Wheat flour, refined (Triticum aestivum)",0.5,tbsp,A018,Refined wheat flour,.5,tbsp
GF-REC-00609,GF-ING-00158,"Tomato, ripe, hybrid (Solanum lycopersicum)",50.0,g,D075,Tomato,30,g
GF-REC-00609,GF-ING-00235,"Potato, brown skin, big (Solanum tuberosum)",150.0,g,F006,Potato,150,g
GF-REC-00609,GF-ING-00256,"Chillies, green - all varieties (Capsicum annum)",1.67,g,G008,Green chilli,.5,
GF-REC-00609,GF-ING-00257,Coriander leaves (Coriandrum sativum),1.0,sprig,G009,Coriander leaves,1,sprig
GF-REC-00609,GF-ING-00260,"Garlic, small clove (Allium sativum)",0.63,g,G012,Garlic,1,cloves
GF-REC-00609,GF-ING-00260,"Garlic, small clove (Allium sativum)",1.25,g,G012,Garlic,2,cloves
GF-REC-00609,GF-ING-00262,"Ginger, fresh (Zingiber officinale)",5.0,g,G014,Ginger,5,g
GF-REC-00609,GF-ING-00262,"Ginger, fresh (Zingiber officinale)",5.0,g,G014,Ginger,5,g
GF-REC-00609,GF-ING-00265,"Onion, big (Allium cepa)",60.0,g,G017,Onion,60,g
GF-REC-00609,GF-ING-00272,Coriander seeds (Coriandrum sativum),0.25,tsp,G024,Dry coriander seeds,.25,tsp
GF-REC-00609,GF-ING-00273,Cumin seeds (Cuminum cyminum),0.125,tsp,G025,Cumin seeds,.125,tsp
GF-REC-00609,GF-ING-00279,"Pepper, black (Piper nigrum)",0.125,tsp,G031,Pepper powder,.125,tsp
GF-REC-00609,GF-ING-00281,Turmeric powder (Curcuma domestica),0.125,tsp,G033,Turmeric powder,.125,tsp
GF-REC-00609,GF-ING-00313,Paneer,60.0,g,L003,Paneer,60,g
GF-REC-00609,,"Bread, white, average",20.0,g,UK-11-1145,Bread crumbs,20,g
GF-REC-00609,,"Cream, fresh, single",1.0,tbsp,UK-12-332,Cream,1,tbsp
GF-REC-00609,,Chilli powder,0.125,tsp,UK-13-873,Red chilli powder,.125,tsp
GF-REC-00609,,"Oil, sunflower",10.0,g,UK-17-045,Oil,10,g
GF-REC-00609,,"Oil, sunflower",240.0,ml,UK-17-045,Oil,to fry,
GF-REC-00609,,Salt,0.17,tsp,UK-17-367,Salt,.167,tsp
GF-REC-00609,,Salt,0.17,tsp,UK-17-367,Salt,.167,tsp
GF-REC-00609,,Salt,0.25,tsp,UK-17-367,Salt,.25,tsp
GF-REC-00609,,"Water, distilled",0.5,C,UK-17-377,Water,.5,cup
GF-REC-00609,,"Water, distilled",2.0,tbsp,UK-17-377,Water,2,tbsp
GF-REC-00609,,"Water, distilled",4.0,tsp,UK-17-377,Water,4,tsp
GF-REC-00610,GF-ING-00194,"Lemon, juice (Citrus limon)",0.5,tsp,E033,Lemon juice,.5,tsp
GF-REC-00610,GF-ING-00279,"Pepper, black (Piper nigrum)",0.25,tsp,G031,Pepper,1,dash
GF-REC-00610,GF-ING-00332,"Chicken, poultry, breast, skinless",500.0,g,N003,Broiler chicken (with skin),500,g
GF-REC-00610,,Salt,0.25,tsp,UK-17-367,Salt,.25,tsp
GF-REC-00610,,"Butter, unsalted",30.0,g,UK-17-661,Butter,30,g
GF-REC-00611,GF-ING-00158,"Tomato, ripe, hybrid (Solanum lycopersicum)",20.0,g,D075,Tomato,20,g
GF-REC-00611,GF-ING-00257,Coriander leaves (Coriandrum sativum),1.0,sprig,G009,Coriander leaves,1,sprig
GF-REC-00611,GF-ING-00260,"Garlic, small clove (Allium sativum)",1.25,g,G012,Garlic,2,cloves
GF-REC-00611,GF-ING-00262,"Ginger, fresh (Zingiber officinale)",5.0,g,G014,Ginger,1,cm
GF-REC-00611,GF-ING-00265,"Onion, big (Allium cepa)",50.0,g,G017,Onion,50,g
GF-REC-00611,GF-ING-00268,"Cardamom, green (Elettaria cardamomum)",0.25,tsp,G020,Green cardamom,1,
GF-REC-00611,GF-ING-00272,Coriander seeds (Coriandrum sativum),0.5,tsp,G024,Coriander seeds,.5,tsp
GF-REC-00611,GF-ING-00273,Cumin seeds (Cuminum cyminum),0.25,tsp,G025,Cumin seeds,.25,tsp
GF-REC-00611,GF-ING-00279,"Pepper, black (Piper nigrum)",0.75,tsp,G031,Pepper corns,3,
GF-REC-00611,GF-ING-00314,Khoa,30.0,g,L004,Khoa,30,g
GF-REC-00611,GF-ING-00332,"Chicken, poultry, breast, skinless",120.0,g,N003,Chicken,120,g
GF-REC-00611,,"Yogurt, whole milk, plain",1.0,tbsp,UK-12-184,Curd,1,tbsp
GF-REC-00611,,"Cream, fresh, single",20.0,ml,UK-12-332,Cream,20,ml
GF-REC-00611,,"Bay leaf, dried",0.4,g,UK-13-806,Bay leaf,1,
GF-REC-00611,,Garam masala,0.25,tsp,UK-13-829,Garam masala,.25,tsp
GF-REC-00611,,Chilli powder,0.25,tsp,UK-13-873,Chilli powder,.25,tsp
GF-REC-00611,,"Oil, sunflower",20.0,g,UK-17-045,Oil,20,g
GF-REC-00611,,Salt,0.5,tsp,UK-17-367,Salt,.5,tsp
GF-REC-00611,,"Water, distilled",0.25,C,UK-17-377,Water,.25,cup
GF-REC-00612,GF-ING-00069,Fenugreek leaves (Trigonella foenum graecum),0.17,tsp,C020,Dry fenugreek leaves,.167,tsp
GF-REC-00612,GF-ING-00158,"Tomato, ripe, hybrid (Solanum lycopersicum)",80.0,g,D075,Tomato,80,g
GF-REC-00612,GF-ING-00256,"Chillies, green - all varieties (Capsicum annum)",3.33,g,G008,Green chilli,1,
GF-REC-00612,GF-ING-00257,Coriander leaves (Coriandrum sativum),1.0,sprig,G009,Coriander leaves,1,sprig
GF-REC-00612,GF-ING-00260,"Garlic, small clove (Allium sativum)",1.25,g,G012,Garlic,2,cloves
GF-REC-00612,GF-ING-00262,"Ginger, fresh (Zingiber officinale)",3.0,g,G014,Ginger,3,g
GF-REC-00612,GF-ING-00272,Coriander seeds (Coriandrum sativum),0.75,tsp,G024,Coriander powder,.75,tsp
GF-REC-00612,GF-ING-00332,"Chicken, poultry, breast, skinless",80.0,g,N003,Chicken,80,g
GF-REC-00612,,Garam masala,0.25,tsp,UK-13-829,Garam masala,.25,tsp
GF-REC-00612,,Chilli powder,0.125,tsp,UK-13-873,Red chilli powder,.125,tsp
GF-REC-00612,,"Oil, sunflower",1.0,tsp,UK-17-045,Oil,1,tsp
GF-REC-00612,,Salt,0.17,tsp,UK-17-367,Salt,.167,tsp
GF-REC-00613,GF-ING-00256,"Chillies, green - all varieties (Capsicum annum)",3.33,g,G008,Green chilli,1,
GF-REC-00613,GF-ING-00257,Coriander leaves (Coriandrum sativum),3.0,sprig,G009,Coriander leaves,3,sprig
GF-REC-00613,GF-ING-00260,"Garlic, small clove (Allium sativum)",1.25,g,G012,Garlic,2,cloves
GF-REC-00613,GF-ING-00262,"Ginger, fresh (Zingiber officinale)",5.0,g,G014,Ginger,5,g
GF-REC-00613,GF-ING-00265,"Onion, big (Allium cepa)",30.0,g,G017,Onion,30,g
GF-REC-00613,GF-ING-00332,"Chicken, poultry, breast, skinless",120.0,g,N003,Chicken,120,g
GF-REC-00613,,"Yogurt, whole milk, plain",2.0,tbsp,UK-12-184,Curd,2,tbsp
GF-REC-00613,,"Cream, fresh, single",1.0,tbsp,UK-12-332,Cream,1,tbsp
GF-REC-00613,,Garam masala,0.25,tsp,UK-13-829,Garam masala,.25,tsp
GF-REC-00613,,"Oil, sunflower",1.5,tsp,UK-17-045,Oil,1.5,tsp
GF-REC-00613,,Salt,0.17,tsp,UK-17-367,Salt,.167,tsp
GF-REC-00614,GF-ING-00279,"Pepper, black (Piper nigrum)",0.125,tsp,G031,Pepper powder,.125,tsp
GF-REC-00614,GF-ING-00332,"Chicken, poultry, breast, skinless",50.0,g,N003,Chicken,50,g
GF-REC-00614,,"Broccoli, green, raw",100.0,g,UK-13-502,Broccoli,100,g
GF-REC-00614,,"Oregano, dried, ground",0.25,tsp,UK-13-878,Oregano,.25,tsp
GF-REC-00614,,Salt,0.17,tsp,UK-17-367,Salt,.167,tsp
GF-REC-00614,,"Butter, unsalted",5.0,g,UK-17-661,Butter,5,g
GF-REC-00614,,"White sauce, savoury, made with whole milk, homemade",80.0,ml,UK-17-779,White sauce,80,ml
GF-REC-00615,GF-ING-00116,"Capsicum, green (Capsicum annuum)",30.0,g,D033,Capsicum,30,g
GF-REC-00615,GF-ING-00126,"Cucumber, green, elongate (Cucumis sativus)",40.0,g,D043,Cucumber,40,g
GF-REC-00615,GF-ING-00260,"Garlic, small clove (Allium sativum)",1.25,g,G012,Garlic,2,cloves
GF-REC-00615,GF-ING-00260,"Garlic, small clove (Allium sativum)",2.5,g,G012,Garlic,4,cloves
GF-REC-00615,GF-ING-00262,"Ginger, fresh (Zingiber officinale)",10.0,g,G014,Ginger,10,g
GF-REC-00615,GF-ING-00262,"Ginger, fresh (Zingiber officinale)",20.0,g,G014,Ginger,20,g
GF-REC-00615,GF-ING-00265,"Onion, big (Allium cepa)",10.0,g,G017,Onion,10,g
GF-REC-00615,GF-ING-00279,"Pepper, black (Piper nigrum)",0.25,tsp,G031,Pepper powder,.25,tsp
GF-REC-00615,GF-ING-00279,"Pepper, black (Piper nigrum)",0.25,tsp,G031,Pepper powder,.25,tsp
GF-REC-00615,GF-ING-00305,"Button mushroom, fresh (Agaricus sp.)",20.0,g,J001,Mushroom,20,g
GF-REC-00615,GF-ING-00316,"Egg, poultry, white, raw",17.0,g,M002,Egg white,.5,
GF-REC-00615,GF-ING-00332,"Chicken, poultry, breast, skinless",120.0,g,N003,Chicken,120,g
GF-REC-00615,,"Flour, corn",5.0,g,UK-11-1045,Arrowroot powder or cornflour,5,g
GF-REC-00615,,"Flour, corn",0.5,tbsp,UK-11-1045,Cornflour,.5,tbsp
GF-REC-00615,,"Spring onions, bulbs and tops, raw",30.0,g,UK-13-352,Spring onion,1,
GF-REC-00615,,Chilli powder,0.25,tsp,UK-13-873,Red chilli powder,.25,tsp
GF-REC-00615,,"Oil, sunflower",20.0,g,UK-17-045,Oil,20,g
GF-REC-00615,,"Sugar, white",0.5,tsp,UK-17-063,Sugar,.5,tsp
GF-REC-00615,,Vinegar,0.5,tbsp,UK-17-339,Vinegar,.5,tbsp
GF-REC-00615,,Salt,0.17,tsp,UK-17-367,Salt,.167,tsp
GF-REC-00615,,Salt,0.17,tsp,UK-17-367,Salt,.167,tsp
GF-REC-00615,,Salt,0.5,tsp,UK-17-367,Salt,.5,tsp
GF-REC-00615,,"Water, distilled",2.0,tbsp,UK-17-377,Stock or water,2,tbsp
GF-REC-00615,,"Soy sauce, light and dark varieties",0.5,tbsp,UK-17-721,Soya sauce,.5,tbsp
GF-REC-00615,,Worcestershire sauce,1.0,tsp,UK-17-723,Worcestershire sauce,1,tsp
GF-REC-00616,GF-ING-00116,"Capsicum, green (Capsicum annuum)",20.0,g,D033,Capsicum,20,g
GF-REC-00616,GF-ING-00120,Celery stalk (Apium graveolens),17.0,g,D037,Celery,1,cm
GF-REC-00616,GF-ING-00126,"Cucumber, green, elongate (Cucumis sativus)",10.0,g,D043,Cucumber,10,g
GF-REC-00616,GF-ING-00214,Pineapple (Ananas comosus),25.0,g,E053,Pineapple slice,.5,slice
GF-REC-00616,GF-ING-00265,"Onion, big (Allium cepa)",10.0,g,G017,Onion,10,g
GF-REC-00616,GF-ING-00279,"Pepper, black (Piper nigrum)",0.25,tsp,G031,Pepper,1,dash
GF-REC-00616,GF-ING-00305,"Button mushroom, fresh (Agaricus sp.)",20.0,g,J001,Mushroom,20,g
GF-REC-00616,GF-ING-00317,"Egg, poultry, yolk, raw",2.0,tsp,M003,Egg yolk,2,tsp
GF-REC-00616,GF-ING-00332,"Chicken, poultry, breast, skinless",120.0,g,N003,Chicken,120,g
GF-REC-00616,,"Flour, corn",0.5,tsp,UK-11-1045,Cornflour,.5,tsp
GF-REC-00616,,"Flour, corn",1.0,tbsp,UK-11-1045,Cornflour,1,tbsp
GF-REC-00616,,"Oil, sunflower",1.0,C,UK-17-045,Oil,to fry,
GF-REC-00616,,"Oil, sunflower",1.0,tsp,UK-17-045,Oil,1,tsp
GF-REC-00616,,"Sugar, white",0.25,tsp,UK-17-063,Sugar,.25,tsp
GF-REC-00616,,Vinegar,0.5,tbsp,UK-17-339,Vinegar,.5,tbsp
GF-REC-00616,,Salt,0.17,tsp,UK-17-367,Salt,.167,tsp
GF-REC-00616,,"Soy sauce, light and dark varieties",0.5,tsp,UK-17-721,Soya sauce,.5,tsp
GF-REC-00616,,"Stock cubes, chicken",60.0,ml,UK-17-726,Chicken stock,60,ml
GF-REC-00616,,"Tomato sauce, homemade",1.5,tsp,UK-50-1173,Tomato sauce,.75,tsp
GF-REC-00617,GF-ING-00256,"Chillies, green - all varieties (Capsicum annum)",1.67,g,G008,Green chilli,.5,
GF-REC-00617,GF-ING-00257,Coriander leaves (Coriandrum sativum),1.0,sprig,G009,Coriander leaves,a few,
GF-REC-00617,GF-ING-00260,"Garlic, small clove (Allium sativum)",1.25,g,G012,Garlic,2,cloves
GF-REC-00617,GF-ING-00260,"Garlic, small clove (Allium sativum)",1.87,g,G012,Garlic,3,cloves
GF-REC-00617,GF-ING-00262,"Ginger, fresh (Zingiber officinale)",10.0,g,G014,Ginger,10,g
GF-REC-00617,GF-ING-00262,"Ginger, fresh (Zingiber officinale)",10.0,g,G014,Ginger,10,g
GF-REC-00617,GF-ING-00265,"Onion, big (Allium cepa)",40.0,g,G017,Onion,40,g
GF-REC-00617,GF-ING-00265,"Onion, big (Allium cepa)",40.0,g,G017,Sliced onion,40,g
GF-REC-00617,GF-ING-00268,"Cardamom, green (Elettaria cardamomum)",0.25,tsp,G020,Green cardamom,1,
GF-REC-00617,GF-ING-00271,Cloves (Syzygium aromaticum),0.25,tsp,G023,Clove,1,
GF-REC-00617,GF-ING-00272,Coriander seeds (Coriandrum sativum),0.25,tsp,G024,Coriander seeds,.25,tsp
GF-REC-00617,GF-ING-00272,Coriander seeds (Coriandrum sativum),0.33,tsp,G024,Coriander seeds,.33,tsp
GF-REC-00617,GF-ING-00273,Cumin seeds (Cuminum cyminum),0.33,tsp,G025,Cumin powder,.33,tsp
GF-REC-00617,GF-ING-00273,Cumin seeds (Cuminum cyminum),0.25,tsp,G025,Cumin seeds,.25,tsp
GF-REC-00617,GF-ING-00275,Mace (Myristica fragrans),1.0,g,G027,Blade of mace,1,
GF-REC-00617,GF-ING-00280,Poppy seeds (Papaver somniferum),0.33,tsp,G032,Poppy seeds,.33,tsp
GF-REC-00617,GF-ING-00281,Turmeric powder (Curcuma domestica),0.25,tsp,G033,Turmeric powder,.25,tsp
GF-REC-00617,GF-ING-00286,Cashew nut (Anacardium occidentale),3.33,g,H005,Cashewnuts,2,
GF-REC-00617,GF-ING-00287,"Coconut, kernal, dry (Cocos nucifera)",2.0,tsp,H006,Coconut,2,tsp
GF-REC-00617,GF-ING-00332,"Chicken, poultry, breast, skinless",120.0,g,N003,Chicken,120,g
GF-REC-00617,,"Yogurt, whole milk, plain",75.0,g,UK-12-184,Curd,75,g
GF-REC-00617,,Garam masala,0.25,tsp,UK-13-829,Garam masala,.25,tsp
GF-REC-00617,,Chilli powder,0.125,tsp,UK-13-873,Red chilli powder,.125,tsp
GF-REC-00617,,Chilli powder,0.25,tsp,UK-13-873,Red chilli powder,.25,tsp
GF-REC-00617,,"Cinnamon, ground",0.25,tsp,UK-13-874,Cinnamon,1,cm
GF-REC-00617,,"Oil, sunflower",15.0,g,UK-17-045,Oil,15,g
GF-REC-00617,,Salt,0.17,tsp,UK-17-367,Salt,.167,tsp
GF-REC-00617,,Salt,0.17,tsp,UK-17-367,Salt,.167,tsp
GF-REC-00617,,"Water, distilled",15.0,ml,UK-17-377,Hot water,15,ml
GF-REC-00618,GF-ING-00158,"Tomato, ripe, hybrid (Solanum lycopersicum)",5.0,g,D075,Tomatoes,5,g
GF-REC-00618,GF-ING-00257,Coriander leaves (Coriandrum sativum),1.0,sprig,G009,Coriander leaves,a few,sprig
GF-REC-00618,GF-ING-00257,Coriander leaves (Coriandrum sativum),1.0,sprig,G009,Coriander leaves,a few,sprig
GF-REC-00618,GF-ING-00260,"Garlic, small clove (Allium sativum)",0.63,g,G012,Garlic,1,cloves
GF-REC-00618,GF-ING-00265,"Onion, big (Allium cepa)",50.0,g,G017,Onion,50,g
GF-REC-00618,GF-ING-00265,"Onion, big (Allium cepa)",50.0,g,G017,Onion,50,g
GF-REC-00618,GF-ING-00269,"Cardamom, black (Elettaria cardamomum)",1.0,tsp,G021,Cardamom,1,tsp
GF-REC-00618,GF-ING-00271,Cloves (Syzygium aromaticum),1.0,tsp,G023,Clove,1,tsp
GF-REC-00618,GF-ING-00273,Cumin seeds (Cuminum cyminum),1.0,tsp,G025,Cumin seeds,1,tsp
GF-REC-00618,GF-ING-00281,Turmeric powder (Curcuma domestica),0.25,tsp,G033,Turmeric powder,.25,tsp
GF-REC-00618,GF-ING-00294,Mustard seeds (Brassica nigra),0.125,tsp,H013,Mustard seeds,.125,tsp
GF-REC-00618,GF-ING-00468,"Pomfret, white (Pampus argenteus)",100.0,g,P057,Fish,100,g
GF-REC-00618,,"Yogurt, whole milk, plain",15.0,g,UK-12-184,Curd,15,g
GF-REC-00618,,Garam masala,0.5,tsp,UK-13-829,Garam masala,.5,tsp
GF-REC-00618,,Chilli powder,0.125,tsp,UK-13-873,Chilli powder,.125,tsp
GF-REC-00618,,Chilli powder,0.25,tsp,UK-13-873,Red chilli powder,.25,tsp
GF-REC-00618,,"Cinnamon, ground",1.0,tsp,UK-13-874,Cinnamon,1,tsp
GF-REC-00618,,Salt,0.17,tsp,UK-17-367,Salt,.167,tsp
GF-REC-00618,,"Water, distilled",0.25,C,UK-17-377,Water,.25,cup
GF-REC-00618,,"Oil, mustard",15.0,ml,US-172337,Mustard oil,15,ml
GF-REC-00619,GF-ING-00018,"Wheat flour, refined (Triticum aestivum)",10.0,g,A018,Refined wheat flour,10,g
GF-REC-00619,GF-ING-00235,"Potato, brown skin, big (Solanum tuberosum)",50.0,g,F006,Potato,50,g
GF-REC-00619,GF-ING-00315,"Egg, poultry, whole, raw",25.0,g,M001,Egg,.5,
GF-REC-00619,GF-ING-00468,"Pomfret, white (Pampus argenteus)",100.0,g,P057,Fish fillet,100,g
GF-REC-00619,,"Bread, white, average",10.0,g,UK-11-1145,Bread crumbs,10,g
GF-REC-00619,,Chilli powder,0.125,tsp,UK-13-873,Red chilli powder,.125,tsp
GF-REC-00619,,"Lemons, flesh only, raw, weighed with peel and pips",7.5,g,UK-14-130,Lemon,.25,
GF-REC-00619,,"Oil, sunflower",240.0,ml,UK-17-045,Oil,for frying,
GF-REC-00619,,Salt,0.17,tsp,UK-17-367,Salt,.167,tsp
GF-REC-00619,,Salt,0.25,tsp,UK-17-367,Salt,.25,tsp
GF-REC-00620,GF-ING-00256,"Chillies, green - all varieties (Capsicum annum)",5.0,g,G008,Green chilli,1 to 2,
GF-REC-00620,GF-ING-00257,Coriander leaves (Coriandrum sativum),1.0,sprig,G009,Coriander leaves,1,sprig
GF-REC-00620,GF-ING-00258,Curry leaves (Murraya koenigii),1.0,sprig,G010,Curry leaves,1,sprig
GF-REC-00620,GF-ING-00260,"Garlic, small clove (Allium sativum)",1.87,g,G012,Garlic,3,cloves
GF-REC-00620,GF-ING-00262,"Ginger, fresh (Zingiber officinale)",10.0,g,G014,Ginger,10,g
GF-REC-00620,GF-ING-00265,"Onion, big (Allium cepa)",60.0,g,G017,Onion,60,g
GF-REC-00620,GF-ING-00281,Turmeric powder (Curcuma domestica),0.17,tsp,G033,Turmeric powder,.167,tsp
GF-REC-00620,GF-ING-00288,"Coconut, kernel, fresh (Cocos nucifera)",20.0,g,H007,Fresh coconut,20,g
GF-REC-00620,GF-ING-00445,Mackerel (Rastrelliger kanagurta),120.0,g,P034,Fish steak (singhara),120,g
GF-REC-00620,,"Oil, sunflower",1.0,tsp,UK-17-045,Oil,1,tsp
GF-REC-00620,,Salt,0.17,tsp,UK-17-367,Salt,.167,tsp
GF-REC-00620,,"Water, distilled",100.0,ml,UK-17-377,Water,100,ml
GF-REC-00621,GF-ING-00225,"Tamarind, pulp (Tamarindus indica)",5.0,g,E064,Tamarind,5,g
GF-REC-00621,GF-ING-00257,Coriander leaves (Coriandrum sativum),1.0,sprig,G009,Coriander leaves,a few,sprig
GF-REC-00621,GF-ING-00258,Curry leaves (Murraya koenigii),1.0,sprig,G010,Curry leaves,a few,
GF-REC-00621,GF-ING-00260,"Garlic, small clove (Allium sativum)",1.87,g,G012,Garlic,3,cloves
GF-REC-00621,GF-ING-00265,"Onion, big (Allium cepa)",30.0,g,G017,Onion,30,g
GF-REC-00621,GF-ING-00273,Cumin seeds (Cuminum cyminum),0.5,tsp,G025,Cumin seeds,.5,tsp
GF-REC-00621,GF-ING-00279,"Pepper, black (Piper nigrum)",0.625,tsp,G031,Pepper corns,2 to 3,
GF-REC-00621,GF-ING-00288,"Coconut, kernel, fresh (Cocos nucifera)",20.0,g,H007,Fresh coconut,20,g
GF-REC-00621,GF-ING-00294,Mustard seeds (Brassica nigra),0.5,tsp,H013,Mustard seeds,.5,tsp
GF-REC-00621,GF-ING-00510,"Tiger prawns, brown (Solenocera crassicornis)",150.0,g,Q007,Prawns,150,g
GF-REC-00621,,"Oil, sunflower",10.0,g,UK-17-045,Oil,10,g
GF-REC-00621,,Salt,1.0,tsp,UK-17-367,Salt,1,tsp
GF-REC-00621,,"Water, distilled",0.25,C,UK-17-377,Water,.25,cups
GF-REC-00622,GF-ING-00077,Parsley (Petroselinum crispum),0.25,tsp,C028,Parsley,.25,tsp
GF-REC-00622,GF-ING-00120,Celery stalk (Apium graveolens),1.0,tbsp,D037,Celery,1,tbsp
GF-REC-00622,GF-ING-00158,"Tomato, ripe, hybrid (Solanum lycopersicum)",40.0,g,D075,Tomato,40,g
GF-REC-00622,GF-ING-00194,"Lemon, juice (Citrus limon)",0.5,tsp,E033,Lime juice,.5,tsp
GF-REC-00622,GF-ING-00265,"Onion, big (Allium cepa)",10.0,g,G017,Onion,10,g
GF-REC-00622,GF-ING-00276,Nutmeg (Myristica fragrans),0.25,tsp,G028,Nutmeg powder,1,pinch
GF-REC-00622,GF-ING-00305,"Button mushroom, fresh (Agaricus sp.)",20.0,g,J001,Mushrooms,20,g
GF-REC-00622,GF-ING-00468,"Pomfret, white (Pampus argenteus)",500.0,g,P057,Whole fish (pomfret),.5,kg
GF-REC-00622,,"Bread, white, average",20.0,g,UK-11-1145,Soft crumbs,20,g
GF-REC-00622,,Salt,0.17,tsp,UK-17-367,Salt,.167,tsp
GF-REC-00622,,"Butter, unsalted",1.0,tsp,UK-17-661,Butter,1,tsp
GF-REC-00622,,"Butter, unsalted",1.0,tsp,UK-17-661,Butter,1,tsp
GF-REC-00623,GF-ING-00018,"Wheat flour, refined (Triticum aestivum)",1.0,tbsp,A018,Refined wheat flour,1,tbsp
GF-REC-00623,GF-ING-00077,Parsley (Petroselinum crispum),1.0,sprig,C028,Parsley,1,sprig
GF-REC-00623,GF-ING-00235,"Potato, brown skin, big (Solanum tuberosum)",100.0,g,F006,Potato,100,g
GF-REC-00623,GF-ING-00279,"Pepper, black (Piper nigrum)",0.25,tsp,G031,Pepper,1,pinch
GF-REC-00623,GF-ING-00279,"Pepper, black (Piper nigrum)",0.25,tsp,G031,Pepper powder,1,dash
GF-REC-00623,GF-ING-00312,"Milk, whole, Cow",0.25,C,L002,Milk,.25,cups
GF-REC-00623,GF-ING-00468,"Pomfret, white (Pampus argenteus)",125.0,g,P057,Pomfret,125,g
GF-REC-00623,,Salt,0.125,tsp,UK-17-367,Salt,.125,tsp
GF-REC-00623,,Salt,0.17,tsp,UK-17-367,Salt,.167,tsp
GF-REC-00623,,"Butter, unsalted",1.0,tsp,UK-17-661,Butter,1,tsp
GF-REC-00623,,"Butter, unsalted",1.5,tsp,UK-17-661,Butter,1.5,tsp
GF-REC-00624,GF-ING-00077,Parsley (Petroselinum crispum),1.0,sprig,C028,Parsley,1,sprig
GF-REC-00624,GF-ING-00158,"Tomato, ripe, hybrid (Solanum lycopersicum)",50.0,g,D075,Tomato,50,g
GF-REC-00624,GF-ING-00265,"Onion, big (Allium cepa)",25.0,g,G017,Onion,25,g
GF-REC-00624,GF-ING-00279,"Pepper, black (Piper nigrum)",0.25,tsp,G031,Pepper,1,dash
GF-REC-00624,GF-ING-00305,"Button mushroom, fresh (Agaricus sp.)",15.0,g,J001,Mushroom,15,g
GF-REC-00624,GF-ING-00468,"Pomfret, white (Pampus argenteus)",125.0,g,P057,Pomfret fillet,125,g
GF-REC-00624,,"Bread, white, average",45.0,g,UK-11-1145,White bread,1.5,slice
GF-REC-00624,,"Cheese, processed, plain",10.0,g,UK-12-527,Grated cheese,10,g
GF-REC-00624,,Salt,0.25,tsp,UK-17-367,Salt,.25,tsp
GF-REC-00624,,"Butter, unsalted",10.0,g,UK-17-661,Butter,10,g
GF-REC-00625,GF-ING-00018,"Wheat flour, refined (Triticum aestivum)",12.0,g,A018,Refined wheat flour,12,g
GF-REC-00625,GF-ING-00279,"Pepper, black (Piper nigrum)",0.25,tsp,G031,Pepper powder,1,dash
GF-REC-00625,GF-ING-00294,Mustard seeds (Brassica nigra),0.25,tsp,H013,Mustard powder,1,dash
GF-REC-00625,GF-ING-00312,"Milk, whole, Cow",120.0,ml,L002,Milk,120,ml
GF-REC-00625,GF-ING-00315,"Egg, poultry, whole, raw",50.0,g,M001,Egg,1,
GF-REC-00625,GF-ING-00468,"Pomfret, white (Pampus argenteus)",100.0,g,P057,Fish,100,g
GF-REC-00625,,Salt,0.17,tsp,UK-17-367,Salt,.167,tsp
GF-REC-00625,,"Butter, unsalted",12.0,g,UK-17-661,Butter,12,g
GF-REC-00626,GF-ING-00158,"Tomato, ripe, hybrid (Solanum lycopersicum)",50.0,g,D075,Tomato,50,g
GF-REC-00626,GF-ING-00235,"Potato, brown skin, big (Solanum tuberosum)",100.0,g,F006,Potato,100,g
GF-REC-00626,GF-ING-00256,"Chillies, green - all varieties (Capsicum annum)",3.33,g,G008,Green chilli,1,
GF-REC-00626,GF-ING-00257,Coriander leaves (Coriandrum sativum),1.0,sprig,G009,Coriander leaves,1,sprig
GF-REC-00626,GF-ING-00260,"Garlic, small clove (Allium sativum)",1.25,g,G012,Garlic,2,cloves
GF-REC-00626,GF-ING-00262,"Ginger, fresh (Zingiber officinale)",3.0,g,G014,Ginger,3,g
GF-REC-00626,GF-ING-00265,"Onion, big (Allium cepa)",30.0,g,G017,Onion,30,g
GF-REC-00626,GF-ING-00272,Coriander seeds (Coriandrum sativum),1.0,tsp,G024,Coriander seeds,1,tsp
GF-REC-00626,GF-ING-00273,Cumin seeds (Cuminum cyminum),0.125,tsp,G025,Cumin seeds,.125,tsp
GF-REC-00626,GF-ING-00281,Turmeric powder (Curcuma domestica),0.25,tsp,G033,Turmeric powder,.25,tsp
GF-REC-00626,,"Bay leaf, dried",0.4,g,UK-13-806,Bay leaf,1,
GF-REC-00626,,Garam masala,0.125,tsp,UK-13-829,Garam masala,.125,tsp
GF-REC-00626,,Chilli powder,0.125,tsp,UK-13-873,Chilli powder,.125,tsp
GF-REC-00626,,"Oil, sunflower",2.0,tsp,UK-17-045,Oil,2,tsp
GF-REC-00626,,Salt,0.17,tsp,UK-17-367,Salt,.167,tsp
GF-REC-00627,GF-ING-00158,"Tomato, ripe, hybrid (Solanum lycopersicum)",50.0,g,D075,Tomato,50,g
GF-REC-00627,GF-ING-00256,"Chillies, green - all varieties (Capsicum annum)",3.33,g,G008,Green chilli,1,
GF-REC-00627,GF-ING-00257,Coriander leaves (Coriandrum sativum),1.0,sprig,G009,Coriander leaves,1,sprig
GF-REC-00627,GF-ING-00260,"Garlic, small clove (Allium sativum)",1.25,g,G012,Garlic,2,cloves
GF-REC-00627,GF-ING-00262,"Ginger, fresh (Zingiber officinale)",3.0,g,G014,Ginger,3,g
GF-REC-00627,GF-ING-00265,"Onion, big (Allium cepa)",30.0,g,G017,Onion,30,g
GF-REC-00627,GF-ING-00272,Coriander seeds (Coriandrum sativum),1.0,tsp,G024,Coriander seeds,1,tsp
GF-REC-00627,GF-ING-00273,Cumin seeds (Cuminum cyminum),0.125,tsp,G025,Cumin seeds,.125,tsp
GF-REC-00627,GF-ING-00281,Turmeric powder (Curcuma domestica),0.25,tsp,G033,Turmeric powder,.25,tsp
GF-REC-00627,GF-ING-00315,"Egg, poultry, whole, raw",50.0,g,M001,Egg,1,nos
GF-REC-00627,,"Bay leaf, dried",0.4,g,UK-13-806,Bay leaf,1,
GF-REC-00627,,Garam masala,0.125,tsp,UK-13-829,Garam masala,.125,tsp
GF-REC-00627,,Chilli powder,0.125,tsp,UK-13-873,Chilli powder,.125,tsp
GF-REC-00627,,"Oil, sunflower",2.0,tsp,UK-17-045,Oil,2,tsp
GF-REC-00627,,Salt,0.17,tsp,UK-17-367,Salt,.167,tsp
GF-REC-00628,GF-ING-00144,"Peas, fresh (Pisum sativum)",100.0,g,D061,"Peas, unshelled",100,g
GF-REC-00628,GF-ING-00158,"Tomato, ripe, hybrid (Solanum lycopersicum)",50.0,g,D075,Tomato,50,g
GF-REC-00628,GF-ING-00235,"Potato, brown skin, big (Solanum tuberosum)",50.0,g,F006,Potato,50,g
GF-REC-00628,GF-ING-00256,"Chillies, green - all varieties (Capsicum annum)",3.33,g,G008,Green chilli,1,
GF-REC-00628,GF-ING-00257,Coriander leaves (Coriandrum sativum),1.0,sprig,G009,Coriander leaves,1,sprig
GF-REC-00628,GF-ING-00260,"Garlic, small clove (Allium sativum)",1.25,g,G012,Garlic,2,cloves
GF-REC-00628,GF-ING-00262,"Ginger, fresh (Zingiber officinale)",3.0,g,G014,Ginger,3,g
GF-REC-00628,GF-ING-00265,"Onion, big (Allium cepa)",30.0,g,G017,Onion,30,g
GF-REC-00628,GF-ING-00272,Coriander seeds (Coriandrum sativum),1.0,tsp,G024,Coriander seeds,1,tsp
GF-REC-00628,GF-ING-00273,Cumin seeds (Cuminum cyminum),0.125,tsp,G025,Cumin seeds,.125,tsp
GF-REC-00628,GF-ING-00281,Turmeric powder (Curcuma domestica),0.25,tsp,G033,Turmeric powder,.25,tsp
GF-REC-00628,GF-ING-00288,"Coconut, kernel, fresh (Cocos nucifera)",20.0,g,H007,Coconut,20,g
GF-REC-00628,,"Bay leaf, dried",0.4,g,UK-13-806,Bay leaf,1,
GF-REC-00628,,Garam masala,0.125,tsp,UK-13-829,Garam masala,.125,tsp
GF-REC-00628,,Chilli powder,0.125,tsp,UK-13-873,Chilli powder,.125,tsp
GF-REC-00628,,"Oil, sunflower",2.0,tsp,UK-17-045,Oil,2,tsp
GF-REC-00628,,Salt,0.17,tsp,UK-17-367,Salt,.167,tsp
GF-REC-00628,,"Water, distilled",100.0,ml,UK-17-377,Water,100,ml
GF-REC-00629,GF-ING-00158,"Tomato, ripe, hybrid (Solanum lycopersicum)",40.0,g,D075,Tomato,40,g
GF-REC-00629,GF-ING-00235,"Potato, brown skin, big (Solanum tuberosum)",120.0,g,F006,Small potato,120,g
GF-REC-00629,GF-ING-00256,"Chillies, green - all varieties (Capsicum annum)",1.67,g,G008,Green chilli,.5,
GF-REC-00629,GF-ING-00257,Coriander leaves (Coriandrum sativum),1.0,sprig,G009,Coriander leaves,a few,sprig
GF-REC-00629,GF-ING-00262,"Ginger, fresh (Zingiber officinale)",5.0,g,G014,Ginger,1,cm
GF-REC-00629,GF-ING-00265,"Onion, big (Allium cepa)",30.0,g,G017,Onion,30,g
GF-REC-00629,GF-ING-00272,Coriander seeds (Coriandrum sativum),0.5,tsp,G024,Coriander powder,.5,tsp
GF-REC-00629,GF-ING-00281,Turmeric powder (Curcuma domestica),0.25,tsp,G033,Turmeric powder,.25,tsp
GF-REC-00629,,"Yogurt, whole milk, plain",50.0,g,UK-12-184,Curd,50,g
GF-REC-00629,,Garam masala,0.25,tsp,UK-13-829,Garam masala,.25,tsp
GF-REC-00629,,Chilli powder,0.125,tsp,UK-13-873,Red chilli powder,.125,tsp
GF-REC-00629,,"Oil, sunflower",2.0,tsp,UK-17-045,Oil,2,tsp
GF-REC-00629,,Salt,0.17,tsp,UK-17-367,Salt,.167,tsp
GF-REC-00629,,"Water, distilled",0.5,C,UK-17-377,Water,.5,cup
GF-REC-00630,GF-ING-00158,"Tomato, ripe, hybrid (Solanum lycopersicum)",50.0,g,D075,Tomato puree,50,g
GF-REC-00630,GF-ING-00235,"Potato, brown skin, big (Solanum tuberosum)",120.0,g,F006,Potato,120,g
GF-REC-00630,GF-ING-00256,"Chillies, green - all varieties (Capsicum annum)",1.67,g,G008,Green chilli,.5,
GF-REC-00630,GF-ING-00257,Coriander leaves (Coriandrum sativum),0.5,tsp,G009,Coriander leaves,.5,tsp
GF-REC-00630,GF-ING-00257,Coriander leaves (Coriandrum sativum),0.75,tsp,G009,Coriander leaves,.75,tsp
GF-REC-00630,GF-ING-00260,"Garlic, small clove (Allium sativum)",1.25,g,G012,Garlic,2,cloves
GF-REC-00630,GF-ING-00260,"Garlic, small clove (Allium sativum)",1.25,g,G012,Garlic,2,cloves
GF-REC-00630,GF-ING-00262,"Ginger, fresh (Zingiber officinale)",5.0,g,G014,Ginger,5,g
GF-REC-00630,GF-ING-00262,"Ginger, fresh (Zingiber officinale)",5.0,g,G014,Ginger,5,g
GF-REC-00630,GF-ING-00265,"Onion, big (Allium cepa)",10.0,g,G017,Onion,10,g
GF-REC-00630,GF-ING-00265,"Onion, big (Allium cepa)",30.0,g,G017,Onion,30,g
GF-REC-00630,GF-ING-00269,"Cardamom, black (Elettaria cardamomum)",0.5,tsp,G021,Black cardamom,.5,tsp
GF-REC-00630,GF-ING-00272,Coriander seeds (Coriandrum sativum),0.25,tsp,G024,Dry coriander seeds,.25,tsp
GF-REC-00630,GF-ING-00273,Cumin seeds (Cuminum cyminum),0.125,tsp,G025,Cumin seeds,.125,tsp
GF-REC-00630,GF-ING-00281,Turmeric powder (Curcuma domestica),0.125,tsp,G033,Turmeric powder,.125,tsp
GF-REC-00630,GF-ING-00282,Almond (Prunus amygdalus),2.2,g,H001,Almonds,2,
GF-REC-00630,GF-ING-00299,Pistachio nuts (Pistacla vera),0.56,g,H018,Pistachio nuts,1,
GF-REC-00630,GF-ING-00312,"Milk, whole, Cow",10.0,g,L002,Milk,10,g
GF-REC-00630,GF-ING-00315,"Egg, poultry, whole, raw",1.0,tsp,M001,Egg,1,tsp
GF-REC-00630,,"Cream, fresh, single",1.0,tbsp,UK-12-332,Cream,1,tbsp
GF-REC-00630,,Garam masala,0.125,tsp,UK-13-829,Garam masala,.125,tsp
GF-REC-00630,,Garam masala,0.125,tsp,UK-13-829,Garam masala,.125,tsp
GF-REC-00630,,Chilli powder,0.125,tsp,UK-13-873,Red chilli powder,.125,tsp
GF-REC-00630,,Sultanas,2.22,g,UK-14-263,Sultanas,2,
GF-REC-00630,,"Oil, sunflower",2.0,C,UK-17-045,Oil,for deep frying,
GF-REC-00630,,"Oil, sunflower",5.0,g,UK-17-045,Oil,5,g
GF-REC-00630,,"Oil, sunflower",10.0,g,UK-17-045,Oil,10,g
GF-REC-00630,,Salt,0.17,tsp,UK-17-367,Salt,.167,tsp
GF-REC-00630,,Salt,0.17,tsp,UK-17-367,Salt,.167,tsp
GF-REC-00630,,"Water, distilled",0.5,C,UK-17-377,Water,.5,cup
GF-REC-00630,,"Water, distilled",0.5,C,UK-17-377,Water,.5,cup
GF-REC-00630,,"Water, distilled",4.0,tsp,UK-17-377,Water,4,tsp
GF-REC-00631,GF-ING-00158,"Tomato, ripe, hybrid (Solanum lycopersicum)",50.0,g,D075,Tomato puree,50,g
GF-REC-00631,GF-ING-00247,"Yam, ordinary (Amorphophallus sp.)",120.0,g,F018,Yam,120,g
GF-REC-00631,GF-ING-00256,"Chillies, green - all varieties (Capsicum annum)",3.33,g,G008,Green chilli,1,
GF-REC-00631,GF-ING-00257,Coriander leaves (Coriandrum sativum),1.0,sprig,G009,Coriander leaves,1,sprig
GF-REC-00631,GF-ING-00260,"Garlic, small clove (Allium sativum)",1.25,g,G012,Garlic,2,cloves
GF-REC-00631,GF-ING-00260,"Garlic, small clove (Allium sativum)",1.25,g,G012,Garlic,2,cloves
GF-REC-00631,GF-ING-00262,"Ginger, fresh (Zingiber officinale)",5.0,g,G014,Ginger,5,g
GF-REC-00631,GF-ING-00262,"Ginger, fresh (Zingiber officinale)",5.0,g,G014,Ginger,5,g
GF-REC-00631,GF-ING-00265,"Onion, big (Allium cepa)",30.0,g,G017,Onion,30,g
GF-REC-00631,GF-ING-00272,Coriander seeds (Coriandrum sativum),0.25,tsp,G024,Dry coriander seeds,.25,tsp
GF-REC-00631,GF-ING-00273,Cumin seeds (Cuminum cyminum),0.125,tsp,G025,Cumin seeds,.125,tsp
GF-REC-00631,GF-ING-00281,Turmeric powder (Curcuma domestica),0.125,tsp,G033,Turmeric powder,.125,tsp
GF-REC-00631,GF-ING-00315,"Egg, poultry, whole, raw",1.0,tsp,M001,Egg/Besan,1,tsp
GF-REC-00631,,"Cream, fresh, single",1.0,tbsp,UK-12-332,Cream,1,tbsp
GF-REC-00631,,Garam masala,0.125,tsp,UK-13-829,Garam masala,.125,tsp
GF-REC-00631,,Garam masala,0.125,tsp,UK-13-829,Garam masala,.125,tsp
GF-REC-00631,,Chilli powder,0.125,tsp,UK-13-873,Red chilli powder,.125,tsp
GF-REC-00631,,"Oil, sunflower",10.0,g,UK-17-045,Oil,10,g
GF-REC-00631,,"Oil, sunflower",240.0,ml,UK-17-045,Oil,for deep frying,
GF-REC-00631,,Salt,0.17,tsp,UK-17-367,Salt,.167,tsp
GF-REC-00631,,Salt,0.17,tsp,UK-17-367,Salt,.167,tsp
GF-REC-00631,,"Water, distilled",0.5,C,UK-17-377,Water,.5,cup
GF-REC-00631,,"Water, distilled",0.5,C,UK-17-377,Water,.5,cup
GF-REC-00631,,"Water, distilled",4.0,tsp,UK-17-377,Water,4,tsp
GF-REC-00632,GF-ING-00158,"Tomato, ripe, hybrid (Solanum lycopersicum)",50.0,g,D075,Tomato puree,50,g
GF-REC-00632,GF-ING-00191,"Jack fruit, ripe (Artocarpus heterophyllus)",120.0,g,E030,Jack fruit,120,g
GF-REC-00632,GF-ING-00256,"Chillies, green - all varieties (Capsicum annum)",3.33,g,G008,Green chilli,1,
GF-REC-00632,GF-ING-00257,Coriander leaves (Coriandrum sativum),1.0,sprig,G009,Coriander leaves,1,sprig
GF-REC-00632,GF-ING-00260,"Garlic, small clove (Allium sativum)",1.25,g,G012,Garlic,2,cloves
GF-REC-00632,GF-ING-00260,"Garlic, small clove (Allium sativum)",1.25,g,G012,Garlic,2,cloves
GF-REC-00632,GF-ING-00262,"Ginger, fresh (Zingiber officinale)",5.0,g,G014,Ginger,5,g
GF-REC-00632,GF-ING-00262,"Ginger, fresh (Zingiber officinale)",5.0,g,G014,Ginger,5,g
GF-REC-00632,GF-ING-00265,"Onion, big (Allium cepa)",30.0,g,G017,Onion,30,g
GF-REC-00632,GF-ING-00272,Coriander seeds (Coriandrum sativum),0.25,tsp,G024,Dry coriander seeds,.25,tsp
GF-REC-00632,GF-ING-00273,Cumin seeds (Cuminum cyminum),0.125,tsp,G025,Cumin seeds,.125,tsp
GF-REC-00632,GF-ING-00281,Turmeric powder (Curcuma domestica),0.125,tsp,G033,Turmeric powder,.125,tsp
GF-REC-00632,GF-ING-00315,"Egg, poultry, whole, raw",1.0,tsp,M001,Egg/Besan,1,tsp
GF-REC-00632,,"Cream, fresh, single",1.0,tbsp,UK-12-332,Cream,1,tbsp
GF-REC-00632,,Garam masala,0.125,tsp,UK-13-829,Garam masala,.125,tsp
GF-REC-00632,,Garam masala,0.125,tsp,UK-13-829,Garam masala,.125,tsp
GF-REC-00632,,Chilli powder,0.125,tsp,UK-13-873,Red chilli powder,.125,tsp
GF-REC-00632,,"Oil, sunflower",10.0,g,UK-17-045,Oil,10,g
GF-REC-00632,,"Oil, sunflower",240.0,ml,UK-17-045,Oil,for deep frying,
GF-REC-00632,,Salt,0.17,tsp,UK-17-367,Salt,.167,tsp
GF-REC-00632,,Salt,0.17,tsp,UK-17-367,Salt,.167,tsp
GF-REC-00632,,"Water, distilled",0.5,C,UK-17-377,Water,.5,cup
GF-REC-00632,,"Water, distilled",0.5,C,UK-17-377,Water,.5,cup
GF-REC-00632,,"Water, distilled",4.0,tsp,UK-17-377,Water,4,tsp
GF-REC-00633,GF-ING-00082,Spinach (Spinacia oleracea),150.0,g,C033,Spinach,150,g
GF-REC-00633,GF-ING-00158,"Tomato, ripe, hybrid (Solanum lycopersicum)",50.0,g,D075,Tomato,50,g
GF-REC-00633,GF-ING-00235,"Potato, brown skin, big (Solanum tuberosum)",80.0,g,F006,Potato,80,g
GF-REC-00633,GF-ING-00260,"Garlic, small clove (Allium sativum)",1.25,g,G012,Garlic,2,
GF-REC-00633,GF-ING-00262,"Ginger, fresh (Zingiber officinale)",5.0,g,G014,Ginger,1,cm
GF-REC-00633,GF-ING-00265,"Onion, big (Allium cepa)",25.0,g,G017,Onion,25,g
GF-REC-00633,GF-ING-00273,Cumin seeds (Cuminum cyminum),0.25,tsp,G025,Cumin seeds,.25,tsp
GF-REC-00633,,"Oil, sunflower",2.0,tsp,UK-17-045,Oil,2,tsp
GF-REC-00633,,Salt,0.17,tsp,UK-17-367,Salt,.167,tsp
GF-REC-00633,,"Water, distilled",1.0,tbsp,UK-17-377,Water,1,tbsp
GF-REC-00634,GF-ING-00080,Radish leaves (Raphanus sativus),100.0,g,C031,Radish leaves,100,g
GF-REC-00634,GF-ING-00239,"Radish, elongate, white skin (Raphanus sativus)",50.0,g,F010,Radish,50,g
GF-REC-00634,GF-ING-00256,"Chillies, green - all varieties (Capsicum annum)",3.33,g,G008,Green chilli,1,
GF-REC-00634,GF-ING-00262,"Ginger, fresh (Zingiber officinale)",10.0,g,G014,Ginger,10,g
GF-REC-00634,GF-ING-00265,"Onion, big (Allium cepa)",20.0,g,G017,Onion,20,g
GF-REC-00634,GF-ING-00273,Cumin seeds (Cuminum cyminum),0.25,tsp,G025,Cumin seeds,.25,tsp
GF-REC-00634,GF-ING-00281,Turmeric powder (Curcuma domestica),0.25,tsp,G033,Turmeric powder,.25,tsp
GF-REC-00634,,Chilli powder,0.125,tsp,UK-13-873,Red chilli powder,.125,tsp
GF-REC-00634,,Salt,0.17,tsp,UK-17-367,Salt,.167,tsp
GF-REC-00634,,"Oil, mustard",1.0,tbsp,US-172337,Mustard oil,1,tbsp
GF-REC-00635,GF-ING-00057,Bathua leaves (Chenopodium album),150.0,g,C008,Bathua leaves,150,g
GF-REC-00635,GF-ING-00256,"Chillies, green - all varieties (Capsicum annum)",3.33,g,G008,Green chilli,1,
GF-REC-00635,GF-ING-00262,"Ginger, fresh (Zingiber officinale)",10.0,g,G014,Ginger,10,g
GF-REC-00635,GF-ING-00265,"Onion, big (Allium cepa)",20.0,g,G017,Onion,20,g
GF-REC-00635,GF-ING-00273,Cumin seeds (Cuminum cyminum),0.25,tsp,G025,Cumin seeds,.25,tsp
GF-REC-00635,GF-ING-00281,Turmeric powder (Curcuma domestica),0.25,tsp,G033,Turmeric powder,.25,tsp
GF-REC-00635,,Chilli powder,0.125,tsp,UK-13-873,Red chilli powder,.125,tsp
GF-REC-00635,,Salt,0.17,tsp,UK-17-367,Salt,.167,tsp
GF-REC-00635,,"Oil, mustard",1.0,tbsp,US-172337,Mustard oil,1,tbsp
GF-REC-00636,GF-ING-00018,"Wheat flour, refined (Triticum aestivum)",1.0,tbsp,A018,Refined wheat flour,1,tbsp
GF-REC-00636,GF-ING-00064,"Cabbage, green (Brassica oleracea var. capitata f. alba)",60.0,g,C015,Whole cabbage leaves,60,g
GF-REC-00636,GF-ING-00194,"Lemon, juice (Citrus limon)",0.25,tsp,E033,Lime juice,.25,tsp
GF-REC-00636,GF-ING-00256,"Chillies, green - all varieties (Capsicum annum)",3.33,g,G008,Green chilli,1,
GF-REC-00636,GF-ING-00260,"Garlic, small clove (Allium sativum)",0.63,g,G012,Garlic,1,cloves
GF-REC-00636,GF-ING-00262,"Ginger, fresh (Zingiber officinale)",5.0,g,G014,Ginger,5,g
GF-REC-00636,GF-ING-00265,"Onion, big (Allium cepa)",20.0,g,G017,Onion,20,g
GF-REC-00636,GF-ING-00279,"Pepper, black (Piper nigrum)",0.25,tsp,G031,Pepper,1,dash
GF-REC-00636,,Chilli powder,0.125,tsp,UK-13-873,Red chilli powder,.125,tsp
GF-REC-00636,,"Oil, sunflower",1.0,tsp,UK-17-045,Oil,1,tsp
GF-REC-00636,,Salt,0.17,tsp,UK-17-367,Salt,.167,tsp
GF-REC-00636,,"Butter, unsalted",1.0,tsp,UK-17-661,Oil/Butter,1,tsp
GF-REC-00636,,"Lamb, mince, raw",60.0,g,UK-18-481,Mince meat/Paneer,60,g
GF-REC-00637,GF-ING-00018,"Wheat flour, refined (Triticum aestivum)",1.0,tbsp,A018,Refined wheat flour,1,tbsp
GF-REC-00637,GF-ING-00064,"Cabbage, green (Brassica oleracea var. capitata f. alba)",60.0,g,C015,Whole cabbage leaves,60,g
GF-REC-00637,GF-ING-00194,"Lemon, juice (Citrus limon)",0.25,tsp,E033,Lime juice,.25,tsp
GF-REC-00637,GF-ING-00256,"Chillies, green - all varieties (Capsicum annum)",1.1,g,G008,Green chilli,.33,
GF-REC-00637,GF-ING-00256,"Chillies, green - all varieties (Capsicum annum)",3.33,g,G008,Green chilli,1,
GF-REC-00637,GF-ING-00260,"Garlic, small clove (Allium sativum)",0.63,g,G012,Garlic,1,cloves
GF-REC-00637,GF-ING-00262,"Ginger, fresh (Zingiber officinale)",5.0,g,G014,Ginger,5,g
GF-REC-00637,GF-ING-00262,"Ginger, fresh (Zingiber officinale)",5.0,g,G014,Ginger,1,piece
GF-REC-00637,GF-ING-00265,"Onion, big (Allium cepa)",20.0,g,G017,Onion,20,g
GF-REC-00637,GF-ING-00265,"Onion, big (Allium cepa)",20.0,g,G017,Onion,20,g
GF-REC-00637,GF-ING-00279,"Pepper, black (Piper nigrum)",0.25,tsp,G031,Pepper,1,dash
GF-REC-00637,GF-ING-00279,"Pepper, black (Piper nigrum)",0.25,tsp,G031,Pepper,1,dash
GF-REC-00637,,Tomato puree,60.0,g,UK-13-531,Tomato puree,60,g
GF-REC-00637,,Chilli powder,0.125,tsp,UK-13-873,Red chilli powder,.125,tsp
GF-REC-00637,,"Oil, sunflower",1.0,tsp,UK-17-045,Oil,1,tsp
GF-REC-00637,,"Oil, sunflower",2.0,tsp,UK-17-045,Oil,2,tsp
GF-REC-00637,,Salt,0.17,tsp,UK-17-367,Salt,.167,tsp
GF-REC-00637,,Salt,0.17,tsp,UK-17-367,Salt,.167,tsp
GF-REC-00637,,"Water, distilled",2.0,tbsp,UK-17-377,Water,2,tbsp
GF-REC-00637,,"Butter, unsalted",1.0,tsp,UK-17-661,Oil/Butter,1,tsp
GF-REC-00637,,"Lamb, mince, raw",60.0,g,UK-18-481,Mince meat/Paneer,60,g
GF-REC-00638,GF-ING-00158,"Tomato, ripe, hybrid (Solanum lycopersicum)",15.0,g,D075,Tomato,15,g
GF-REC-00638,GF-ING-00233,Colocasia (Colocasia esculenta),100.0,g,F004,Colocasia/Arbi,100,g
GF-REC-00638,GF-ING-00260,"Garlic, small clove (Allium sativum)",1.25,g,G012,Garlic,2,cloves
GF-REC-00638,GF-ING-00262,"Ginger, fresh (Zingiber officinale)",5.0,g,G014,Ginger,5,g
GF-REC-00638,GF-ING-00265,"Onion, big (Allium cepa)",30.0,g,G017,Onion,30,g
GF-REC-00638,GF-ING-00273,Cumin seeds (Cuminum cyminum),0.25,tsp,G025,Cumin seeds,.25,tsp
GF-REC-00638,GF-ING-00281,Turmeric powder (Curcuma domestica),0.25,tsp,G033,Turmeric powder,.25,tsp
GF-REC-00638,,Chilli powder,0.25,tsp,UK-13-873,Red chilli powder,.25,tsp
GF-REC-00638,,"Oil, sunflower",1.0,tbsp,UK-17-045,Oil,1,tbsp
GF-REC-00638,,"Oil, sunflower",1.0,tsp,UK-17-045,Oil,1,tsp
GF-REC-00638,,Salt,0.17,tsp,UK-17-367,Salt,.167,tsp
GF-REC-00638,,"Water, distilled",2.0,tbsp,UK-17-377,Water,2,tbsp
GF-REC-00639,GF-ING-00233,Colocasia (Colocasia esculenta),100.0,g,F004,Colocasia/Arbi,100,g
GF-REC-00639,GF-ING-00281,Turmeric powder (Curcuma domestica),0.25,tsp,G033,Turmeric powder,.25,tsp
GF-REC-00639,,Garam masala,0.25,tsp,UK-13-829,Garam masala,.25,tsp
GF-REC-00639,,Chilli powder,0.25,tsp,UK-13-873,Red chilli powder,.25,tsp
GF-REC-00639,,"Oil, sunflower",1.0,tbsp,UK-17-045,Oil,1,tbsp
GF-REC-00639,,Salt,0.17,tsp,UK-17-367,Salt,.167,tsp
GF-REC-00639,,"SIVA'S, AMHUR POWDER (DRY MANGO POWDER)",0.25,tsp,US-400113,Mango powder,.25,tsp
GF-REC-00639,,HIMALAYAN BLACK SALT,0.17,tsp,US-806241,Black salt,.167,tsp
GF-REC-00640,GF-ING-00114,Brinjal - all varieties (Solanum melongena),150.0,g,D031,Brinjal,150,g
GF-REC-00640,GF-ING-00144,"Peas, fresh (Pisum sativum)",30.0,g,D061,Peas,30,g
GF-REC-00640,GF-ING-00158,"Tomato, ripe, hybrid (Solanum lycopersicum)",30.0,g,D075,Tomato,30,g
GF-REC-00640,GF-ING-00256,"Chillies, green - all varieties (Capsicum annum)",3.33,g,G008,Green chilli,1,
GF-REC-00640,GF-ING-00257,Coriander leaves (Coriandrum sativum),1.0,sprig,G009,Coriander leaves,1,sprig
GF-REC-00640,GF-ING-00265,"Onion, big (Allium cepa)",30.0,g,G017,Onion,30,g
GF-REC-00640,,Garam masala,0.25,tsp,UK-13-829,Garam masala,.25,tsp
GF-REC-00640,,Chilli powder,0.25,tsp,UK-13-873,Red chilli powder,.25,tsp
GF-REC-00640,,"Oil, sunflower",15.0,g,UK-17-045,Oil,15,g
GF-REC-00640,,Salt,0.17,tsp,UK-17-367,Salt,.167,tsp
GF-REC-00641,GF-ING-00139,Ladies finger (Abelmoschus esculentus),120.0,g,D056,Lady's finger,120,g
GF-REC-00641,GF-ING-00265,"Onion, big (Allium cepa)",30.0,g,G017,Onion,30,g
GF-REC-00641,GF-ING-00272,Coriander seeds (Coriandrum sativum),0.125,tsp,G024,Coriander powder,.125,tsp
GF-REC-00641,GF-ING-00281,Turmeric powder (Curcuma domestica),0.25,tsp,G033,Turmeric powder,.25,tsp
GF-REC-00641,,Chilli powder,0.125,tsp,UK-13-873,Red chilli powder,.125,tsp
GF-REC-00641,,"Oil, sunflower",15.0,g,UK-17-045,Oil,15,g
GF-REC-00641,,Salt,0.17,tsp,UK-17-367,Salt,.167,tsp
GF-REC-00642,GF-ING-00139,Ladies finger (Abelmoschus esculentus),80.0,g,D056,Lady's finger,80,g
GF-REC-00642,GF-ING-00272,Coriander seeds (Coriandrum sativum),0.125,tsp,G024,Coriander powder,.125,tsp
GF-REC-00642,GF-ING-00273,Cumin seeds (Cuminum cyminum),0.25,tsp,G025,Cumin seeds powder,.125,tsp
GF-REC-00642,,"Flour, gram",20.0,g,UK-11-896,Gram flour,20,g
GF-REC-00642,,Chilli powder,0.25,tsp,UK-13-873,Red chilli powder,to taste,
GF-REC-00642,,Mixed curry spices,0.25,tsp,UK-13-886,Chaat masala,a sprinkle,
GF-REC-00642,,"Oil, sunflower",240.0,ml,UK-17-045,Oil,for deep frying,
GF-REC-00642,,Salt,0.125,tsp,UK-17-367,Salt,.25,tsp
GF-REC-00642,,"SIVA'S, AMHUR POWDER (DRY MANGO POWDER)",0.125,tsp,US-400113,Mango powder,.125,tsp
GF-REC-00642,,AJWAIN SEED WHOLE ORGANIC SPICES,0.25,tsp,US-806341,Carom seeds,few grains,
GF-REC-00643,GF-ING-00133,"French beans, hybrid (Phaseolus vulgaris)",120.0,g,D050,French beans,120,g
GF-REC-00643,GF-ING-00256,"Chillies, green - all varieties (Capsicum annum)",3.33,g,G008,Green chilli,1,
GF-REC-00643,GF-ING-00258,Curry leaves (Murraya koenigii),1.0,sprig,G010,Curry leaves,1,sprig
GF-REC-00643,GF-ING-00265,"Onion, big (Allium cepa)",15.0,g,G017,Onion,15,g
GF-REC-00643,GF-ING-00288,"Coconut, kernel, fresh (Cocos nucifera)",15.0,g,H007,Fresh coconut,15,g
GF-REC-00643,GF-ING-00294,Mustard seeds (Brassica nigra),0.25,tsp,H013,Mustard seed,.25,tsp
GF-REC-00643,,"Oil, sunflower",10.0,g,UK-17-045,Oil,10,g
GF-REC-00643,,Salt,0.17,tsp,UK-17-367,Salt,.167,tsp
GF-REC-00643,,"Water, distilled",1.0,tbsp,UK-17-377,Water,1,tbsp
GF-REC-00644,GF-ING-00089,"Bitter gourd, jagged, smooth ridges, elongate (Momordica charantia)",80.0,g,D006,Bittergourd/Karela,80,g
GF-REC-00644,GF-ING-00260,"Garlic, small clove (Allium sativum)",0.63,g,G012,Garlic,1,cloves
GF-REC-00644,GF-ING-00265,"Onion, big (Allium cepa)",50.0,g,G017,Onion,50,g
GF-REC-00644,GF-ING-00281,Turmeric powder (Curcuma domestica),0.125,tsp,G033,Turmeric powder,.125,tsp
GF-REC-00644,,Chilli powder,0.125,tsp,UK-13-873,Red chilli powder,.125,tsp
GF-REC-00644,,"Oil, sunflower",1.0,tbsp,UK-17-045,Oil,1,tbsp
GF-REC-00644,,"Oil, sunflower",10.0,g,UK-17-045,Oil,10,g
GF-REC-00644,,Salt,0.17,tsp,UK-17-367,Salt,1.67,tsp
GF-REC-00644,,Salt,0.5,tsp,UK-17-367,Salt,.5,tsp
GF-REC-00644,,"SIVA'S, AMHUR POWDER (DRY MANGO POWDER)",0.25,tsp,US-400113,Mango powder/Tamarind seedless,0.25/3,tsp/g
GF-REC-00645,GF-ING-00158,"Tomato, ripe, hybrid (Solanum lycopersicum)",30.0,g,D075,Tomato,30,g
GF-REC-00645,GF-ING-00191,"Jack fruit, ripe (Artocarpus heterophyllus)",120.0,g,E030,Jackfruit,120,g
GF-REC-00645,GF-ING-00256,"Chillies, green - all varieties (Capsicum annum)",3.33,g,G008,Green chilli,1,
GF-REC-00645,GF-ING-00257,Coriander leaves (Coriandrum sativum),1.0,sprig,G009,Coriander leaves,1,sprig
GF-REC-00645,GF-ING-00260,"Garlic, small clove (Allium sativum)",1.25,g,G012,Garlic,2,cloves
GF-REC-00645,GF-ING-00262,"Ginger, fresh (Zingiber officinale)",5.0,g,G014,Ginger,5,g
GF-REC-00645,GF-ING-00265,"Onion, big (Allium cepa)",30.0,g,G017,Onion,30,g
GF-REC-00645,GF-ING-00281,Turmeric powder (Curcuma domestica),0.25,tsp,G033,Turmeric powder,.25,tsp
GF-REC-00645,,Garam masala,0.25,tsp,UK-13-829,Garam masala,.25,tsp
GF-REC-00645,,Chilli powder,0.25,tsp,UK-13-873,Red chilli powder,.25,tsp
GF-REC-00645,,"Oil, sunflower",10.0,g,UK-17-045,Oil,10,g
GF-REC-00645,,"Oil, sunflower",240.0,ml,UK-17-045,Oil,for deep frying,
GF-REC-00645,,Salt,0.17,tsp,UK-17-367,Salt,.167,tsp
GF-REC-00645,,"Water, distilled",2.0,tsp,UK-17-377,Water,2,tsp
GF-REC-00645,,"Water, distilled",2.0,tbsp,UK-17-377,Water,2,tbsp
GF-REC-00646,GF-ING-00158,"Tomato, ripe, hybrid (Solanum lycopersicum)",30.0,g,D075,Tomato,30,g
GF-REC-00646,GF-ING-00247,"Yam, ordinary (Amorphophallus sp.)",120.0,g,F018,Yam,120,g
GF-REC-00646,GF-ING-00256,"Chillies, green - all varieties (Capsicum annum)",3.33,g,G008,Green chilli,1,
GF-REC-00646,GF-ING-00257,Coriander leaves (Coriandrum sativum),1.0,sprig,G009,Coriander leaves,1,sprig
GF-REC-00646,GF-ING-00260,"Garlic, small clove (Allium sativum)",1.25,g,G012,Garlic,2,cloves
GF-REC-00646,GF-ING-00262,"Ginger, fresh (Zingiber officinale)",5.0,g,G014,Ginger,5,g
GF-REC-00646,GF-ING-00265,"Onion, big (Allium cepa)",30.0,g,G017,Onion,30,g
GF-REC-00646,GF-ING-00281,Turmeric powder (Curcuma domestica),0.25,tsp,G033,Turmeric powder,.25,tsp
GF-REC-00646,,Garam masala,0.25,tsp,UK-13-829,Garam masala,.25,tsp
GF-REC-00646,,Chilli powder,0.25,tsp,UK-13-873,Red chilli powder,.25,tsp
GF-REC-00646,,"Oil, sunflower",10.0,g,UK-17-045,Oil,10,g
GF-REC-00646,,"Oil, sunflower",240.0,ml,UK-17-045,Oil,for deep frying,
GF-REC-00646,,Salt,0.17,tsp,UK-17-367,Salt,.167,tsp
GF-REC-00646,,"Water, distilled",2.0,tsp,UK-17-377,Water,2,tsp
GF-REC-00646,,"Water, distilled",2.0,tbsp,UK-17-377,Water,2,tbsp
GF-REC-00647,GF-ING-00119,Cauliflower (Brassica oleracea var. botrytis),40.0,g,D036,Cauliflower,40,g
GF-REC-00647,GF-ING-00144,"Peas, fresh (Pisum sativum)",40.0,g,D061,Peas,40,g
GF-REC-00647,GF-ING-00158,"Tomato, ripe, hybrid (Solanum lycopersicum)",25.0,g,D075,Tomato,25,g
GF-REC-00647,GF-ING-00194,"Lemon, juice (Citrus limon)",0.5,tsp,E033,Lime juice,.5,tsp
GF-REC-00647,GF-ING-00235,"Potato, brown skin, big (Solanum tuberosum)",40.0,g,F006,Potato,40,g
GF-REC-00647,GF-ING-00257,Coriander leaves (Coriandrum sativum),1.0,sprig,G009,Coriander leaves,1,sprig
GF-REC-00647,GF-ING-00260,"Garlic, small clove (Allium sativum)",0.63,g,G012,Garlic,1,cloves
GF-REC-00647,GF-ING-00262,"Ginger, fresh (Zingiber officinale)",5.0,g,G014,Ginger,5,g
GF-REC-00647,GF-ING-00265,"Onion, big (Allium cepa)",25.0,g,G017,Onion,25,g
GF-REC-00647,GF-ING-00281,Turmeric powder (Curcuma domestica),0.125,tsp,G033,Turmeric powder,.125,tsp
GF-REC-00647,,Garam masala,0.125,tsp,UK-13-829,Garam masala,.125,tsp
GF-REC-00647,,Chilli powder,0.125,tsp,UK-13-873,Red chilli powder,.125,tsp
GF-REC-00647,,"Oil, sunflower",10.0,g,UK-17-045,Oil,10,g
GF-REC-00647,,Salt,0.17,tsp,UK-17-367,Salt,.167,tsp
GF-REC-00648,GF-ING-00064,"Cabbage, green (Brassica oleracea var. capitata f. alba)",20.0,g,C015,Cabbage,20,g
GF-REC-00648,GF-ING-00116,"Capsicum, green (Capsicum annuum)",20.0,g,D033,Capsicum,20,g
GF-REC-00648,GF-ING-00133,"French beans, hybrid (Phaseolus vulgaris)",20.0,g,D050,French beans,20,g
GF-REC-00648,GF-ING-00158,"Tomato, ripe, hybrid (Solanum lycopersicum)",50.0,g,D075,Tomato,50,g
GF-REC-00648,GF-ING-00231,"Carrot, orange (Daucus carota)",20.0,g,F002,Carrot,20,g
GF-REC-00648,GF-ING-00235,"Potato, brown skin, big (Solanum tuberosum)",20.0,g,F006,Potato,20,g
GF-REC-00648,GF-ING-00257,Coriander leaves (Coriandrum sativum),1.0,sprig,G009,Coriander leaves,1,sprig
GF-REC-00648,GF-ING-00262,"Ginger, fresh (Zingiber officinale)",5.0,g,G014,Ginger,5,g
GF-REC-00648,GF-ING-00265,"Onion, big (Allium cepa)",20.0,g,G017,Onion,20,g
GF-REC-00648,GF-ING-00270,"Chillies, red (Capsicum annum)",3.33,g,G022,Whole red chilli,1,
GF-REC-00648,GF-ING-00273,Cumin seeds (Cuminum cyminum),0.25,tsp,G025,Cumin seeds,.25,tsp
GF-REC-00648,GF-ING-00279,"Pepper, black (Piper nigrum)",0.25,tsp,G031,Pepper,1,pinch
GF-REC-00648,,"Oil, sunflower",2.0,tsp,UK-17-045,Oil,2,tsp
GF-REC-00648,,Vinegar,0.75,tsp,UK-17-339,Vinegar,.75,tsp
GF-REC-00648,,Salt,0.17,tsp,UK-17-367,Salt,.167,tsp
GF-REC-00648,,"Water, distilled",2.0,tsp,UK-17-377,Water,2,tbsp
GF-REC-00649,GF-ING-00077,Parsley (Petroselinum crispum),1.0,sprig,C028,Parsley,1,sprig
GF-REC-00649,GF-ING-00125,"Corn, Baby (Zea mays)",20.0,g,D042,Baby corn cobs,20,g
GF-REC-00649,GF-ING-00144,"Peas, fresh (Pisum sativum)",20.0,g,D061,Snow peas,20,g
GF-REC-00649,GF-ING-00231,"Carrot, orange (Daucus carota)",20.0,g,F002,Baby carrot,20,g
GF-REC-00649,GF-ING-00235,"Potato, brown skin, big (Solanum tuberosum)",20.0,g,F006,Potato,20,g
GF-REC-00649,GF-ING-00260,"Garlic, small clove (Allium sativum)",0.25,tsp,G012,Garlic paste,.25,tsp
GF-REC-00649,GF-ING-00262,"Ginger, fresh (Zingiber officinale)",0.25,tsp,G014,Ginger paste,.25,tsp
GF-REC-00649,GF-ING-00265,"Onion, big (Allium cepa)",20.0,g,G017,Baby onion,20,g
GF-REC-00649,,"Broccoli, green, raw",20.0,g,UK-13-502,Broccoli,20,g
GF-REC-00649,,"Tomatoes, cherry, raw",20.0,g,UK-13-519,Cherry tomato,20,g
GF-REC-00649,,"Oil, sunflower",5.0,g,UK-17-045,Oil,5,g
GF-REC-00649,,Salt,0.25,tsp,UK-17-367,Salt,.25,tsp
GF-REC-00649,,"Water, distilled",1.0,C,UK-17-377,Water,1,cup
GF-REC-00650,GF-ING-00270,"Chillies, red (Capsicum annum)",10.0,g,G022,Red whole chillies,3,
GF-REC-00650,,"Broccoli, green, raw",200.0,g,UK-13-502,Broccoli,200,g
GF-REC-00650,,Chilli powder,0.25,tsp,UK-13-873,Kashmiri masala,1,pinch
GF-REC-00650,,Salt,0.25,tsp,UK-17-367,Salt,.25,tsp
GF-REC-00650,,"Water, distilled",0.75,C,UK-17-377,Water,.75,cup
GF-REC-00650,,"Oil, mustard",2.0,tsp,US-172337,Mustard oil,2,tsp
GF-REC-00651,GF-ING-00025,"Bengal gram, dal (Cicer arietinum)",1.125,g,B001,Bengal gram dal,1.125,g
GF-REC-00651,GF-ING-00025,"Bengal gram, dal (Cicer arietinum)",5.0,g,B001,Split bengal gram,5,g
GF-REC-00651,GF-ING-00034,"Green gram, dal (Vigna radiata)",5.0,g,B010,Split green gram,5,g
GF-REC-00651,GF-ING-00037,Lentil dal (Lens culinaris),10.0,g,B013,Lentil,10,g
GF-REC-00651,GF-ING-00045,"Red gram, dal (Cajanus cajan)",15.0,g,B021,Split red gram,15,g
GF-REC-00651,GF-ING-00114,Brinjal - all varieties (Solanum melongena),30.0,g,D031,Brinjal,30,g
GF-REC-00651,GF-ING-00149,"Pumpkin, orange, round (Cucurbita maxima)",30.0,g,D066,Pumpkin,30,g
GF-REC-00651,GF-ING-00158,"Tomato, ripe, hybrid (Solanum lycopersicum)",30.0,g,D075,Tomato,30,g
GF-REC-00651,GF-ING-00235,"Potato, brown skin, big (Solanum tuberosum)",30.0,g,F006,Potato,30,g
GF-REC-00651,GF-ING-00242,"Sweet potato, brown skin (Ipomoea batatas)",5.0,g,F013,Sweet potato,5,g
GF-REC-00651,GF-ING-00256,"Chillies, green - all varieties (Capsicum annum)",3.33,g,G008,Green chilli,1,
GF-REC-00651,GF-ING-00257,Coriander leaves (Coriandrum sativum),10.0,g,G009,Coriander leaves,10,g
GF-REC-00651,GF-ING-00260,"Garlic, small clove (Allium sativum)",0.63,g,G012,Garlic,1,cloves
GF-REC-00651,GF-ING-00262,"Ginger, fresh (Zingiber officinale)",5.0,g,G014,Ginger,1,cm
GF-REC-00651,GF-ING-00264,Mint leaves (Mentha spicata ),2.0,g,G016,Mint,2,g
GF-REC-00651,GF-ING-00265,"Onion, big (Allium cepa)",15.0,g,G017,Onion,15,g
GF-REC-00651,GF-ING-00267,Asafoetida (Ferula assa-foetida),0.15,g,G019,Asafoetida,.15,g
GF-REC-00651,GF-ING-00270,"Chillies, red (Capsicum annum)",3.33,g,G022,Red chilli whole,1,
GF-REC-00651,GF-ING-00270,"Chillies, red (Capsicum annum)",0.75,g,G022,Whole red chilli,.75,g
GF-REC-00651,GF-ING-00272,Coriander seeds (Coriandrum sativum),3.75,g,G024,Coriander seeds,3.75,g
GF-REC-00651,GF-ING-00273,Cumin seeds (Cuminum cyminum),0.125,tsp,G025,Cumin seeds,.125,tsp
GF-REC-00651,GF-ING-00274,Fenugreek seeds (Trigonella foenum graecum),15.0,g,G026,Fenugreek leaves/methi,15,g
GF-REC-00651,GF-ING-00274,Fenugreek seeds (Trigonella foenum graecum),0.375,g,G026,Fenugreek seeds,.375,g
GF-REC-00651,GF-ING-00279,"Pepper, black (Piper nigrum)",1.125,g,G031,Pepper corns,1.125,g
GF-REC-00651,GF-ING-00279,"Pepper, black (Piper nigrum)",0.25,tsp,G031,Pepper powder,.25,tsp
GF-REC-00651,GF-ING-00281,Turmeric powder (Curcuma domestica),0.125,tsp,G033,Turmeric powder,.125,tsp
GF-REC-00651,GF-ING-00287,"Coconut, kernal, dry (Cocos nucifera)",5.0,g,H006,Dry coconut,5,g
GF-REC-00651,,Garam masala,0.125,tsp,UK-13-829,Garam masala,.125,tsp
GF-REC-00651,,"Oil, coconut",0.375,g,UK-17-031,Fat,.375,g
GF-REC-00651,,"Oil, sunflower",1.0,tbsp,UK-17-045,Oil,1,tbsp
GF-REC-00651,,Salt,0.17,tsp,UK-17-367,Salt,.125,tsp
GF-REC-00651,,"Water, distilled",1.0,C,UK-17-377,Water,1,cup
GF-REC-00652,GF-ING-00018,"Wheat flour, refined (Triticum aestivum)",10.0,g,A018,Refined wheat flour,10,g
GF-REC-00652,GF-ING-00119,Cauliflower (Brassica oleracea var. botrytis),300.0,g,D036,Cauliflower,300,g
GF-REC-00652,GF-ING-00257,Coriander leaves (Coriandrum sativum),1.0,sprig,G009,Parsley/Coriander leaves,1,sprig
GF-REC-00652,GF-ING-00279,"Pepper, black (Piper nigrum)",0.125,tsp,G031,Pepper powder,.125,tsp
GF-REC-00652,GF-ING-00312,"Milk, whole, Cow",0.25,C,L002,Milk,.25,cup
GF-REC-00652,GF-ING-00315,"Egg, poultry, whole, raw",50.0,g,M001,Egg,1,
GF-REC-00652,,"Cheese, processed, plain",50.0,g,UK-12-527,Cheese,50,g
GF-REC-00652,,Salt,0.17,tsp,UK-17-367,Salt,.167,tsp
GF-REC-00652,,Salt,0.17,tsp,UK-17-367,Salt,.167,tsp
GF-REC-00652,,"Butter, unsalted",10.0,g,UK-17-661,Butter,10,g
GF-REC-00653,GF-ING-00018,"Wheat flour, refined (Triticum aestivum)",10.0,g,A018,Refined wheat flour,10,g
GF-REC-00653,GF-ING-00090,"Bottle gourd, elongate, pale green (Lagenaria vulgaris)",300.0,g,D007,Ghia,300,g
GF-REC-00653,GF-ING-00257,Coriander leaves (Coriandrum sativum),1.0,tsp,G009,Coriander leaves,1,tsp
GF-REC-00653,GF-ING-00265,"Onion, big (Allium cepa)",50.0,g,G017,Onion,50,g
GF-REC-00653,GF-ING-00312,"Milk, whole, Cow",0.25,C,L002,Milk,.25,cup
GF-REC-00653,GF-ING-00315,"Egg, poultry, whole, raw",50.0,g,M001,Egg,1,
GF-REC-00653,,"Bread, white, average",15.0,g,UK-11-1145,Bread crumbs,15,g
GF-REC-00653,,"Cheese, processed, plain",50.0,g,UK-12-527,Cheese,50,g
GF-REC-00653,,"Water, distilled",0.25,C,UK-17-377,Water,.25,cup
GF-REC-00653,,"Butter, unsalted",10.0,g,UK-17-661,Butter,10,g
GF-REC-00653,,Worcestershire sauce,0.5,tsp,UK-17-723,Worcestershire sauce,.5,tsp
GF-REC-00653,,"Lamb, mince, raw",100.0,g,UK-18-481,Minced meat,100,g
GF-REC-00654,GF-ING-00235,"Potato, brown skin, big (Solanum tuberosum)",125.0,g,F006,Potato,125,g
GF-REC-00654,GF-ING-00279,"Pepper, black (Piper nigrum)",0.125,tsp,G031,Pepper,.125,tsp
GF-REC-00654,GF-ING-00315,"Egg, poultry, whole, raw",31.25,g,M001,Egg,0.25 to 0.5,
GF-REC-00654,,Salt,0.17,tsp,UK-17-367,Salt,.167,tsp
GF-REC-00654,,"Butter, unsalted",15.0,g,UK-17-661,Butter,15,g
GF-REC-00655,GF-ING-00235,"Potato, brown skin, big (Solanum tuberosum)",150.0,g,F006,Potato,150,g
GF-REC-00655,GF-ING-00279,"Pepper, black (Piper nigrum)",0.125,tsp,G031,Pepper powder,.125,tsp
GF-REC-00655,,Salt,0.17,tsp,UK-17-367,Salt,.167,tsp
GF-REC-00655,,"Butter, unsalted",1.0,tsp,UK-17-661,Butter,1,tsp
GF-REC-00656,GF-ING-00077,Parsley (Petroselinum crispum),1.0,sprig,C028,Parsley,1,sprig
GF-REC-00656,GF-ING-00235,"Potato, brown skin, big (Solanum tuberosum)",150.0,g,F006,Potato,150,g
GF-REC-00656,GF-ING-00279,"Pepper, black (Piper nigrum)",0.125,tsp,G031,Pepper powder,.125,tsp
GF-REC-00656,GF-ING-00315,"Egg, poultry, whole, raw",37.5,g,M001,Egg,.75,
GF-REC-00656,,"Cream, fresh, single",1.0,tbsp,UK-12-332,Cream,1,tbsp
GF-REC-00656,,Salt,0.17,tsp,UK-17-367,Salt,.167,tsp
GF-REC-00656,,"Butter, unsalted",0.75,tsp,UK-17-661,Butter,.75,tsp
GF-REC-00657,GF-ING-00018,"Wheat flour, refined (Triticum aestivum)",2.0,tsp,A018,Refined wheat flour,2,tsp
GF-REC-00657,GF-ING-00144,"Peas, fresh (Pisum sativum)",100.0,g,D061,Peas/Carrots/Beans,100,g
GF-REC-00657,GF-ING-00235,"Potato, brown skin, big (Solanum tuberosum)",150.0,g,F006,Potato,150,g
GF-REC-00657,GF-ING-00257,Coriander leaves (Coriandrum sativum),1.0,sprig,G009,Coriander leaves/Parsley,1,sprig
GF-REC-00657,GF-ING-00265,"Onion, big (Allium cepa)",5.0,g,G017,Onion,5,g
GF-REC-00657,GF-ING-00279,"Pepper, black (Piper nigrum)",0.125,tsp,G031,Pepper powder,.125,tsp
GF-REC-00657,GF-ING-00279,"Pepper, black (Piper nigrum)",0.25,tsp,G031,Pepper powder,.25,tsp
GF-REC-00657,GF-ING-00312,"Milk, whole, Cow",50.0,ml,L002,Milk,50,ml
GF-REC-00657,GF-ING-00315,"Egg, poultry, whole, raw",12.5,g,M001,Egg,.25,
GF-REC-00657,,"Cheese, processed, plain",15.0,g,UK-12-527,Cheese,15,g
GF-REC-00657,,Salt,0.17,tsp,UK-17-367,Salt,.167,tsp
GF-REC-00657,,Salt,0.17,tsp,UK-17-367,Salt,.167,tsp
GF-REC-00657,,"Butter, unsalted",1.0,tsp,UK-17-661,Butter,1,tsp
GF-REC-00657,,"Butter, unsalted",1.0,tsp,UK-17-661,Butter,1,tsp
GF-REC-00657,,"Butter, unsalted",1.0,tsp,UK-17-661,Butter,1,tsp
GF-REC-00657,,Ham,30.0,g,UK-19-496,Ham,30,g
GF-REC-00658,GF-ING-00077,Parsley (Petroselinum crispum),1.0,tsp,C028,Parsley,1,tsp
GF-REC-00658,GF-ING-00235,"Potato, brown skin, big (Solanum tuberosum)",100.0,g,F006,Potato,100,g
GF-REC-00658,,"Butter, unsalted",2.0,tsp,UK-17-661,Butter,2,tsp
GF-REC-00659,GF-ING-00018,"Wheat flour, refined (Triticum aestivum)",10.0,g,A018,Refined wheat flour,10,g
GF-REC-00659,GF-ING-00082,Spinach (Spinacia oleracea),150.0,g,C033,Spinach,150,g
GF-REC-00659,GF-ING-00265,"Onion, big (Allium cepa)",20.0,g,G017,Onion,20,g
GF-REC-00659,GF-ING-00279,"Pepper, black (Piper nigrum)",0.25,tsp,G031,Pepper powder,1,dash
GF-REC-00659,GF-ING-00305,"Button mushroom, fresh (Agaricus sp.)",50.0,g,J001,Mushrooms,50,g
GF-REC-00659,GF-ING-00312,"Milk, whole, Cow",80.0,ml,L002,Milk,80,ml
GF-REC-00659,,"Cheese, processed, plain",25.0,g,UK-12-527,Cheese,25,g
GF-REC-00659,,"Oil, sunflower",1.0,tsp,UK-17-045,Oil,1,tsp
GF-REC-00659,,"Oil, sunflower",1.0,C,UK-17-045,Oil,for frying,
GF-REC-00659,,Salt,0.25,tsp,UK-17-367,Salt,.25,tsp
GF-REC-00659,,"Water, distilled",1.0,tsp,UK-17-377,Water,1,tsp
GF-REC-00659,,"Butter, unsalted",10.0,g,UK-17-661,Butter,10,g
GF-REC-00660,GF-ING-00018,"Wheat flour, refined (Triticum aestivum)",10.0,g,A018,Refined wheat flour,10,g
GF-REC-00660,GF-ING-00116,"Capsicum, green (Capsicum annuum)",30.0,g,D033,Capsicum,30,g
GF-REC-00660,GF-ING-00231,"Carrot, orange (Daucus carota)",10.0,g,F002,Carrot,10,g
GF-REC-00660,GF-ING-00279,"Pepper, black (Piper nigrum)",0.25,tsp,G031,Pepper,1,dash
GF-REC-00660,GF-ING-00305,"Button mushroom, fresh (Agaricus sp.)",50.0,g,J001,Mushrooms,50,g
GF-REC-00660,GF-ING-00312,"Milk, whole, Cow",100.0,ml,L002,Milk,100,ml
GF-REC-00660,,"Bread, white, average",15.0,g,UK-11-1145,Bread,.5,slice
GF-REC-00660,,"Cream, fresh, single",1.0,tbsp,UK-12-332,Cream,1,tbsp
GF-REC-00660,,"Cheese, processed, plain",10.0,g,UK-12-527,Cheese,10,g
GF-REC-00660,,Salt,0.17,tsp,UK-17-367,Salt,.167,tsp
GF-REC-00660,,"Water, distilled",30.0,ml,UK-17-377,Water or Stock,30,ml
GF-REC-00660,,"Butter, unsalted",10.0,g,UK-17-661,Butter,10,g
GF-REC-00661,GF-ING-00018,"Wheat flour, refined (Triticum aestivum)",10.0,g,A018,Refined wheat flour,10,g
GF-REC-00661,GF-ING-00119,Cauliflower (Brassica oleracea var. botrytis),100.0,g,D036,Cauliflower,100,g
GF-REC-00661,GF-ING-00276,Nutmeg (Myristica fragrans),0.25,tsp,G028,Nutmeg powder,1,dash
GF-REC-00661,GF-ING-00279,"Pepper, black (Piper nigrum)",0.125,tsp,G031,Pepper powder,.125,tsp
GF-REC-00661,GF-ING-00312,"Milk, whole, Cow",150.0,ml,L002,Milk,150,ml
GF-REC-00661,,"Bread, white, average",25.0,g,UK-11-1145,Bread crumbs,25,g
GF-REC-00661,,"Cheese, processed, plain",25.0,g,UK-12-527,Cheese,25,g
GF-REC-00661,,Mustard powder,0.125,tsp,UK-17-362,Mustard powder,.125,tsp
GF-REC-00661,,Salt,0.17,tsp,UK-17-367,Salt,.167,tsp
GF-REC-00661,,"Butter, unsalted",10.0,g,UK-17-661,Butter,10,g
GF-REC-00661,,"Butter, unsalted",15.0,g,UK-17-661,Butter,1,blob
GF-REC-00662,GF-ING-00018,"Wheat flour, refined (Triticum aestivum)",15.0,g,A018,Refined wheat flour,15,g
GF-REC-00662,GF-ING-00119,Cauliflower (Brassica oleracea var. botrytis),30.0,g,D036,Cauliflower,30,g
GF-REC-00662,GF-ING-00133,"French beans, hybrid (Phaseolus vulgaris)",40.0,g,D050,French beans,40,g
GF-REC-00662,GF-ING-00144,"Peas, fresh (Pisum sativum)",40.0,g,D061,Green peas,40,g
GF-REC-00662,GF-ING-00231,"Carrot, orange (Daucus carota)",50.0,g,F002,Carrot,50,g
GF-REC-00662,GF-ING-00235,"Potato, brown skin, big (Solanum tuberosum)",80.0,g,F006,Potato,80,g
GF-REC-00662,GF-ING-00279,"Pepper, black (Piper nigrum)",0.125,tsp,G031,Pepper powder,.125,tsp
GF-REC-00662,GF-ING-00312,"Milk, whole, Cow",1.0,tbsp,L002,Milk,1,tbsp
GF-REC-00662,GF-ING-00312,"Milk, whole, Cow",150.0,ml,L002,Milk,150,ml
GF-REC-00662,,"Cheese, processed, plain",5.0,g,UK-12-527,Cheese,5,g
GF-REC-00662,,"Cheese, processed, plain",5.0,g,UK-12-527,Cheese,5,g
GF-REC-00662,,"Cheese, processed, plain",25.0,g,UK-12-527,Cheese,25,g
GF-REC-00662,,Mustard powder,0.125,tsp,UK-17-362,Mustard powder,.125,tsp
GF-REC-00662,,Salt,0.17,tsp,UK-17-367,Salt,.167,tsp
GF-REC-00662,,"Butter, unsalted",1.0,tsp,UK-17-661,Butter,1,tsp
GF-REC-00662,,"Butter, unsalted",10.0,g,UK-17-661,Butter,10,g
GF-REC-00662,,"Butter, unsalted",15.0,g,UK-17-661,Butter,15,g
GF-REC-00663,GF-ING-00018,"Wheat flour, refined (Triticum aestivum)",12.0,g,A018,Refined wheat flour,12,g
GF-REC-00663,GF-ING-00082,Spinach (Spinacia oleracea),100.0,g,C033,Spinach,100,g
GF-REC-00663,GF-ING-00279,"Pepper, black (Piper nigrum)",0.25,tsp,G031,Pepper powder,1,dash
GF-REC-00663,GF-ING-00315,"Egg, poultry, whole, raw",50.0,g,M001,Egg,1,
GF-REC-00663,,"Cheese, processed, plain",25.0,g,UK-12-527,Cheese,25,g
GF-REC-00663,,Mustard powder,0.25,tsp,UK-17-362,Mustard powder,1,dash
GF-REC-00663,,Salt,0.17,tsp,UK-17-367,Salt,.167,tsp
GF-REC-00663,,"Butter, unsalted",12.0,g,UK-17-661,Butter,12,g
GF-REC-00664,GF-ING-00077,Parsley (Petroselinum crispum),0.5,tbsp,C028,Parsley/Coriander leaves,.5,tbsp
GF-REC-00664,GF-ING-00265,"Onion, big (Allium cepa)",40.0,g,G017,Onion,40,g
GF-REC-00664,GF-ING-00315,"Egg, poultry, whole, raw",50.0,g,M001,Egg,1,
GF-REC-00664,,"Beetroot, raw",100.0,g,UK-13-164,Beetroot,100,g
GF-REC-00664,,"Dressing, French",30.0,g,UK-17-701,French dressing,30,g
GF-REC-00665,GF-ING-00126,"Cucumber, green, elongate (Cucumis sativus)",20.0,g,D043,Cucumber,20,g
GF-REC-00665,GF-ING-00235,"Potato, brown skin, big (Solanum tuberosum)",120.0,g,F006,Potato,120,g
GF-REC-00665,GF-ING-00257,Coriander leaves (Coriandrum sativum),1.0,sprig,G009,Parsley/Coriander leaves,a few ,sprig
GF-REC-00665,GF-ING-00279,"Pepper, black (Piper nigrum)",0.25,tsp,G031,Pepper powder,1,dash
GF-REC-00665,GF-ING-00315,"Egg, poultry, whole, raw",25.0,g,M001,Egg,.5,
GF-REC-00665,,"Spring onions, bulbs and tops, raw",30.0,g,UK-13-352,Spring onion,1,nos
GF-REC-00665,,"Dips, sour-cream based, assorted flavours",2.0,tsp,UK-17-299,Sour cream,2,tsp
GF-REC-00665,,Vinegar,1.0,tsp,UK-17-339,Vinegar,1,tsp
GF-REC-00665,,Salt,0.17,tsp,UK-17-367,Salt,.167,tsp
GF-REC-00665,,"Mayonnaise, standard, retail",1.0,tbsp,UK-17-654,Mayonnaise,1,tbsp
GF-REC-00666,GF-ING-00064,"Cabbage, green (Brassica oleracea var. capitata f. alba)",30.0,g,C015,Cabbage,2,leaves
GF-REC-00666,GF-ING-00074,Lettuce (Lactuca sativa),48.0,g,C025,Lettuce leaves,2,leaves
GF-REC-00666,GF-ING-00116,"Capsicum, green (Capsicum annuum)",15.0,g,D033,Capsicum,15,g
GF-REC-00666,GF-ING-00126,"Cucumber, green, elongate (Cucumis sativus)",15.0,g,D043,Cucumber,15,g
GF-REC-00666,GF-ING-00158,"Tomato, ripe, hybrid (Solanum lycopersicum)",30.0,g,D075,Tomato,30,g
GF-REC-00666,,"Spring onions, bulbs and tops, raw",60.0,g,UK-13-352,Spring onion,2,
GF-REC-00666,,"Dressing, French",1.0,tbsp,UK-17-701,French dressing,1,tbsp
GF-REC-00667,GF-ING-00064,"Cabbage, green (Brassica oleracea var. capitata f. alba)",30.0,g,C015,Green cabbage,30,g
GF-REC-00667,GF-ING-00064,"Cabbage, green (Brassica oleracea var. capitata f. alba)",30.0,g,C015,Red cabbage,30,g
GF-REC-00667,GF-ING-00125,"Corn, Baby (Zea mays)",40.0,g,D042,Baby corn cobs,40,g
GF-REC-00667,,"Pasta, white, dried, raw",20.0,g,UK-11-716,Macaroni,20,g
GF-REC-00667,,"Broccoli, green, raw",60.0,g,UK-13-502,Broccoli,60,g
GF-REC-00667,,"Mayonnaise, standard, retail",2.0,tbsp,UK-17-654,Mayonnaise,2,tbsp
GF-REC-00668,GF-ING-00126,"Cucumber, green, elongate (Cucumis sativus)",80.0,g,D043,Cucumber,80,g
GF-REC-00668,GF-ING-00194,"Lemon, juice (Citrus limon)",0.5,tsp,E033,Lemon juice,.5,tsp
GF-REC-00668,GF-ING-00264,Mint leaves (Mentha spicata ),1.0,tsp,G016,Fresh mint,1,tsp
GF-REC-00668,GF-ING-00279,"Pepper, black (Piper nigrum)",0.125,tsp,G031,Black pepper,.125,tsp
GF-REC-00668,,"Yogurt, whole milk, plain",30.0,g,UK-12-184,Yogurt/Curd,30,g
GF-REC-00668,,Salt,0.17,tsp,UK-17-367,Salt,.167,tsp
GF-REC-00669,GF-ING-00074,Lettuce (Lactuca sativa),24.0,g,C025,Lettuce leaves,1,
GF-REC-00669,GF-ING-00116,"Capsicum, green (Capsicum annuum)",20.0,g,D033,Capsicum,20,g
GF-REC-00669,GF-ING-00120,Celery stalk (Apium graveolens),17.0,g,D037,Celery,1,stick
GF-REC-00669,GF-ING-00158,"Tomato, ripe, hybrid (Solanum lycopersicum)",100.0,g,D075,Tomato,100,g
GF-REC-00669,GF-ING-00194,"Lemon, juice (Citrus limon)",0.5,tsp,E033,Lemon juice,.5,tsp
GF-REC-00669,GF-ING-00265,"Onion, big (Allium cepa)",10.0,g,G017,Onion,10,g
GF-REC-00669,GF-ING-00332,"Chicken, poultry, breast, skinless",75.0,g,N003,Chicken,75,g
GF-REC-00669,,Curry powder,0.125,tsp,UK-13-876,Curry powder,.125,tsp
GF-REC-00669,,Salt,0.17,tsp,UK-17-367,Salt,.167,tsp
GF-REC-00669,,"Mayonnaise, standard, retail",1.0,tbsp,UK-17-654,Mayonnaise,1,tbsp
GF-REC-00670,GF-ING-00074,Lettuce (Lactuca sativa),48.0,g,C025,Lettuce leaves,2,
GF-REC-00670,GF-ING-00194,"Lemon, juice (Citrus limon)",0.5,tbsp,E033,Lemon juice,.5,tbsp
GF-REC-00670,GF-ING-00214,Pineapple (Ananas comosus),40.0,g,E053,Pineapple,40,g
GF-REC-00670,GF-ING-00231,"Carrot, orange (Daucus carota)",50.0,g,F002,Carrot,50,g
GF-REC-00670,GF-ING-00302,Walnut (Juglans regia),2.5,g,H021,Walnut,1,
GF-REC-00670,,"Pineapple juice, unsweetened",2.0,tbsp,UK-14-286,Pineapple syrup,2,tbsp
GF-REC-00670,,Vinegar,0.25,tbsp,UK-17-339,Vinegar,.25,tbsp
GF-REC-00670,,Gelatine,1.0,tbsp,UK-17-360,Gelatine,1,tbsp
GF-REC-00670,,Salt,0.125,tsp,UK-17-367,Salt,.125,tsp
GF-REC-00670,,"Water, distilled",0.5,tbsp,UK-17-377,Cold water,.5,tbsp
GF-REC-00670,,"Water, distilled",0.25,C,UK-17-377,Hot water,.25,cup
GF-REC-00671,GF-ING-00074,Lettuce (Lactuca sativa),48.0,g,C025,Lettuce leaves,2,
GF-REC-00671,GF-ING-00120,Celery stalk (Apium graveolens),7.5,g,D037,Celery,.5,tbsp
GF-REC-00671,GF-ING-00120,Celery stalk (Apium graveolens),17.0,g,D037,Celery,1,stick
GF-REC-00671,GF-ING-00158,"Tomato, ripe, hybrid (Solanum lycopersicum)",100.0,g,D075,Tomato,100,g
GF-REC-00671,GF-ING-00194,"Lemon, juice (Citrus limon)",0.5,tsp,E033,Lemon juice,.5,tsp
GF-REC-00671,GF-ING-00265,"Onion, big (Allium cepa)",10.0,g,G017,Onion,10,g
GF-REC-00671,GF-ING-00271,Cloves (Syzygium aromaticum),0.25,tsp,G023,Clove,1,
GF-REC-00671,,"Bay leaf, dried",0.4,g,UK-13-806,Bay leaf,1,
GF-REC-00671,,"Sugar, brown",1.0,tsp,UK-17-060,Brown sugar,1,tsp
GF-REC-00671,,Gelatine,1.0,tbsp,UK-17-360,Gelatine,1,tbsp
GF-REC-00671,,Salt,0.17,tsp,UK-17-367,Salt,.167,tsp
GF-REC-00671,,"Water, distilled",0.5,tbsp,UK-17-377,Cold water,.5,tbsp
GF-REC-00672,GF-ING-00018,"Wheat flour, refined (Triticum aestivum)",1.0,tsp,A018,Refined wheat flour,1,tsp
GF-REC-00672,GF-ING-00175,"Cherries, red (Prunus cerasus)",10.0,g,E014,Cherry,2,
GF-REC-00672,GF-ING-00194,"Lemon, juice (Citrus limon)",1.0,tbsp,E033,Lemon juice,1,tbsp
GF-REC-00672,GF-ING-00208,"Orange, pulp (Citrus aurantium)",25.5,g,E047,Orange,3,segments
GF-REC-00672,GF-ING-00315,"Egg, poultry, whole, raw",2.0,tsp,M001,Egg,2,tsp
GF-REC-00672,,"Cream, fresh, single",3.0,tbsp,UK-12-332,Cream,3,tbsp
GF-REC-00672,,"Fruit cocktail, canned in juice, whole contents",100.0,g,UK-14-336,Fruit cocktail,100,g
GF-REC-00672,,Honey,1.0,tbsp,UK-17-050,Honey,1,tbsp
GF-REC-00672,,"Sugar, white",2.0,tsp,UK-17-063,Sugar,2,tsp
GF-REC-00672,,"Water, distilled",5.0,ml,UK-17-377,Water,5,ml
GF-REC-00673,GF-ING-00194,"Lemon, juice (Citrus limon)",2.0,tsp,E033,Lemon juice,2,tsp
GF-REC-00673,GF-ING-00279,"Pepper, black (Piper nigrum)",0.5,tsp,G031,Black pepper powder,.5,tsp
GF-REC-00673,,"Oil, olive",0.5,C,UK-17-038,Olive/Refined oil,.5,cup
GF-REC-00673,,"Sugar, white",1.0,tsp,UK-17-063,Sugar,1,tsp
GF-REC-00673,,Vinegar,2.0,tbsp,UK-17-339,Vinegar,2,tbsp
GF-REC-00673,,Mustard powder,0.5,tsp,UK-17-362,Mustard powder,.5,tsp
GF-REC-00673,,Salt,0.5,tsp,UK-17-367,Salt,.5,tsp
GF-REC-00674,GF-ING-00194,"Lemon, juice (Citrus limon)",1.0,tbsp,E033,Lemon juice,1,tbsp
GF-REC-00674,GF-ING-00279,"Pepper, black (Piper nigrum)",0.25,tsp,G031,Pepper powder,1,dash
GF-REC-00674,GF-ING-00312,"Milk, whole, Cow",1.0,C,L002,Milk,1,cup
GF-REC-00674,,"Oil, olive",0.5,C,UK-17-038,Olive/Refined oil,.5,cup
GF-REC-00674,,"Sugar, white",0.5,tsp,UK-17-063,Sugar,.5,tsp
GF-REC-00674,,Vinegar,1.0,tbsp,UK-17-339,Vinegar,1,tbsp
GF-REC-00674,,Mustard powder,0.5,tsp,UK-17-362,Mustard powder,.5,tsp
GF-REC-00674,,Salt,0.25,tbsp,UK-17-367,Salt,.25,tbsp
GF-REC-00675,GF-ING-00077,Parsley (Petroselinum crispum),0.5,tsp,C028,Parsley,.5,tsp
GF-REC-00675,GF-ING-00194,"Lemon, juice (Citrus limon)",0.5,tsp,E033,Lemon juice,.5,tsp
GF-REC-00675,GF-ING-00260,"Garlic, small clove (Allium sativum)",0.5,tsp,G012,Garlic paste,.5,tsp
GF-REC-00675,GF-ING-00279,"Pepper, black (Piper nigrum)",0.25,tsp,G031,Pepper powder,1,dash
GF-REC-00675,,"Yogurt, whole milk, plain",100.0,g,UK-12-184,Curd,100,g
GF-REC-00675,,Salt,0.17,tsp,UK-17-367,Salt,.167,tsp
GF-REC-00676,GF-ING-00231,"Carrot, orange (Daucus carota)",50.0,g,F002,Carrot,50,g
GF-REC-00676,GF-ING-00256,"Chillies, green - all varieties (Capsicum annum)",3.33,g,G008,Green chilli,1,
GF-REC-00676,GF-ING-00257,Coriander leaves (Coriandrum sativum),1.0,sprig,G009,Coriander leaves,a few ,sprig
GF-REC-00676,GF-ING-00273,Cumin seeds (Cuminum cyminum),0.25,tsp,G025,Cumin seeds,.25,tsp
GF-REC-00676,GF-ING-00279,"Pepper, black (Piper nigrum)",0.25,tsp,G031,Pepper powder,1,dash
GF-REC-00676,,"Yogurt, whole milk, plain",100.0,g,UK-12-184,Curd,100,g
GF-REC-00676,,Garam masala,0.25,tsp,UK-13-829,Garam masala,.25,tsp
GF-REC-00676,,Salt,0.17,tsp,UK-17-367,Salt,.167,tsp
GF-REC-00676,,HIMALAYAN BLACK SALT,0.25,tsp,US-806241,Black salt,1,pinch
GF-REC-00677,GF-ING-00149,"Pumpkin, orange, round (Cucurbita maxima)",50.0,g,D066,Pumpkin,50,g
GF-REC-00677,GF-ING-00256,"Chillies, green - all varieties (Capsicum annum)",1.67,g,G008,Green chilli,.5,
GF-REC-00677,GF-ING-00257,Coriander leaves (Coriandrum sativum),1.0,sprig,G009,Coriander leaves,a few ,sprig
GF-REC-00677,GF-ING-00273,Cumin seeds (Cuminum cyminum),0.25,tsp,G025,Roasted cumin powder,.25,tsp
GF-REC-00677,GF-ING-00279,"Pepper, black (Piper nigrum)",0.25,tsp,G031,Pepper powder,1,dash
GF-REC-00677,,"Yogurt, whole milk, plain",100.0,g,UK-12-184,Curd,100,g
GF-REC-00677,,Salt,0.17,tsp,UK-17-367,Salt,.167,tsp
GF-REC-00677,,"Water, distilled",1.0,tbsp,UK-17-377,Water,1,tbsp
GF-REC-00678,GF-ING-00256,"Chillies, green - all varieties (Capsicum annum)",1.67,g,G008,Green chilli,.5,
GF-REC-00678,GF-ING-00264,Mint leaves (Mentha spicata ),20.0,g,G016,Mint leaves with stems,20,g
GF-REC-00678,GF-ING-00273,Cumin seeds (Cuminum cyminum),0.33,tsp,G025,Cumin seeds,.33,tsp
GF-REC-00678,GF-ING-00279,"Pepper, black (Piper nigrum)",0.25,tsp,G031,Pepper,1,pinch
GF-REC-00678,,"Yogurt, whole milk, plain",100.0,g,UK-12-184,Curd,100,g
GF-REC-00678,,"Peanuts, dry roasted",10.0,g,UK-14-878,Roasted peanuts,10,g
GF-REC-00678,,Salt,0.17,tsp,UK-17-367,Salt,.167,tsp
GF-REC-00679,GF-ING-00082,Spinach (Spinacia oleracea),100.0,g,C033,Spinach,100,g
GF-REC-00679,GF-ING-00256,"Chillies, green - all varieties (Capsicum annum)",1.67,g,G008,Green chilli,.5,
GF-REC-00679,GF-ING-00273,Cumin seeds (Cuminum cyminum),0.33,tsp,G025,Cumin seeds,.33,tsp
GF-REC-00679,GF-ING-00279,"Pepper, black (Piper nigrum)",0.25,tsp,G031,Pepper,1,pinch
GF-REC-00679,,"Yogurt, whole milk, plain",100.0,g,UK-12-184,Curd,100,g
GF-REC-00679,,Salt,0.17,tsp,UK-17-367,Salt,.167,tsp
GF-REC-00680,GF-ING-00057,Bathua leaves (Chenopodium album),100.0,g,C008,Bathua,100,g
GF-REC-00680,GF-ING-00256,"Chillies, green - all varieties (Capsicum annum)",1.67,g,G008,Green chilli,.5,
GF-REC-00680,GF-ING-00273,Cumin seeds (Cuminum cyminum),0.33,tsp,G025,Cumin seeds,.33,tsp
GF-REC-00680,GF-ING-00279,"Pepper, black (Piper nigrum)",0.25,tsp,G031,Pepper,1,pinch
GF-REC-00680,,"Yogurt, whole milk, plain",100.0,g,UK-12-184,Curd,100,g
GF-REC-00680,,Salt,0.17,tsp,UK-17-367,Salt,.167,tsp
GF-REC-00681,GF-ING-00175,"Cherries, red (Prunus cerasus)",7.5,g,E014,Cherry,1 to 2,
GF-REC-00681,GF-ING-00214,Pineapple (Ananas comosus),50.0,g,E053,Pineapple,50,g
GF-REC-00681,GF-ING-00273,Cumin seeds (Cuminum cyminum),0.25,tsp,G025,Roasted cumin powder,.25,tsp
GF-REC-00681,GF-ING-00279,"Pepper, black (Piper nigrum)",0.25,tsp,G031,Pepper,1,dash
GF-REC-00681,,"Yogurt, whole milk, plain",100.0,g,UK-12-184,Curd,100,g
GF-REC-00681,,Salt,0.17,tsp,UK-17-367,Salt,.167,tsp
GF-REC-00682,GF-ING-00170,"Banana, ripe, montham (Musa x paradisiaca)",50.0,g,E009,Banana,50,g
GF-REC-00682,GF-ING-00175,"Cherries, red (Prunus cerasus)",7.5,g,E014,Cherry,1 to 2,
GF-REC-00682,GF-ING-00273,Cumin seeds (Cuminum cyminum),0.25,tsp,G025,Roasted cumin powder,.25,tsp
GF-REC-00682,GF-ING-00279,"Pepper, black (Piper nigrum)",0.25,tsp,G031,Pepper,1,dash
GF-REC-00682,,"Yogurt, whole milk, plain",100.0,g,UK-12-184,Curd,100,g
GF-REC-00682,,Salt,0.17,tsp,UK-17-367,Salt,.167,tsp
GF-REC-00683,GF-ING-00175,"Cherries, red (Prunus cerasus)",7.5,g,E014,Cherry,1 to 2,
GF-REC-00683,GF-ING-00197,"Mango, ripe, banganapalli (Mangifera indica)",50.0,g,E036,Mango,50,g
GF-REC-00683,GF-ING-00273,Cumin seeds (Cuminum cyminum),0.25,tsp,G025,Roasted cumin powder,.25,tsp
GF-REC-00683,GF-ING-00279,"Pepper, black (Piper nigrum)",0.25,tsp,G031,Pepper,1,dash
GF-REC-00683,,"Yogurt, whole milk, plain",100.0,g,UK-12-184,Curd,100,g
GF-REC-00683,,Salt,0.17,tsp,UK-17-367,Salt,.167,tsp
GF-REC-00684,GF-ING-00175,"Cherries, red (Prunus cerasus)",7.5,g,E014,Cherry,1 to 2,
GF-REC-00684,GF-ING-00189,"Guava, white flesh (Psidium guajava)",50.0,g,E028,Guava,50,g
GF-REC-00684,GF-ING-00273,Cumin seeds (Cuminum cyminum),0.25,tsp,G025,Roasted cumin powder,.25,tsp
GF-REC-00684,GF-ING-00279,"Pepper, black (Piper nigrum)",0.25,tsp,G031,Pepper,1,dash
GF-REC-00684,,"Yogurt, whole milk, plain",100.0,g,UK-12-184,Curd,100,g
GF-REC-00684,,Salt,0.17,tsp,UK-17-367,Salt,.167,tsp
GF-REC-00685,GF-ING-00175,"Cherries, red (Prunus cerasus)",7.5,g,E014,Cherry,1 to 2,
GF-REC-00685,GF-ING-00183,"Grapes, seeded, round, black (Vitis vinifera)",25.0,g,E022,Black grapes,25,g
GF-REC-00685,GF-ING-00184,"Grapes, seeded, round, green (Vitis vinifera)",25.0,g,E023,Green grapes,25,g
GF-REC-00685,GF-ING-00273,Cumin seeds (Cuminum cyminum),0.25,tsp,G025,Roasted cumin powder,.25,tsp
GF-REC-00685,GF-ING-00279,"Pepper, black (Piper nigrum)",0.25,tsp,G031,Pepper,1,dash
GF-REC-00685,,"Yogurt, whole milk, plain",100.0,g,UK-12-184,Curd,100,g
GF-REC-00685,,Salt,0.17,tsp,UK-17-367,Salt,.167,tsp
GF-REC-00686,GF-ING-00090,"Bottle gourd, elongate, pale green (Lagenaria vulgaris)",50.0,g,D007,Bottle gourd,50,g
GF-REC-00686,GF-ING-00268,"Cardamom, green (Elettaria cardamomum)",0.25,tsp,G020,Green cardamom,1,
GF-REC-00686,GF-ING-00282,Almond (Prunus amygdalus),2.2,g,H001,Almonds,2,
GF-REC-00686,GF-ING-00312,"Milk, whole, Cow",200.0,ml,L002,Milk,200,ml
GF-REC-00686,,"Sugar, white",15.0,g,UK-17-063,Sugar,15,g
GF-REC-00687,GF-ING-00149,"Pumpkin, orange, round (Cucurbita maxima)",50.0,g,D066,Pumpkin,50,g
GF-REC-00687,GF-ING-00268,"Cardamom, green (Elettaria cardamomum)",0.25,tsp,G020,Green cardamom,1,
GF-REC-00687,GF-ING-00282,Almond (Prunus amygdalus),2.2,g,H001,Almonds,2,
GF-REC-00687,GF-ING-00312,"Milk, whole, Cow",200.0,ml,L002,Milk,200,ml
GF-REC-00687,,"Sugar, white",15.0,g,UK-17-063,Sugar,15,g
GF-REC-00688,GF-ING-00162,"Apple, big (Malus domestica)",50.0,g,E001,Apple,50,g
GF-REC-00688,GF-ING-00268,"Cardamom, green (Elettaria cardamomum)",0.25,tsp,G020,Green cardamom,1,
GF-REC-00688,GF-ING-00282,Almond (Prunus amygdalus),2.2,g,H001,Almonds,2,
GF-REC-00688,GF-ING-00312,"Milk, whole, Cow",200.0,ml,L002,Milk,200,ml
GF-REC-00688,,Saffron,0.005,g,UK-13-852,Saffron,2,strands
GF-REC-00688,,"Sugar, white",20.0,g,UK-17-063,Sugar,20,g
GF-REC-00688,,"Water, distilled",0.25,C,UK-17-377,Water,.25,cup
GF-REC-00689,GF-ING-00312,"Milk, whole, Cow",150.0,ml,L002,Sugar,15,g
GF-REC-00689,GF-ING-00315,"Egg, poultry, whole, raw",50.0,g,M001,Egg,1,
GF-REC-00689,,"Sugar, white",15.0,g,UK-17-063,Milk,150,ml
GF-REC-00689,,"Sugar, white",10.0,g,UK-17-063,Sugar,10,g
GF-REC-00689,,Vanilla extract,0.25,tsp,US-173471,Vanilla essence,.25,tsp
GF-REC-00690,GF-ING-00312,"Milk, whole, Cow",150.0,g,L002,Milk,150,g
GF-REC-00690,,"Flour, corn",1.0,tsp,UK-11-1045,Cornflour,1,tsp
GF-REC-00690,,"Cream, fresh, whipping",125.0,g,UK-12-333,Whipped cream,125,g
GF-REC-00690,,"Sugar, white",30.0,g,UK-17-063,Sugar,30,g
GF-REC-00690,,Gelatine,0.25,tsp,UK-17-360,Gelatine,.25,tsp
GF-REC-00690,,"Water, distilled",1.0,tsp,UK-17-377,Water,1,tsp
GF-REC-00690,,Vanilla extract,0.5,tsp,US-173471,Vanilla essence,.5,tsp
GF-REC-00691,GF-ING-00312,"Milk, whole, Cow",150.0,ml,L002,Milk,150,ml
GF-REC-00691,GF-ING-00315,"Egg, poultry, whole, raw",50.0,g,M001,Egg,1,
GF-REC-00691,,"Cream, fresh, whipping",125.0,g,UK-12-333,Cream,125,g
GF-REC-00691,,"Sugar, white",30.0,g,UK-17-063,Sugar,30,g
GF-REC-00691,,Gelatine,0.25,tsp,UK-17-360,Gelatine,.25,tsp
GF-REC-00691,,"Water, distilled",1.0,tsp,UK-17-377,Water,1,tsp
GF-REC-00691,,Vanilla extract,0.5,tsp,US-173471,Vanilla essence,.5,tsp
GF-REC-00692,,STRAWBERRY COLOUR,0.25,tsp,,Strawberry colour,a drop,
GF-REC-00692,,STRAWBERRY ESSENCE ,0.5,tsp,,Strawberry essence,.5,tsp
GF-REC-00692,GF-ING-00312,"Milk, whole, Cow",150.0,ml,L002,Milk,150,ml
GF-REC-00692,GF-ING-00315,"Egg, poultry, whole, raw",50.0,g,M001,Egg,1,
GF-REC-00692,,"Flour, corn",1.0,tsp,UK-11-1045,Cornflour,1,tsp
GF-REC-00692,,"Cream, fresh, whipping",125.0,g,UK-12-333,Cream,125,g
GF-REC-00692,,"Sugar, white",30.0,g,UK-17-063,Sugar,30,g
GF-REC-00692,,Gelatine,0.25,tsp,UK-17-360,Gelatine,.25,tsp
GF-REC-00692,,"Water, distilled",1.0,tsp,UK-17-377,Water,1,tsp
GF-REC-00693,GF-ING-00312,"Milk, whole, Cow",150.0,ml,L002,Milk,150,ml
GF-REC-00693,GF-ING-00315,"Egg, poultry, whole, raw",50.0,g,M001,Egg,1,
GF-REC-00693,,"Flour, corn",1.0,tsp,UK-11-1045,Cornflour,1,tsp
GF-REC-00693,,"Cream, fresh, whipping",125.0,g,UK-12-333,Cream,125,g
GF-REC-00693,,"Sugar, white",30.0,g,UK-17-063,Sugar,30,g
GF-REC-00693,,Gelatine,0.25,tsp,UK-17-360,Gelatine,.25,tsp
GF-REC-00693,,"Water, distilled",1.0,tsp,UK-17-377,Water,1,tsp
GF-REC-00693,,"Chocolate, plain",25.0,g,UK-17-491,Chocolate,25,g
GF-REC-00693,,"Chocolate, plain",10.0,g,UK-17-491,Chocolate chip,10,g
GF-REC-00694,GF-ING-00282,Almond (Prunus amygdalus),8.8,g,H001,Almonds,8,
GF-REC-00694,GF-ING-00286,Cashew nut (Anacardium occidentale),33.4,g,H005,Cashewnuts,20,g
GF-REC-00694,GF-ING-00312,"Milk, whole, Cow",150.0,ml,L002,Milk,150,ml
GF-REC-00694,GF-ING-00315,"Egg, poultry, whole, raw",50.0,g,M001,Egg,1,
GF-REC-00694,,"Flour, corn",1.0,tsp,UK-11-1045,Cornflour,1,tsp
GF-REC-00694,,"Cream, fresh, whipping",125.0,g,UK-12-333,Cream,125,g
GF-REC-00694,,"Sugar, white",30.0,g,UK-17-063,Sugar,30,g
GF-REC-00694,,"Sugar, white",40.0,g,UK-17-063,Sugar,40,g
GF-REC-00694,,Gelatine,0.25,tsp,UK-17-360,Gelatine,.25,tsp
GF-REC-00694,,"Water, distilled",1.0,tsp,UK-17-377,Water,1,tsp
GF-REC-00694,,"Water, distilled",2.0,tsp,UK-17-377,Water,2,tsp
GF-REC-00694,,"Chocolate, plain",25.0,g,UK-17-491,Chocolate,25,g
GF-REC-00695,GF-ING-00282,Almond (Prunus amygdalus),2.75,g,H001,Almonds,2 to 3,
GF-REC-00695,GF-ING-00312,"Milk, whole, Cow",150.0,ml,L002,Milk,150,g
GF-REC-00695,,"Flour, corn",1.0,tsp,UK-11-1045,Cornflour,1,tsp
GF-REC-00695,,"Cream, fresh, whipping",125.0,g,UK-12-333,Cream,125,g
GF-REC-00695,,Cocoa powder,5.0,g,UK-12-545,Cocoa,5,g
GF-REC-00695,,"Pears, canned in juice, whole contents",80.0,g,UK-14-197,Canned or stewed pears,2,halves
GF-REC-00695,,"Sugar, white",20.0,g,UK-17-063,Sugar,20,g
GF-REC-00695,,"Sugar, white",30.0,g,UK-17-063,Sugar,30,g
GF-REC-00695,,Gelatine,0.25,tsp,UK-17-360,Gelatine,.25,tsp
GF-REC-00695,,"Water, distilled",1.0,tsp,UK-17-377,Water,1,tsp
GF-REC-00695,,"Water, distilled",4.0,tbsp,UK-17-377,Water,4,tbsp
GF-REC-00695,,"Butter, unsalted",5.0,g,UK-17-661,Butter,5,g
GF-REC-00695,,Vanilla extract,0.5,tsp,US-173471,Vanilla essence,.5,tsp
GF-REC-00696,,Cocoa powder,5.0,g,UK-12-545,Cocoa,5,g
GF-REC-00696,,"Sugar, white",20.0,g,UK-17-063,Sugar,20,g
GF-REC-00696,,"Water, distilled",4.0,tsp,UK-17-377,Water,4,tbsp
GF-REC-00696,,"Butter, unsalted",5.0,g,UK-17-661,Butter,5,g
GF-REC-00697,GF-ING-00312,"Milk, whole, Cow",1.0,tbsp,L002,Milk,1,tbsp
GF-REC-00697,GF-ING-00312,"Milk, whole, Cow",150.0,ml,L002,Milk,150,g
GF-REC-00697,,"Flour, corn",1.0,tsp,UK-11-1045,Cornflour,1,tsp
GF-REC-00697,,"Sugar, white",30.0,g,UK-17-063,Sugar,30,g
GF-REC-00697,,"Coffee, powder, instant",1.0,tsp,UK-17-158,Instand coffee powder,1,tsp
GF-REC-00697,,Gelatine,0.25,tsp,UK-17-360,Gelatine,.25,tsp
GF-REC-00697,,"Water, distilled",1.0,tsp,UK-17-377,Water,1,tsp
GF-REC-00697,,"Cream, fluid, light (coffee cream or table cream)",125.0,g,US-170857,Cream,125,g
GF-REC-00697,,Vanilla extract,0.5,tsp,US-173471,Vanilla essence,.5,tsp
GF-REC-00698,GF-ING-00312,"Milk, whole, Cow",1.0,tbsp,L002,Milk,1,tbsp
GF-REC-00698,GF-ING-00312,"Milk, whole, Cow",150.0,ml,L002,Milk,150,g
GF-REC-00698,GF-ING-00316,"Egg, poultry, white, raw",34.0,g,M002,Egg white,1,
GF-REC-00698,,"Flour, corn",1.0,tsp,UK-11-1045,Cornflour,1,tsp
GF-REC-00698,,"Biscuits, digestive, plain",20.0,g,UK-11-799,Marie biscuits,20,g
GF-REC-00698,,"Cream, fresh, whipping",125.0,g,UK-12-333,Cream,125,g
GF-REC-00698,,"Pears, canned in juice, whole contents",80.0,g,UK-14-197,Canned or stewed pears,80,g
GF-REC-00698,,"Sugar, icing",30.0,g,UK-17-062,Castor sugar,30,g
GF-REC-00698,,"Sugar, white",30.0,g,UK-17-063,Sugar,30,g
GF-REC-00698,,"Coffee, powder, instant",1.0,tsp,UK-17-158,Instand coffee powder,1,tsp
GF-REC-00698,,Gelatine,0.25,tsp,UK-17-360,Gelatine,.25,tsp
GF-REC-00698,,"Water, distilled",1.0,tsp,UK-17-377,Water,1,tsp
GF-REC-00698,,"Butter, unsalted",5.0,g,UK-17-661,Butter,5,g
GF-REC-00698,,Vanilla extract,0.5,tsp,US-173471,Vanilla essence,.5,tsp
GF-REC-00699,GF-ING-00293,Ground nut (Arachis hypogea),10.0,g,H012,Groundnuts,10,g
GF-REC-00699,GF-ING-00312,"Milk, whole, Cow",150.0,ml,L002,Milk,150,g
GF-REC-00699,,"Flour, corn",1.0,tsp,UK-11-1045,Cornflour,1,tsp
GF-REC-00699,,"Breakfast cereal, crunchy clusters type, without nuts, unfortified",10.0,g,UK-11-938,Cornflakes,10,g
GF-REC-00699,,"Cream, fresh, whipping",125.0,g,UK-12-333,Cream,125,g
GF-REC-00699,,"Sugar, white",20.0,g,UK-17-063,Sugar,20,g
GF-REC-00699,,"Sugar, white",30.0,g,UK-17-063,Sugar,30,g
GF-REC-00699,,Gelatine,0.25,tsp,UK-17-360,Gelatine,.25,tsp
GF-REC-00699,,"Water, distilled",1.0,tsp,UK-17-377,Water,1,tsp
GF-REC-00699,,"Butter, unsalted",20.0,g,UK-17-661,Butter,20,g
GF-REC-00699,,Vanilla extract,0.5,tsp,US-173471,Vanilla essence,.5,tsp
GF-REC-00700,GF-ING-00282,Almond (Prunus amygdalus),2.2,g,H001,Almonds,2,
GF-REC-00700,GF-ING-00312,"Milk, whole, Cow",150.0,ml,L002,Milk,150,g
GF-REC-00700,,"Flour, corn",0.5,tsp,UK-11-1045,Cornflour,.5,tsp
GF-REC-00700,,"Flour, corn",1.0,tsp,UK-11-1045,Cornflour,1,tsp
GF-REC-00700,,"Cream, fresh, whipping",20.0,g,UK-12-333,Cream,20,g
GF-REC-00700,,"Cream, fresh, whipping",125.0,g,UK-12-333,Cream,125,g
GF-REC-00700,,"Pears, canned in juice, whole contents",50.0,g,UK-14-197,Peaches (canned/stewed_,50,g
GF-REC-00700,,"Sugar, white",30.0,g,UK-17-063,Sugar,30,g
GF-REC-00700,,Gelatine,0.25,tsp,UK-17-360,Gelatine,.25,tsp
GF-REC-00700,,"Water, distilled",1.0,tsp,UK-17-377,Water,1,tsp
GF-REC-00700,,"Water, distilled",2.0,tbsp,UK-17-377,Water,2,tbsp
GF-REC-00700,,Vanilla extract,0.5,tsp,US-173471,Vanilla essence,.5,tsp
GF-REC-00700,,STRAWBERRY JAM,40.0,g,US-490013,Raspberry/Strawberry jam,2,tbsp
GF-REC-00701,,Red colour ,0.25,tsp,,Red color,1 to 2,drops
GF-REC-00701,GF-ING-00162,"Apple, big (Malus domestica)",50.0,g,E001,Cooking apple,50,g
GF-REC-00701,GF-ING-00194,"Lemon, juice (Citrus limon)",1.0,tsp,E033,Lemon juice,1,tsp
GF-REC-00701,GF-ING-00312,"Milk, whole, Cow",150.0,ml,L002,Milk,150,g
GF-REC-00701,,"Flour, corn",1.0,tsp,UK-11-1045,Cornflour,1,tsp
GF-REC-00701,,"Flour, corn",1.0,tsp,UK-11-1045,Cornflour/Arrowroot,1,tsp
GF-REC-00701,,"Cream, fresh, whipping",125.0,g,UK-12-333,Cream,125,g
GF-REC-00701,,"Cherries, glace",16.65,g,UK-14-335,Glaced cherries,5,
GF-REC-00701,,"Sugar, white",10.0,g,UK-17-063,Sugar,10,g
GF-REC-00701,,"Sugar, white",30.0,g,UK-17-063,Sugar,30,g
GF-REC-00701,,"Syrup, corn, dark",4.0,tbsp,UK-17-064,Fruit syrup,4,tbsp
GF-REC-00701,,Gelatine,0.25,tsp,UK-17-360,Gelatine,.25,tsp
GF-REC-00701,,"Water, distilled",1.0,tsp,UK-17-377,Water,1,tsp
GF-REC-00701,,"Water, distilled",1.0,tsp,UK-17-377,Water,1,tsp
GF-REC-00701,,"Water, distilled",50.0,ml,UK-17-377,Water,50,ml
GF-REC-00701,,Vanilla extract,0.5,tsp,US-173471,Vanilla essence,.5,tsp
GF-REC-00702,,Red colour ,0.25,tsp,,Red color,1 to 2,drops
GF-REC-00702,GF-ING-00194,"Lemon, juice (Citrus limon)",1.0,tsp,E033,Lemon juice,1,tsp
GF-REC-00702,,"Flour, corn",1.0,tsp,UK-11-1045,Cornflour/Arrowroot,1,tsp
GF-REC-00702,,"Cherries, glace",16.65,g,UK-14-335,Glaced cherries,5,
GF-REC-00702,,"Syrup, corn, dark",4.0,tbsp,UK-17-064,Fruit syrup,4,tbsp
GF-REC-00702,,"Water, distilled",1.0,tsp,UK-17-377,Water,1,tsp
GF-REC-00703,,ORANGE FLAVOURED JELLY CRYSTALS,30.0,g,,Orange flavoured jelly crystals,30,g
GF-REC-00703,GF-ING-00183,"Grapes, seeded, round, black (Vitis vinifera)",30.0,g,E022,Grapes,30,g
GF-REC-00703,GF-ING-00208,"Orange, pulp (Citrus aurantium)",150.0,g,E047,Orange,150,g
GF-REC-00703,GF-ING-00316,"Egg, poultry, white, raw",17.0,g,M002,Egg white,.5,
GF-REC-00703,,"Cream, fresh, whipping",15.0,g,UK-12-333,Whipped cream,15,g
GF-REC-00703,,"Water, distilled",30.0,ml,UK-17-377,Water,30,ml
GF-REC-00704,GF-ING-00170,"Banana, ripe, montham (Musa x paradisiaca)",100.0,g,E009,Banana,1,
GF-REC-00704,GF-ING-00183,"Grapes, seeded, round, black (Vitis vinifera)",8.0,g,E022,Black grapes,2,
GF-REC-00704,GF-ING-00312,"Milk, whole, Cow",80.0,ml,L002,Milk,80,ml
GF-REC-00704,,"Cream, fresh, whipping",30.0,g,UK-12-333,Ice cream or whipped cream,30,g
GF-REC-00704,,"Cream, fresh, whipping",15.0,g,UK-12-333,Whipped cream,15,g
GF-REC-00704,,"Lemons, flesh only, raw, weighed with peel and pips",15.0,g,UK-14-130,Lemon,.5,
GF-REC-00704,,Honey,1.5,tbsp,UK-17-050,Honey,1.5,tbsp
GF-REC-00704,,Gelatine,5.0,g,UK-17-360,Gelatine,5,g
GF-REC-00704,,"Water, distilled",60.0,ml,UK-17-377,Water,60,ml
GF-REC-00705,GF-ING-00316,"Egg, poultry, white, raw",17.0,g,M002,Egg white,.5,
GF-REC-00705,,"Cream, fresh, whipping",45.0,g,UK-12-333,Cream,45,g
GF-REC-00705,,"Sugar, white",30.0,g,UK-17-063,Sugar,30,g
GF-REC-00705,,Gelatine,5.0,g,UK-17-360,Gelatine,5,g
GF-REC-00705,,"Water, distilled",30.0,ml,UK-17-377,Boiling water,30,ml
GF-REC-00705,,"Water, distilled",30.0,ml,UK-17-377,Cold water,30,ml
GF-REC-00705,,"Raspberries, raw",80.0,g,US-167755,Raspberry,80,g
GF-REC-00706,,LEMON JELLY CRYSTALS,50.0,g,,Lemon jelly crystals,50,g
GF-REC-00706,GF-ING-00175,"Cherries, red (Prunus cerasus)",15.0,g,E014,Cherries,3,
GF-REC-00706,GF-ING-00312,"Milk, whole, Cow",0.75,C,L002,Milk,.75,cup
GF-REC-00706,,"Cream, fresh, whipping",40.0,g,UK-12-333,Whipped cream,40,g
GF-REC-00706,,"Pears, canned in juice, whole contents",80.0,g,UK-14-197,Peaches (canned/stewed_,80,g
GF-REC-00706,,"Sugar, white",1.0,tbsp,UK-17-063,Sugar,1,tbsp
GF-REC-00706,,"Water, distilled",1.0,tbsp,UK-17-377,Water,4,tbsp
GF-REC-00707,GF-ING-00315,"Egg, poultry, whole, raw",50.0,g,M001,Egg,1,
GF-REC-00707,,"Cream, fresh, whipping",75.0,g,UK-12-333,Whipped cream,75,g
GF-REC-00707,,Cocoa powder,1.0,tbsp,UK-12-545,Cocoa,1,tbsp
GF-REC-00707,,"Sugar, icing",15.0,g,UK-17-062,Castor sugar,15,g
GF-REC-00707,,"Spirits, 40% volume",0.75,tsp,UK-17-247,Brandy,0.75,tsp
GF-REC-00707,,Gelatine,1.0,tsp,UK-17-360,Gelatine,1,tsp
GF-REC-00707,,"Water, distilled",1.0,tbsp,UK-17-377,Water,1,tbsp
GF-REC-00707,,"Water, distilled",2.0,tbsp,UK-17-377,Water,2,tbsp
GF-REC-00707,,"Chocolate, plain",0.25,tsp,UK-17-491,Chocolate,1,sprinkle
GF-REC-00708,,LEMON ESSENCE,0.5,tsp,,Lemon essence,.5,tsp
GF-REC-00708,,YELLOW COLOUR,0.25,tsp,,Lemon yellow colour,1,drops
GF-REC-00708,GF-ING-00315,"Egg, poultry, whole, raw",50.0,g,M001,Egg,1,
GF-REC-00708,,"Cream, fresh, single",100.0,g,UK-12-332,Cream,100,g
GF-REC-00708,,"Lemons, flesh only, raw, weighed with peel and pips",22.5,g,UK-14-130,Lemon,.75,
GF-REC-00708,,"Cherries, glace",5.0,g,UK-14-335,Glaced cherries,1,
GF-REC-00708,,"Sugar, icing",30.0,g,UK-17-062,Castor sugar,30,g
GF-REC-00708,,Gelatine,5.0,g,UK-17-360,Gelatine,5,g
GF-REC-00708,,"Water, distilled",30.0,ml,UK-17-377,Water,30,ml
GF-REC-00709,,ORANGE COLOUR,0.25,tsp,,Orange colour,1,drops
GF-REC-00709,,ORANGE ESSENCE,0.5,tsp,,Orange essence,.5,tsp
GF-REC-00709,GF-ING-00208,"Orange, pulp (Citrus aurantium)",21.25,g,E047,Orange,.25,
GF-REC-00709,GF-ING-00315,"Egg, poultry, whole, raw",50.0,g,M001,Egg,1,
GF-REC-00709,,"Cream, fresh, single",100.0,g,UK-12-332,Cream,100,g
GF-REC-00709,,"Cherries, glace",5.0,g,UK-14-335,Glaced cherries,1,
GF-REC-00709,,"Sugar, icing",30.0,g,UK-17-062,Castor sugar,30,g
GF-REC-00709,,Gelatine,5.0,g,UK-17-360,Gelatine,5,g
GF-REC-00709,,"Water, distilled",30.0,ml,UK-17-377,Water,30,ml
GF-REC-00710,,PINEAPPLE ESSENCE,0.5,tsp,,Pineapple essence,.5,tsp
GF-REC-00710,,YELLOW COLOUR,0.25,tsp,,Yellow color,1,drops
GF-REC-00710,GF-ING-00315,"Egg, poultry, whole, raw",50.0,g,M001,Egg,1,
GF-REC-00710,,"Cream, fresh, single",100.0,g,UK-12-332,Cream,100,g
GF-REC-00710,,"Pineapple juice, unsweetened",1.0,tbsp,UK-14-286,Pineapple juice,1,tbsp
GF-REC-00710,,"Cherries, glace",5.0,g,UK-14-335,Glaced cherries,1,
GF-REC-00710,,"Sugar, icing",30.0,g,UK-17-062,Castor sugar,30,g
GF-REC-00710,,Gelatine,5.0,g,UK-17-360,Gelatine,5,g
GF-REC-00710,,"Water, distilled",30.0,ml,UK-17-377,Water,30,ml
GF-REC-00711,GF-ING-00312,"Milk, whole, Cow",15.0,ml,L002,Milk,15,ml
GF-REC-00711,GF-ING-00315,"Egg, poultry, whole, raw",50.0,g,M001,Egg,1,
GF-REC-00711,,"Cream, fresh, single",100.0,g,UK-12-332,Cream,100,g
GF-REC-00711,,"Cherries, glace",5.0,g,UK-14-335,Glaced cherries,1,
GF-REC-00711,,"Sugar, icing",30.0,g,UK-17-062,Castor sugar,30,g
GF-REC-00711,,Gelatine,5.0,g,UK-17-360,Gelatine,5,g
GF-REC-00711,,"Water, distilled",30.0,ml,UK-17-377,Water,30,ml
GF-REC-00711,,Vanilla extract,0.5,tsp,US-173471,Vanilla essence,.5,tsp
GF-REC-00712,GF-ING-00312,"Milk, whole, Cow",15.0,ml,L002,Milk,15,ml
GF-REC-00712,GF-ING-00315,"Egg, poultry, whole, raw",50.0,g,M001,Egg,1,
GF-REC-00712,,"Cream, fresh, single",100.0,g,UK-12-332,Cream,100,g
GF-REC-00712,,Cocoa powder,3.0,g,UK-12-545,Cocoa powder,3,g
GF-REC-00712,,"Cherries, glace",5.0,g,UK-14-335,Glaced cherries,1,
GF-REC-00712,,"Sugar, icing",30.0,g,UK-17-062,Castor sugar,30,g
GF-REC-00712,,Gelatine,5.0,g,UK-17-360,Gelatine,5,g
GF-REC-00712,,"Water, distilled",30.0,ml,UK-17-377,Water,30,ml
GF-REC-00712,,"Chocolate, plain",5.0,g,UK-17-491,Chocolate,5,g
GF-REC-00713,GF-ING-00212,Pear (Pyrus sp.),75.0,g,E051,Apple or Pear,75,g
GF-REC-00713,GF-ING-00276,Nutmeg (Myristica fragrans),0.25,tsp,G028,Nutmeg/Cinnamon powder,1,pinch
GF-REC-00713,,"Sugar, white",15.0,g,UK-17-063,Sugar,15,g
GF-REC-00713,,"Water, distilled",30.0,ml,UK-17-377,Water,30,ml
GF-REC-00714,GF-ING-00166,"Apricot, dried (Prunus armeniaca)",60.0,g,E005,Dried apricots,60,g
GF-REC-00714,GF-ING-00194,"Lemon, juice (Citrus limon)",0.25,tsp,E033,Lemon juice,.25,tsp
GF-REC-00714,GF-ING-00282,Almond (Prunus amygdalus),2.2,g,H001,Almonds,2,
GF-REC-00714,,"Cream, fresh, whipping",60.0,g,UK-12-333,Whipped cream,60,g
GF-REC-00714,,"Sugar, white",30.0,g,UK-17-063,Sugar,30,g
GF-REC-00714,,"Water, distilled",75.0,ml,UK-17-377,Water,75,ml
GF-REC-00715,GF-ING-00175,"Cherries, red (Prunus cerasus)",10.0,g,E014,Cherries,2,
GF-REC-00715,GF-ING-00194,"Lemon, juice (Citrus limon)",0.33,tsp,E033,Lemon juice,.33,tsp
GF-REC-00715,GF-ING-00316,"Egg, poultry, white, raw",34.0,g,M002,Egg white,1,
GF-REC-00715,,"Flour, corn",5.0,g,UK-11-1045,Cornflour,5,g
GF-REC-00715,,"Cream, fresh, whipping",110.0,g,UK-12-333,Whipped cream/Vanilla ice cream,110,g
GF-REC-00715,,"Fruit cocktail, canned in juice, whole contents",150.0,g,UK-14-336,Fruit cocktail,150,g
GF-REC-00715,,"Sugar, icing",50.0,g,UK-17-062,Castor sugar,50,g
GF-REC-00715,,Vanilla extract,0.5,tsp,US-173471,Vanilla essence,.5,tsp
GF-REC-00716,GF-ING-00162,"Apple, big (Malus domestica)",50.0,g,E001,Cooking apple,50,g
GF-REC-00716,GF-ING-00218,"Raisins, dried, black (Vitis vinifera)",15.0,g,E057,Raisins,15,g
GF-REC-00716,,"Bread, white, average",25.0,g,UK-11-1145,Bread crumbs,25,g
GF-REC-00716,,Mixed curry spices,0.25,tsp,UK-13-886,Mixed spice,.25,tsp
GF-REC-00716,,"Lemons, flesh only, raw, weighed with peel and pips",7.5,g,UK-14-130,Lemon,.25,
GF-REC-00716,,"Lemons, flesh only, raw, weighed with peel and pips",7.5,g,UK-14-130,Lemon,.25,
GF-REC-00716,,Honey,0.75,tsp,UK-17-050,Golden syrup/Honey,.75,tsp
GF-REC-00716,,Honey,2.0,tsp,UK-17-050,Golden syrup/Honey,2,tsp
GF-REC-00716,,"Sugar, brown",15.0,g,UK-17-060,Brown sugar,15,g
GF-REC-00716,,"Sugar, white",15.0,g,UK-17-063,Sugar,15,g
GF-REC-00716,,"Water, distilled",30.0,ml,UK-17-377,Water,30,ml
GF-REC-00716,,"Butter, unsalted",5.0,g,UK-17-661,Butter,5,g
GF-REC-00716,,"Butter, unsalted",15.0,g,UK-17-661,Butter,15,g
GF-REC-00717,GF-ING-00018,"Wheat flour, refined (Triticum aestivum)",25.0,g,A018,Refined wheat flour,25,g
GF-REC-00717,GF-ING-00312,"Milk, whole, Cow",1.0,tbsp,L002,Milk,1,tbsp
GF-REC-00717,GF-ING-00312,"Milk, whole, Cow",75.0,ml,L002,Milk,75,ml
GF-REC-00717,GF-ING-00315,"Egg, poultry, whole, raw",25.0,g,M001,Egg,.5,
GF-REC-00717,,"Flour, corn",1.0,tsp,UK-11-1045,Cornflour,1,tsp
GF-REC-00717,,Cocoa powder,1.0,tbsp,UK-12-545,Cocoa,1,tbsp
GF-REC-00717,,"Sugar, icing",25.0,g,UK-17-062,Castor sugar,25,g
GF-REC-00717,,"Sugar, white",15.0,g,UK-17-063,Sugar,15,g
GF-REC-00717,,Baking powder,0.3,tsp,UK-17-355,Baking powder,.375,tsp
GF-REC-00717,,"Butter, unsalted",20.0,g,UK-17-661,Butter,1,knob
GF-REC-00717,,"Butter, unsalted",25.0,g,UK-17-661,Butter,25,g
GF-REC-00717,,Vanilla extract,0.5,tsp,US-173471,Vanilla essence,.5,tsp
GF-REC-00718,,LEMON ESSENCE,0.5,tsp,,Lemon essence,.5,tsp
GF-REC-00718,,ORANGE COLOUR,0.25,tsp,,Orange colour,1,drops
GF-REC-00718,GF-ING-00018,"Wheat flour, refined (Triticum aestivum)",12.0,g,A018,Refined wheat flour,12,g
GF-REC-00718,GF-ING-00194,"Lemon, juice (Citrus limon)",2.0,tbsp,E033,Lemon juice,2,tbsp
GF-REC-00718,GF-ING-00312,"Milk, whole, Cow",60.0,ml,L002,Milk,60,ml
GF-REC-00718,GF-ING-00316,"Egg, poultry, white, raw",51.0,g,M002,Egg white,1.5,
GF-REC-00718,GF-ING-00317,"Egg, poultry, yolk, raw",24.0,g,M003,Egg yolk,1.5,
GF-REC-00718,,"Lemons, flesh only, raw, weighed with peel and pips",30.0,g,UK-14-130,Lemon,1,
GF-REC-00718,,"Sugar, icing",2.0,tbsp,UK-17-062,Castor sugar,30,g
GF-REC-00718,,"Butter, unsalted",12.0,g,UK-17-661,Butter,12,g
GF-REC-00719,GF-ING-00018,"Wheat flour, refined (Triticum aestivum)",10.0,g,A018,Refined wheat flour,10,g
GF-REC-00719,GF-ING-00312,"Milk, whole, Cow",1.0,tbsp,L002,Milk,1,tbsp
GF-REC-00719,,"Yogurt, whole milk, plain",1.5,tbsp,UK-12-184,Curds,1.5,tbsp
GF-REC-00719,,"Milk, evaporated, light",30.0,g,UK-12-324,Milk powder,30,g
GF-REC-00719,,"Oil, sunflower",240.0,ml,UK-17-045,Fat,for deep frying,
GF-REC-00719,,"Sugar, white",150.0,g,UK-17-063,Sugar,150,g
GF-REC-00719,,Bicarbonate of soda,0.25,tsp,UK-17-356,Soda bi-carb,1,pinch
GF-REC-00719,,"Water, distilled",1.0,tbsp,UK-17-377,Water,1,tbsp
GF-REC-00719,,"Water, distilled",120.0,ml,UK-17-377,Water,120,ml
GF-REC-00720,,KEWRA ESSENCE,0.5,tsp,,Kewra/Rose water essence,few,drops
GF-REC-00720,,REETHA,0.08,nos,,Reetha,.08,nos
GF-REC-00720,GF-ING-00018,"Wheat flour, refined (Triticum aestivum)",0.5,tbsp,A018,Refined wheat flour,.5,tbsp
GF-REC-00720,GF-ING-00312,"Milk, whole, Cow",250.0,g,L002,Cow's milk,250,g
GF-REC-00720,GF-ING-00312,"Milk, whole, Cow",15.0,ml,L002,Milk,15,ml
GF-REC-00720,,"Sugar, white",150.0,g,UK-17-063,Sugar,150,g
GF-REC-00720,,"Water, distilled",2.0,tbsp,UK-17-377,Water,2,tbsp
GF-REC-00720,,"Water, distilled",15.0,ml,UK-17-377,Water,15,ml
GF-REC-00720,,"Water, distilled",100.0,ml,UK-17-377,Water,100,ml
GF-REC-00720,,"Whey, acid, fluid",0.25,C,US-170885,Whey water,.25,cups
GF-REC-00721,,Food colour,0.5,tsp,,Food colour,.5,tsp
GF-REC-00721,,KEWRA ESSENCE,0.5,tsp,,Kewra essence,few,drops
GF-REC-00721,,REETHA,0.08,nos,,Reetha,.08,nos
GF-REC-00721,GF-ING-00018,"Wheat flour, refined (Triticum aestivum)",0.5,tbsp,A018,Refined wheat flour,.5,tbsp
GF-REC-00721,GF-ING-00312,"Milk, whole, Cow",15.0,ml,L002,Milk,15,ml
GF-REC-00721,GF-ING-00312,"Milk, whole, Cow",250.0,g,L002,Milk,250,g
GF-REC-00721,,"Sugar, white",150.0,g,UK-17-063,Sugar,150,g
GF-REC-00721,,"Water, distilled",2.0,tbsp,UK-17-377,Water,2,tbsp
GF-REC-00721,,"Water, distilled",15.0,ml,UK-17-377,Water,15,ml
GF-REC-00721,,"Water, distilled",100.0,ml,UK-17-377,Water,100,ml
GF-REC-00721,,"Whey, acid, fluid",0.25,C,US-170885,Whey water,.25,cups
GF-REC-00722,,Food colour,0.5,tsp,,Food colour,.5,tsp
GF-REC-00722,,KEWRA ESSENCE,0.5,tsp,,Kewra essence,few,drops
GF-REC-00722,,REETHA,0.08,nos,,Reetha,.08,nos
GF-REC-00722,GF-ING-00018,"Wheat flour, refined (Triticum aestivum)",0.5,tbsp,A018,Refined wheat flour,.5,tbsp
GF-REC-00722,GF-ING-00312,"Milk, whole, Cow",15.0,ml,L002,Milk,15,ml
GF-REC-00722,GF-ING-00312,"Milk, whole, Cow",250.0,g,L002,Milk,250,g
GF-REC-00722,,"Sugar, white",150.0,g,UK-17-063,Sugar,150,g
GF-REC-00722,,"Water, distilled",2.0,tbsp,UK-17-377,Water,2,tbsp
GF-REC-00722,,"Water, distilled",15.0,ml,UK-17-377,Water,15,ml
GF-REC-00722,,"Water, distilled",100.0,ml,UK-17-377,Water,100,ml
GF-REC-00722,,"Whey, acid, fluid",0.25,C,US-170885,Whey water,.25,cups
GF-REC-00723,,Food colour,0.5,tsp,,Food colour,.5,tsp
GF-REC-00723,,KEWRA ESSENCE,0.5,tsp,,Kewra essence,few,drops
GF-REC-00723,,REETHA,0.08,nos,,Reetha,.08,nos
GF-REC-00723,GF-ING-00018,"Wheat flour, refined (Triticum aestivum)",0.5,tbsp,A018,Refined wheat flour,.5,tbsp
GF-REC-00723,GF-ING-00299,Pistachio nuts (Pistacla vera),5.6,g,H018,Pistachionut,5.6,g
GF-REC-00723,GF-ING-00312,"Milk, whole, Cow",15.0,ml,L002,Milk,15,ml
GF-REC-00723,GF-ING-00312,"Milk, whole, Cow",250.0,g,L002,Milk,250,g
GF-REC-00723,,"Sugar, white",150.0,g,UK-17-063,Sugar,150,g
GF-REC-00723,,"Water, distilled",2.0,tbsp,UK-17-377,Water,2,tbsp
GF-REC-00723,,"Water, distilled",15.0,ml,UK-17-377,Water,15,ml
GF-REC-00723,,"Water, distilled",100.0,ml,UK-17-377,Water,100,ml
GF-REC-00723,,"Whey, acid, fluid",0.25,C,US-170885,Whey water,.25,cups
GF-REC-00724,,KEWRA ESSENCE,0.5,tsp,,Kewra/Rose water essence,few,drops
GF-REC-00724,,REETHA,0.08,nos,,Reetha,.08,nos
GF-REC-00724,GF-ING-00018,"Wheat flour, refined (Triticum aestivum)",0.5,tbsp,A018,Refined wheat flour,.5,tbsp
GF-REC-00724,GF-ING-00312,"Milk, whole, Cow",250.0,g,L002,Cow's milk,250,g
GF-REC-00724,GF-ING-00312,"Milk, whole, Cow",15.0,ml,L002,Milk,15,ml
GF-REC-00724,,"Sugar, white",150.0,g,UK-17-063,Sugar,150,g
GF-REC-00724,,"Water, distilled",2.0,tbsp,UK-17-377,Water,2,tbsp
GF-REC-00724,,"Water, distilled",4.0,tbsp,UK-17-377,Water,4,tbsp
GF-REC-00724,,"Water, distilled",15.0,ml,UK-17-377,Water,15,ml
GF-REC-00724,,"Water, distilled",100.0,ml,UK-17-377,Water,100,ml
GF-REC-00724,,"Whey, acid, fluid",0.25,C,US-170885,Whey water,.25,cups
GF-REC-00725,,KEWRA ESSENCE,0.5,tsp,,Kewra essence,few,drops
GF-REC-00725,,REETHA,0.08,nos,,Reetha,.08,nos
GF-REC-00725,GF-ING-00018,"Wheat flour, refined (Triticum aestivum)",0.5,tbsp,A018,Refined wheat flour,.5,tbsp
GF-REC-00725,GF-ING-00299,Pistachio nuts (Pistacla vera),3.36,g,H018,Pistachionut,few,
GF-REC-00725,GF-ING-00312,"Milk, whole, Cow",15.0,ml,L002,Milk,15,ml
GF-REC-00725,GF-ING-00312,"Milk, whole, Cow",250.0,ml,L002,Milk,250,ml
GF-REC-00725,,Saffron,0.01,g,UK-13-852,Saffron,0.01,g
GF-REC-00725,,"Sugar, white",2.0,tsp,UK-17-063,Sugar,2,tsp
GF-REC-00725,,"Sugar, white",150.0,g,UK-17-063,Sugar,150,g
GF-REC-00725,,"Water, distilled",2.0,tbsp,UK-17-377,Water,2,tbsp
GF-REC-00725,,"Water, distilled",15.0,ml,UK-17-377,Water,15,ml
GF-REC-00725,,"Water, distilled",100.0,ml,UK-17-377,Water,100,ml
GF-REC-00725,,"Whey, acid, fluid",0.25,C,US-170885,Whey water,.25,cups
GF-REC-00726,,COLOUR,0.25,tsp,,Color (desired),1 to 2,drops
GF-REC-00726,,KEWRA ESSENCE,0.5,tsp,,Kewra,1 to 2,drops
GF-REC-00726,GF-ING-00268,"Cardamom, green (Elettaria cardamomum)",0.25,tsp,G020,Green cardamom,1,
GF-REC-00726,GF-ING-00287,"Coconut, kernal, dry (Cocos nucifera)",25.0,g,H006,Desiccated coconut,25,g
GF-REC-00726,GF-ING-00314,Khoa,50.0,g,L004,Khoa,50,g
GF-REC-00726,,"Sugar, icing",25.0,g,UK-17-062,Castor sugar,25,g
GF-REC-00727,,KEWRA ESSENCE,0.25,tsp,,Kewra essence,2,drops
GF-REC-00727,GF-ING-00286,Cashew nut (Anacardium occidentale),3.33,g,H005,Cashewnuts,2,
GF-REC-00727,GF-ING-00299,Pistachio nuts (Pistacla vera),1.12,g,H018,Pistachionut,2,
GF-REC-00727,GF-ING-00312,"Milk, whole, Cow",250.0,ml,L002,Milk,250,g
GF-REC-00727,,"Lemons, flesh only, raw, weighed with peel and pips",5.0,g,UK-14-130,Lemon,.167,
GF-REC-00727,,"Sugar, white",20.0,g,UK-17-063,Sugar,20,g
GF-REC-00728,GF-ING-00022,"Wheat, semolina (Triticum aestivum)",50.0,g,A022,Semolina,50,g
GF-REC-00728,GF-ING-00268,"Cardamom, green (Elettaria cardamomum)",0.25,tsp,G020,Green cardamom,1,
GF-REC-00728,,Saffron,0.25,tsp,UK-13-852,Saffron,1,pinch
GF-REC-00728,,"Sugar, white",50.0,g,UK-17-063,Sugar,50,g
GF-REC-00728,,"Water, distilled",0.5,tsp,UK-17-377,Water,.5,tsp
GF-REC-00728,,"Water, distilled",50.0,ml,UK-17-377,Water,50,ml
GF-REC-00728,,"Ghee, butter",30.0,g,UK-17-640,Ghee,30,g
GF-REC-00728,,"MIXED NUTS CASHEWS, ALMONDS, HAZELNUTS, PISTACHIOS, PECANS, MIXED NUTS",3.78,g,US-851134,Mixed nuts,6,
GF-REC-00729,,KEWRA ESSENCE,0.25,tsp,,Kewra essence,2,drops
GF-REC-00729,GF-ING-00149,"Pumpkin, orange, round (Cucurbita maxima)",150.0,g,D066,Pumpkin,150,g
GF-REC-00729,GF-ING-00268,"Cardamom, green (Elettaria cardamomum)",0.25,tsp,G020,Green cardamom,1,
GF-REC-00729,GF-ING-00287,"Coconut, kernal, dry (Cocos nucifera)",40.0,g,H006,Desiccated coconut,40,g
GF-REC-00729,,"Sugar, white",30.0,g,UK-17-063,Sugar,30,g
GF-REC-00729,,"Water, distilled",15.0,ml,UK-17-377,Water,15,ml
GF-REC-00729,,"Ghee, butter",5.0,g,UK-17-640,Ghee,5,g
GF-REC-00730,,KEWRA ESSENCE,0.25,tsp,,Kewra essence,2,drops
GF-REC-00730,GF-ING-00282,Almond (Prunus amygdalus),5.0,g,H001,Almonds,5,g
GF-REC-00730,GF-ING-00287,"Coconut, kernal, dry (Cocos nucifera)",10.0,g,H006,Desiccated coconut,10,g
GF-REC-00730,GF-ING-00299,Pistachio nuts (Pistacla vera),5.0,g,H018,Pistachionut,5,g
GF-REC-00730,GF-ING-00314,Khoa,50.0,g,L004,Khoa,50,g
GF-REC-00730,,"Sugar, icing",20.0,g,UK-17-062,Castor sugar,20,g
GF-REC-00731,GF-ING-00019,"Wheat flour, atta (Triticum aestivum)",25.0,g,A019,Refined wheat flour,25,g
GF-REC-00731,GF-ING-00022,"Wheat, semolina (Triticum aestivum)",10.0,g,A022,Semolina,10,g
GF-REC-00731,GF-ING-00268,"Cardamom, green (Elettaria cardamomum)",0.25,tsp,G020,Green cardamom,1,
GF-REC-00731,GF-ING-00281,Turmeric powder (Curcuma domestica),0.25,tsp,G033,Turmeric,1,pinch
GF-REC-00731,,"Flour, gram",25.0,g,UK-11-896,Bengal gram flour,25,g
GF-REC-00731,,"Sugar, icing",20.0,g,UK-17-062,Castor sugar,20,g
GF-REC-00731,,"Ghee, butter",30.0,g,UK-17-640,Ghee,30,g
GF-REC-00731,,"MIXED NUTS CASHEWS, ALMONDS, HAZELNUTS, PISTACHIOS, PECANS, MIXED NUTS",10.0,g,US-851134,Mixed nuts,10,g
GF-REC-00732,GF-ING-00022,"Wheat, semolina (Triticum aestivum)",50.0,g,A022,Semolina,50,g
GF-REC-00732,GF-ING-00218,"Raisins, dried, black (Vitis vinifera)",5.0,g,E057,Raisins,5,g
GF-REC-00732,GF-ING-00268,"Cardamom, green (Elettaria cardamomum)",0.25,tsp,G020,Cardamom,1,
GF-REC-00732,GF-ING-00286,Cashew nut (Anacardium occidentale),5.0,g,H005,Cashewnuts,5,g
GF-REC-00732,,"Sugar, icing",20.0,g,UK-17-062,Castor sugar,20,g
GF-REC-00732,,"Water, distilled",15.0,ml,UK-17-377,Milk/Water,15,ml
GF-REC-00732,,"Ghee, butter",30.0,g,UK-17-640,Ghee,30,g
GF-REC-00733,GF-ING-00025,"Bengal gram, dal (Cicer arietinum)",40.0,g,B001,Channal dal,40,g
GF-REC-00733,GF-ING-00292,"Gingelly seeds, white (Sesamum indicum)",10.0,g,H011,Gingerlly/Till seeds,10,g
GF-REC-00733,GF-ING-00303,"Jaggery, cane (Saccharum officinarum)",60.0,g,I001,Jaggery,60,g
GF-REC-00733,,"Water, distilled",30.0,ml,UK-17-377,Water,30,ml
GF-REC-00734,GF-ING-00012,Rice puffed (Oryza sativa ),15.0,g,A012,Puffed rice/murmura,15,g
GF-REC-00734,GF-ING-00303,"Jaggery, cane (Saccharum officinarum)",60.0,g,I001,Jaggery,60,g
GF-REC-00734,,"Water, distilled",30.0,ml,UK-17-377,Water,30,ml
GF-REC-00735,GF-ING-00069,Fenugreek leaves (Trigonella foenum graecum),0.5,tsp,C020,Dry fenugreek leaves,.5,tsp
GF-REC-00735,GF-ING-00260,"Garlic, small clove (Allium sativum)",0.63,g,G012,Garlic,1,clove
GF-REC-00735,GF-ING-00262,"Ginger, fresh (Zingiber officinale)",3.0,g,G014,Ginger paste,3,g
GF-REC-00735,GF-ING-00265,"Onion, big (Allium cepa)",100.0,g,G017,Onion,100,g
GF-REC-00735,,"Flour, gram",30.0,g,UK-11-896,Bengal gram flour,30,g
GF-REC-00735,,Garam masala,0.125,tsp,UK-13-829,Garam masala,.125,tsp
GF-REC-00735,,Chilli powder,0.25,tsp,UK-13-873,Chilli powder,1,pinch
GF-REC-00735,,"Oil, sunflower",0.5,tsp,UK-17-045,Ghee/Oil,.5,tsp
GF-REC-00735,,"Oil, sunflower",240.0,ml,UK-17-045,Oil,for deep frying,
GF-REC-00735,,Salt,0.25,tsp,UK-17-367,Salt,.25,tsp
GF-REC-00735,,Salt,0.25,tsp,UK-17-367,Salt,.25,tsp
GF-REC-00735,,"Water, distilled",45.0,ml,UK-17-377,Water,45,ml
GF-REC-00735,,AJWAIN SEED WHOLE ORGANIC SPICES,0.25,tsp,US-806341,Carom seeds,a few grains,
GF-REC-00736,GF-ING-00069,Fenugreek leaves (Trigonella foenum graecum),0.5,tsp,C020,Dry fenugreek leaves,.5,tsp
GF-REC-00736,GF-ING-00256,"Chillies, green - all varieties (Capsicum annum)",19.98,g,G008,Green chilli,6,
GF-REC-00736,GF-ING-00260,"Garlic, small clove (Allium sativum)",0.63,g,G012,Garlic,1,clove
GF-REC-00736,GF-ING-00262,"Ginger, fresh (Zingiber officinale)",3.0,g,G014,Ginger paste,3,g
GF-REC-00736,,"Flour, gram",30.0,g,UK-11-896,Bengal gram flour,30,g
GF-REC-00736,,Garam masala,0.125,tsp,UK-13-829,Garam masala,.125,tsp
GF-REC-00736,,Chilli powder,0.25,tsp,UK-13-873,Chilli powder,1,pinch
GF-REC-00736,,"Oil, sunflower",0.5,tsp,UK-17-045,Ghee/Oil,.5,tsp
GF-REC-00736,,"Oil, sunflower",240.0,ml,UK-17-045,Oil,for deep frying,
GF-REC-00736,,Salt,0.25,tsp,UK-17-367,Salt,.25,tsp
GF-REC-00736,,Salt,0.25,tsp,UK-17-367,Salt,.25,tsp
GF-REC-00736,,"Water, distilled",45.0,ml,UK-17-377,Water,45,ml
GF-REC-00736,,AJWAIN SEED WHOLE ORGANIC SPICES,0.25,tsp,US-806341,Carom seeds,a few grains,
GF-REC-00737,GF-ING-00069,Fenugreek leaves (Trigonella foenum graecum),0.5,tsp,C020,Dry fenugreek leaves,.5,tsp
GF-REC-00737,GF-ING-00260,"Garlic, small clove (Allium sativum)",1.25,g,G012,Garlic,2,flakes
GF-REC-00737,GF-ING-00260,"Garlic, small clove (Allium sativum)",0.63,g,G012,Garlic paste,1,clove
GF-REC-00737,GF-ING-00262,"Ginger, fresh (Zingiber officinale)",3.0,g,G014,Ginger paste,3,g
GF-REC-00737,GF-ING-00262,"Ginger, fresh (Zingiber officinale)",5.0,g,G014,Ginger paste,5,g
GF-REC-00737,GF-ING-00332,"Chicken, poultry, breast, skinless",80.0,g,N003,Chicken breast,80,g
GF-REC-00737,,"Flour, gram",30.0,g,UK-11-896,Bengal gram flour,30,g
GF-REC-00737,,Garam masala,0.125,tsp,UK-13-829,Garam masala,.125,tsp
GF-REC-00737,,"Oil, sunflower",0.5,tsp,UK-17-045,Ghee/Oil,.5,tsp
GF-REC-00737,,"Oil, sunflower",240.0,ml,UK-17-045,Oil,for deep frying,
GF-REC-00737,,Vinegar,1.0,tsp,UK-17-339,Vinegar,1,tsp
GF-REC-00737,,Salt,0.25,tsp,UK-17-367,Salt,.25,tsp
GF-REC-00737,,Salt,0.25,tsp,UK-17-367,Salt,.25,tsp
GF-REC-00737,,"Water, distilled",45.0,ml,UK-17-377,Water,45,ml
GF-REC-00737,,AJWAIN SEED WHOLE ORGANIC SPICES,0.125,tsp,US-806341,Ajwain,.125,tsp
GF-REC-00737,,AJWAIN SEED WHOLE ORGANIC SPICES,0.25,tsp,US-806341,Carom seeds,a few grains,
GF-REC-00738,GF-ING-00069,Fenugreek leaves (Trigonella foenum graecum),0.5,tsp,C020,Dry fenugreek leaves,.5,tsp
GF-REC-00738,GF-ING-00260,"Garlic, small clove (Allium sativum)",1.25,g,G012,Garlic,2,flakes
GF-REC-00738,GF-ING-00260,"Garlic, small clove (Allium sativum)",0.63,g,G012,Garlic paste,1,clove
GF-REC-00738,GF-ING-00262,"Ginger, fresh (Zingiber officinale)",3.0,g,G014,Ginger paste,3,g
GF-REC-00738,GF-ING-00262,"Ginger, fresh (Zingiber officinale)",5.0,g,G014,Ginger paste,5,g
GF-REC-00738,GF-ING-00445,Mackerel (Rastrelliger kanagurta),80.0,g,P034,Fish fillets,80,g
GF-REC-00738,,"Flour, gram",30.0,g,UK-11-896,Bengal gram flour,30,g
GF-REC-00738,,Garam masala,0.125,tsp,UK-13-829,Garam masala,.125,tsp
GF-REC-00738,,"Oil, sunflower",0.5,tsp,UK-17-045,Ghee/Oil,.5,tsp
GF-REC-00738,,"Oil, sunflower",240.0,ml,UK-17-045,Oil,for deep frying,
GF-REC-00738,,Vinegar,1.0,tsp,UK-17-339,Vinegar,1,tsp
GF-REC-00738,,Salt,0.25,tsp,UK-17-367,Salt,.25,tsp
GF-REC-00738,,Salt,0.25,tsp,UK-17-367,Salt,.25,tsp
GF-REC-00738,,"Water, distilled",45.0,ml,UK-17-377,Water,45,ml
GF-REC-00738,,AJWAIN SEED WHOLE ORGANIC SPICES,0.125,tsp,US-806341,Ajwain,.125,tsp
GF-REC-00738,,AJWAIN SEED WHOLE ORGANIC SPICES,0.25,tsp,US-806341,Carom seeds,a few grains,
GF-REC-00739,GF-ING-00018,"Wheat flour, refined (Triticum aestivum)",2.0,tsp,A018,Refined wheat flour,2,tsp
GF-REC-00739,GF-ING-00256,"Chillies, green - all varieties (Capsicum annum)",3.33,g,G008,Green chilli,1,
GF-REC-00739,GF-ING-00257,Coriander leaves (Coriandrum sativum),1.0,sprig,G009,Coriander leaves,1,sprig
GF-REC-00739,GF-ING-00273,Cumin seeds (Cuminum cyminum),0.125,tsp,G025,Cumin seeds,.125,tsp
GF-REC-00739,GF-ING-00279,"Pepper, black (Piper nigrum)",0.125,tsp,G031,Black pepper,.125,tsp
GF-REC-00739,GF-ING-00313,Paneer,70.0,g,L003,Paneer,70,g
GF-REC-00739,,"Bread, white, average",15.0,g,UK-11-1145,Bread slice,15,g
GF-REC-00739,,"Bread, white, average",15.0,g,UK-11-1145,Dry bread crumbs,15,g
GF-REC-00739,,Garam masala,0.17,tsp,UK-13-829,Garam masala,.167,tsp
GF-REC-00739,,"Oil, sunflower",240.0,ml,UK-17-045,Oil,for deep frying,
GF-REC-00739,,Salt,0.25,tsp,UK-17-367,Salt,.25,tsp
GF-REC-00739,,"Water, distilled",2.0,tsp,UK-17-377,Water,2,tsp
GF-REC-00740,GF-ING-00018,"Wheat flour, refined (Triticum aestivum)",2.0,tsp,A018,Refined wheat flour,2,tsp
GF-REC-00740,GF-ING-00235,"Potato, brown skin, big (Solanum tuberosum)",100.0,g,F006,Potato,100,g
GF-REC-00740,GF-ING-00256,"Chillies, green - all varieties (Capsicum annum)",3.33,g,G008,Green chilli,1,
GF-REC-00740,GF-ING-00257,Coriander leaves (Coriandrum sativum),1.0,sprig,G009,Coriander leaves,1,sprig
GF-REC-00740,GF-ING-00273,Cumin seeds (Cuminum cyminum),0.125,tsp,G025,Cumin seeds,.125,tsp
GF-REC-00740,GF-ING-00279,"Pepper, black (Piper nigrum)",0.125,tsp,G031,Black pepper,.125,tsp
GF-REC-00740,,"Sago, raw",30.0,g,UK-11-023,Sago,30,g
GF-REC-00740,,Garam masala,0.17,tsp,UK-13-829,Garam masala,.167,tsp
GF-REC-00740,,"Oil, sunflower",240.0,ml,UK-17-045,Oil,for deep frying,
GF-REC-00740,,Salt,0.25,tsp,UK-17-367,Salt,.25,tsp
GF-REC-00740,,"Water, distilled",2.0,tsp,UK-17-377,Water,2,tsp
GF-REC-00740,,"Water, distilled",30.0,ml,UK-17-377,Water,30,ml
GF-REC-00741,GF-ING-00018,"Wheat flour, refined (Triticum aestivum)",2.0,tsp,A018,Refined wheat flour,2,tsp
GF-REC-00741,GF-ING-00025,"Bengal gram, dal (Cicer arietinum)",15.0,g,B001,Bengal gram/Channa dal,15,g
GF-REC-00741,GF-ING-00082,Spinach (Spinacia oleracea),20.0,g,C033,Spinach,20,g
GF-REC-00741,GF-ING-00235,"Potato, brown skin, big (Solanum tuberosum)",100.0,g,F006,Potato,100,g
GF-REC-00741,GF-ING-00256,"Chillies, green - all varieties (Capsicum annum)",3.33,g,G008,Green chilli,1,
GF-REC-00741,GF-ING-00257,Coriander leaves (Coriandrum sativum),1.0,sprig,G009,Coriander leaves,1,sprig
GF-REC-00741,GF-ING-00273,Cumin seeds (Cuminum cyminum),0.125,tsp,G025,Cumin seeds,.125,tsp
GF-REC-00741,GF-ING-00279,"Pepper, black (Piper nigrum)",0.125,tsp,G031,Black pepper,.125,tsp
GF-REC-00741,GF-ING-00293,Ground nut (Arachis hypogea),10.0,g,H012,Groundnuts,10,g
GF-REC-00741,,"Bread, white, average",15.0,g,UK-11-1145,Dry bread crumbs,15,g
GF-REC-00741,,Garam masala,0.17,tsp,UK-13-829,Garam masala,.167,tsp
GF-REC-00741,,"Oil, sunflower",240.0,ml,UK-17-045,Oil,for deep frying,
GF-REC-00741,,Salt,0.25,tsp,UK-17-367,Salt,.25,tsp
GF-REC-00741,,"Water, distilled",2.0,tsp,UK-17-377,Water,2,tsp
GF-REC-00741,,"Water, distilled",60.0,ml,UK-17-377,Water,60,ml
GF-REC-00742,GF-ING-00018,"Wheat flour, refined (Triticum aestivum)",2.0,tsp,A018,Refined wheat flour,2,tsp
GF-REC-00742,GF-ING-00235,"Potato, brown skin, big (Solanum tuberosum)",80.0,g,F006,Potato,50,g
GF-REC-00742,GF-ING-00256,"Chillies, green - all varieties (Capsicum annum)",3.33,g,G008,Green chilli,1,
GF-REC-00742,GF-ING-00257,Coriander leaves (Coriandrum sativum),1.0,sprig,G009,Coriander leaves,1,sprig
GF-REC-00742,GF-ING-00273,Cumin seeds (Cuminum cyminum),0.125,tsp,G025,Cumin seeds,.125,tsp
GF-REC-00742,GF-ING-00279,"Pepper, black (Piper nigrum)",0.125,tsp,G031,Black pepper,.125,tsp
GF-REC-00742,GF-ING-00315,"Egg, poultry, whole, raw",50.0,g,M001,Egg,1,
GF-REC-00742,,"Bread, white, average",15.0,g,UK-11-1145,Dry bread crumbs,15,g
GF-REC-00742,,Garam masala,0.17,tsp,UK-13-829,Garam masala,.167,tsp
GF-REC-00742,,"Oil, sunflower",240.0,ml,UK-17-045,Oil,for deep frying,
GF-REC-00742,,Salt,0.25,tsp,UK-17-367,Salt,.25,tsp
GF-REC-00742,,"Water, distilled",2.0,tsp,UK-17-377,Water,2,tsp
GF-REC-00743,GF-ING-00018,"Wheat flour, refined (Triticum aestivum)",2.0,tsp,A018,Refined wheat flour,2,tsp
GF-REC-00743,GF-ING-00256,"Chillies, green - all varieties (Capsicum annum)",3.33,g,G008,Green chilli,1,
GF-REC-00743,GF-ING-00257,Coriander leaves (Coriandrum sativum),1.0,sprig,G009,Coriander leaves,1,sprig
GF-REC-00743,GF-ING-00273,Cumin seeds (Cuminum cyminum),0.125,tsp,G025,Cumin seeds,.125,tsp
GF-REC-00743,GF-ING-00279,"Pepper, black (Piper nigrum)",0.125,tsp,G031,Black pepper,.125,tsp
GF-REC-00743,,"Bread, white, average",30.0,g,UK-11-1145,Bread,1,slices
GF-REC-00743,,"Bread, white, average",15.0,g,UK-11-1145,Dry bread crumbs,15,g
GF-REC-00743,,Garam masala,0.17,tsp,UK-13-829,Garam masala,.167,tsp
GF-REC-00743,,"Oil, sunflower",240.0,ml,UK-17-045,Oil,for deep frying,
GF-REC-00743,,Salt,0.25,tsp,UK-17-367,Salt,.25,tsp
GF-REC-00743,,"Water, distilled",2.0,tsp,UK-17-377,Water,2,tsp
GF-REC-00743,,"Water, distilled",60.0,ml,UK-17-377,Water,60,ml
GF-REC-00743,,"Lamb, mince, raw",100.0,g,UK-18-481,Minced meat,100,g
GF-REC-00744,GF-ING-00018,"Wheat flour, refined (Triticum aestivum)",1.0,tsp,A018,Refined wheat flour,1,tsp
GF-REC-00744,GF-ING-00018,"Wheat flour, refined (Triticum aestivum)",60.0,g,A018,Refined wheat flour,60,g
GF-REC-00744,GF-ING-00144,"Peas, fresh (Pisum sativum)",50.0,g,D061,Peas,50,g
GF-REC-00744,GF-ING-00235,"Potato, brown skin, big (Solanum tuberosum)",150.0,g,F006,Potato,150,g
GF-REC-00744,GF-ING-00256,"Chillies, green - all varieties (Capsicum annum)",3.33,g,G008,Green chilli,1,
GF-REC-00744,GF-ING-00257,Coriander leaves (Coriandrum sativum),1.0,sprig,G009,Coriander leaves,1,sprig
GF-REC-00744,GF-ING-00265,"Onion, big (Allium cepa)",40.0,g,G017,Onion,40,g
GF-REC-00744,GF-ING-00279,"Pepper, black (Piper nigrum)",0.25,tsp,G031,Black pepper powder,.25,tsp
GF-REC-00744,,Garam masala,0.25,tsp,UK-13-829,Garam masala,.25,tsp
GF-REC-00744,,Chilli powder,0.25,tsp,UK-13-873,Red chilli powder,.25,tsp
GF-REC-00744,,"Oil, sunflower",5.0,g,UK-17-045,Ghee/Oil,5,g
GF-REC-00744,,"Oil, sunflower",240.0,ml,UK-17-045,Oil,for deep frying,
GF-REC-00744,,Salt,0.25,tsp,UK-17-367,Salt,1,pinch
GF-REC-00744,,Salt,0.5,tsp,UK-17-367,Salt,.5,tsp
GF-REC-00744,,"Water, distilled",1.75,tsp,UK-17-377,Water,1.5 to 2,tsp
GF-REC-00744,,"Water, distilled",30.0,ml,UK-17-377,Water,30,ml
GF-REC-00744,,"Ghee, butter",10.0,g,UK-17-640,Ghee,10,g
GF-REC-00744,,"SIVA'S, AMHUR POWDER (DRY MANGO POWDER)",0.5,tsp,US-400113,Mango powder,.5,tsp
GF-REC-00745,GF-ING-00027,"Black gram, dal (Phaseolus mungo)",60.0,g,B003,Black gram dehusked,60,g
GF-REC-00745,,"Oil, sunflower",240.0,ml,UK-17-045,Oil,for deep frying,
GF-REC-00745,,Salt,0.25,tsp,UK-17-367,Salt,.25,tsp
GF-REC-00745,,"Water, distilled",3.0,tsp,UK-17-377,Water,2 to 4,tsp
GF-REC-00746,GF-ING-00027,"Black gram, dal (Phaseolus mungo)",60.0,g,B003,Black gram dehusked,60,g
GF-REC-00746,GF-ING-00256,"Chillies, green - all varieties (Capsicum annum)",6.67,g,G008,Green chilli,2,
GF-REC-00746,GF-ING-00262,"Ginger, fresh (Zingiber officinale)",5.0,g,G014,Ginger,1,cm
GF-REC-00746,GF-ING-00265,"Onion, big (Allium cepa)",20.0,g,G017,Onion,20,g
GF-REC-00746,GF-ING-00288,"Coconut, kernel, fresh (Cocos nucifera)",10.0,g,H007,Coconut fresh,10,g
GF-REC-00746,,"Oil, sunflower",240.0,ml,UK-17-045,Oil,for deep frying,
GF-REC-00746,,Salt,0.25,tsp,UK-17-367,Salt,.25,tsp
GF-REC-00747,GF-ING-00025,"Bengal gram, dal (Cicer arietinum)",60.0,g,B001,Chana dal,60,g
GF-REC-00747,GF-ING-00194,"Lemon, juice (Citrus limon)",1.0,tsp,E033,Lemon juice,1,tsp
GF-REC-00747,GF-ING-00256,"Chillies, green - all varieties (Capsicum annum)",13.32,g,G008,Green chilli,4,
GF-REC-00747,GF-ING-00257,Coriander leaves (Coriandrum sativum),1.0,sprig,G009,Coriander leaves,1,sprig
GF-REC-00747,GF-ING-00288,"Coconut, kernel, fresh (Cocos nucifera)",1.0,tbsp,H007,Fresh coconut,1,tbsp
GF-REC-00747,GF-ING-00294,Mustard seeds (Brassica nigra),0.25,tsp,H013,Mustard seeds,.25,tsp
GF-REC-00747,,"Oil, sunflower",1.0,tbsp,UK-17-045,Oil,1,tbsp
GF-REC-00747,,"Sugar, white",2.0,tsp,UK-17-063,Sugar,2,tsp
GF-REC-00747,,Bicarbonate of soda,0.25,tsp,UK-17-356,Eno's salt,.25,tsp
GF-REC-00747,,Salt,0.17,tsp,UK-17-367,Salt,.167,tsp
GF-REC-00747,,Salt,0.5,tsp,UK-17-367,Salt,.5,tsp
GF-REC-00747,,"Water, distilled",2.25,C,UK-17-377,Water,2.25,cups
GF-REC-00747,,"Water, distilled",4.0,tbsp,UK-17-377,Water,4,tbsp
GF-REC-00748,GF-ING-00022,"Wheat, semolina (Triticum aestivum)",15.0,g,A022,Semolina,15,g
GF-REC-00748,GF-ING-00194,"Lemon, juice (Citrus limon)",1.0,tsp,E033,Lemon juice,1,tsp
GF-REC-00748,GF-ING-00256,"Chillies, green - all varieties (Capsicum annum)",13.32,g,G008,Green chilli,4,
GF-REC-00748,GF-ING-00257,Coriander leaves (Coriandrum sativum),1.0,sprig,G009,Coriander leaves,1,sprig
GF-REC-00748,GF-ING-00281,Turmeric powder (Curcuma domestica),0.125,tsp,G033,Turmeric,.125,tsp
GF-REC-00748,GF-ING-00288,"Coconut, kernel, fresh (Cocos nucifera)",1.0,tbsp,H007,Fresh coconut,1,tbsp
GF-REC-00748,GF-ING-00294,Mustard seeds (Brassica nigra),0.25,tsp,H013,Mustard seeds,.25,tsp
GF-REC-00748,,"Flour, gram",60.0,g,UK-11-896,Besan,60,g
GF-REC-00748,,"Yogurt, whole milk, plain",60.0,g,UK-12-184,Curds,60,g
GF-REC-00748,,"Oil, sunflower",0.5,tsp,UK-17-045,Oil,.5,tsp
GF-REC-00748,,"Oil, sunflower",1.0,tbsp,UK-17-045,Oil,1,tbsp
GF-REC-00748,,"Sugar, white",0.5,tsp,UK-17-063,Sugar,.5,tsp
GF-REC-00748,,"Sugar, white",2.0,tsp,UK-17-063,Sugar,2,tsp
GF-REC-00748,,Bicarbonate of soda,1.0,tsp,UK-17-356,Eno's salt,1,tsp
GF-REC-00748,,Salt,0.17,tsp,UK-17-367,Salt,.167,tsp
GF-REC-00748,,Salt,0.5,tsp,UK-17-367,Salt,.5,tsp
GF-REC-00748,,"Water, distilled",4.0,tbsp,UK-17-377,Water,4,tbsp
GF-REC-00749,GF-ING-00158,"Tomato, ripe, hybrid (Solanum lycopersicum)",100.0,g,D075,Tomato,100,g
GF-REC-00749,GF-ING-00225,"Tamarind, pulp (Tamarindus indica)",10.0,g,E064,Tamarind (seedless),10,g
GF-REC-00749,GF-ING-00256,"Chillies, green - all varieties (Capsicum annum)",3.33,g,G008,Green chilli,1,
GF-REC-00749,GF-ING-00260,"Garlic, small clove (Allium sativum)",0.63,g,G012,Garlic,1,clove
GF-REC-00749,GF-ING-00262,"Ginger, fresh (Zingiber officinale)",5.0,g,G014,Ginger,1,cm
GF-REC-00749,GF-ING-00273,Cumin seeds (Cuminum cyminum),0.25,tsp,G025,Cumin seeds,.25,tsp
GF-REC-00749,GF-ING-00279,"Pepper, black (Piper nigrum)",0.125,tsp,G031,Black pepper powder,.125,tsp
GF-REC-00749,,"Sugar, white",0.25,tsp,UK-17-063,Sugar,.25,tsp
GF-REC-00749,,Salt,0.33,tsp,UK-17-367,Salt,.33,tsp
GF-REC-00749,,"Water, distilled",2.0,tsp,UK-17-377,Water,2,tsp
GF-REC-00750,GF-ING-00158,"Tomato, ripe, hybrid (Solanum lycopersicum)",100.0,g,D075,Tomato,100,g
GF-REC-00750,GF-ING-00225,"Tamarind, pulp (Tamarindus indica)",10.0,g,E064,Tamarind (seedless),10,g
GF-REC-00750,GF-ING-00256,"Chillies, green - all varieties (Capsicum annum)",3.33,g,G008,Green chilli,1,
GF-REC-00750,GF-ING-00260,"Garlic, small clove (Allium sativum)",0.63,g,G012,Garlic,1,clove
GF-REC-00750,GF-ING-00262,"Ginger, fresh (Zingiber officinale)",5.0,g,G014,Ginger,1,cm
GF-REC-00750,GF-ING-00264,Mint leaves (Mentha spicata ),20.0,g,G016,Mint leaves,20,g
GF-REC-00750,GF-ING-00273,Cumin seeds (Cuminum cyminum),0.25,tsp,G025,Cumin seeds,.25,tsp
GF-REC-00750,GF-ING-00279,"Pepper, black (Piper nigrum)",0.125,tsp,G031,Black pepper powder,.125,tsp
GF-REC-00750,,"Sugar, white",0.25,tsp,UK-17-063,Sugar,.25,tsp
GF-REC-00750,,Salt,0.33,tsp,UK-17-367,Salt,.33,tsp
GF-REC-00750,,"Water, distilled",2.0,tsp,UK-17-377,Water,2,tsp
GF-REC-00751,GF-ING-00158,"Tomato, ripe, hybrid (Solanum lycopersicum)",100.0,g,D075,Tomato,100,g
GF-REC-00751,GF-ING-00225,"Tamarind, pulp (Tamarindus indica)",10.0,g,E064,Tamarind (seedless),10,g
GF-REC-00751,GF-ING-00256,"Chillies, green - all varieties (Capsicum annum)",3.33,g,G008,Green chilli,1,
GF-REC-00751,GF-ING-00257,Coriander leaves (Coriandrum sativum),20.0,g,G009,Coriander leaves,20,g
GF-REC-00751,GF-ING-00260,"Garlic, small clove (Allium sativum)",0.63,g,G012,Garlic,1,clove
GF-REC-00751,GF-ING-00262,"Ginger, fresh (Zingiber officinale)",5.0,g,G014,Ginger,1,cm
GF-REC-00751,GF-ING-00273,Cumin seeds (Cuminum cyminum),0.25,tsp,G025,Cumin seeds,.25,tsp
GF-REC-00751,GF-ING-00279,"Pepper, black (Piper nigrum)",0.125,tsp,G031,Black pepper powder,.125,tsp
GF-REC-00751,,"Sugar, white",0.25,tsp,UK-17-063,Sugar,.25,tsp
GF-REC-00751,,Salt,0.33,tsp,UK-17-367,Salt,.33,tsp
GF-REC-00751,,"Water, distilled",2.0,tsp,UK-17-377,Water,2,tsp
GF-REC-00752,GF-ING-00256,"Chillies, green - all varieties (Capsicum annum)",3.33,g,G008,Green chilli,1,
GF-REC-00752,GF-ING-00257,Coriander leaves (Coriandrum sativum),10.0,g,G009,Coriander leaves,10,g
GF-REC-00752,GF-ING-00279,"Pepper, black (Piper nigrum)",0.25,tsp,G031,Black pepper powder,.25,tsp
GF-REC-00752,,Salt,0.17,tsp,UK-17-367,Salt,.167,tsp
GF-REC-00752,,"Gooseberries, raw",50.0,g,US-173030,Gooseberry,50,g
GF-REC-00753,GF-ING-00194,"Lemon, juice (Citrus limon)",1.0,tbsp,E033,Lemon juice,1,tbsp
GF-REC-00753,GF-ING-00256,"Chillies, green - all varieties (Capsicum annum)",3.33,g,G008,Green chilli,1,
GF-REC-00753,GF-ING-00279,"Pepper, black (Piper nigrum)",0.25,tsp,G031,Black pepper powder,.25,tsp
GF-REC-00753,GF-ING-00302,Walnut (Juglans regia),50.0,g,H021,Walnuts,50,g
GF-REC-00753,,"Yogurt, whole milk, plain",2.0,tbsp,UK-12-184,Curds,2,tbsp
GF-REC-00753,,Salt,0.17,tsp,UK-17-367,Salt,.167,tsp
GF-REC-00754,GF-ING-00273,Cumin seeds (Cuminum cyminum),0.125,tsp,G025,Cumin seeds,.125,tsp
GF-REC-00754,GF-ING-00303,"Jaggery, cane (Saccharum officinarum)",20.0,g,I001,Jaggery,20,g
GF-REC-00754,,Garam masala,0.25,tsp,UK-13-829,Garam masala,1,pinch
GF-REC-00754,,"Ginger, ground",0.17,tsp,UK-13-832,Dried ginger,.167,tsp
GF-REC-00754,,Chilli powder,0.17,tsp,UK-13-873,Red chilli powder,.167,tsp
GF-REC-00754,,"Sugar, white",10.0,g,UK-17-063,Sugar,10,g
GF-REC-00754,,Salt,0.5,tsp,UK-17-367,Salt,.5,tsp
GF-REC-00754,,"Water, distilled",150.0,ml,UK-17-377,Water,150,ml
GF-REC-00754,,DRIED MANGO,15.0,g,US-604150,Dried mango,15,g
GF-REC-00755,GF-ING-00025,"Bengal gram, dal (Cicer arietinum)",20.0,g,B001,Bengal gram dehusked,20,g
GF-REC-00755,GF-ING-00027,"Black gram, dal (Phaseolus mungo)",80.0,g,B003,Black gram dehusked,80,g
GF-REC-00755,GF-ING-00258,Curry leaves (Murraya koenigii),1.0,sprig,G010,Curry leaves,a few,sprig
GF-REC-00755,GF-ING-00267,Asafoetida (Ferula assa-foetida),0.25,tsp,G019,Asafoetida powder,.25,tsp
GF-REC-00755,GF-ING-00270,"Chillies, red (Capsicum annum)",8.33,g,G022,Whole red chilli,2 to 3,
GF-REC-00755,,Salt,0.25,tsp,UK-17-367,Salt,.25,tsp
GF-REC-00756,GF-ING-00025,"Bengal gram, dal (Cicer arietinum)",60.0,g,B001,Chana dal,60,g
GF-REC-00756,GF-ING-00027,"Black gram, dal (Phaseolus mungo)",1.0,tsp,B003,Black gram dehusked,1,tsp
GF-REC-00756,GF-ING-00225,"Tamarind, pulp (Tamarindus indica)",20.0,g,E064,Tamarind,20,g
GF-REC-00756,GF-ING-00258,Curry leaves (Murraya koenigii),1.0,sprig,G010,Curry leaves,1,sprig
GF-REC-00756,GF-ING-00267,Asafoetida (Ferula assa-foetida),0.25,tsp,G019,Asafoetida powder,1,pinch
GF-REC-00756,GF-ING-00270,"Chillies, red (Capsicum annum)",8.33,g,G022,Whole red chilli,2 to 3,
GF-REC-00756,GF-ING-00273,Cumin seeds (Cuminum cyminum),0.5,tsp,G025,Cumin seeds,.5,tsp
GF-REC-00756,GF-ING-00274,Fenugreek seeds (Trigonella foenum graecum),0.25,tsp,G026,Fenugreek seeds,.25,tsp
GF-REC-00756,GF-ING-00288,"Coconut, kernel, fresh (Cocos nucifera)",30.0,g,H007,Desiccated coconut,20,g
GF-REC-00756,GF-ING-00294,Mustard seeds (Brassica nigra),0.25,tsp,H013,Mustard seeds,.25,tsp
GF-REC-00756,,"Oil, sunflower",1.0,tsp,UK-17-045,Oil,1,tsp
GF-REC-00756,,Salt,0.5,tsp,UK-17-367,Salt,.5,tsp
GF-REC-00757,GF-ING-00194,"Lemon, juice (Citrus limon)",1.0,tbsp,E033,Lemon juice,1,tbsp
GF-REC-00757,GF-ING-00256,"Chillies, green - all varieties (Capsicum annum)",3.33,g,G008,Green chilli,1,
GF-REC-00757,GF-ING-00264,Mint leaves (Mentha spicata ),10.0,g,G016,Mint leaves,10,g
GF-REC-00757,GF-ING-00279,"Pepper, black (Piper nigrum)",0.25,tsp,G031,Pepper powder,.25,tsp
GF-REC-00757,,"Yogurt, whole milk, plain",100.0,g,UK-12-184,Curds,100,g
GF-REC-00757,,"Sugar, white",0.5,tsp,UK-17-063,Sugar,.5,tsp
GF-REC-00757,,Salt,0.25,tsp,UK-17-367,Salt,.25,tsp
GF-REC-00757,,"SIVA'S, AMHUR POWDER (DRY MANGO POWDER)",0.25,tsp,US-400113,Mango powder,.25,tsp
GF-REC-00758,GF-ING-00116,"Capsicum, green (Capsicum annuum)",10.0,g,D033,Capsicum,10,g
GF-REC-00758,GF-ING-00231,"Carrot, orange (Daucus carota)",10.0,g,F002,Carrot,10,g
GF-REC-00758,GF-ING-00260,"Garlic, small clove (Allium sativum)",1.25,g,G012,Garlic,2,clove
GF-REC-00758,GF-ING-00262,"Ginger, fresh (Zingiber officinale)",5.0,g,G014,Ginger,5,g
GF-REC-00758,GF-ING-00279,"Pepper, black (Piper nigrum)",0.125,tsp,G031,Black pepper powder,.125,tsp
GF-REC-00758,,"Yogurt, whole milk, plain",100.0,g,UK-12-184,Curds,100,g
GF-REC-00758,,"Spring onions, bulbs and tops, raw",10.0,g,UK-13-352,Spring onion (with tops),10,g
GF-REC-00758,,"Lemons, flesh only, raw, weighed with peel and pips",30.0,g,UK-14-130,Lemon,1,
GF-REC-00758,,Salt,0.17,tsp,UK-17-367,Salt,.167,tsp
GF-REC-00759,GF-ING-00116,"Capsicum, green (Capsicum annuum)",10.0,g,D033,Capsicum,10,g
GF-REC-00759,GF-ING-00231,"Carrot, orange (Daucus carota)",10.0,g,F002,Carrot,10,g
GF-REC-00759,GF-ING-00260,"Garlic, small clove (Allium sativum)",1.25,g,G012,Garlic,2,clove
GF-REC-00759,GF-ING-00262,"Ginger, fresh (Zingiber officinale)",5.0,g,G014,Ginger,5,g
GF-REC-00759,GF-ING-00279,"Pepper, black (Piper nigrum)",0.125,tsp,G031,Black pepper powder,.125,tsp
GF-REC-00759,,"Yogurt, whole milk, plain",100.0,g,UK-12-184,Curds,100,g
GF-REC-00759,,"Cream, fresh, whipping",2.0,tbsp,UK-12-333,Whipping cream,2,tbsp
GF-REC-00759,,"Spring onions, bulbs and tops, raw",10.0,g,UK-13-352,Spring onion (with tops),10,g
GF-REC-00759,,"Lemons, flesh only, raw, weighed with peel and pips",30.0,g,UK-14-130,Lemon,1,
GF-REC-00759,,Salt,0.17,tsp,UK-17-367,Salt,.167,tsp
GF-REC-00759,,"Mayonnaise, standard, retail",4.0,tbsp,UK-17-654,Mayonnaise,4,tbsp
GF-REC-00760,GF-ING-00074,Lettuce (Lactuca sativa),24.0,g,C025,Lettuce,1,leaf
GF-REC-00760,GF-ING-00126,"Cucumber, green, elongate (Cucumis sativus)",20.0,g,D043,Cucumber,20,g
GF-REC-00760,GF-ING-00158,"Tomato, ripe, hybrid (Solanum lycopersicum)",40.0,g,D075,Tomato,40,g
GF-REC-00760,GF-ING-00279,"Pepper, black (Piper nigrum)",0.125,tsp,G031,Pepper powder,.125,tsp
GF-REC-00760,GF-ING-00312,"Milk, whole, Cow",0.5,tsp,L002,Milk,.5,tsp
GF-REC-00760,,"Bread, white, average",60.0,g,UK-11-1145,Bread slices,2,
GF-REC-00760,,Mustard powder,0.25,tsp,UK-17-362,Mustard powder,1,pinch
GF-REC-00760,,Salt,0.125,tsp,UK-17-367,Salt,.125,tsp
GF-REC-00760,,"Butter, unsalted",10.0,g,UK-17-661,Butter,10,g
GF-REC-00761,GF-ING-00077,Parsley (Petroselinum crispum),1.0,sprig,C028,Parsley,1,sprig
GF-REC-00761,GF-ING-00158,"Tomato, ripe, hybrid (Solanum lycopersicum)",60.0,g,D075,Tomato,60,g
GF-REC-00761,GF-ING-00279,"Pepper, black (Piper nigrum)",0.25,tsp,G031,Pepper powder,1,pinch
GF-REC-00761,,"Bread, white, average",60.0,g,UK-11-1145,Bread slices,2,
GF-REC-00761,,"Cheese, processed, plain",20.0,g,UK-12-527,Cheese,20,g
GF-REC-00761,,Mustard powder,0.25,tsp,UK-17-362,Mustard powder,1,pinch
GF-REC-00761,,Salt,0.25,tsp,UK-17-367,Salt,1,pinch
GF-REC-00761,,"Butter, unsalted",10.0,g,UK-17-661,Butter,10,g
GF-REC-00762,GF-ING-00074,Lettuce (Lactuca sativa),24.0,g,C025,Lettuce,1,leaf
GF-REC-00762,GF-ING-00158,"Tomato, ripe, hybrid (Solanum lycopersicum)",40.0,g,D075,Tomato,40,g
GF-REC-00762,GF-ING-00279,"Pepper, black (Piper nigrum)",0.125,tsp,G031,Pepper powder,.125,tsp
GF-REC-00762,GF-ING-00279,"Pepper, black (Piper nigrum)",0.25,tsp,G031,Pepper powder,1,dash
GF-REC-00762,GF-ING-00312,"Milk, whole, Cow",0.5,tsp,L002,Milk,.5,tsp
GF-REC-00762,GF-ING-00312,"Milk, whole, Cow",15.0,ml,L002,Milk,15,ml
GF-REC-00762,GF-ING-00315,"Egg, poultry, whole, raw",50.0,g,M001,Egg,1,
GF-REC-00762,,"Bread, white, average",60.0,g,UK-11-1145,Bread slices,2,
GF-REC-00762,,"Cheese, processed, plain",10.0,g,UK-12-527,Cheese,10,g
GF-REC-00762,,Mustard powder,0.25,tsp,UK-17-362,Mustard powder,1,pinch
GF-REC-00762,,Salt,0.125,tsp,UK-17-367,Salt,.125,tsp
GF-REC-00762,,Salt,0.125,tsp,UK-17-367,Salt,.125,tsp
GF-REC-00762,,"Butter, unsalted",10.0,g,UK-17-661,Butter,10,g
GF-REC-00762,,"Butter, unsalted",10.0,g,UK-17-661,Butter,10,g
GF-REC-00763,GF-ING-00126,"Cucumber, green, elongate (Cucumis sativus)",30.0,g,D043,Cucumber,30,g
GF-REC-00763,,"Bread, white, average",60.0,g,UK-11-1145,Bread slices,2,
GF-REC-00763,,"Peanut butter, smooth",20.0,g,UK-14-892,Peanut butter,20,g
GF-REC-00763,,Salt,0.25,tsp,UK-17-367,Salt,1,pinch
GF-REC-00764,GF-ING-00231,"Carrot, orange (Daucus carota)",10.0,g,F002,Carrot,10,g
GF-REC-00764,GF-ING-00256,"Chillies, green - all varieties (Capsicum annum)",1.67,g,G008,Green chilli,.5,
GF-REC-00764,GF-ING-00257,Coriander leaves (Coriandrum sativum),1.0,sprig,G009,Coriander leaves,a few,
GF-REC-00764,GF-ING-00264,Mint leaves (Mentha spicata ),1.0,sprig,G016,Mint leaves,a few,sprig
GF-REC-00764,GF-ING-00264,Mint leaves (Mentha spicata ),1.0,sprig,G016,Mint leaves,1,sprig
GF-REC-00764,GF-ING-00288,"Coconut, kernel, fresh (Cocos nucifera)",5.0,g,H007,Fresh grated coconut,5,g
GF-REC-00764,GF-ING-00293,Ground nut (Arachis hypogea),5.0,g,H012,Peanuts,5,g
GF-REC-00764,,"Bread, white, average",60.0,g,UK-11-1145,Bread slices,2,
GF-REC-00764,,Salt,0.25,tsp,UK-17-367,Salt,1,pinch
GF-REC-00764,,"Butter, unsalted",10.0,g,UK-17-661,Butter,10,g
GF-REC-00765,GF-ING-00027,"Black gram, dal (Phaseolus mungo)",0.5,tsp,B003,Black gram dehusked,.5,tsp
GF-REC-00765,GF-ING-00258,Curry leaves (Murraya koenigii),1.0,sprig,G010,Curry leaves,1,sprig
GF-REC-00765,GF-ING-00267,Asafoetida (Ferula assa-foetida),0.25,tsp,G019,Asafoetida,1,pinch
GF-REC-00765,GF-ING-00270,"Chillies, red (Capsicum annum)",3.33,g,G022,Whole red chilli (dry),1,nos
GF-REC-00765,GF-ING-00294,Mustard seeds (Brassica nigra),0.125,tsp,H013,Mustard seeds,.125,tsp
GF-REC-00765,,"Bread, white, average",60.0,g,UK-11-1145,Bread slices,2,
GF-REC-00765,,"Flour, gram",10.0,g,UK-11-896,Bengal gram flour,10,g
GF-REC-00765,,"Yogurt, whole milk, plain",30.0,g,UK-12-184,Curds,30,g
GF-REC-00765,,"Oil, sunflower",2.0,tsp,UK-17-045,Oil,2,tsp
GF-REC-00765,,Salt,0.125,tsp,UK-17-367,Salt,.125,tsp
GF-REC-00766,GF-ING-00279,"Pepper, black (Piper nigrum)",0.25,tsp,G031,Pepper,a,dash
GF-REC-00766,GF-ING-00302,Walnut (Juglans regia),2.5,g,H021,Walnuts,1,
GF-REC-00766,GF-ING-00332,"Chicken, poultry, breast, skinless",50.0,g,N003,Chicken,50,g
GF-REC-00766,,"Bread, white, average",60.0,g,UK-11-1145,Bread slices,2,
GF-REC-00766,,Salt,0.125,tsp,UK-17-367,Salt,.125,tsp
GF-REC-00766,,"Mayonnaise, standard, retail",20.0,g,UK-17-654,Mayonnaise,20,g
GF-REC-00767,GF-ING-00077,Parsley (Petroselinum crispum),1.0,sprig,C028,Parsley,1,sprig
GF-REC-00767,,"Bread, white, average",60.0,g,UK-11-1145,Fresh bread,2,slices
GF-REC-00767,,"Butter, unsalted",1.0,tsp,UK-17-661,Butter,1,tsp
GF-REC-00767,,"Butter, unsalted",10.0,g,UK-17-661,Butter,10,g
GF-REC-00767,,"Tomato sauce, homemade",2.0,tsp,UK-50-1173,Mint chutney/Tomato sauce,2,tsp
GF-REC-00768,GF-ING-00214,Pineapple (Ananas comosus),75.0,g,E053,Pineapple,1.5,ring
GF-REC-00768,GF-ING-00279,"Pepper, black (Piper nigrum)",0.25,tsp,G031,Pepper powder,1,dash
GF-REC-00768,,"Bread, white, average",60.0,g,UK-11-1145,White bread,60,g
GF-REC-00768,,"Bread, brown, average",60.0,g,UK-11-971,Brown bread,60,g
GF-REC-00768,,"Cheese, processed, plain",30.0,g,UK-12-527,Cheese,30,g
GF-REC-00768,,Mustard powder,0.25,tsp,UK-17-362,Mustard powder,1,pinch
GF-REC-00768,,Salt,0.25,tsp,UK-17-367,Salt,1,pinch
GF-REC-00768,,"Butter, unsalted",30.0,g,UK-17-661,Butter,30,g
GF-REC-00769,GF-ING-00279,"Pepper, black (Piper nigrum)",0.25,tsp,G031,Black pepper powder,.25,tsp
GF-REC-00769,,"Bread, white, average",60.0,g,UK-11-1145,White bread,2,slices
GF-REC-00769,,"Bread, brown, average",60.0,g,UK-11-971,Brown bread,2,slices
GF-REC-00769,,"Cream, fresh, whipping",30.0,g,UK-12-333,Whipping cream,30,g
GF-REC-00769,,"Cheese, processed, plain",30.0,g,UK-12-527,Cheese,30,g
GF-REC-00769,,Mustard powder,0.125,tsp,UK-17-362,Mustard powder,.125,tsp
GF-REC-00769,,"Butter, unsalted",40.0,g,UK-17-661,Butter,40,g
GF-REC-00770,GF-ING-00074,Lettuce (Lactuca sativa),48.0,g,C025,Cabbage or lettuce leaves,2,
GF-REC-00770,GF-ING-00116,"Capsicum, green (Capsicum annuum)",20.0,g,D033,Capsicum,20,g
GF-REC-00770,GF-ING-00126,"Cucumber, green, elongate (Cucumis sativus)",40.0,g,D043,Cucumber,40,g
GF-REC-00770,GF-ING-00158,"Tomato, ripe, hybrid (Solanum lycopersicum)",40.0,g,D075,Tomato,40,g
GF-REC-00770,GF-ING-00279,"Pepper, black (Piper nigrum)",0.25,tsp,G031,Pepper powder,1,dash
GF-REC-00770,GF-ING-00315,"Egg, poultry, whole, raw",50.0,g,M001,Egg,1,
GF-REC-00770,,"Cheese, processed, plain",30.0,g,UK-12-527,Cheese,30,g
GF-REC-00770,,Salt,0.125,tsp,UK-17-367,Salt,.125,tsp
GF-REC-00770,,"Mayonnaise, standard, retail",4.0,tbsp,UK-17-654,Mayonnaise,4,tbsp
GF-REC-00770,,HOT DOG BUNS,100.0,g,US-576790,Hot dog buns,2,
GF-REC-00771,GF-ING-00074,Lettuce (Lactuca sativa),10.0,g,C025,Lettuce,10,g
GF-REC-00771,,"Bread, white, average",60.0,g,UK-11-1145,Brown bread,60,g
GF-REC-00771,,"Cheese, processed, plain",30.0,g,UK-12-527,Cheese,30,g
GF-REC-00771,,"Mayonnaise, standard, retail",10.0,g,UK-17-654,Mayonnaise/Butter,10,g
GF-REC-00772,GF-ING-00077,Parsley (Petroselinum crispum),1.0,sprig,C028,Parsley,1,sprig
GF-REC-00772,GF-ING-00158,"Tomato, ripe, hybrid (Solanum lycopersicum)",20.0,g,D075,Tomato,20,g
GF-REC-00772,GF-ING-00279,"Pepper, black (Piper nigrum)",0.25,tsp,G031,Pepper powder,1,pinch
GF-REC-00772,GF-ING-00315,"Egg, poultry, whole, raw",50.0,g,M001,Egg,1,
GF-REC-00772,,"Bread, white, average",60.0,g,UK-11-1145,Bread,2,slices
GF-REC-00772,,"Cheese, processed, plain",10.0,g,UK-12-527,Cheese,10,g
GF-REC-00772,,Salt,0.25,tsp,UK-17-367,Salt,1,pinch
GF-REC-00772,,"Mayonnaise, standard, retail",1.5,tbsp,UK-17-654,Mayonnaise,1.5,tbsp
GF-REC-00773,GF-ING-00077,Parsley (Petroselinum crispum),1.0,sprig,C028,Parsley,1,sprig
GF-REC-00773,GF-ING-00126,"Cucumber, green, elongate (Cucumis sativus)",30.0,g,D043,Cucumber,30,g
GF-REC-00773,GF-ING-00279,"Pepper, black (Piper nigrum)",0.25,tsp,G031,Pepper powder,1,pinch
GF-REC-00773,GF-ING-00315,"Egg, poultry, whole, raw",50.0,g,M001,Egg,1,
GF-REC-00773,,"Bread, white, average",60.0,g,UK-11-1145,Bread,2,slices
GF-REC-00773,,Salt,0.125,tsp,UK-17-367,Salt,.125,tsp
GF-REC-00773,,"Butter, unsalted",10.0,g,UK-17-661,Butter,10,g
GF-REC-00773,,"Bacon rashers, back, raw",20.0,g,UK-19-497,Bacon/Ham,20,g
GF-REC-00774,GF-ING-00126,"Cucumber, green, elongate (Cucumis sativus)",30.0,g,D043,Cucumber,30,g
GF-REC-00774,GF-ING-00279,"Pepper, black (Piper nigrum)",0.25,tsp,G031,Pepper powder,1,dash
GF-REC-00774,GF-ING-00332,"Chicken, poultry, breast, skinless",50.0,g,N003,Chicken,50,g
GF-REC-00774,,"Bread, white, average",60.0,g,UK-11-1145,Brown bread,2,slices
GF-REC-00774,,Salt,0.125,tsp,UK-17-367,Salt,.125,tsp
GF-REC-00774,,"Butter, unsalted",10.0,g,UK-17-661,Butter,10,g
GF-REC-00774,,"Tomato sauce, homemade",1.0,tsp,UK-50-1173,Tomato sauce,1,tsp
GF-REC-00774,,CREAMED CORN,3.0,tbsp,US-463153,Creamed corn,3,tbsp
GF-REC-00775,GF-ING-00018,"Wheat flour, refined (Triticum aestivum)",40.0,g,A018,Refined wheat flour,40,g
GF-REC-00775,GF-ING-00315,"Egg, poultry, whole, raw",100.0,g,M001,Egg,2,
GF-REC-00775,,Cocoa powder,10.0,g,UK-12-545,Cocoa,10,g
GF-REC-00775,,"Sugar, icing",50.0,g,UK-17-062,Castor sugar,50,g
GF-REC-00775,,"Water, distilled",2.0,tsp,UK-17-377,Water,2,tsp
GF-REC-00775,,Vanilla extract,0.5,tsp,US-173471,Vanilla essence,.5,tsp
GF-REC-00776,GF-ING-00018,"Wheat flour, refined (Triticum aestivum)",40.0,g,A018,Refined wheat flour,40,g
GF-REC-00776,GF-ING-00315,"Egg, poultry, whole, raw",100.0,g,M001,Egg,2,
GF-REC-00776,,"Cream, fresh, whipping",150.0,g,UK-12-333,Whipping cream,150,g
GF-REC-00776,,Cocoa powder,10.0,g,UK-12-545,Cocoa,10,g
GF-REC-00776,,"Sugar, icing",2.0,tsp,UK-17-062,Castor sugar,2,tsp
GF-REC-00776,,"Sugar, icing",50.0,g,UK-17-062,Castor sugar,50,g
GF-REC-00776,,"Water, distilled",2.0,tsp,UK-17-377,Water,2,tsp
GF-REC-00776,,"Chocolate, plain",10.0,g,UK-17-491,Chocolate,10,g
GF-REC-00776,,Vanilla extract,0.5,tsp,US-173471,Vanilla essence,.5,tsp
GF-REC-00777,,LEMON COLOUR,0.25,tsp,,Lemon color,a,drops
GF-REC-00777,,LEMON ESSENCE,0.5,tsp,,Lemon essence,.5,tsp
GF-REC-00777,GF-ING-00315,"Egg, poultry, whole, raw",50.0,g,M001,Egg,1,
GF-REC-00777,,"Lemons, flesh only, raw, weighed with peel and pips",15.0,g,UK-14-130,Lemon,.5,
GF-REC-00777,,"Sugar, icing",50.0,g,UK-17-062,Castor sugar,50,g
GF-REC-00777,,"Water, distilled",0.25,C,UK-17-377,Water,.25,cup
GF-REC-00777,,"Butter, unsalted",25.0,g,UK-17-661,Butter,25,g
GF-REC-00778,,"Water, distilled",1.0,tsp,UK-17-377,Hot water,1,tsp
GF-REC-00778,,JAM,60.0,g,US-499195,JAM,3,tbsp
GF-REC-00779,GF-ING-00018,"Wheat flour, refined (Triticum aestivum)",40.0,g,A018,Refined wheat flour,40,g
GF-REC-00779,GF-ING-00315,"Egg, poultry, whole, raw",100.0,g,M001,Egg,2,
GF-REC-00779,,"Cream, fresh, single",100.0,g,UK-12-332,Cream,100,g
GF-REC-00779,,Cocoa powder,10.0,g,UK-12-545,Cocoa,10,g
GF-REC-00779,,Cocoa powder,1.0,tbsp,UK-12-545,Cocoa,1,tbsp
GF-REC-00779,,"Cherries, glace",3.33,g,UK-14-335,Glaced cherries,1,
GF-REC-00779,,"Sugar, icing",2.0,tsp,UK-17-062,Castor sugar,2,tsp
GF-REC-00779,,"Sugar, icing",2.0,tsp,UK-17-062,Castor sugar,2,tsp
GF-REC-00779,,"Sugar, icing",50.0,g,UK-17-062,Castor sugar,50,g
GF-REC-00779,,"Water, distilled",2.0,tsp,UK-17-377,Water,2,tsp
GF-REC-00779,,"Chocolate, plain",10.0,g,UK-17-491,Chocolate,10,g
GF-REC-00779,,Vanilla extract,0.5,tsp,US-173471,Vanilla essence,.5,tsp
GF-REC-00780,,STRAWBERRY ESSENCE ,0.5,tsp,,Vanilla essence,.5,tsp
GF-REC-00780,,YELLOW COLOUR,0.5,tsp,,Yellow color,.5,tsp
GF-REC-00780,GF-ING-00018,"Wheat flour, refined (Triticum aestivum)",50.0,g,A018,Refined wheat flour,50,g
GF-REC-00780,GF-ING-00315,"Egg, poultry, whole, raw",100.0,g,M001,Egg,2,
GF-REC-00780,,"Cream, fresh, single",100.0,g,UK-12-332,Cream,100,g
GF-REC-00780,,"Cherries, glace",3.33,g,UK-14-335,Glaced cherry,1,
GF-REC-00780,,"Sugar, icing",50.0,g,UK-17-062,Castor sugar,50,g
GF-REC-00780,,"Sugar, icing",2.0,tsp,UK-17-062,Castor sugar,2,tsp
GF-REC-00780,,"Water, distilled",2.0,tsp,UK-17-377,Water,2,tsp
GF-REC-00780,,Strawberry essence,0.5,tsp,,Strawberry essence,.5,tsp
GF-REC-00781,GF-ING-00018,"Wheat flour, refined (Triticum aestivum)",50.0,g,A018,Refined wheat flour,50,g
GF-REC-00781,GF-ING-00208,"Orange, pulp (Citrus aurantium)",60.0,g,E047,Orange,1,
GF-REC-00781,GF-ING-00208,"Orange, pulp (Citrus aurantium)",85.0,g,E047,Orange juice,1,orange
GF-REC-00781,GF-ING-00315,"Egg, poultry, whole, raw",100.0,g,M001,Egg,2,
GF-REC-00781,,"Flour, corn",1.0,tsp,UK-11-1045,Cornflour,1,tsp
GF-REC-00781,,"Cream, fresh, single",100.0,ml,UK-12-332,Cream,100,ml
GF-REC-00781,,"Sugar, icing",1.0,tbsp,UK-17-062,Castor sugar,1,tbsp
GF-REC-00781,,"Sugar, icing",60.0,g,UK-17-062,Castor sugar,60,g
GF-REC-00781,,Baking powder,0.375,tsp,UK-17-355,Baking powder,.375,tsp
GF-REC-00781,,"Water, distilled",0.5,tbsp,UK-17-377,Warmed water,.5,tbsp
GF-REC-00782,GF-ING-00018,"Wheat flour, refined (Triticum aestivum)",40.0,g,A018,Refined wheat flour,40,g
GF-REC-00782,GF-ING-00315,"Egg, poultry, whole, raw",100.0,g,M001,Egg,2,
GF-REC-00782,,"Flour, corn",1.0,tsp,UK-11-1045,Cornflour,1,tsp
GF-REC-00782,,"Cream, fresh, single",100.0,ml,UK-12-332,Cream,100,ml
GF-REC-00782,,Cocoa powder,10.0,g,UK-12-545,Cocoa powder,10,g
GF-REC-00782,,"Cherries, West Indian, flesh only",50.0,g,UK-14-069,Canned cherries,50,g
GF-REC-00782,,"Sugar, icing",1.0,tbsp,UK-17-062,Castor sugar,1,tbsp
GF-REC-00782,,"Sugar, icing",60.0,g,UK-17-062,Castor sugar,60,g
GF-REC-00782,,Baking powder,0.25,tsp,UK-17-355,Baking powder,.25,tsp
GF-REC-00782,,"Water, distilled",0.5,tbsp,UK-17-377,Warm water,.5,tbsp
GF-REC-00782,,"Chocolate, plain",10.0,g,UK-17-491,Plain chocolate,10,g
GF-REC-00783,,Lemon color,2.0,drops,,Lemon color,2,drops
GF-REC-00783,,Lemon essence,0.25,tsp,,Lemon essence,.25,tsp
GF-REC-00783,GF-ING-00018,"Wheat flour, refined (Triticum aestivum)",55.0,g,A018,Refined wheat flour,55,g
GF-REC-00783,GF-ING-00194,"Lemon, juice (Citrus limon)",1.0,tbsp,E033,Lemon juice,1,tbsp
GF-REC-00783,GF-ING-00315,"Egg, poultry, whole, raw",50.0,g,M001,Egg,1,
GF-REC-00783,,"Lemons, flesh only, raw, weighed with peel and pips",7.5,g,UK-14-130,Lemon peel,.25,
GF-REC-00783,,"Sugar, icing",1.0,tsp,UK-17-062,Castor sugar,1,tsp
GF-REC-00783,,"Sugar, icing",55.0,g,UK-17-062,Castor sugar,55,g
GF-REC-00783,,Baking powder,0.5,tsp,UK-17-355,Baking powder,.5,tsp
GF-REC-00783,,"Butter, unsalted",55.0,g,UK-17-661,Butter,55,g
GF-REC-00784,GF-ING-00018,"Wheat flour, refined (Triticum aestivum)",55.0,g,A018,Refined wheat flour,55,g
GF-REC-00784,GF-ING-00271,Cloves (Syzygium aromaticum),0.125,tsp,G023,Clove,.125,tsp
GF-REC-00784,GF-ING-00282,Almond (Prunus amygdalus),6.6,g,H001,Almonds,6,
GF-REC-00784,GF-ING-00312,"Milk, whole, Cow",0.75,tbsp,L002,Milk,0.5 to 1,tbsp
GF-REC-00784,GF-ING-00315,"Egg, poultry, whole, raw",50.0,g,M001,Egg,1,
GF-REC-00784,,"Cinnamon, ground",0.125,tsp,UK-13-874,Cinnamon,.125,tsp
GF-REC-00784,,"Sugar, icing",40.0,g,UK-17-062,Butter,40,g
GF-REC-00784,,Baking powder,0.5,tsp,UK-17-355,Baking powder,.5,tsp
GF-REC-00784,,"Butter, unsalted",40.0,g,UK-17-661,Castor sugar,40,g
GF-REC-00784,,"Candies, gum drops, no sugar or low calorie (sorbitol)",10.0,g,US-169061,Candied peel,10,g
GF-REC-00784,,Vanilla extract,0.25,tsp,US-173471,Vanilla essence,.25,tsp
GF-REC-00784,,"MIXED NUTS CASHEWS, ALMONDS, HAZELNUTS, PISTACHIOS, PECANS, MIXED NUTS",25.0,g,US-851134,Mixed dried fruit,25,g
GF-REC-00785,GF-ING-00018,"Wheat flour, refined (Triticum aestivum)",55.0,g,A018,Refined wheat flour,55,g
GF-REC-00785,GF-ING-00312,"Milk, whole, Cow",1.0,tbsp,L002,Milk,1,tbsp
GF-REC-00785,GF-ING-00315,"Egg, poultry, whole, raw",50.0,g,M001,Egg,1,
GF-REC-00785,,"Sugar, icing",1.0,tsp,UK-17-062,Castor sugar,1,tsp
GF-REC-00785,,"Sugar, icing",55.0,g,UK-17-062,Castor sugar,55,g
GF-REC-00785,,Baking powder,0.5,tsp,UK-17-355,Baking powder,.5,tsp
GF-REC-00785,,"Butter, unsalted",55.0,g,UK-17-661,Butter,55,g
GF-REC-00785,,JAM,20.0,g,US-499195,Jam,1,tbsp
GF-REC-00786,GF-ING-00018,"Wheat flour, refined (Triticum aestivum)",40.0,g,A018,Refined wheat flour,60,g
GF-REC-00786,,"Milk, condensed, whole, sweetened",200.0,g,UK-12-520,Condensed milk (Milkmaid),200,g
GF-REC-00786,,Cocoa powder,20.0,g,UK-12-545,Cocoa powder,20,g
GF-REC-00786,,Cola,50.0,g,UK-17-175,Cola drink,50,ml
GF-REC-00786,,Baking powder,0.25,tsp,UK-17-355,Baking powder,.25,tsp
GF-REC-00786,,Bicarbonate of soda,0.25,tsp,UK-17-356,Soda bi-carb,.25,tsp
GF-REC-00786,,"Butter, unsalted",30.0,g,UK-17-661,Butter,30,g
GF-REC-00786,,Vanilla extract,0.5,tsp,US-173471,Vanilla essence/Lemon essence,.25,tsp
GF-REC-00787,,ORANGE DRINK,50.0,ml,,Orange drink,50,ml
GF-REC-00787,,ORANGE ESSENCE,0.5,tsp,,Orange essence,.5,tsp
GF-REC-00787,GF-ING-00018,"Wheat flour, refined (Triticum aestivum)",60.0,g,A018,Refined wheat flour,60,g
GF-REC-00787,,"Milk, condensed, whole, sweetened",200.0,g,UK-12-520,Condensed milk (Milkmaid),200,g
GF-REC-00787,,"Orange juice, freshly squeezed",1.0,tsp,UK-14-369,Orange juice,1,tsp
GF-REC-00787,,Baking powder,0.25,tsp,UK-17-355,Baking powder,.25,tsp
GF-REC-00787,,Bicarbonate of soda,0.25,tsp,UK-17-356,Soda bi-carb,.25,tsp
GF-REC-00787,,"Butter, unsalted",30.0,g,UK-17-661,Butter,30,g
GF-REC-00788,,COLOUR,,,,Color,,
GF-REC-00788,,Cocoa powder,2.0,tbsp,UK-12-545,Cocoa powder,2,tbsp
GF-REC-00788,,"Sugar, icing",55.0,g,UK-17-062,Icing sugar,55,g
GF-REC-00788,,"Water, distilled",0.75,tsp,UK-17-377,Warm water,55,g
GF-REC-00788,,"Butter, unsalted",20.0,g,UK-17-661,Butter,1,knob
GF-REC-00788,,Vanilla extract,0.5,tsp,US-173471,Vanilla essence,few drops,
GF-REC-00789,,COLOUR,,,,Colour,,
GF-REC-00789,,"Sugar, white",55.0,g,UK-17-063,Icing sugar,55,g
GF-REC-00789,,"Butter, unsalted",25.0,g,UK-17-661,Butter,25,g
GF-REC-00789,,Vanilla extract,0.5,tsp,US-173471,Vanilla essence,few drops,
GF-REC-00790,,COLOUR,,,,Colour,,
GF-REC-00790,,Cocoa powder,2.0,tbsp,UK-12-545,Cocoa powder,2,tbsp
GF-REC-00790,,"Sugar, white",55.0,g,UK-17-063,Icing sugar,55,g
GF-REC-00790,,"Butter, unsalted",25.0,g,UK-17-661,Butter,25,g
GF-REC-00790,,Vanilla extract,0.5,tsp,US-173471,Vanilla essence,few drops,
GF-REC-00791,,ALMOND ESSENCE,0.125,tsp,,Almond essence,.125,tsp
GF-REC-00791,GF-ING-00018,"Wheat flour, refined (Triticum aestivum)",30.0,g,A018,Refined wheat flour,30,g
GF-REC-00791,GF-ING-00282,Almond (Prunus amygdalus),2.2,g,H001,Almonds,2,
GF-REC-00791,GF-ING-00312,"Milk, whole, Cow",1.0,tsp,L002,Milk,1,tsp
GF-REC-00791,GF-ING-00315,"Egg, poultry, whole, raw",6.25,g,M001,Egg,.125,
GF-REC-00791,,"Sugar, icing",15.0,g,UK-17-062,Castor sugar,15,g
GF-REC-00791,,Baking powder,0.17,tsp,UK-17-355,Baking powder,.167,tsp
GF-REC-00791,,"Butter, unsalted",15.0,g,UK-17-661,Butter,15,g
GF-REC-00792,,Orange colour,0.25,tsp,,Orange color,1,drops
GF-REC-00792,GF-ING-00018,"Wheat flour, refined (Triticum aestivum)",30.0,g,A018,Refined wheat flour,30,g
GF-REC-00792,GF-ING-00208,"Orange, pulp (Citrus aurantium)",0.25,tsp,E047,Orange juice,.25,tsp
GF-REC-00792,GF-ING-00208,"Orange, pulp (Citrus aurantium)",5.1,g,E047,Orange rind,.06,
GF-REC-00792,GF-ING-00315,"Egg, poultry, whole, raw",8.3,g,M001,Egg,.167,
GF-REC-00792,,"Sugar, icing",25.0,g,UK-17-062,"Icing sugar, sifted",25,g
GF-REC-00792,,"Sugar, icing",15.0,g,UK-17-062,Orange castor sugar,15,g
GF-REC-00792,,Baking powder,0.17,tsp,UK-17-355,Baking powder,.167,tsp
GF-REC-00792,,Salt,0.25,tsp,UK-17-367,Salt,1,pinch
GF-REC-00792,,"Butter, unsalted",15.0,g,UK-17-661,Butter or Margarine,15,g
GF-REC-00792,,JAM,20.0,g,US-499195,Marmalade/Jam,1,tsp
GF-REC-00793,GF-ING-00018,"Wheat flour, refined (Triticum aestivum)",30.0,g,A018,Refined wheat flour,30,g
GF-REC-00793,GF-ING-00176,"Currants, black (Ribes nigrum)",4.0,g,E015,Currants,2,
GF-REC-00793,GF-ING-00271,Cloves (Syzygium aromaticum),0.17,tsp,G023,Clove powder,.167,tsp
GF-REC-00793,GF-ING-00276,Nutmeg (Myristica fragrans),0.25,tsp,G028,Nutmeg,1,pinch
GF-REC-00793,GF-ING-00315,"Egg, poultry, whole, raw",8.3,g,M001,Egg,.167,
GF-REC-00793,,"Ginger, ground",0.25,tsp,UK-13-832,Ginger powder,.25,tsp
GF-REC-00793,,"Cinnamon, ground",0.17,tsp,UK-13-874,Cinnamon powder,.167,tsp
GF-REC-00793,,"Cherries, glace",1.5,g,UK-14-335,Glaced cherries,.25,
GF-REC-00793,,Honey,1.0,tsp,UK-17-050,Honey,1,tsp
GF-REC-00793,,"Sugar, icing",0.25,tsp,UK-17-062,Castor sugar,.25,tsp
GF-REC-00793,,"Sugar, icing",10.0,g,UK-17-062,Castor sugar,10,g
GF-REC-00793,,Baking powder,0.17,tsp,UK-17-355,Baking powder,.167,tsp
GF-REC-00793,,Bicarbonate of soda,0.25,tsp,UK-17-356,Soda bi-carb,1,pinch
GF-REC-00793,,Salt,0.25,tsp,UK-17-367,Salt,1,pinch
GF-REC-00793,,"Ghee, butter",8.0,g,UK-17-640,Fat,8,g
GF-REC-00794,GF-ING-00018,"Wheat flour, refined (Triticum aestivum)",30.0,g,A018,Refined wheat flour,30,g
GF-REC-00794,GF-ING-00302,Walnut (Juglans regia),17.5,g,H021,Walnuts,6 to 8,
GF-REC-00794,GF-ING-00312,"Milk, whole, Cow",2.0,tsp,L002,Milk,2,tsp
GF-REC-00794,GF-ING-00317,"Egg, poultry, yolk, raw",5.3,g,M003,Egg yolk,.33,
GF-REC-00794,,"Sugar, icing",15.0,g,UK-17-062,Castor sugar,15,g
GF-REC-00794,,"Coffee, powder, instant",0.5,tsp,UK-17-158,Instant coffee powder,.5,tsp
GF-REC-00794,,Baking powder,0.125,tsp,UK-17-355,Baking powder,.125,tsp
GF-REC-00794,,"Butter, unsalted",15.0,g,UK-17-661,Butter,15,g
GF-REC-00795,GF-ING-00018,"Wheat flour, refined (Triticum aestivum)",30.0,g,A018,Refined wheat flour,30,g
GF-REC-00795,GF-ING-00022,"Wheat, semolina (Triticum aestivum)",10.0,g,A022,Semolina,10,g
GF-REC-00795,GF-ING-00317,"Egg, poultry, yolk, raw",2.0,g,M003,Egg yolk,.125,
GF-REC-00795,,"Sugar, icing",20.0,g,UK-17-062,Castor sugar,20,g
GF-REC-00795,,Baking powder,0.17,tsp,UK-17-355,Baking powder,.167,tsp
GF-REC-00795,,"Water, distilled",1.0,tsp,UK-17-377,Water,1,tsp
GF-REC-00795,,"Butter, unsalted",15.0,g,UK-17-661,Butter,15,g
GF-REC-00796,GF-ING-00018,"Wheat flour, refined (Triticum aestivum)",30.0,g,A018,Refined wheat flour,30,g
GF-REC-00796,GF-ING-00022,"Wheat, semolina (Triticum aestivum)",10.0,g,A022,Semolina,10,g
GF-REC-00796,GF-ING-00176,"Currants, black (Ribes nigrum)",5.0,g,E015,Currants,5,g
GF-REC-00796,GF-ING-00317,"Egg, poultry, yolk, raw",2.0,g,M003,Egg yolk,2,g
GF-REC-00796,,"Sugar, icing",20.0,g,UK-17-062,Castor sugar,20,g
GF-REC-00796,,Baking powder,0.17,tsp,UK-17-355,Baking powder,.167,tsp
GF-REC-00796,,"Water, distilled",1.0,tsp,UK-17-377,Water,1,tsp
GF-REC-00796,,"Butter, unsalted",15.0,g,UK-17-661,Butter,15,g
GF-REC-00797,GF-ING-00018,"Wheat flour, refined (Triticum aestivum)",30.0,g,A018,Refined wheat flour,30,g
GF-REC-00797,GF-ING-00022,"Wheat, semolina (Triticum aestivum)",10.0,g,A022,Semolina,10,g
GF-REC-00797,GF-ING-00317,"Egg, poultry, yolk, raw",2.0,g,M003,Egg yolk,2,g
GF-REC-00797,,"Cinnamon, ground",0.125,tsp,UK-13-874,Cinnamon powder,.125,tsp
GF-REC-00797,,"Sugar, icing",20.0,g,UK-17-062,Castor sugar,20,g
GF-REC-00797,,Baking powder,0.17,tsp,UK-17-355,Baking powder,.167,tsp
GF-REC-00797,,"Water, distilled",1.0,tsp,UK-17-377,Water,1,tsp
GF-REC-00797,,"Butter, unsalted",15.0,g,UK-17-661,Butter,15,g
GF-REC-00798,,ALMONDS ESSENCE,0.5,tsp,,Almonds Essence,1,drops
GF-REC-00798,,GREEN COLOUR,0.5,tsp,,Green color,,
GF-REC-00798,GF-ING-00018,"Wheat flour, refined (Triticum aestivum)",30.0,g,A018,Refined wheat flour,30,g
GF-REC-00798,GF-ING-00022,"Wheat, semolina (Triticum aestivum)",10.0,g,A022,Semolina,10,g
GF-REC-00798,GF-ING-00282,Almond (Prunus amygdalus),3.0,g,H001,Almond,3,g
GF-REC-00798,GF-ING-00317,"Egg, poultry, yolk, raw",2.0,g,M003,Egg yolk,2,g
GF-REC-00798,,"Cherries, glace",3.0,g,UK-14-335,Glaced cherries,.5,
GF-REC-00798,,"Sugar, icing",20.0,g,UK-17-062,Castor sugar,20,g
GF-REC-00798,,"Sugar, icing",55.0,g,UK-17-062,Icing sugar,55,g
GF-REC-00798,,Baking powder,0.17,tsp,UK-17-355,Baking powder,.167,tsp
GF-REC-00798,,"Water, distilled",0.75,tsp,UK-17-377,Warm water,.75,tsp
GF-REC-00798,,"Water, distilled",1.0,tsp,UK-17-377,Water,1,tsp
GF-REC-00798,,"Butter, unsalted",15.0,g,UK-17-661,Butter,15,g
GF-REC-00798,,Vanilla extract,0.5,tsp,US-173471,Vanilla essence,few drops,
GF-REC-00799,GF-ING-00018,"Wheat flour, refined (Triticum aestivum)",30.0,g,A018,Refined wheat flour,30,g
GF-REC-00799,GF-ING-00022,"Wheat, semolina (Triticum aestivum)",10.0,g,A022,Semolina,10,g
GF-REC-00799,GF-ING-00317,"Egg, poultry, yolk, raw",2.0,g,M003,Egg yolk,2,g
GF-REC-00799,,"Sugar, icing",20.0,g,UK-17-062,Castor sugar,20,g
GF-REC-00799,,Baking powder,0.17,tsp,UK-17-355,Baking Powder,.167,tsp
GF-REC-00799,,"Water, distilled",1.0,tsp,UK-17-377,Water,1,tsp
GF-REC-00799,,"Butter, unsalted",15.0,g,UK-17-661,Butter,15,g
GF-REC-00799,,"Lemon peel, raw",5.0,g,US-167749,Lemon Peel,5,g
GF-REC-00800,GF-ING-00018,"Wheat flour, refined (Triticum aestivum)",30.0,g,A018,Refined wheat flour,30,g
GF-REC-00800,GF-ING-00315,"Egg, poultry, whole, raw",8.6,g,M001,Egg,.167,
GF-REC-00800,,Cocoa powder,1.5,g,UK-12-545,Cocoa,1.5,tsp
GF-REC-00800,,"Sugar, icing",20.0,g,UK-17-062,Castor sugar,20,g
GF-REC-00800,,"Sugar, icing",10.0,g,UK-17-062,Icing sugar,10,g
GF-REC-00800,,Baking powder,0.17,tsp,UK-17-355,Baking Powder,.167,tsp
GF-REC-00800,,"Butter, unsalted",5.0,g,UK-17-661,Butter,5,g
GF-REC-00800,,"Butter, unsalted",15.0,g,UK-17-661,Butter,15,g
GF-REC-00800,,Vanilla extract,0.5,tsp,US-173471,Vanilla essence,3,drops
GF-REC-00801,GF-ING-00018,"Wheat flour, refined (Triticum aestivum)",10.0,g,A018,Refined wheat flour,10,g
GF-REC-00801,GF-ING-00312,"Milk, whole, Cow",1.0,tsp,L002,Milk,1,tsp
GF-REC-00801,,"Porridge oats, unfortified",15.0,g,UK-11-788,Quick rolled oats,15,g
GF-REC-00801,,"Jelly, made with water",1.0,tsp,UK-12-237,Jelly,1,tsp
GF-REC-00801,,"Sugar, icing",15.0,g,UK-17-062,Castor sugar,15,g
GF-REC-00801,,"Sugar, icing",1.0,tsp,UK-17-062,Icing sugar,.5,tsp
GF-REC-00801,,Baking powder,0.125,tsp,UK-17-355,Baking Powder,.125,tsp
GF-REC-00801,,"Butter, unsalted",15.0,g,UK-17-661,Butter,15,g
GF-REC-00801,,Vanilla extract,0.5,tsp,US-173471,Vanilla essence,a few,drops
GF-REC-00802,GF-ING-00018,"Wheat flour, refined (Triticum aestivum)",30.0,g,A018,Refined wheat flour,30,g
GF-REC-00802,GF-ING-00302,Walnut (Juglans regia),10.0,g,H021,Walnut,10,g
GF-REC-00802,GF-ING-00315,"Egg, poultry, whole, raw",8.6,g,M001,Egg,.167,
GF-REC-00802,,"Cherries, glace",10.0,g,UK-14-335,Glaced cherries,10,g
GF-REC-00802,,"Sugar, brown",15.0,g,UK-17-060,Brown sugar,15,g
GF-REC-00802,,"Sugar, white",15.0,g,UK-17-063,Granulated sugar,15,g
GF-REC-00802,,Baking powder,0.17,tsp,UK-17-355,Baking Powder,.167,tsp
GF-REC-00802,,"Butter, unsalted",15.0,g,UK-17-661,Butter,15,g
GF-REC-00802,,Vanilla extract,0.5,tsp,US-173471,Vanilla essence,a few,drops
GF-REC-00803,GF-ING-00018,"Wheat flour, refined (Triticum aestivum)",30.0,g,A018,Refined wheat flour,30,g
GF-REC-00803,GF-ING-00279,"Pepper, black (Piper nigrum)",0.25,tsp,G031,Black pepper,1,pinch
GF-REC-00803,GF-ING-00317,"Egg, poultry, yolk, raw",1.0,tsp,M003,Egg yolk,1,tsp
GF-REC-00803,GF-ING-00317,"Egg, poultry, yolk, raw",5.33,g,M003,Egg yolk,.33,
GF-REC-00803,,"Cheese, processed, plain",15.0,g,UK-12-527,Processed cheese,15,g
GF-REC-00803,,Baking powder,0.17,tsp,UK-17-355,Baking Powder,.167,tsp
GF-REC-00803,,Salt,0.25,tsp,UK-17-367,Salt,1,pinch
GF-REC-00803,,"Water, distilled",1.0,tsp,UK-17-377,Water,1,tsp
GF-REC-00803,,"Butter, unsalted",15.0,g,UK-17-661,Butter,15,g
GF-REC-00804,GF-ING-00018,"Wheat flour, refined (Triticum aestivum)",30.0,g,A018,Refined wheat flour,30,g
GF-REC-00804,GF-ING-00279,"Pepper, black (Piper nigrum)",0.25,tsp,G031,Black pepper,1,pinch
GF-REC-00804,GF-ING-00312,"Milk, whole, Cow",10.0,g,L002,Milk,10,g
GF-REC-00804,GF-ING-00317,"Egg, poultry, yolk, raw",1.0,tsp,M003,Egg yolk,1,tsp
GF-REC-00804,GF-ING-00317,"Egg, poultry, yolk, raw",5.33,g,M003,Egg yolk,.33,
GF-REC-00804,,"Cheese, processed, plain",10.0,g,UK-12-527,Processed cheese,10,g
GF-REC-00804,,"Cheese, processed, plain",15.0,g,UK-12-527,Processed cheese,15,g
GF-REC-00804,,Baking powder,0.17,tsp,UK-17-355,Baking Powder,.167,tsp
GF-REC-00804,,Salt,0.25,tsp,UK-17-367,Salt,.25,tsp
GF-REC-00804,,"Water, distilled",1.0,tsp,UK-17-377,Water,1,tsp
GF-REC-00804,,"Butter, unsalted",15.0,g,UK-17-661,Butter,15,g
GF-REC-00805,GF-ING-00018,"Wheat flour, refined (Triticum aestivum)",60.0,g,A018,Refined wheat flour,60,g
GF-REC-00805,GF-ING-00317,"Egg, poultry, yolk, raw",4.0,g,M003,Egg yolk,.25,
GF-REC-00805,,"Sugar, white",5.0,g,UK-17-063,Sugar,5,g
GF-REC-00805,,Salt,0.25,tsp,UK-17-367,Salt,1,pinch
GF-REC-00805,,"Water, distilled",1.0,tsp,UK-17-377,Water,for binding,
GF-REC-00805,,"Butter, unsalted",30.0,g,UK-17-661,Butter,30,g
GF-REC-00806,GF-ING-00018,"Wheat flour, refined (Triticum aestivum)",120.0,g,A018,Refined wheat flour,120,g
GF-REC-00806,GF-ING-00317,"Egg, poultry, yolk, raw",8.0,g,M003,Egg yolk,.5,
GF-REC-00806,,"Flour, corn",0.5,tsp,UK-11-1045,Corn flour,.5,tsp
GF-REC-00806,,"Cream, fresh, single",30.0,g,UK-12-332,Cream,30,g
GF-REC-00806,,"Pears, canned in juice, whole contents",100.0,g,UK-14-197,Canned peaches,100,g
GF-REC-00806,,"Sugar, white",5.0,g,UK-17-063,Sugar,5,g
GF-REC-00806,,"Sugar, white",10.0,g,UK-17-063,Sugar,10,g
GF-REC-00806,,"Syrup, corn, dark",60.0,ml,UK-17-064,Peach syrup,60,ml
GF-REC-00806,,Salt,0.5,tsp,UK-17-367,Salt,2,pinch
GF-REC-00806,,"Water, distilled",2.0,tsp,UK-17-377,Water,for binding,
GF-REC-00806,,"Water, distilled",60.0,ml,UK-17-377,Water,60,ml
GF-REC-00806,,"Butter, unsalted",60.0,g,UK-17-661,Butter,60,g
GF-REC-00807,GF-ING-00018,"Wheat flour, refined (Triticum aestivum)",45.0,g,A018,Refined wheat flour,45,g
GF-REC-00807,GF-ING-00208,"Orange, pulp (Citrus aurantium)",60.0,g,E047,Orange,1,
GF-REC-00807,GF-ING-00208,"Orange, pulp (Citrus aurantium)",42.5,g,E047,Orange juice,.5,orange
GF-REC-00807,GF-ING-00315,"Egg, poultry, whole, raw",50.0,g,M001,Egg,1,
GF-REC-00807,GF-ING-00315,"Egg, poultry, whole, raw",50.0,g,M001,Egg,1,
GF-REC-00807,,"Flour, corn",10.0,g,UK-11-1045,Cornflour,10,g
GF-REC-00807,,"Sugar, icing",45.0,g,UK-17-062,Castor sugar,45,g
GF-REC-00807,,"Sugar, white",45.0,g,UK-17-063,Sugar,45,g
GF-REC-00807,,Baking powder,0.33,tsp,UK-17-355,Baking Powder,.33,tsp
GF-REC-00807,,"Butter, unsalted",10.0,g,UK-17-661,Butter,10,g
GF-REC-00807,,"Butter, unsalted",45.0,g,UK-17-661,Butter,45,g
GF-REC-00808,GF-ING-00018,"Wheat flour, refined (Triticum aestivum)",60.0,g,A018,Refined wheat flour,60,g
GF-REC-00808,GF-ING-00162,"Apple, big (Malus domestica)",8.3,g,E001,Apple,8.300000000000001,g
GF-REC-00808,GF-ING-00167,"Apricot, processed (Prunus armeniaca)",8.3,g,E006,Apricot,8.300000000000001,g
GF-REC-00808,GF-ING-00170,"Banana, ripe, montham (Musa x paradisiaca)",8.3,g,E009,Banana,8.300000000000001,g
GF-REC-00808,GF-ING-00197,"Mango, ripe, banganapalli (Mangifera indica)",8.3,g,E036,Mango,8.300000000000001,g
GF-REC-00808,GF-ING-00208,"Orange, pulp (Citrus aurantium)",8.3,g,E047,Orange,8.300000000000001,g
GF-REC-00808,,"Cream, fresh, whipping",30.0,g,UK-12-333,Whipping cream,30,g
GF-REC-00808,,"Sugar, white",15.0,g,UK-17-063,Sugar,15,g
GF-REC-00808,,Salt,0.125,tsp,UK-17-367,Salt,.125,tsp
GF-REC-00808,,"Water, distilled",2.5,tbsp,UK-17-377,Water,2 to 3,tbsp
GF-REC-00808,,"Butter, unsalted",30.0,g,UK-17-661,Butter,30,g
GF-REC-00808,,"Raspberries, raw",8.3,g,US-167755,Raspberries,8.300000000000001,g
GF-REC-00809,GF-ING-00018,"Wheat flour, refined (Triticum aestivum)",90.0,g,A018,Refined wheat flour,90,g
GF-REC-00809,GF-ING-00162,"Apple, big (Malus domestica)",100.0,g,E001,Apple,100,g
GF-REC-00809,GF-ING-00170,"Banana, ripe, montham (Musa x paradisiaca)",50.0,g,E009,Banana,50,g
GF-REC-00809,GF-ING-00194,"Lemon, juice (Citrus limon)",0.5,tsp,E033,Lemon Juice,.5,tsp
GF-REC-00809,GF-ING-00218,"Raisins, dried, black (Vitis vinifera)",1.32,g,E057,Raisins,6,
GF-REC-00809,GF-ING-00282,Almond (Prunus amygdalus),4.4,g,H001,Almond,4,
GF-REC-00809,GF-ING-00302,Walnut (Juglans regia),5.0,g,H021,Walnut,2,
GF-REC-00809,,"Cinnamon, ground",0.25,tsp,UK-13-874,Cinnamon powder,.25,tsp
GF-REC-00809,,"Sugar, brown",30.0,g,UK-17-060,Brown sugar,30,g
GF-REC-00809,,Salt,1.88,tsp,UK-17-367,Salt,1.88,tsp
GF-REC-00809,,"Water, distilled",3.75,tbsp,UK-17-377,Water,3 to 4.5,tbsp
GF-REC-00809,,"Butter, unsalted",45.0,g,UK-17-661,Butter,45,g
GF-REC-00810,GF-ING-00018,"Wheat flour, refined (Triticum aestivum)",120.0,g,A018,Refined wheat flour,120,g
GF-REC-00810,GF-ING-00175,"Cherries, red (Prunus cerasus)",10.0,g,E014,Cherry,2,
GF-REC-00810,GF-ING-00315,"Egg, poultry, whole, raw",50.0,g,M001,Egg,1,
GF-REC-00810,,"Cream, fresh, single",120.0,g,UK-12-332,Cream,120,g
GF-REC-00810,,"Lemons, flesh only, raw, weighed with peel and pips",15.0,g,UK-14-130,Lemon,.5,
GF-REC-00810,,"Sugar, white",22.0,g,UK-17-063,Sugar,22,g
GF-REC-00810,,"Sugar, white",30.0,g,UK-17-063,Sugar,30,g
GF-REC-00810,,Gelatine,3.0,g,UK-17-360,Gelatine,3,g
GF-REC-00810,,Salt,0.25,tsp,UK-17-367,Salt,1,pinch
GF-REC-00810,,Salt,0.25,tsp,UK-17-367,Salt,.25,tsp
GF-REC-00810,,"Water, distilled",1.5,tbsp,UK-17-377,Water,1.5,tbsp
GF-REC-00810,,"Water, distilled",5.5,tbsp,UK-17-377,Water,5 to 6,tbsp
GF-REC-00810,,"Butter, unsalted",60.0,g,UK-17-661,Butter,60,g
GF-REC-00811,GF-ING-00018,"Wheat flour, refined (Triticum aestivum)",120.0,g,A018,Refined wheat flour,120,g
GF-REC-00811,GF-ING-00194,"Lemon, juice (Citrus limon)",0.5,tbsp,E033,Lemon juice,.5,tbsp
GF-REC-00811,GF-ING-00208,"Orange, pulp (Citrus aurantium)",120.0,g,E047,Orange pulp,120,g
GF-REC-00811,GF-ING-00315,"Egg, poultry, whole, raw",50.0,g,M001,Egg,1,
GF-REC-00811,,"Cream, fresh, single",120.0,g,UK-12-332,Cream,120,g
GF-REC-00811,,"Orange juice, freshly squeezed",60.0,g,UK-14-369,Orange juice,.25,cup
GF-REC-00811,,"Sugar, white",22.0,g,UK-17-063,Sugar,22,g
GF-REC-00811,,"Sugar, white",30.0,g,UK-17-063,Sugar,30,g
GF-REC-00811,,Gelatine,3.0,g,UK-17-360,Gelatine,3,g
GF-REC-00811,,Salt,0.25,tsp,UK-17-367,Salt,.25,tsp
GF-REC-00811,,Salt,0.25,tsp,UK-17-367,Salt,.25,tsp
GF-REC-00811,,"Water, distilled",1.5,tbsp,UK-17-377,Water,1.5,tbsp
GF-REC-00811,,"Water, distilled",5.5,tbsp,UK-17-377,Water,5 to 6,tbsp
GF-REC-00811,,"Butter, unsalted",60.0,g,UK-17-661,Butter,60,g
GF-REC-00812,GF-ING-00018,"Wheat flour, refined (Triticum aestivum)",37.5,g,A018,Refined wheat flour,37.5,g
GF-REC-00812,GF-ING-00312,"Milk, whole, Cow",1.0,tsp,L002,Milk,1,tsp
GF-REC-00812,GF-ING-00315,"Egg, poultry, whole, raw",50.0,g,M001,Egg,1,
GF-REC-00812,,"Cream, fresh, single",120.0,g,UK-12-332,Cream,120,g
GF-REC-00812,,"Sugar, icing",1.0,tbsp,UK-17-062,Castor sugar,1,tbsp
GF-REC-00812,,"Sugar, icing",2.5,g,UK-17-062,Castor sugar,2.5,g
GF-REC-00812,,"Sugar, icing",0.25,tsp,UK-17-062,Icing sugar,a little,
GF-REC-00812,,Salt,0.5,pinch,UK-17-367,Salt,.5,pinch
GF-REC-00812,,"Water, distilled",75.0,ml,UK-17-377,Water,75,ml
GF-REC-00812,,"Butter, unsalted",30.0,g,UK-17-661,Butter,30,g
GF-REC-00813,GF-ING-00018,"Wheat flour, refined (Triticum aestivum)",4.0,tsp,A018,Refined wheat flour,4,tsp
GF-REC-00813,GF-ING-00018,"Wheat flour, refined (Triticum aestivum)",37.5,g,A018,Refined wheat flour,37.5,g
GF-REC-00813,GF-ING-00077,Parsley (Petroselinum crispum),1.0,sprig,C028,Parsley,1,sprig
GF-REC-00813,GF-ING-00312,"Milk, whole, Cow",1.0,tsp,L002,Milk,1,tsp
GF-REC-00813,GF-ING-00312,"Milk, whole, Cow",100.0,ml,L002,Milk,100,ml
GF-REC-00813,GF-ING-00315,"Egg, poultry, whole, raw",50.0,g,M001,Egg,1,
GF-REC-00813,GF-ING-00332,"Chicken, poultry, breast, skinless",100.0,g,N003,Chicken,100,g
GF-REC-00813,,"Cream, fresh, single",120.0,g,UK-12-332,Cream,120,g
GF-REC-00813,,"Sugar, icing",1.0,tbsp,UK-17-062,Castor sugar,1,tbsp
GF-REC-00813,,"Sugar, icing",2.5,g,UK-17-062,Castor sugar,2.5,g
GF-REC-00813,,"Sugar, icing",0.25,tsp,UK-17-062,Icing sugar,.25,tsp
GF-REC-00813,,Salt,0.25,tsp,UK-17-367,Salt,.5,pinch
GF-REC-00813,,"Butter, unsalted",2.0,tsp,UK-17-661,Butter,2,tsp
GF-REC-00813,,"Butter, unsalted",30.0,g,UK-17-661,Butter,30,g
GF-REC-00813,,"Stock cubes, chicken",75.0,ml,UK-17-726,Chicken stock,75,ml
GF-REC-00814,GF-ING-00018,"Wheat flour, refined (Triticum aestivum)",37.5,g,A018,Refined wheat flour,37.5,g
GF-REC-00814,GF-ING-00176,"Currants, black (Ribes nigrum)",4.0,g,E015,Currants,2,
GF-REC-00814,GF-ING-00315,"Egg, poultry, whole, raw",50.0,g,M001,Egg,1,
GF-REC-00814,,"Cream, fresh, single",125.0,g,UK-12-332,Cream,125,g
GF-REC-00814,,"Cherries, glace",3.33,g,UK-14-335,Glaced cherries,1,cm
GF-REC-00814,,"Sugar, icing",10.0,g,UK-17-062,Castor sugar,10,g
GF-REC-00814,,"Sugar, icing",1.0,tsp,UK-17-062,Icing sugar,1,tsp
GF-REC-00814,,"Sugar, icing",2.5,g,UK-17-062,Icing sugar,2.5,g
GF-REC-00814,,Salt,0.5,tsp,UK-17-367,Salt,.5,pinch
GF-REC-00814,,"Water, distilled",75.0,ml,UK-17-377,Water,75,ml
GF-REC-00814,,"Butter, unsalted",30.0,g,UK-17-661,Butter,30,g
GF-REC-00815,GF-ING-00018,"Wheat flour, refined (Triticum aestivum)",37.5,g,A018,Refined wheat flour,37.5,g
GF-REC-00815,GF-ING-00235,"Potato, brown skin, big (Solanum tuberosum)",60.0,g,F006,Potato,60,g
GF-REC-00815,GF-ING-00279,"Pepper, black (Piper nigrum)",0.25,tsp,G031,Pepper powder,1,pinch
GF-REC-00815,GF-ING-00315,"Egg, poultry, whole, raw",50.0,g,M001,Egg,1,
GF-REC-00815,,"Oil, sunflower",240.0,ml,UK-17-045,Oil,for frying,
GF-REC-00815,,"Sugar, icing",2.5,g,UK-17-062,Icing sugar,2.5,g
GF-REC-00815,,Salt,0.125,tsp,UK-17-367,Salt,.125,tsp
GF-REC-00815,,Salt,0.5,tsp,UK-17-367,Salt,.5,pinch
GF-REC-00815,,"Water, distilled",75.0,ml,UK-17-377,Water,75,ml
GF-REC-00815,,"Butter, unsalted",30.0,g,UK-17-661,Butter,30,g
GF-REC-00816,GF-ING-00018,"Wheat flour, refined (Triticum aestivum)",50.0,g,A018,Refined wheat flour,50,g
GF-REC-00816,GF-ING-00315,"Egg, poultry, whole, raw",1.0,tsp,M001,Egg,1,tsp
GF-REC-00816,,"Cream, fresh, whipping",100.0,ml,UK-12-333,"Cream, Fresh, Whipping",100,ml
GF-REC-00816,,"Sugar, icing",2.0,tsp,UK-17-062,"Sugar, Icing",2,tsp
GF-REC-00816,,Salt,0.125,tsp,UK-17-367,Salt,.125,tsp
GF-REC-00816,,"Water, distilled",20.0,ml,UK-17-377,"Water, Distilled",20,ml
GF-REC-00816,,"Ghee, butter",37.0,g,UK-17-640,Fat,37,g
GF-REC-00816,,JAM,10.0,g,US-499195,JAM,1,tsp
GF-REC-00817,GF-ING-00018,"Wheat flour, refined (Triticum aestivum)",50.0,g,A018,Refined wheat flour,50,g
GF-REC-00817,GF-ING-00077,Parsley (Petroselinum crispum),1.0,sprig,C028,Parsley,1,sprig
GF-REC-00817,GF-ING-00077,Parsley (Petroselinum crispum),1.0,sprig,C028,Parsley,1,sprig
GF-REC-00817,GF-ING-00279,"Pepper, black (Piper nigrum)",0.125,tsp,G031,Pepper powder,.125,tsp
GF-REC-00817,GF-ING-00312,"Milk, whole, Cow",1.0,tsp,L002,Egg/Milk,1,tsp
GF-REC-00817,GF-ING-00312,"Milk, whole, Cow",75.0,ml,L002,Milk,75,ml
GF-REC-00817,,"Flour, corn",5.0,g,UK-11-1045,Cornflour,5,g
GF-REC-00817,,"Cheese, processed, plain",25.0,g,UK-12-527,Grated cheese,25,g
GF-REC-00817,,Salt,0.125,tsp,UK-17-367,Salt,.125,tsp
GF-REC-00817,,Salt,0.125,tsp,UK-17-367,Salt,.125,tsp
GF-REC-00817,,"Water, distilled",20.0,ml,UK-17-377,"Water, Distilled",20,ml
GF-REC-00817,,"Ghee, butter",37.0,g,UK-17-640,Fat,37,g
GF-REC-00818,GF-ING-00018,"Wheat flour, refined (Triticum aestivum)",50.0,g,A018,Refined wheat flour,50,g
GF-REC-00818,GF-ING-00158,"Tomato, ripe, hybrid (Solanum lycopersicum)",15.0,g,D075,Tomato,15,g
GF-REC-00818,GF-ING-00256,"Chillies, green - all varieties (Capsicum annum)",1.67,g,G008,Green chilli,.5,
GF-REC-00818,GF-ING-00262,"Ginger, fresh (Zingiber officinale)",2.5,g,G014,Ginger,.5,cm
GF-REC-00818,GF-ING-00265,"Onion, big (Allium cepa)",15.0,g,G017,Onion,15,g
GF-REC-00818,GF-ING-00279,"Pepper, black (Piper nigrum)",0.125,tsp,G031,Pepper powder,.125,tsp
GF-REC-00818,GF-ING-00312,"Milk, whole, Cow",1.0,tsp,L002,Milk/Egg white,1,tsp
GF-REC-00818,GF-ING-00313,Paneer,50.0,g,L003,Paneer,50,g
GF-REC-00818,,Chilli powder,0.125,tsp,UK-13-873,Red chilli Powder,.125,tsp
GF-REC-00818,,"Oil, sunflower",1.0,tsp,UK-17-045,Oil,1,tsp
GF-REC-00818,,Salt,0.125,tsp,UK-17-367,Salt,.125,tsp
GF-REC-00818,,Salt,0.25,tsp,UK-17-367,Salt,.25,tsp
GF-REC-00818,,"Water, distilled",20.0,ml,UK-17-377,"Water, Distilled",20,ml
GF-REC-00818,,"Ghee, butter",37.0,g,UK-17-640,Fat,37,g
GF-REC-00819,GF-ING-00018,"Wheat flour, refined (Triticum aestivum)",50.0,g,A018,Refined wheat flour,50,g
GF-REC-00819,GF-ING-00144,"Peas, fresh (Pisum sativum)",40.0,g,D061,Peas,40,g
GF-REC-00819,GF-ING-00158,"Tomato, ripe, hybrid (Solanum lycopersicum)",15.0,g,D075,Tomato,15,g
GF-REC-00819,GF-ING-00231,"Carrot, orange (Daucus carota)",20.0,g,F002,Carrot,20,g
GF-REC-00819,GF-ING-00235,"Potato, brown skin, big (Solanum tuberosum)",20.0,g,F006,Potato,20,g
GF-REC-00819,GF-ING-00256,"Chillies, green - all varieties (Capsicum annum)",1.67,g,G008,Green chill,.5,
GF-REC-00819,GF-ING-00262,"Ginger, fresh (Zingiber officinale)",2.5,g,G014,Ginger,.5,cm
GF-REC-00819,GF-ING-00265,"Onion, big (Allium cepa)",15.0,g,G017,Onion,15,g
GF-REC-00819,GF-ING-00279,"Pepper, black (Piper nigrum)",0.125,tsp,G031,Pepper powder,.125,tsp
GF-REC-00819,GF-ING-00312,"Milk, whole, Cow",1.0,tsp,L002,Milk,1,tsp
GF-REC-00819,,Chilli powder,0.125,tsp,UK-13-873,Chilli Powder,.125,tsp
GF-REC-00819,,"Oil, sunflower",1.0,tsp,UK-17-045,Oil,1,tsp
GF-REC-00819,,Salt,0.125,tsp,UK-17-367,Salt,.125,tsp
GF-REC-00819,,Salt,0.25,tsp,UK-17-367,Salt,.25,tsp
GF-REC-00819,,"Water, distilled",20.0,ml,UK-17-377,"Water, Distilled",20,ml
GF-REC-00819,,"Ghee, butter",37.0,g,UK-17-640,Fat,37,g
GF-REC-00820,GF-ING-00003,Bajra (Pennisetum typhoideum),40.0,g,A003,"Pearl millet, dehusked",40,g
GF-REC-00820,GF-ING-00034,"Green gram, dal (Vigna radiata)",20.0,g,B010,"Green gram, dehusked",20,g
GF-REC-00820,GF-ING-00292,"Gingelly seeds, white (Sesamum indicum)",5.0,g,H011,Sesame seeds,5,g
GF-REC-00820,GF-ING-00293,Ground nut (Arachis hypogea),5.0,g,H012,Groundnut,5,g
GF-REC-00820,GF-ING-00303,"Jaggery, cane (Saccharum officinarum)",30.0,g,I001,Jaggery,30,g
GF-REC-00821,GF-ING-00003,Bajra (Pennisetum typhoideum),50.0,g,A003,"Pearl millet, dehusked",50,g
GF-REC-00821,GF-ING-00034,"Green gram, dal (Vigna radiata)",20.0,g,B010,"Green gram, dehusked",20,g
GF-REC-00821,GF-ING-00303,"Jaggery, cane (Saccharum officinarum)",30.0,g,I001,Jaggery,30,g
GF-REC-00822,GF-ING-00014,"Rice, parboiled, milled (Oryza sativa )",25.0,g,A014,Rice,25,g
GF-REC-00822,GF-ING-00025,"Bengal gram, dal (Cicer arietinum)",15.0,g,B001,"Bengal gram, dehusked",15,g
GF-REC-00822,GF-ING-00231,"Carrot, orange (Daucus carota)",20.0,g,F002,Carrot,20,g
GF-REC-00822,GF-ING-00293,Ground nut (Arachis hypogea),10.0,g,H012,Groundnut,10,g
GF-REC-00822,GF-ING-00303,"Jaggery, cane (Saccharum officinarum)",30.0,g,I001,Jaggery,30,g
GF-REC-00822,,"Water, distilled",150.0,ml,UK-17-377,Milk/Water,150,ml
GF-REC-00823,,SPINACH POWDER,2.0,g,,Spinach Powder,2,g
GF-REC-00823,GF-ING-00019,"Wheat flour, atta (Triticum aestivum)",30.0,g,A019,Whole wheat flour,30,g
GF-REC-00823,GF-ING-00025,"Bengal gram, dal (Cicer arietinum)",30.0,g,B001,"Bengal gram, dehusked",30,g
GF-REC-00823,GF-ING-00037,Lentil dal (Lens culinaris),10.0,g,B013,Lentil,10,g
GF-REC-00823,GF-ING-00303,"Jaggery, cane (Saccharum officinarum)",30.0,g,I001,Jaggery,30,g
GF-REC-00823,,"Water, distilled",300.0,ml,UK-17-377,Water/Milk,300,ml
GF-REC-00824,GF-ING-00012,Rice puffed (Oryza sativa ),40.0,g,A012,Puffed rice,40,g
GF-REC-00824,GF-ING-00293,Ground nut (Arachis hypogea),10.0,g,H012,Groundnut,10,g
GF-REC-00824,GF-ING-00303,"Jaggery, cane (Saccharum officinarum)",30.0,g,I001,Jaggery,30,g
GF-REC-00824,,"Flour, gram",20.0,g,UK-11-896,Bengal gram flour,20,g
GF-REC-00824,,"Water, distilled",300.0,ml,UK-17-377,Milk/Water,300,ml
GF-REC-00825,GF-ING-00019,"Wheat flour, atta (Triticum aestivum)",15.0,g,A019,ARF,15,g
GF-REC-00825,GF-ING-00019,"Wheat flour, atta (Triticum aestivum)",45.0,g,A019,Whole wheat flour,45,g
GF-REC-00825,,"Flour, gram",20.0,g,UK-11-896,Bengal gram flour,20,g
GF-REC-00825,,"Oil, sunflower",5.0,g,UK-17-045,Oil,5,g
GF-REC-00825,,"Sugar, white",20.0,g,UK-17-063,Sugar,20,g
GF-REC-00825,,"Water, distilled",150.0,ml,UK-17-377,Water,150,ml
GF-REC-00826,GF-ING-00170,"Banana, ripe, montham (Musa x paradisiaca)",30.0,g,E009,Banana,30,g
GF-REC-00826,GF-ING-00293,Ground nut (Arachis hypogea),10.0,g,H012,Groundnut,10,g
GF-REC-00826,GF-ING-00303,"Jaggery, cane (Saccharum officinarum)",30.0,g,I001,Jaggery,30,g
GF-REC-00826,GF-ING-00312,"Milk, whole, Cow",30.0,g,L002,Milk,30,g
GF-REC-00827,GF-ING-00014,"Rice, parboiled, milled (Oryza sativa )",40.0,g,A014,Rice,40,g
GF-REC-00827,GF-ING-00034,"Green gram, dal (Vigna radiata)",10.0,g,B010,"Green gram, dehusked",10,g
GF-REC-00827,GF-ING-00293,Ground nut (Arachis hypogea),20.0,g,H012,Groundnut,20,g
GF-REC-00827,GF-ING-00303,"Jaggery, cane (Saccharum officinarum)",30.0,g,I001,Jaggery,30,g
GF-REC-00828,GF-ING-00022,"Wheat, semolina (Triticum aestivum)",20.0,g,A022,Semolina,20,g
GF-REC-00828,GF-ING-00034,"Green gram, dal (Vigna radiata)",10.0,g,B010,"Green gram, dehusked",10,g
GF-REC-00828,GF-ING-00303,"Jaggery, cane (Saccharum officinarum)",30.0,g,I001,Jaggery,30,g
GF-REC-00828,GF-ING-00312,"Milk, whole, Cow",40.0,ml,L002,Milk,40,ml
GF-REC-00828,,"Water, distilled",100.0,ml,UK-17-377,Water,100,ml
GF-REC-00829,GF-ING-00014,"Rice, parboiled, milled (Oryza sativa )",50.0,g,A014,Rice,50,g
GF-REC-00829,GF-ING-00034,"Green gram, dal (Vigna radiata)",25.0,g,B010,"Roasted green gram, dehusked",25,g
GF-REC-00829,GF-ING-00082,Spinach (Spinacia oleracea),20.0,g,C033,Spinach,20,g
GF-REC-00829,,"Oil, sunflower",5.0,g,UK-17-045,Oil,5,g
GF-REC-00829,,Salt,0.25,tsp,UK-17-367,Salt,to taste,
GF-REC-00829,,"Water, distilled",200.0,ml,UK-17-377,Water,200,ml
GF-REC-00830,GF-ING-00034,"Green gram, dal (Vigna radiata)",10.0,g,B010,"Green gram, dehusked",10,g
GF-REC-00830,GF-ING-00082,Spinach (Spinacia oleracea),10.0,g,C033,Spinach,10,g
GF-REC-00830,GF-ING-00231,"Carrot, orange (Daucus carota)",10.0,g,F002,Carrot,10,g
GF-REC-00830,GF-ING-00235,"Potato, brown skin, big (Solanum tuberosum)",20.0,g,F006,Potato,20,g
GF-REC-00830,GF-ING-00303,"Jaggery, cane (Saccharum officinarum)",30.0,g,I001,Jaggery,30,g
GF-REC-00830,,"Yogurt, whole milk, plain",20.0,g,UK-12-184,Curd,20,g
GF-REC-00831,GF-ING-00034,"Green gram, dal (Vigna radiata)",20.0,g,B010,"Green gram, dehusked",20,g
GF-REC-00831,GF-ING-00312,"Milk, whole, Cow",60.0,ml,L002,Milk,60,ml
GF-REC-00831,,Salt,0.25,tsp,UK-17-367,Salt,1,pinch
GF-REC-00831,,"Water, distilled",1.0,C,UK-17-377,Water,1,cup
GF-REC-00831,,CRACKED WHEAT,20.0,g,US-473921,Broken wheat,20,g
GF-REC-00832,GF-ING-00006,"Maize, dry (Zea mays)",30.0,g,A006,Broken maize (Bajra),30,g
GF-REC-00832,GF-ING-00037,Lentil dal (Lens culinaris),15.0,g,B013,Lentil,15,g
GF-REC-00832,GF-ING-00082,Spinach (Spinacia oleracea),20.0,g,C033,Spinach,20,g
GF-REC-00832,GF-ING-00303,"Jaggery, cane (Saccharum officinarum)",30.0,g,I001,Jaggery,30,g
GF-REC-00832,,"Oil, sunflower",5.0,g,UK-17-045,Oil or Fat,5,g
GF-REC-00832,,"Water, distilled",1.0,C,UK-17-377,Water,1,cup
GF-REC-00833,GF-ING-00082,Spinach (Spinacia oleracea),100.0,g,C033,Spinach,100,g
GF-REC-00833,GF-ING-00293,Ground nut (Arachis hypogea),25.0,g,H012,Groundnut,25,g
GF-REC-00833,,"Sugar, white",25.0,g,UK-17-063,Sugar,25,g
GF-REC-00833,,"Water, distilled",0.25,C,UK-17-377,Water,.25,cup
GF-REC-00833,,"Water, distilled",2.0,tbsp,UK-17-377,Water,2,tbsp
GF-REC-00834,GF-ING-00194,"Lemon, juice (Citrus limon)",5.0,ml,E033,Lemon juice,5,ml
GF-REC-00834,,"Flour, gram",50.0,g,UK-11-896,"Bengal gram, dehusked",50,g
GF-REC-00834,,"Sugar, white",100.0,g,UK-17-063,Sugar,100,g
GF-REC-00834,,"Water, distilled",75.0,ml,UK-17-377,Water,75,ml
GF-REC-00834,,"Ghee, butter",15.0,g,UK-17-640,Fat,15,g
GF-REC-00835,GF-ING-00231,"Carrot, orange (Daucus carota)",50.0,g,F002,Carrot,50,g
GF-REC-00835,GF-ING-00303,"Jaggery, cane (Saccharum officinarum)",70.0,g,I001,Jaggery,70,g
GF-REC-00835,,"Flour, gram",30.0,g,UK-11-896,Bengal gram flour,30,g
GF-REC-00835,,"Water, distilled",3.0,tbsp,UK-17-377,Water,3,tbsp
GF-REC-00835,,"Ghee, butter",5.0,g,UK-17-640,Fat,5,g
GF-REC-00836,GF-ING-00003,Bajra (Pennisetum typhoideum),25.0,g,A003,Pearl millet flour,25,g
GF-REC-00836,,"Flour, gram",12.0,g,UK-11-896,Bengal gram flour,12,g
GF-REC-00836,,"Oil, sunflower",240.0,ml,UK-17-045,Oil,for frying,
GF-REC-00836,,Salt,0.125,tsp,UK-17-367,Salt,.125,tsp
GF-REC-00836,,"Water, distilled",1.0,tbsp,UK-17-377,Water,1,tbsp
GF-REC-00836,,"Ghee, butter",8.0,g,UK-17-640,Fat,8,g
GF-REC-00837,GF-ING-00019,"Wheat flour, atta (Triticum aestivum)",30.0,g,A019,Whole wheat flour,30,g
GF-REC-00837,GF-ING-00292,"Gingelly seeds, white (Sesamum indicum)",15.0,g,H011,Til/Sesame seeds,15,g
GF-REC-00837,GF-ING-00303,"Jaggery, cane (Saccharum officinarum)",30.0,g,I001,Jaggery,30,g
GF-REC-00837,,Fennel seeds,0.5,tsp,UK-13-827,Fennel Seeds,.5,tsp
GF-REC-00837,,Baking powder,0.25,tsp,UK-17-355,Baking Powder,.25,tsp
GF-REC-00837,,"Ghee, butter",10.0,g,UK-17-640,Ghee/Oil,10,g
GF-REC-00838,GF-ING-00025,"Bengal gram, dal (Cicer arietinum)",30.0,g,B001,"Bengal gram, dehusked",30,g
GF-REC-00838,GF-ING-00027,"Black gram, dal (Phaseolus mungo)",30.0,g,B003,"Black gram, dehusked",30,g
GF-REC-00838,GF-ING-00082,Spinach (Spinacia oleracea),50.0,g,C033,Spinach,50,g
GF-REC-00838,GF-ING-00265,"Onion, big (Allium cepa)",10.0,g,G017,Onion,10,g
GF-REC-00838,,"Oil, sunflower",240.0,ml,UK-17-045,Oil,for frying,
GF-REC-00838,,Salt,0.25,tsp,UK-17-367,Salt,.25,tsp
GF-REC-00839,GF-ING-00019,"Wheat flour, atta (Triticum aestivum)",100.0,g,A019,Whole wheat flour,100,g
GF-REC-00839,GF-ING-00082,Spinach (Spinacia oleracea),50.0,g,C033,Spinach,50,g
GF-REC-00839,GF-ING-00292,"Gingelly seeds, white (Sesamum indicum)",15.0,g,H011,Sesame seeds,15,g
GF-REC-00839,GF-ING-00293,Ground nut (Arachis hypogea),30.0,g,H012,Groundnut,30,g
GF-REC-00839,,"Flour, gram",50.0,g,UK-11-896,Bengal gram flour,50,g
GF-REC-00839,,"Oil, sunflower",240.0,ml,UK-17-045,Oil,for frying,
GF-REC-00839,,Salt,0.25,tsp,UK-17-367,Salt,.25,tsp
GF-REC-00839,,"Ghee, butter",30.0,g,UK-17-640,Fat,30,g
GF-REC-00839,,AJWAIN SEED WHOLE ORGANIC SPICES,0.25,tsp,US-806341,Carom seeds,.25,tsp
GF-REC-00840,GF-ING-00012,Rice puffed (Oryza sativa ),20.0,g,A012,Puffed rice,20,g
GF-REC-00840,GF-ING-00025,"Bengal gram, dal (Cicer arietinum)",20.0,g,B001,Bengal gram,20,g
GF-REC-00840,GF-ING-00303,"Jaggery, cane (Saccharum officinarum)",80.0,g,I001,Jaggery,80,g
GF-REC-00840,,"Flour, soya",10.0,g,UK-11-898,Soyabean flour,10,g
GF-REC-00840,,Fennel seeds,0.25,tsp,UK-13-827,Fennel Seeds,.25,tsp
GF-REC-00840,,"Ghee, butter",20.0,g,UK-17-640,Fat,20,g
GF-REC-00841,GF-ING-00019,"Wheat flour, atta (Triticum aestivum)",20.0,g,A019,Whole wheat flour,20,g
GF-REC-00841,GF-ING-00057,Bathua leaves (Chenopodium album),10.0,g,C008,Bathua Leaves,10,g
GF-REC-00841,,"Flour, gram",20.0,g,UK-11-896,Bengal gram flour,20,g
GF-REC-00841,,Salt,0.125,tsp,UK-17-367,Salt,.125,tsp
GF-REC-00841,,"Ghee, butter",10.0,g,UK-17-640,Fat,10,g
GF-REC-00842,GF-ING-00019,"Wheat flour, atta (Triticum aestivum)",60.0,g,A019,Whole wheat flour,60,g
GF-REC-00842,GF-ING-00292,"Gingelly seeds, white (Sesamum indicum)",10.0,g,H011,Sesame seeds,10,g
GF-REC-00842,GF-ING-00293,Ground nut (Arachis hypogea),20.0,g,H012,Groundnut,20,g
GF-REC-00842,GF-ING-00303,"Jaggery, cane (Saccharum officinarum)",25.0,g,I001,Jaggery,25,g
GF-REC-00842,,"Water, distilled",15.0,ml,UK-17-377,Water,15,ml
GF-REC-00842,,"Ghee, butter",15.0,g,UK-17-640,Fat,15,g
GF-REC-00843,GF-ING-00022,"Wheat, semolina (Triticum aestivum)",25.0,g,A022,Semolina,25,g
GF-REC-00843,GF-ING-00082,Spinach (Spinacia oleracea),25.0,g,C033,Spinach,25,g
GF-REC-00843,GF-ING-00256,"Chillies, green - all varieties (Capsicum annum)",3.33,g,G008,Green chilli,1,
GF-REC-00843,GF-ING-00257,Coriander leaves (Coriandrum sativum),1.0,sprig,G009,Coriander leaves,1,sprig
GF-REC-00843,GF-ING-00265,"Onion, big (Allium cepa)",25.0,g,G017,Onion,25,g
GF-REC-00843,GF-ING-00294,Mustard seeds (Brassica nigra),0.125,tsp,H013,Mustard Seeds,.125,tsp
GF-REC-00843,,"Flour, gram",50.0,g,UK-11-896,Bengal gram flour,50,g
GF-REC-00843,,"Yogurt, whole milk, plain",25.0,g,UK-12-184,Curd,25,g
GF-REC-00843,,Chilli powder,0.125,tsp,UK-13-873,Red chilli Powder,.125,tsp
GF-REC-00843,,"Oil, sunflower",10.0,g,UK-17-045,Oil,10,g
GF-REC-00843,,Baking powder,0.25,tsp,UK-17-355,Cooking soda,1,pinch
GF-REC-00843,,Salt,0.25,tsp,UK-17-367,Salt,.25,tsp
GF-REC-00843,,"Water, distilled",2.0,tbsp,UK-17-377,Water,2,tbsp
GF-REC-00844,GF-ING-00019,"Wheat flour, atta (Triticum aestivum)",30.0,g,A019,Whole wheat flour,30,g
GF-REC-00844,GF-ING-00034,"Green gram, dal (Vigna radiata)",20.0,g,B010,"Green gram, dehusked",20,g
GF-REC-00844,GF-ING-00293,Ground nut (Arachis hypogea),10.0,g,H012,Peanuts,10,g
GF-REC-00844,,"Sugar, white",30.0,g,UK-17-063,Sugar,30,g
GF-REC-00844,,"Water, distilled",50.0,ml,UK-17-377,Water,50,ml
GF-REC-00844,,"Ghee, butter",15.0,g,UK-17-640,Fat,15,g
GF-REC-00845,GF-ING-00019,"Wheat flour, atta (Triticum aestivum)",90.0,g,A019,Whole wheat flour,90,g
GF-REC-00845,GF-ING-00082,Spinach (Spinacia oleracea),40.0,g,C033,Spinach,40,g
GF-REC-00845,,"Flour, soya",10.0,g,UK-11-898,Soya flour,10,g
GF-REC-00845,,Chilli powder,0.25,tsp,UK-13-873,Red chilli Powder,1,pinch
GF-REC-00845,,"Oil, sunflower",10.0,g,UK-17-045,Oil,10,g
GF-REC-00845,,Salt,0.25,tsp,UK-17-367,Salt,.25,tsp
GF-REC-00846,GF-ING-00014,"Rice, parboiled, milled (Oryza sativa )",90.0,g,A014,Rice,90,g
GF-REC-00846,GF-ING-00025,"Bengal gram, dal (Cicer arietinum)",25.0,g,B001,"Bengal gram, dehusked",25,g
GF-REC-00846,GF-ING-00053,"Amaranth leaves, red and green mix (Amaranthus gangeticus)",50.0,g,C004,Amaranthus leaves,50,g
GF-REC-00846,GF-ING-00273,Cumin seeds (Cuminum cyminum),0.25,tsp,G025,Cumin Seeds,.25,tsp
GF-REC-00846,GF-ING-00281,Turmeric powder (Curcuma domestica),0.125,tsp,G033,Turmeric powder,.125,tsp
GF-REC-00846,GF-ING-00293,Ground nut (Arachis hypogea),10.0,g,H012,Peanuts,10,g
GF-REC-00846,,Chilli powder,0.125,tsp,UK-13-873,Red chilli Powder,.125,tsp
GF-REC-00846,,"Oil, sunflower",1.0,tsp,UK-17-045,Oil,1,tsp
GF-REC-00846,,Salt,0.25,tsp,UK-17-367,Salt,.25,tsp
GF-REC-00846,,"Water, distilled",0.5,C,UK-17-377,Water,.5,cup
GF-REC-00846,,"Water, distilled",1.0,C,UK-17-377,Water,1,cup
GF-REC-00847,GF-ING-00158,"Tomato, ripe, hybrid (Solanum lycopersicum)",30.0,g,D075,Tomato,30,g
GF-REC-00847,GF-ING-00265,"Onion, big (Allium cepa)",10.0,g,G017,Onion,10,g
GF-REC-00847,,Chilli powder,0.125,tsp,UK-13-873,Red chilli Powder,.125,tsp
GF-REC-00847,,"Oil, sunflower",10.0,g,UK-17-045,Oil,10,g
GF-REC-00847,,Salt,0.25,tsp,UK-17-367,Salt,.25,tsp
GF-REC-00847,,CRACKED WHEAT,90.0,g,US-473921,Broken wheat,90,g
GF-REC-00848,GF-ING-00022,"Wheat, semolina (Triticum aestivum)",90.0,g,A022,Semolina,90,g
GF-REC-00848,GF-ING-00258,Curry leaves (Murraya koenigii),1.0,sprig,G010,Curry Leaves,1,sprig
GF-REC-00848,GF-ING-00293,Ground nut (Arachis hypogea),10.0,g,H012,Peanuts,10,g
GF-REC-00848,GF-ING-00294,Mustard seeds (Brassica nigra),0.125,tsp,H013,Mustard Seeds,.125,tsp
GF-REC-00848,,"Beansprouts, mung, boiled in unsalted water",30.0,g,UK-13-580,Green gram sprouts,30,g
GF-REC-00848,,Chilli powder,0.125,tsp,UK-13-873,Red chilli Powder,.125,tsp
GF-REC-00848,,"Oil, sunflower",10.0,g,UK-17-045,Oil,10,g
GF-REC-00848,,Salt,0.25,tsp,UK-17-367,Salt,.25,tsp
GF-REC-00849,GF-ING-00022,"Wheat, semolina (Triticum aestivum)",90.0,g,A022,Semolina,90,g
GF-REC-00849,GF-ING-00025,"Bengal gram, dal (Cicer arietinum)",20.0,g,B001,Bengal dram dal,20,g
GF-REC-00849,GF-ING-00082,Spinach (Spinacia oleracea),40.0,g,C033,Spinach,40,g
GF-REC-00849,GF-ING-00293,Ground nut (Arachis hypogea),10.0,g,H012,Peanuts,10,g
GF-REC-00849,,"Yogurt, whole milk, plain",75.0,g,UK-12-184,Curd,75,g
GF-REC-00849,,Chilli powder,0.125,tsp,UK-13-873,Red chilli Powder,.125,tsp
GF-REC-00849,,Baking powder,0.25,tsp,UK-17-355,Cooking soda,1,pinch
GF-REC-00849,,Salt,0.25,tsp,UK-17-367,Salt,.25,tsp
GF-REC-00850,GF-ING-00019,"Wheat flour, atta (Triticum aestivum)",90.0,g,A019,Whole wheat flour,90,g
GF-REC-00850,GF-ING-00257,Coriander leaves (Coriandrum sativum),1.0,sprig,G009,Coriander leaves,1,sprig
GF-REC-00850,GF-ING-00265,"Onion, big (Allium cepa)",10.0,g,G017,Onion,10,g
GF-REC-00850,,"Beansprouts, mung, boiled in unsalted water",30.0,g,UK-13-580,Green gram sprouts,30,g
GF-REC-00850,,Chilli powder,0.125,tsp,UK-13-873,Red chilli Powder,.125,tsp
GF-REC-00850,,"Oil, sunflower",5.0,g,UK-17-045,Oil,5,g
GF-REC-00850,,Salt,0.25,tsp,UK-17-367,Salt,.25,tsp
GF-REC-00850,,"Water, distilled",0.33,C,UK-17-377,Water,.33,cup
GF-REC-00851,,CITRIC ACID,2.0,g,,Citric Acid,2,g
GF-REC-00851,GF-ING-00162,"Apple, big (Malus domestica)",1000.0,g,E001,Apple,1,kg
GF-REC-00851,,"Sugar, white",1000.0,g,UK-17-063,Sugar,1,kg
GF-REC-00851,,"Water, distilled",1000.0,ml,UK-17-377,Water,1,litre
GF-REC-00852,,CITRIC ACID,2.0,g,,Citric Acid,2,g
GF-REC-00852,GF-ING-00208,"Orange, pulp (Citrus aurantium)",1000.0,g,E047,Orange,1,kg
GF-REC-00852,,"Sugar, white",1000.0,g,UK-17-063,Sugar,1,kg
GF-REC-00852,,"Water, distilled",1000.0,ml,UK-17-377,Water,1,litre
GF-REC-00853,,CITRIC ACID,25.0,g,,Citric Acid,20 to 30,g
GF-REC-00853,,ESSENCE,1.0,tsp,,Essence,1,tsp
GF-REC-00853,GF-ING-00215,Plum (Prunus domestica),1000.0,g,E054,Plum,1,kg
GF-REC-00853,,"Sugar, white",2000.0,g,UK-17-063,Sugar,2,kg
GF-REC-00853,,Salt,0.5,tsp,UK-17-367,Sodium benzoate,.5,tsp
GF-REC-00853,,"Water, distilled",1000.0,g,UK-17-377,Water,1,kg
GF-REC-00854,GF-ING-00256,"Chillies, green - all varieties (Capsicum annum)",250.0,g,G008,Green chillies,250,g
GF-REC-00854,,"Lemons, flesh only, raw, weighed with peel and pips",1000.0,g,UK-14-130,Lemon,1,kg
GF-REC-00854,,Salt,300.0,g,UK-17-367,Salt,300,g
GF-REC-00854,,AJWAIN SEED WHOLE ORGANIC SPICES,10.0,g,US-806341,Carom seeds,10,g
GF-REC-00855,GF-ING-00114,Brinjal - all varieties (Solanum melongena),1000.0,g,D031,Brinjal,1,kg
GF-REC-00855,GF-ING-00281,Turmeric powder (Curcuma domestica),30.0,g,G033,Turmeric powder,30,g
GF-REC-00855,GF-ING-00294,Mustard seeds (Brassica nigra),50.0,g,H013,Mustard Seeds powder,50,g
GF-REC-00855,,Chilli powder,30.0,g,UK-13-873,Chilli Powder,30,g
GF-REC-00855,,Salt,120.0,g,UK-17-367,Salt,120,g
GF-REC-00855,,"Oil, mustard",150.0,ml,US-172337,Mustard Oil,150,ml
GF-REC-00856,GF-ING-00158,"Tomato, ripe, hybrid (Solanum lycopersicum)",1000.0,g,D075,Tomato,1,kg
GF-REC-00856,GF-ING-00260,"Garlic, small clove (Allium sativum)",25.0,g,G012,Garlic,25,g
GF-REC-00856,GF-ING-00262,"Ginger, fresh (Zingiber officinale)",50.0,g,G014,Ginger,50,g
GF-REC-00856,GF-ING-00270,"Chillies, red (Capsicum annum)",16.65,g,G022,Whole red chillies,5,
GF-REC-00856,GF-ING-00294,Mustard seeds (Brassica nigra),15.0,g,H013,Mustard Seeds,15,g
GF-REC-00856,,"Sugar, white",30.0,g,UK-17-063,Sugar,30,g
GF-REC-00856,,Vinegar,30.0,ml,UK-17-339,Vinegar,30,ml
GF-REC-00856,,Salt,40.0,g,UK-17-367,Salt,40,g
GF-REC-00856,,"Oil, mustard",30.0,ml,US-172337,Mustard Oil,30,ml
GF-REC-00857,GF-ING-00231,"Carrot, orange (Daucus carota)",1000.0,g,F002,Carrot,1,kg
GF-REC-00857,GF-ING-00281,Turmeric powder (Curcuma domestica),25.0,g,G033,Turmeric,25,g
GF-REC-00857,GF-ING-00294,Mustard seeds (Brassica nigra),50.0,g,H013,Mustard Seeds powder,50,g
GF-REC-00857,,Chilli powder,20.0,g,UK-13-873,Red chilli Powder,20,g
GF-REC-00857,,Salt,60.0,g,UK-17-367,Salt,60,g
GF-REC-00857,,"Oil, mustard",50.0,g,US-172337,Mustard Oil,50,g
GF-REC-00858,GF-ING-00158,"Tomato, ripe, hybrid (Solanum lycopersicum)",1000.0,g,D075,Tomato,1,kg
GF-REC-00858,GF-ING-00260,"Garlic, small clove (Allium sativum)",10.0,g,G012,Garlic,10,g
GF-REC-00858,GF-ING-00262,"Ginger, fresh (Zingiber officinale)",30.0,g,G014,Ginger,30,g
GF-REC-00858,GF-ING-00265,"Onion, big (Allium cepa)",100.0,g,G017,Onions,100,g
GF-REC-00858,,"Spring onions, bulbs only, raw",5.0,g,UK-13-351,Onion seeds,5,g
GF-REC-00858,,Garam masala,30.0,g,UK-13-829,Garam Masala,30,g
GF-REC-00858,,Chilli powder,20.0,g,UK-13-873,Red chilli Powder,20,g
GF-REC-00858,,"Sugar, white",500.0,g,UK-17-063,Sugar,.5,kg
GF-REC-00858,,Salt,35.0,g,UK-17-367,Salt,30 to 40,g
GF-REC-00858,,Salt,1.0,g,UK-17-367,Sodium benzoate,1,g
GF-REC-00858,,"Vinegar, distilled",6.0,g,US-172237,Glacial acetic acid,6,g
GF-REC-00858,,"Oil, mustard",100.0,g,US-172337,Mustard Oil,100,g
GF-REC-00859,GF-ING-00158,"Tomato, ripe, hybrid (Solanum lycopersicum)",1000.0,g,D075,Tomato,1,kg
GF-REC-00859,GF-ING-00260,"Garlic, small clove (Allium sativum)",6.25,g,G012,Garlic,10,cloves
GF-REC-00859,GF-ING-00265,"Onion, big (Allium cepa)",100.0,g,G017,Onion,100,g
GF-REC-00859,GF-ING-00269,"Cardamom, black (Elettaria cardamomum)",0.5,tsp,G021,Black cardamom,2,
GF-REC-00859,GF-ING-00271,Cloves (Syzygium aromaticum),1.25,tsp,G023,Cloves,5,
GF-REC-00859,GF-ING-00273,Cumin seeds (Cuminum cyminum),1.0,tsp,G025,Cumin Seeds,1,tsp
GF-REC-00859,GF-ING-00279,"Pepper, black (Piper nigrum)",2.5,tsp,G031,Pepper corns,10,
GF-REC-00859,,Chilli powder,0.5,tsp,UK-13-873,Chilli Powder,.5,tsp
GF-REC-00859,,"Cinnamon, ground",0.5,tsp,UK-13-874,Cinnamon,1,stick
GF-REC-00859,,"Sugar, white",30.0,g,UK-17-063,Sugar,30,g
GF-REC-00859,,Vinegar,50.0,ml,UK-17-339,Vinegar,50,ml
GF-REC-00859,,Salt,2.0,tsp,UK-17-367,Salt,2,tsp
GF-REC-00859,,Salt,1.0,g,UK-17-367,Sodium benzoate,1,g
GF-REC-00860,GF-ING-00089,"Bitter gourd, jagged, smooth ridges, elongate (Momordica charantia)",80.0,g,D006,Bittergourd/Karela,80,g
GF-REC-00860,GF-ING-00281,Turmeric powder (Curcuma domestica),0.125,tsp,G033,Mango powder,.25,tsp
GF-REC-00860,GF-ING-00281,Turmeric powder (Curcuma domestica),0.125,tsp,G033,Turmeric powder,.125,tsp
GF-REC-00860,,Garam masala,0.125,tsp,UK-13-829,Garam masala,.125,tsp
GF-REC-00860,,"Oil, sunflower",1.0,tbsp,UK-17-045,Oil,1,tbsp
GF-REC-00860,,"Oil, sunflower",10.0,g,UK-17-045,Oil,5,g
GF-REC-00860,,Salt,0.17,tsp,UK-17-367,Salt,.167,tsp
GF-REC-00860,,Salt,0.5,tsp,UK-17-367,Salt,.5,tsp
GF-REC-00860,,"SIVA'S, AMHUR POWDER (DRY MANGO POWDER)",0.25,tsp,US-400113,Red chilli powder,.125,tsp
GF-REC-00861,GF-ING-00119,Cauliflower (Brassica oleracea var. botrytis),100.0,g,D036,Blanched cauliflower,100, g
GF-REC-00861,GF-ING-00235,"Potato, brown skin, big (Solanum tuberosum)",200.0,g,F006,Boiled potato,200,g
GF-REC-00861,GF-ING-00294,Mustard seeds (Brassica nigra),10.0,g,H013," Mustard seeds(rai), coarsely ground",10,g
GF-REC-00861,,Chilli powder,0.25,tsp,UK-13-873,Chilli powder(optional),.25,tsp
GF-REC-00861,,Salt,0.5,tsp,UK-17-367,Salt,.5,tsp
GF-REC-00861,,"Water, distilled",960.0,ml,UK-17-377,Water,4,cup
GF-REC-00862,GF-ING-00018,"Wheat flour, refined (Triticum aestivum)",10.0,g,A018,Refined wheat flour,10,g
GF-REC-00862,GF-ING-00082,Spinach (Spinacia oleracea),200.0,g,C033,Spinach,200,g
GF-REC-00862,GF-ING-00279,"Pepper, black (Piper nigrum)",0.125,tsp,G031,Pepper,.125,tsp
GF-REC-00862,GF-ING-00312,"Milk, whole, Cow",80.0,ml,L002,Milk,80,ml
GF-REC-00862,GF-ING-00315,"Egg, poultry, whole, raw",50.0,g,M001,Egg,1,
GF-REC-00862,,"Cheese, processed, plain",30.0,g,UK-12-527,Cheese,30,g
GF-REC-00862,,Salt,0.17,tsp,UK-17-367,Salt,.167,tsp
GF-REC-00862,,"Water, distilled",1.0,tsp,UK-17-377,Water,1,tsp
GF-REC-00862,,"Butter, unsalted",10.0,g,UK-17-661,Butter,10,g
GF-REC-00863,GF-ING-00197,"Mango, ripe, banganapalli (Mangifera indica)",80.0,g,E036,Mango,80,g
GF-REC-00863,GF-ING-00312,"Milk, Cow",360.0,ml,L002,Milk,360,ml
GF-REC-00863,,"Ice cream, dairy, vanilla, soft scoop",30.0,g,UK-12-508,Ice cream,30,g
GF-REC-00863,,"Sugar, white",30.0,g,UK-17-063,Sugar,30,g
GF-REC-00863,,"Water, distilled",12.0,tbsp,UK-17-377,Crushed ice,4,cubes
GF-REC-00863,,Yellow color,0.25,tsp,,Yellow color,1,drops
GF-REC-00863,,Mango essence,0.5,tsp,,Mango essence,3,drops
GF-REC-00864,GF-ING-00214,Pineapple (Ananas comosus),80.0,g,E053,Pineaple,80,g
GF-REC-00864,GF-ING-00312,"Milk, Cow",360.0,ml,L002,Milk,360,ml
GF-REC-00864,,"Ice cream, dairy, vanilla, soft scoop",30.0,g,UK-12-508,Ice cream,30,g
GF-REC-00864,,"Sugar, white",30.0,g,UK-17-063,Sugar,30,g
GF-REC-00864,,"Water, distilled",12.0,tbsp,UK-17-377,Crushed ice,4,cubes
GF-REC-00864,,Yellow color,0.25,tsp,,Yellow color,1,drops
GF-REC-00864,,Pineapple essence,0.5,tsp,,Pineapple essence,3,drops
GF-REC-00865,GF-ING-00208,"Orange, pulp (Citrus aurantium)",80.0,g,E047,Orange,80,g
GF-REC-00865,GF-ING-00312,"Milk, Cow",360.0,ml,L002,Milk,360,ml
GF-REC-00865,,"Ice cream, dairy, vanilla, soft scoop",30.0,g,UK-12-508,Ice cream,30,g
GF-REC-00865,,"Sugar, white",30.0,g,UK-17-063,Sugar,30,g
GF-REC-00865,,"Water, distilled",12.0,tbsp,UK-17-377,Crushed ice,4,cubes
GF-REC-00865,,Green colour,0.25,tsp,,Green color,1,drops
GF-REC-00865,,Banana essence ,0.5,tsp,,Banana essence,3,drops
GF-REC-00866,GF-ING-00228,Wood Apple (Limonia acidissima),400.0,g,E067,Ripe bael fruit,1,nos
GF-REC-00866,GF-ING-00262,"Ginger, fresh (Zingiber officinale)",2.0,tbsp,G014,Grated ginger,2,tbsp
GF-REC-00866,GF-ING-00264,Mint leaves (Mentha spicata ),1.0,sprig,G016,Mint leaves (chopped),1,sprig
GF-REC-00866,,"Lemons, flesh only, raw, weighed with peel and pips",60.0,g,UK-14-130,Lemon juice,2,nos
GF-REC-00866,,"Sugar, white",100.0,g,UK-17-063,Sugar (or Honey),0.5 (or 1),cup/tsp
GF-REC-00866,," Water, distilled",1300.0,ml,UK-17-377,Water,6 to 7,glass
GF-REC-00866,,"Water, distilled",15.0,tbsp,UK-17-377,Ice cubes,As requirement (5 ice cubes),
GF-REC-00866,,HIMALAYAN BLACK SALT,1.0,tbsp,US-806241,Black salt,1,tbsp
GF-REC-00867,GF-ING-00025,"Bengal gram, dal (Cicer arietinum)",6.0,tbsp,B001,Chana sattu,6,tbsp
GF-REC-00867,,"Sugar, white",5.0,tbsp,UK-17-063,Sugar,4 to 6,tbsp
GF-REC-00867,,"Water, distilled",1500.0,ml,UK-17-377,Water,1.5,litres
GF-REC-00867,,HIMALAYAN BLACK SALT,0.25,tsp,US-806241,Black salt,To taste,
GF-REC-00868,GF-ING-00162,"Apple, big (Malus domestica)",567.0,g,E001,Apple,1.25,pounds
GF-REC-00868,,"Lemons, flesh only, raw, weighed with peel and pips",60.0,g,UK-14-130,Lemon juice,2,lemons
GF-REC-00868,,Honey,1.0,tbsp,UK-17-050,Honey,1,tbsp
GF-REC-00868,,"Sugar, white",300.0,g,UK-17-063,Sugar,1.5,cups
GF-REC-00868,,"Water, distilled",1.5,C,UK-17-377,Water,1.5,cups
GF-REC-00869,,Gulkand,1.5,tsp,,Gulkand,1 to 1.5,tsp
GF-REC-00869,,Rose petals,20.0,nos,,Rose petals,20,nos
GF-REC-00869,GF-ING-00268,"Cardamom, green (Elettaria cardamomum)",3.0,tsp,G020,Green Cardamon,12,nos
GF-REC-00869,GF-ING-00279,"Pepper, black (Piper nigrum)",1.75,tsp,G031,Black pepper,4 to 10,
GF-REC-00869,GF-ING-00280,Poppy seeds (Papaver somniferum),1.5,tbsp,G032,Poppy seeds,1.5,tbsp
GF-REC-00869,GF-ING-00282,Almond (Prunus amygdalus),22.2,g,H001,Almonds,20,nos
GF-REC-00869,GF-ING-00286,Cashew nut (Anacardium occidentale),16.7,g,H005,Cashew nuts,10,nos
GF-REC-00869,GF-ING-00299,Pistachio nuts (Pistacla vera),8.4,g,H018,Pistachios,15,nos
GF-REC-00869,GF-ING-00312,"Milk, whole, Cow",4.5,C,L002,Milk,4.5,cups
GF-REC-00869,,Fennel seeds,1.5,tbsp,UK-13-827,Fennel seeds,1.5,tbsp
GF-REC-00869,,Saffron,0.025,g,UK-13-852,Saffron,1,pinch
GF-REC-00869,,"Cinnamon, ground",2.5,g,UK-13-874,Cinnamon,1,inch
GF-REC-00869,,Melon seeds,1.5,tbsp,UK-14-826,Melon seeds,1.5,tbsp
GF-REC-00869,,"Sugar, white",5.5,tbsp,UK-17-063,Sugar,5 to 6,tbsp
GF-REC-00869,,"Water, distilled",18.0,tbsp,UK-17-377,Ice cubes,6,nos
GF-REC-00869,,"MIXED NUTS CASHEWS, ALMONDS, HAZELNUTS, PISTACHIOS, PECANS, MIXED NUTS",2.0,tbsp,US-851134,Sliced nuts,2,tbsp
GF-REC-00870,,Rose water,0.25,tsp,,Rose water,few drops,
GF-REC-00870,GF-ING-00126,"Cucumber, green, elongate (Cucumis sativus)",300.0,g,D043,Cucumber,2,nos
GF-REC-00870,,"Sugar, white",3.5,tbsp,UK-17-063,Sugar,3 to 4,tbsp
GF-REC-00870,,"Water, distilled",1.0,C,UK-17-377,Ice,1,cup
GF-REC-00870,,"Water, distilled",1.0,C,UK-17-377,Water,1,cup
GF-REC-00871,GF-ING-00162,"Apple, big (Malus domestica)",80.0,g,E001,Apple,1,nos
GF-REC-00871,,"Porridge oats, unfortified",58.5,g,UK-11-788,Rolled oats,.25,cup
GF-REC-00871,,"Yogurt, whole milk, plain",245.0,g,UK-12-184,Yogurt,1,cup
GF-REC-00871,,"Cinnamon, ground",0.5,tsp,UK-13-874,Cinnamon,.5,tsp
GF-REC-00871,,Honey,1.0,tbsp,UK-17-050,Honey,1,tbsp
GF-REC-00871,,"Water, distilled",15.0,tbsp,UK-17-377,Icecubes (optional),As per taste( 5 cubes),
GF-REC-00871,,Chia seeds,1.0,tbsp,US-1100612,Chia seeds,1,tbsp
GF-REC-00872,,Nannari root/ Indian sarsaparilla,50.0,g,,Nannari root/ Indian sarsaparilla,50,g
GF-REC-00872,GF-ING-00194,"Lemon, juice (Citrus limon)",2.0,tsp,E033,Lemon juice,2,tsp
GF-REC-00872,,"Lemons, flesh only, raw, weighed with peel and pips",15.0,g,UK-14-130,Lemon juice,.5,lemon
GF-REC-00872,,"Sugar, white",250.0,g,UK-17-063,Sugar,250,g
GF-REC-00872,,"Water, distilled",1.0,C,UK-17-377,Water,1,C
GF-REC-00872,,"Water, distilled",2.5,C,UK-17-377,Water,2.5,cups
GF-REC-00873,GF-ING-00022,"Wheat, semolina (Triticum aestivum)",4.5,tbsp,A022,Semolina,4.5,tbsp
GF-REC-00873,GF-ING-00180,"Dates, processed (Phoenix dactylifera)",54.0,g,E019,Dates,5 to 7,nos
GF-REC-00873,GF-ING-00268,"Cardamom, green (Elettaria cardamomum)",0.5,tsp,G020,Cardamom powder,.5,tsp
GF-REC-00873,GF-ING-00286,Cashew nut (Anacardium occidentale),20.88,g,H005,Cashew nuts,10 to 15,nos
GF-REC-00873,,"Shallots, raw",122.5,g,UK-13-342,Shallots,3 to 4,nos
GF-REC-00873,,Coconut milk,100.0,ml,UK-14-820,Coconut milk,1,can
GF-REC-00873,,"Water, distilled",3.0,C,UK-17-377,Water,3,cups
GF-REC-00873,,"Ghee, butter",1.0,tsp,UK-17-640,Ghee,1,tsp
GF-REC-00874,GF-ING-00268,"Cardamom, green (Elettaria cardamomum)",1.0,tsp,G020,Green cardamoms(powdered),4,nos
GF-REC-00874,GF-ING-00282,Almond (Prunus amygdalus),7.77,g,H001,Almonds (blanched and shredded),7 nos,optional
GF-REC-00874,GF-ING-00299,Pistachio nuts (Pistacla vera),3.92,g,H018,Pistachios (blanched and shredded),7 nos,optional
GF-REC-00874,GF-ING-00312,"Milk, whole, Cow",5.0,C,L002,Milk,5,cup
GF-REC-00874,,Saffron,0.01,g,UK-13-852,Saffron ,Few strands,
GF-REC-00874,,"Sugar, white",100.0,g,UK-17-063,Sugar,.5,cup
GF-REC-00875,GF-ING-00268,"Cardamom, green (Elettaria cardamomum)",0.5,tsp,G020,Cardamom powder,.5,tsp
GF-REC-00875,GF-ING-00312,"Milk, whole, Cow",4.0,C,L002,Full cream milk,4,cup
GF-REC-00875,,"Sugar, white",100.0,g,UK-17-063,Sugar,To taste,
GF-REC-00875,,BLACK RICE,160.0,g,US-2106513,Black rice,1,cup
GF-REC-00875,,"MIXED NUTS CASHEWS, ALMONDS, HAZELNUTS, PISTACHIOS, PECANS, MIXED NUTS",25.0,g,US-851134,Dry nuts,Optional,
GF-REC-00876,GF-ING-00268,"Cardamom, green (Elettaria cardamomum)",0.5,tsp,G020,Powdered green cardamam,.5,tsp
GF-REC-00876,GF-ING-00282,Almond (Prunus amygdalus),35.75,g,H001,Flaked almonds,.25,cup
GF-REC-00876,GF-ING-00288,"Coconut, kernel, fresh (Cocos nucifera)",40.0,g,H007,Coconut chunk,.5,cup
GF-REC-00876,GF-ING-00288,"Coconut, kernel, fresh (Cocos nucifera)",80.0,g,H007,Grated coconut,1,cup
GF-REC-00876,GF-ING-00312,"Milk, whole, Cow",3.0,C,L002,Full cream milk,3,cup
GF-REC-00876,,"Milk, condensed, whole, sweetened",2.0,tbsp,UK-12-520,Condensed milk,2,tbsp
GF-REC-00876,,Saffron,0.25,tsp,UK-13-852,Saffron,2,pinch
GF-REC-00876,,Coconut milk,244.0,g,UK-14-820,Coconut cream,1,cup
GF-REC-00876,,"Sugar, white",100.0,g,UK-17-063,Sugar,.5,cup
GF-REC-00876,,"Ghee, butter",1.0,tbsp,UK-17-640,Ghee,1,tbsp
GF-REC-00876,,"MIXED NUTS CASHEWS, ALMONDS, HAZELNUTS, PISTACHIOS, PECANS, MIXED NUTS",36.0,g,US-851134,Mixed dry fruit,.25,cup
GF-REC-00877,GF-ING-00162,"Apple, big (Malus domestica)",80.0,g,E001,Apple,1,medium
GF-REC-00877,GF-ING-00268,"Cardamom, green (Elettaria cardamomum)",1.0,tsp,G020,Green cardamom powder,4,nos
GF-REC-00877,GF-ING-00282,Almond (Prunus amygdalus),13.32,g,H001,Almonds,12,nos
GF-REC-00877,GF-ING-00286,Cashew nut (Anacardium occidentale),20.04,g,H005,Cashews,12,nos
GF-REC-00877,GF-ING-00312,"Milk, whole, Cow",3.0,C,L002,Milk,3,cup
GF-REC-00877,,"Sago, raw",43.89,g,UK-11-023,Tapioca pearls/sago,.33,cup
GF-REC-00877,,"Milk, condensed, whole, sweetened",152.0,g,UK-12-520,Condensed milk,.5,cup
GF-REC-00877,,"Sugar, white",1.0,tbsp,UK-17-063,Sugar,1,tbsp
GF-REC-00877,,Salt,0.25,tsp,UK-17-367,Sendha namak/rock salt,1,dash
GF-REC-00877,,"Water, distilled",1.0,C,UK-17-377,Water,1,cup
GF-REC-00877,,"Ghee, butter",3.0,tbsp,UK-17-640,Ghee,3,tbsp
GF-REC-00878,GF-ING-00022,"Wheat, semolina (Triticum aestivum)",167.0,g,A022,Semolina,1,cup
GF-REC-00878,GF-ING-00286,Cashew nut (Anacardium occidentale),33.4,g,H005,Cashew,20,nos
GF-REC-00878,,Saffron,0.005,g,UK-13-852,Saffron,2,pinches
GF-REC-00878,,"Sugar, white",200.0,g,UK-17-063,Sugar,1,cup
GF-REC-00878,,"Water, distilled",2.25,C,UK-17-377,Water,2.25,cups
GF-REC-00878,,"Ghee, butter",0.5,C,UK-17-640,Ghee,.5,cup
GF-REC-00879,GF-ING-00014,"Rice, parboiled, milled (Oryza sativa )",100.0,g,A014,Rice,100,g
GF-REC-00879,,"Sugar, white",4.0,tbsp,UK-17-063,Sugar,4,tbsp
GF-REC-00879,,"Water, distilled",50.0,ml,UK-17-377,Water,50,ml
GF-REC-00879,,"Ghee, butter",4.0,tsp,UK-17-640,Ghee,4,tsp
GF-REC-00880,GF-ING-00019,"Wheat flour, atta (Triticum aestivum)",195.0,g,A019,Wheat flour,1.5,cup
GF-REC-00880,GF-ING-00197,"Mango, ripe, banganapalli (Mangifera indica)",400.0,g,E036,Chopped mango,2,nos
GF-REC-00880,GF-ING-00197,"Mango, ripe, banganapalli (Mangifera indica)",4.0,tbsp,E036,Mango pulp,4,tbsp
GF-REC-00880,GF-ING-00288,"Coconut, kernel, fresh (Cocos nucifera)",2.0,tbsp,H007,Coconut flakes,2,tbsp
GF-REC-00880,GF-ING-00299,Pistachio nuts (Pistacla vera),4.48,g,H018,Pistachios,8,nos
GF-REC-00880,,"Yogurt, whole milk, plain",2.0,tsp,UK-12-184,Yoghurt,2,tsp
GF-REC-00880,,Honey,4.0,tbsp,UK-17-050,Honey,4,tbsp
GF-REC-00880,,"Water, distilled",1.5,C,UK-17-377,Water,As required, 
GF-REC-00880,,"Ghee, butter",2.0,C,UK-17-640,Ghee,2,cup
GF-REC-00881,GF-ING-00197,"Mango, ripe, banganapalli (Mangifera indica)",82.5,g,E036,Mango pulp,.5,cup
GF-REC-00881,GF-ING-00282,Almond (Prunus amygdalus),1.5,tbsp,H001,Almonds,1.5,tbsp
GF-REC-00881,GF-ING-00299,Pistachio nuts (Pistacla vera),1.5,tbsp,H018,Pistachios,1.5,tbsp
GF-REC-00881,GF-ING-00312,"Milk, whole, Cow",1.0,C,L002,Milk,1,cup
GF-REC-00881,,Custard powder,1.0,tbsp,UK-11-1138,Custard powder,1,tbsp
GF-REC-00881,,"Sugar, white",2.0,tbsp,UK-17-063,Sugar,2,tbsp
GF-REC-00881,,"Chocolate, plain",2.0,tbsp,UK-17-491,Dark chocolates,2,tbsp
GF-REC-00882,GF-ING-00293,Ground nut (Arachis hypogea),35.0,g,H012,Peanuts,2,handfuls
GF-REC-00882,,"Breakfast cereal, crunchy clusters type, without nuts, unfortified",351.0,g,UK-11-938,Granola,1.5,cup
GF-REC-00882,,"Kiwi fruit, flesh only, raw",180.0,g,UK-14-371,Kiwi,1,cup
GF-REC-00882,,Honey,4.0,tbsp,UK-17-050,Honey,4,tbsp
GF-REC-00882,,"Cream, fluid, light (coffee cream or table cream)",360.0,g,US-170857,Low fat cream,1.5,cup
GF-REC-00882,,Vanilla extract,1.0,tsp,US-173471,Vanilla essence,1,tsp
GF-REC-00882,,"MIXED NUTS CASHEWS, ALMONDS, HAZELNUTS, PISTACHIOS, PECANS, MIXED NUTS",72.0,g,US-851134,Mixed dry fruits,.5,cup
GF-REC-00883,GF-ING-00268,"Cardamom, green (Elettaria cardamomum)",0.25,tsp,G020,Green cardamom,1,
GF-REC-00883,GF-ING-00282,Almond (Prunus amygdalus),15.0,g,H001,Almonds,15,g
GF-REC-00883,GF-ING-00314,Khoa,15.0,g,L004,Khoya,15,g
GF-REC-00883,,"Porridge oats, unfortified",50.0,g,UK-11-788,Oats powder,50,g
GF-REC-00883,,"Sugar, white",35.0,g,UK-17-063,Sugar,35,g
GF-REC-00883,,"Ghee, butter",5.0,g,UK-17-640,Ghee,5,g
GF-REC-00884,GF-ING-00282,Almond (Prunus amygdalus),50.0,g,H001,Almonds,50,g
GF-REC-00884,GF-ING-00299,Pistachio nuts (Pistacla vera),25.0,g,H018,Pistachios,25,g
GF-REC-00884,,"Sugar, white",200.0,g,UK-17-063,Sugar,200,g
GF-REC-00884,,"Water, distilled",500.0,ml,UK-17-377,Water,500,ml
GF-REC-00884,,"Ghee, butter",400.0,g,UK-17-640,Ghee,400,g
GF-REC-00884,,"Seeds, lotus seeds, dried",1000.0,g,US-170149,Lotus seed,1,kg
GF-REC-00885,GF-ING-00001,"Amaranth seed, black (Amaranthus cruentus)",231.6,g,A001,Amaranth flour,1.5,cup
GF-REC-00885,GF-ING-00282,Almond (Prunus amygdalus),47.19,g,H001,Almond,.33,cup
GF-REC-00885,GF-ING-00303,"Jaggery, cane (Saccharum officinarum)",100.0,g,I001,Jaggery,.5,cup
GF-REC-00885,,"Ghee, butter",0.25,C,UK-17-640,Ghee,.25,cup
GF-REC-00886,GF-ING-00268,"Cardamom, green (Elettaria cardamomum)",0.5,tsp,G020,Cardamom powder,.5,tsp
GF-REC-00886,GF-ING-00282,Almond (Prunus amygdalus),35.75,g,H001,Almonds,.25,cup
GF-REC-00886,GF-ING-00286,Cashew nut (Anacardium occidentale),34.25,g,H005,Cashewnuts,.25,cup
GF-REC-00886,GF-ING-00312,"Milk, whole, Cow",1.0,tbsp,L002,Milk/Water,1,tbsp
GF-REC-00886,GF-ING-00313,Paneer,250.0,g,L003,Paneer,250,g
GF-REC-00886,,"Flour, rice",0.5,tbsp,UK-11-021,Rice flour,.5,tbsp
GF-REC-00886,,"Sugar, white",100.0,g,UK-17-063,Sugar,.5,cup
GF-REC-00886,,"Ghee, butter",1.5,tsp,UK-17-640,Ghee,1 to 2,tsp
GF-REC-00887,,Rose water,2.0,tbsp,,Rose water,2,tbsp
GF-REC-00887,GF-ING-00216,"Pomegranate, maroon seeds (Punica granatum)",87.0,g,E055,Pomegranate seeds,.5,cup
GF-REC-00887,GF-ING-00282,Almond (Prunus amygdalus),35.75,g,H001,Almonds,.25,cup
GF-REC-00887,GF-ING-00299,Pistachio nuts (Pistacla vera),30.75,g,H018,Pistachios,.25,cup
GF-REC-00887,,"Couscous, plain, raw",160.0,g,UK-11-901,Couscous,1,cup
GF-REC-00887,,"Cinnamon, ground",1.0,tbsp,UK-13-874,Cinnamon,1,tbsp
GF-REC-00887,,"Apple juice, clear, ambient and chilled",2.0,C,UK-14-331,Apple juice,2,cup
GF-REC-00887,,"Sugar, icing",80.0,g,UK-17-062,Powdered sugar,.5,cup
GF-REC-00887,,"Butter, unsalted",3.0,tbsp,UK-17-661,Butter,3,tbsp
GF-REC-00888,GF-ING-00268,"Cardamom, green (Elettaria cardamomum)",1.125,tsp,G020,Green cardamom,4 to 5,nos
GF-REC-00888,GF-ING-00299,Pistachio nuts (Pistacla vera),4.2,g,H018,Pistachios,7 to 8,nos
GF-REC-00888,GF-ING-00312,"Milk, whole, Cow",0.5,tbsp,L002,Milk,.5,tbsp
GF-REC-00888,,"Yogurt, whole milk, plain",1102.5,g,UK-12-184,Curd/Yogurt,4.5,cups
GF-REC-00888,,Saffron,0.05,tsp,UK-13-852,Saffron strands,2,pinch
GF-REC-00888,,"Sugar, icing",8.5,tbsp,UK-17-062,Powdered sugar,8 to 9,tbsp
GF-REC-00889,GF-ING-00268,"Cardamom, green (Elettaria cardamomum)",0.25,tsp,G020,Cardamom powder,.25,tsp
GF-REC-00889,GF-ING-00268,"Cardamom, green (Elettaria cardamomum)",0.0003,tsp,G020,Green cardamoms(powdered),.0003,nos
GF-REC-00889,GF-ING-00282,Almond (Prunus amygdalus),5.55,g,H001,Almonds,5,
GF-REC-00889,GF-ING-00282,Almond (Prunus amygdalus),0.14,g,H001,Almonds (blanched and shredded),.14,
GF-REC-00889,GF-ING-00286,Cashew nut (Anacardium occidentale),16.7,g,H005,Cashewnuts,10,
GF-REC-00889,GF-ING-00299,Pistachio nuts (Pistacla vera),3.92,g,H018,Pistachios,7,
GF-REC-00889,GF-ING-00299,Pistachio nuts (Pistacla vera),2.09,g,H018,Pistachios (blanched and shredded),2.09,
GF-REC-00889,GF-ING-00312,"Milk, whole, Cow",15.0,ml,L002,Milk,15,ml
GF-REC-00889,GF-ING-00312,"Milk, whole, Cow",1000.0,ml,L002,Milk,1,litre
GF-REC-00889,,Saffron,0.0375,g,UK-13-852,Saffron,15,
GF-REC-00889,,"Sugar, white",50.0,g,UK-17-063,Sugar,.25,cup
GF-REC-00889,,"Sugar, white",7.5,g,UK-17-063,Sugar,7.5,g
GF-REC-00890,GF-ING-00022,"Wheat, semolina (Triticum aestivum)",2.0,tbsp,A022,Rava/semolina/suji(fine),2,tbsp
GF-REC-00890,GF-ING-00268,"Cardamom, green (Elettaria cardamomum)",0.25,tsp,G020,Cardamom powder,.25,tsp
GF-REC-00890,GF-ING-00268,"Cardamom, green (Elettaria cardamomum)",0.0003,tsp,G020,Green cardamoms(powdered),.0003,nos
GF-REC-00890,GF-ING-00282,Almond (Prunus amygdalus),0.14,g,H001,Almonds (blanched and shredded),.14,optional
GF-REC-00890,GF-ING-00286,Cashew nut (Anacardium occidentale),2.0,tbsp,H005,Cashew,2,tbsp
GF-REC-00890,GF-ING-00299,Pistachio nuts (Pistacla vera),2.09,g,H018,Pistachios (blanched and shredded),2.09,optional
GF-REC-00890,GF-ING-00312,"Milk, whole, Cow",2.0,C,L002,Milk,2,cup
GF-REC-00890,GF-ING-00312,"Milk, whole, Cow",15.0,ml,L002,Milk,15,ml
GF-REC-00890,,"Flour, gram",138.0,g,UK-11-896,Besan/gram flour,1.5,cup
GF-REC-00890,,Saffron,0.0375,g,UK-13-852,Saffaron ,15,
GF-REC-00890,,"Sugar, white",100.0,g,UK-17-063,Sugar,.5,cup
GF-REC-00890,,"Sugar, white",7.5,g,UK-17-063,Sugar,7.5,g
GF-REC-00890,,"Ghee, butter",0.5,C,UK-17-640,Ghee/clarified butter,.5,cup
GF-REC-00891,GF-ING-00194,"Lemon, juice (Citrus limon)",2.0,tbsp,E033,Lemon juice,2,tbsp
GF-REC-00891,GF-ING-00257,Coriander leaves (Coriandrum sativum),1.0,tbsp,G009,Coriander leaves,1,tbsp
GF-REC-00891,GF-ING-00510,"Tiger prawns, brown (Solenocera crassicornis)",250.0,g,Q007,Prawn,10,nos
GF-REC-00891,,"Bread, brown, average",120.0,g,UK-11-971,Brown bread,4,slices
GF-REC-00891,,"Oil, olive",2.0,tbsp,UK-17-038,Virgin olive oil,2,tbsp
GF-REC-00891,,"Mayonnaise, standard, retail",1.0,tbsp,UK-17-654,Mayonnaise,1,tbsp
GF-REC-00891,,"Lemon peel, raw",1.0,tbsp,US-167749,Lime zest,1,tbsp
GF-REC-00892,GF-ING-00126,"Cucumber, green, elongate (Cucumis sativus)",60.0,g,D043,Cucumber,.5,cup
GF-REC-00892,,"Bread, white, average",120.0,g,UK-11-1145,White bread,4,slices
GF-REC-00892,,"Watercress, raw",8.5,g,UK-13-669,Watercress,.25,cup
GF-REC-00892,,Salt,0.5,tsp,UK-17-367,Salt,As required,
GF-REC-00892,,"Butter, unsalted",2.0,tbsp,UK-17-661,Butter,2,tbsp
GF-REC-00893,GF-ING-00256,"Chillies, green - all varieties (Capsicum annum)",1.0,tsp,G008,Green chili,1,tsp
GF-REC-00893,GF-ING-00260,"Garlic, small clove (Allium sativum)",0.5,tbsp,G012,Garlic,.5,tbsp
GF-REC-00893,GF-ING-00262,"Ginger, fresh (Zingiber officinale)",0.5,tbsp,G014,Ginger,.5,tbsp
GF-REC-00893,GF-ING-00279,"Pepper, black (Piper nigrum)",0.5,tsp,G031,Crushed black pepper,.5,tsp
GF-REC-00893,GF-ING-00468,"Pomfret, white (Pampus argenteus)",149.0,g,P057,Fish filets,1,cup
GF-REC-00893,,"Bread, brown, average",240.0,g,UK-11-971,Brown bread,8,slices
GF-REC-00893,,"Spring onions, bulbs and tops, raw",50.0,g,UK-13-352,Spring onion,.5,cup
GF-REC-00893,,"Oil, olive",3.0,tbsp,UK-17-038,Virgin olive oil,3,tbsp
GF-REC-00893,,Salt,0.5,tsp,UK-17-367,Salt,To taste,
GF-REC-00893,,"Water, distilled",480.0,ml,UK-17-377,Water,2,cup
GF-REC-00893,,"Mayonnaise, standard, retail",3.0,tbsp,UK-17-654,Mayonnaise,3,tbsp
GF-REC-00893,,MARGARINE,2.0,tbsp,US-2015108,Margarine,As required,
GF-REC-00894,GF-ING-00044,"Rajmah, red (Phaseolus vulgaris)",184.0,g,B020,Red kidney beans,1,cup
GF-REC-00894,GF-ING-00256,"Chillies, green - all varieties (Capsicum annum)",13.32,g,G008,Green chili,4,nos
GF-REC-00894,GF-ING-00257,Coriander leaves (Coriandrum sativum),1.0,sprig,G009,Coriander,1,handful
GF-REC-00894,GF-ING-00260,"Garlic, small clove (Allium sativum)",1.0,tbsp,G012,Garlic paste,1,tbsp
GF-REC-00894,GF-ING-00313,Paneer,246.0,g,L003,Cottage cheese,1,cup
GF-REC-00894,,"Bread, white, average",120.0,g,UK-11-1145,Bread,4,slices
GF-REC-00894,,"Oil, olive",1.0,tbsp,UK-17-038,Virgin olive oil,1,tbsp
GF-REC-00894,,Salt,0.5,tsp,UK-17-367,Salt,To taste,
GF-REC-00894,,"Water, distilled",1.5,C,UK-17-377,Water,As required,
GF-REC-00894,,"Butter, unsalted",3.0,tsp,UK-17-661,Butter,3,tsp
GF-REC-00895,GF-ING-00010,Ragi (Eleusine coracana),800.0,g,A010,Ragi flour,4,cup
GF-REC-00895,GF-ING-00268,"Cardamom, green (Elettaria cardamomum)",1.0,tsp,G020,Green cardamom,4,nos
GF-REC-00895,,"Sugar, icing",240.0,g,UK-17-062,Powdered sugar,1.5,cup
GF-REC-00895,,Baking powder,2.0,tsp,UK-17-355,Baking soda,2,tsp
GF-REC-00895,,Salt,0.25,tsp,UK-17-367,Salt,.25,tsp
GF-REC-00895,,"Butter, unsalted",454.0,g,UK-17-661,Butter,2,cup
GF-REC-00896,GF-ING-00018,"Wheat flour, refined (Triticum aestivum)",220.0,g,A018,All purpose flour,220,g
GF-REC-00896,,"Sugar, white",1.0,tsp,UK-17-063,Sugar,1,tsp
GF-REC-00896,,Baking powder,1.0,tsp,UK-17-355,Baking powder,1,tsp
GF-REC-00896,,Baking powder,0.25,tsp,UK-17-355,Baking soda,.25,tsp
GF-REC-00896,,"Butter, salted",100.0,g,UK-17-685,Salted butter,100,g
GF-REC-00896,,"Milk, buttermilk, fluid, whole",183.74,g,US-172225,Buttermilk,.75,cup
GF-REC-00897,GF-ING-00018,"Wheat flour, refined (Triticum aestivum)",240.0,g,A018,All purpose flour,2,cup
GF-REC-00897,GF-ING-00315,"Egg, poultry, whole, raw",50.0,g,M001,Egg,1,medium
GF-REC-00897,,"Cheese, Ricotta",210.0,g,UK-12-176,Ricotta cheese,210,g
GF-REC-00897,,"Sugar, white",200.0,g,UK-17-063,Sugar,1,cup
GF-REC-00897,,Baking powder,0.5,tsp,UK-17-355,Baking soda,.5,tsp
GF-REC-00897,,Salt,0.25,tsp,UK-17-367,Salt,.25,tsp
GF-REC-00897,,"Butter, unsalted",227.0,g,UK-17-661,Unsalted butter,1,cup
GF-REC-00897,,"Lemon peel, raw",1.0,tbsp,US-167749,Grated lemon peel,1,tbsp
GF-REC-00897,,Vanilla extract,1.0,tsp,US-173471,Vanilla extract,1,tsp
GF-REC-00898,GF-ING-00018,"Wheat flour, refined (Triticum aestivum)",360.0,g,A018,All purpose flour,3,cup
GF-REC-00898,GF-ING-00242,"Sweet potato, brown skin (Ipomoea batatas)",266.0,g,F013,Mashed sweet potato,2,cup
GF-REC-00898,,Baking powder,3.0,tsp,UK-17-355,Baking powder,3,tsp
GF-REC-00898,,Baking powder,0.5,tsp,UK-17-355,Baking soda,.5,tsp
GF-REC-00898,,Salt,1.0,tsp,UK-17-367,Salt,1,tsp
GF-REC-00898,,"Butter, unsalted",6.0,tsp,UK-17-661,Brown sugar,6,tsp
GF-REC-00898,,"Butter, unsalted",113.5,g,UK-17-661,Butter,.5,cup
GF-REC-00898,,"Milk, buttermilk, fluid, whole",122.5,g,US-172225,Buttermilk,.5,cup
GF-REC-00899,GF-ING-00018,"Wheat flour, refined (Triticum aestivum)",240.0,g,A018,All purpose flour,2,cup
GF-REC-00899,GF-ING-00312,"Milk, whole, Cow",2.5,tsp,L002,Milk/Whipping cream,2 to 3,tsp
GF-REC-00899,,"Sugar, icing",160.0,g,UK-17-062,Powdered sugar,1,cup
GF-REC-00899,,"Sugar, white",134.0,g,UK-17-063,Sugar,.67,cup
GF-REC-00899,,"Butter, unsalted",227.0,g,UK-17-661,Butter,1,cup
GF-REC-00899,,ALMOND MILK,0.5,tsp,US-476436,Almond extract,.5,tsp
GF-REC-00899,,ALMOND MILK,1.5,tsp,US-476436,Almond extract,1.5,tsp
GF-REC-00899,,JAM,112.0,g,US-499195,Raspberry jam,.5,cup
GF-REC-00900,GF-ING-00018,"Wheat flour, refined (Triticum aestivum)",240.0,g,A018,All purpose flour,2,cup
GF-REC-00900,GF-ING-00149,"Pumpkin, orange, round (Cucurbita maxima)",250.0,g,D066,Pumpkin,250,g
GF-REC-00900,GF-ING-00271,Cloves (Syzygium aromaticum),0.5,tsp,G023,Crushed clove,.5,tsp
GF-REC-00900,GF-ING-00276,Nutmeg (Myristica fragrans),0.25,tsp,G028,Crushed Nutmeg,.25,tsp
GF-REC-00900,GF-ING-00315,"Egg, poultry, whole, raw",50.0,g,M001,Egg,1,nos
GF-REC-00900,,"Cinnamon, ground",1.0,tsp,UK-13-874,Cinnamon,1,tsp
GF-REC-00900,,"Sugar, white",400.0,g,UK-17-063,Sugar,2,cup
GF-REC-00900,,Baking powder,0.5,tsp,UK-17-355,Baking powder,.5,tsp
GF-REC-00900,,Baking powder,0.5,tsp,UK-17-355,Baking soda,.5,tsp
GF-REC-00900,,"Water, distilled",360.0,ml,UK-17-377,Water,1.5,cup
GF-REC-00900,,"Butter, unsalted",56.75,g,UK-17-661,Butter,.25,cup
GF-REC-00900,,Vanilla extract,1.0,tsp,US-173471,Vanilla essence,1,tsp
GF-REC-00901,GF-ING-00144,"Peas, fresh (Pisum sativum)",145.0,g,D061,Peas,1,cup
GF-REC-00901,GF-ING-00180,"Dates, processed (Phoenix dactylifera)",73.5,g,E019,Pitted dates,.5,cup
GF-REC-00901,GF-ING-00282,Almond (Prunus amygdalus),16.65,g,H001,Almonds,15,nos
GF-REC-00901,,"Tofu, soya bean, steamed",63.0,g,UK-13-570,Mashed silken tofu,.5,cup
GF-REC-00901,,Baking powder,1.0,tsp,UK-17-355,Baking powder,1,tsp
GF-REC-00901,,Salt,0.125,tsp,UK-17-367,Salt,.125,tsp
GF-REC-00902,GF-ING-00018,"Wheat flour, refined (Triticum aestivum)",180.0,g,A018,All purpose flour,1.5,cup
GF-REC-00902,GF-ING-00301,Sunflower seeds (Helianthus annuus),280.0,g,H020,Sunflower seeds,2,cup
GF-REC-00902,,"Sugar, white",200.0,g,UK-17-063,Sugar,1,cup
GF-REC-00902,,Baking powder,0.5,tsp,UK-17-355,Baking powder,.5,tsp
GF-REC-00902,,Baking powder,0.5,tsp,UK-17-355,Baking soda,.5,tsp
GF-REC-00902,,Salt,0.25,tsp,UK-17-367,Salt,.25,tsp
GF-REC-00902,,"Water, distilled",1.0,tbsp,UK-17-377,Water,1,tbsp
GF-REC-00902,,"Butter, unsalted",113.5,g,UK-17-661,Butter,.5,cup
GF-REC-00902,,Vanilla extract,1.0,tsp,US-173471,Vanilla extract,1,tsp
GF-REC-00902,,MARGARINE,113.5,g,US-2015108,Shortening,.5,cup
GF-REC-00902,,"ALMOND FLOUR, ALMOND",1.0,tbsp,US-945506,Almond flour,1,tbsp
GF-REC-00903,GF-ING-00019,"Wheat flour, atta (Triticum aestivum)",520.0,g,A019,Wheat flour,4,cup
GF-REC-00903,GF-ING-00268,"Cardamom, green (Elettaria cardamomum)",4.0,tsp,G020,Powdered green cardamom,4,tsp
GF-REC-00903,GF-ING-00315,"Egg, poultry, whole, raw",400.0,g,M001,Egg,8,nos
GF-REC-00903,,"Sugar, white",800.0,g,UK-17-063,Sugar,4,cup
GF-REC-00903,,Salt,2.0,tsp,UK-17-367,Salt,2,tsp
GF-REC-00903,,"Butter, unsalted",454.0,g,UK-17-661,Unsalted butter,2,cup
GF-REC-00904,GF-ING-00018,"Wheat flour, refined (Triticum aestivum)",120.0,g,A018,All purpose flour,1,cup
GF-REC-00904,,"Hazelnuts, kernel only",135.0,g,UK-14-874,Blanched hazelnuts,1,cup
GF-REC-00904,,"Sugar, white",100.0,g,UK-17-063,Sugar,.5,cup
GF-REC-00904,,Salt,0.5,tsp,UK-17-367,Coarse sea salt,.5,tsp
GF-REC-00904,,"Water, distilled",3.0,tbsp,UK-17-377,Water,As required,
GF-REC-00904,,"Butter, unsalted",113.5,g,UK-17-661,Unsalted butter,.5,cup
GF-REC-00905,GF-ING-00018,"Wheat flour, refined (Triticum aestivum)",360.0,g,A018,All purpose flour,3,cup
GF-REC-00905,,"Milk, condensed, whole, sweetened",152.0,g,UK-12-520,Condensed milk,.5,cup
GF-REC-00905,,"Sugar, icing",4.0,tbsp,UK-17-062,Castor sugar,4,tbsp
GF-REC-00905,,Baking powder,1.0,tsp,UK-17-355,Baking powder,1,tsp
GF-REC-00905,,"Butter, unsalted",283.75,g,UK-17-661,Butter,1.25,cup
GF-REC-00905,,"Milk, dry, nonfat, regular, without added vitamin A and vitamin D",10.0,tbsp,US-170877,Milk powder,10,tbsp
GF-REC-00906,GF-ING-00018,"Wheat flour, refined (Triticum aestivum)",400.0,g,A018,All purpose flour,400,g
GF-REC-00906,GF-ING-00162,"Apple, big (Malus domestica)",300.0,g,E001,Apple,300,g
GF-REC-00906,GF-ING-00312,"Milk, whole, Cow",1.0,C,L002,Milk,1,cup
GF-REC-00906,GF-ING-00315,"Egg, poultry, whole, raw",150.0,g,M001,Egg,3,nos
GF-REC-00906,,"Cinnamon, ground",1.0,tsp,UK-13-874,Cinnamon,1,tsp
GF-REC-00906,,Cranberries,200.0,g,UK-14-073,Cranberries,200,g
GF-REC-00906,,"Sugar, white",300.0,g,UK-17-063,Sugar,300,g
GF-REC-00906,,Baking powder,1.0,tsp,UK-17-355,Baking powder,1,tsp
GF-REC-00906,,Salt,0.25,tsp,UK-17-367,Salt,.25,tsp
GF-REC-00906,,"Butter, unsalted",250.0,g,UK-17-661,Butter,250,g
GF-REC-00906,,"Orange peel, raw",10.0,g,US-169103,Orange rind,10,g
GF-REC-00907,GF-ING-00018,"Wheat flour, refined (Triticum aestivum)",10.0,tbsp,A018,All purpose flour,10,tbsp
GF-REC-00907,,"Oil, olive",0.5,tbsp,UK-17-038,Extra virgin olive oil,.5,tbsp
GF-REC-00907,,"Sugar, icing",6.0,tbsp,UK-17-062,Powdered sugar,6,tbsp
GF-REC-00907,,"Butter, unsalted",4.0,tbsp,UK-17-661,Unsalted butter,4,tbsp
GF-REC-00907,,PITTED BLACK OLIVES,33.75,g,US-395417,Pitted black olives,.25,cup
GF-REC-00908,GF-ING-00019,"Wheat flour, atta (Triticum aestivum)",260.0,g,A019,Wheat flour,2,cup
GF-REC-00908,,Baking powder,0.5,tsp,UK-17-355,Baking powder,.5,tsp
GF-REC-00908,,Salt,0.25,tsp,UK-17-367,Salt,1,pinch
GF-REC-00908,,"Water, distilled",3.0,tbsp,UK-17-377,Water,3,tbsp
GF-REC-00908,,"Butter, unsalted",113.5,g,UK-17-661,White butter,.5,cup
GF-REC-00908,,Vanilla extract,1.0,tsp,US-173471,Vanilla essence,1,tsp
GF-REC-00908,,"TUTTI FRUTTI GUMBALLS, TUTTI FRUTTI",120.0,g,US-695922,Tutti-frutti,.5,cup
GF-REC-00909,GF-ING-00194,"Lemon, juice (Citrus limon)",2.0,tbsp,E033,Lemon juice,2,tbsp
GF-REC-00909,GF-ING-00211,Peach (Prunus communis),620.0,g,E050,Fresh peaches,4,cup
GF-REC-00909,,Blueberries,296.0,g,UK-14-325,Fresh blueberries,2,cup
GF-REC-00909,,"Sugar, white",600.0,g,UK-17-063,Sugar,3,cup
GF-REC-00910,GF-ING-00212,Pear (Pyrus sp.),2848.0,g,E051,Fresh pears peeled and sliced,16,medium
GF-REC-00910,,"Lemons, flesh only, raw, weighed with peel and pips",3.0,tbsp,UK-14-130,Lemon,3,tbsp
GF-REC-00910,,"Sugar, white",800.0,g,UK-17-063,Sugar,4,cup
GF-REC-00910,,"Water, distilled",2.0,C,UK-17-377,Water,2,cup
GF-REC-00911,GF-ING-00223,Star fruit (Averrhoa carambola),180.0,g,E062,Starfruit,2,large size
GF-REC-00911,,"Lemons, flesh only, raw, weighed with peel and pips",30.0,g,UK-14-130,Lemon,1,
GF-REC-00911,,"Sugar, white",200.0,g,UK-17-063,Sugar,1,cup
GF-REC-00911,,"Water, distilled",240.0,ml,UK-17-377,Water,1,cup
GF-REC-00912,GF-ING-00256,"Chillies, green - all varieties (Capsicum annum)",26.64,g,G008,Crushed green chili,8,nos
GF-REC-00912,GF-ING-00262,"Ginger, fresh (Zingiber officinale)",50.0,g,G014,Chopped ginger,50,g
GF-REC-00912,GF-ING-00267,Asafoetida (Ferula assa-foetida),0.5,tsp,G019,Asafoetida,.5,tsp
GF-REC-00912,GF-ING-00281,Turmeric powder (Curcuma domestica),0.5,tsp,G033,Powdered turmeric,.5,tsp
GF-REC-00912,GF-ING-00294,Mustard seeds (Brassica nigra),1.0,tsp,H013,Black mustard seeds,1,tsp
GF-REC-00912,GF-ING-00294,Mustard seeds (Brassica nigra),2.0,tbsp,H013,Mustard seeds powder,2,tbsp
GF-REC-00912,,Salt,0.5,tsp,UK-17-367,Salt,As required,
GF-REC-00912,,"Oil, mustard",0.5,C,US-172337,Mustard oil,.5,cup
GF-REC-00912,,"Gooseberries, raw",250.0,g,US-173030,Cape gooseberry,250,g
GF-REC-00913,,"LOTUS STEM, dry",400.0,g,D091,Lotus stem,400,g
GF-REC-00913,GF-ING-00256,"Chillies, green - all varieties (Capsicum annum)",26.64,g,G008,Sliced green chili,8,nos
GF-REC-00913,,"Oil, olive",1.0,tbsp,UK-17-038,Virgin olive oil,1,tbsp
GF-REC-00913,,"Sugar, white",1.0,tsp,UK-17-063,Sugar,1,tsp
GF-REC-00913,,Salt,0.5,tsp,UK-17-367,Salt,To taste,
GF-REC-00913,,"Water, distilled",480.0,ml,UK-17-377,Water,As required,
GF-REC-00913,,RICE VINEGAR,127.5,g,US-499035,Rice vinegar,.5,cup
GF-REC-00913,,BALSAMIC VINEGAR,127.5,g,US-503149,Balsamic vinegar,.5,cup
GF-REC-00914,GF-ING-00178,"Dates, dry, pale brown (Phoenix dactylifera)",500.0,g,E017,Black date,500,g
GF-REC-00914,GF-ING-00260,"Garlic, small clove (Allium sativum)",4.0,tbsp,G012,Garlic paste,4,tbsp
GF-REC-00914,GF-ING-00262,"Ginger, fresh (Zingiber officinale)",4.0,tbsp,G014,Ginger paste,4,tbsp
GF-REC-00914,,Chilli powder,4.0,tbsp,UK-13-873,Red chili powder,4,tbsp
GF-REC-00914,,"Oil, sunflower",3.0,tbsp,UK-17-045,Refined oil,3,tbsp
GF-REC-00914,,Salt,0.5,tsp,UK-17-367,Salt,As required,
GF-REC-00914,,"Water, distilled",480.0,ml,UK-17-377,Water,2,cup
GF-REC-00915,GF-ING-00194,"Lemon, juice (Citrus limon)",39.04,g,E033,Lemon juice,.16,cup
GF-REC-00915,GF-ING-00260,"Garlic, small clove (Allium sativum)",68.0,g,G012,Garlic,.5,cup
GF-REC-00915,GF-ING-00272,Coriander seeds (Coriandrum sativum),0.66,tbsp,G024,Coriander seeds,.66,tbsp
GF-REC-00915,GF-ING-00273,Cumin seeds (Cuminum cyminum),0.5,tbsp,G025,Cumin seeds ,.5,tbsp
GF-REC-00915,GF-ING-00274,Fenugreek seeds (Trigonella foenum graecum),0.66,tbsp,G026,Fenugreek seeds,.66,tbsp
GF-REC-00915,GF-ING-00281,Turmeric powder (Curcuma domestica),0.5,tsp,G033,Turmeric,.5,tsp
GF-REC-00915,,Chilli powder,0.5,tbsp,UK-13-873,Chili powder,.5,tbsp
GF-REC-00915,,"Oil, sesame",0.33,C,UK-17-043,Gingelly oil,.33,cup
GF-REC-00915,,Salt,0.5,tsp,UK-17-367,Salt,As required,
GF-REC-00916,GF-ING-00085,"Bamboo shoot, tender (Bambusa vulgaris)",500.0,g,D002,Bamboo shoots/Mesu,500,g
GF-REC-00916,GF-ING-00260,"Garlic, small clove (Allium sativum)",5.0,g,G012,Garlic cloves,8,nos
GF-REC-00916,,Chilli powder,6.0,tsp,UK-13-873,Chili powder,6,tsp
GF-REC-00916,,Salt,0.5,tsp,UK-17-367,Salt,As required,
GF-REC-00916,,"Oil, mustard",2.0,tbsp,US-172337,Mustard oil,2,tbsp
GF-REC-00917,GF-ING-00194,"Lemon, juice (Citrus limon)",3.0,tsp,E033,Lemon juice,3,tsp
GF-REC-00917,GF-ING-00211,Peach (Prunus communis),930.0,g,E050,Peaches,6,cup
GF-REC-00917,GF-ING-00218,"Raisins, dried, black (Vitis vinifera)",3.0,tsp,E057,Raisins,3,tsp
GF-REC-00917,GF-ING-00271,Cloves (Syzygium aromaticum),1.5,tsp,G023,Clove,6,nos
GF-REC-00917,,"Cinnamon, ground",0.75,tsp,UK-13-874,Cinnamon powder,.75,tsp
GF-REC-00917,,"Cinnamon, ground",3.0,tsp,UK-13-874,Cinnamon stick,6,pieces
GF-REC-00917,,"Sugar, white",600.0,g,UK-17-063,Sugar,3,cup
GF-REC-00917,,Salt,0.75,tsp,UK-17-367,Salt,.75,tsp
GF-REC-00917,,"Water, distilled",1.5,C,UK-17-377,Water,1.5,cups
GF-REC-00918,GF-ING-00075,Mustard leaves (Brassica juncea),1500.0,g,C026,Mustard greens,1.5,kg
GF-REC-00918,GF-ING-00270,"Chillies, red (Capsicum annum)",1.5,tsp,G022,Sichuan peppers,1.5,tsp
GF-REC-00918,,Salt,3.0,tbsp,UK-17-367,Salt,3,tbsp
GF-REC-00918,,"Water, distilled",2000.0,ml,UK-17-377,Water,As required,
GF-REC-00919,,"Shallots, raw",250.0,g,UK-13-342,Small onion/ shallots,250,g
GF-REC-00919,,Chilli powder,1.5,tbsp,UK-13-873,Red chili powder,1.5,tbsp
GF-REC-00919,,"Lemons, flesh only, raw, weighed with peel and pips",75.0,g,UK-14-130,Lemon,2.5,
GF-REC-00919,,Salt,0.5,tsp,UK-17-367,Salt,As required,
GF-REC-00920,GF-ING-00157,"Tomato, green (Solanum lycopersicum)",250.0,g,D074,Green tomatoes,250,g
GF-REC-00920,GF-ING-00281,Turmeric powder (Curcuma domestica),0.5,tsp,G033,Turmeric,.5,tsp
GF-REC-00920,GF-ING-00294,Mustard seeds (Brassica nigra),2.0,tsp,H013,Mustard seeds,2,tsp
GF-REC-00920,,Chilli powder,1.0,tsp,UK-13-873,Red chili powder,1,tsp
GF-REC-00920,,"Oil, sunflower",0.25,C,UK-17-045,Vegetable oil,.25,cup
GF-REC-00920,,Salt,0.5,tsp,UK-17-367,Salt,As required,
GF-REC-00921,GF-ING-00064,"Cabbage, green (Brassica oleracea var. capitata f. alba)",400.0,g,C015,Cabbage,1,nos
GF-REC-00921,GF-ING-00271,Cloves (Syzygium aromaticum),0.75,tsp,G023,Clove,3,nos
GF-REC-00921,GF-ING-00281,Turmeric powder (Curcuma domestica),0.25,tsp,G033,Powdered turmeric,.25,tsp
GF-REC-00921,GF-ING-00294,Mustard seeds (Brassica nigra),1.0,tsp,H013,Mustard seeds,1,tsp
GF-REC-00921,,"Bay leaf, dried",0.8,g,UK-13-806,Bay leaf,2,nos
GF-REC-00921,,Fennel seeds,1.0,tbsp,UK-13-827,Fennel seeds,1,tbsp
GF-REC-00921,,Chilli powder,1.0,tsp,UK-13-873,Chili flakes,1,tsp
GF-REC-00921,,"Sugar, white",3.0,tbsp,UK-17-063,Sugar,3,tbsp
GF-REC-00921,,Vinegar,178.5,g,UK-17-339,Vinegar,.75,cup
GF-REC-00921,,Salt,3.0,tsp,UK-17-367,Salt,3,tsp
GF-REC-00921,,"Water, distilled",6.0,C,UK-17-377,Water,6,cup
GF-REC-00922,GF-ING-00218,"Raisins, dried, black (Vitis vinifera)",1.0,tbsp,E057,Raisins,1,tbsp
GF-REC-00922,GF-ING-00256,"Chillies, green - all varieties (Capsicum annum)",6.66,g,G008,Green chili (slit lengthwise),2,nos
GF-REC-00922,GF-ING-00258,Curry leaves (Murraya koenigii),1.0,sprig,G010,Curry leaves,1,sprig
GF-REC-00922,GF-ING-00260,"Garlic, small clove (Allium sativum)",4.37,g,G012,Garlic pods,7,nos
GF-REC-00922,GF-ING-00267,Asafoetida (Ferula assa-foetida),0.5,tsp,G019,Asafoetida,.5,tsp
GF-REC-00922,GF-ING-00274,Fenugreek seeds (Trigonella foenum graecum),0.25,tsp,G026,Fenugreek (roasted and powdered),.25,tsp
GF-REC-00922,GF-ING-00274,Fenugreek seeds (Trigonella foenum graecum),0.5,tsp,G026,Fenugreek seeds,.5,tsp
GF-REC-00922,GF-ING-00281,Turmeric powder (Curcuma domestica),0.25,tsp,G033,Turmeric powder,.25,tsp
GF-REC-00922,GF-ING-00288,"Coconut, kernel, fresh (Cocos nucifera)",40.0,g,H007,Coconut shavings,.5,cup
GF-REC-00922,GF-ING-00294,Mustard seeds (Brassica nigra),0.25,tsp,H013,Mustard (roasted and powdered),.25,tsp
GF-REC-00922,GF-ING-00294,Mustard seeds (Brassica nigra),0.75,tsp,H013,Mustard seeds,.75,tsp
GF-REC-00922,,Chilli powder,3.0,tsp,UK-13-873,Red chili powder,3,tsp
GF-REC-00922,,"Oil, coconut",4.0,tbsp,UK-17-031,Coconut oil,4,tbsp
GF-REC-00922,,Vinegar,1.0,tbsp,UK-17-339,Vinegar,1,tbsp
GF-REC-00923,GF-ING-00194,"Lemon, juice (Citrus limon)",1.0,tbsp,E033,Lime juice,1,tbsp
GF-REC-00923,GF-ING-00235,"Potato, brown skin, big (Solanum tuberosum)",70.0,g,F006,Potato,1,nos
GF-REC-00923,GF-ING-00256,"Chillies, green - all varieties (Capsicum annum)",16.65,g,G008,Green chillies,4 to 5,nos
GF-REC-00923,GF-ING-00258,Curry leaves (Murraya koenigii),1.0,sprig,G010,Curry leaves,1,sprig
GF-REC-00923,GF-ING-00260,"Garlic, small clove (Allium sativum)",6.25,g,G012,Garlic cloves,10,nos
GF-REC-00923,GF-ING-00272,Coriander seeds (Coriandrum sativum),0.5,tsp,G024,Coriander seeds,.5,tsp
GF-REC-00923,GF-ING-00273,Cumin seeds (Cuminum cyminum),0.5,tsp,G025,Cumin seeds,.5,tsp
GF-REC-00923,GF-ING-00288,"Coconut, kernel, fresh (Cocos nucifera)",1.0,tbsp,H007,Coconut (grated),1,tbsp
GF-REC-00923,,Sesame seeds,1.0,tbsp,UK-14-844,Sesame seeds,1,tbsp
GF-REC-00923,,"Oil, sunflower",4.5,tbsp,UK-17-045,Oil,4 to 5,tbsp
GF-REC-00923,,Salt,0.5,tsp,UK-17-367,Salt,To taste,
GF-REC-00924,GF-ING-00140,"Mango, green, raw (Mangifera indica)",330.0,g,D057,Raw mango,2,cup
GF-REC-00924,GF-ING-00268,"Cardamom, green (Elettaria cardamomum)",2.0,tsp,G020,Powdered green cardamom,2,tsp
GF-REC-00924,,Saffron,2.0,tsp,UK-13-852,Saffron,2,tsp
GF-REC-00924,,"Sugar, icing",0.5,tsp,UK-17-062,Caster sugar (for garnishing),As required,
GF-REC-00924,,"Sugar, white",800.0,g,UK-17-063,Sugar,800,g
GF-REC-00925,GF-ING-00069,Fenugreek leaves (Trigonella foenum graecum),2.0,tbsp,C020,Kasuri Methi Leaves (Dried Fenugreek Leaves),2,tbsp
GF-REC-00925,GF-ING-00194,"Lemon, juice (Citrus limon)",1.0,tbsp,E033,Lemon Juice,1,tbsp
GF-REC-00925,GF-ING-00260,"Garlic, small clove (Allium sativum)",1.0,tsp,G012,"Ginger Garlic Paste
",1,tsp
GF-REC-00925,GF-ING-00262,"Ginger, fresh (Zingiber officinale)",1.0,tsp,G014,"Ginger Garlic Paste
",1,"tsp
"
GF-REC-00925,GF-ING-00279,"Pepper, black (Piper nigrum)",1.0,tsp,G031,Black Pepper Powder,1, tsp
GF-REC-00925,GF-ING-00286,Cashew nut (Anacardium occidentale),25.0,g,H005,Cashews,15, nos.
GF-REC-00925,GF-ING-00332,"Chicken, poultry, breast, skinless",500.0,g,N003,Chicken,500,gm
GF-REC-00925,,"Yogurt, whole milk, plain",4.0,tbsp,UK-12-184,Yogurt,4,tbsp
GF-REC-00925,,"Cream, fresh, single",2.0,tsp,UK-12-332,Fresh Cream,4,tbsp
GF-REC-00925,,Garam masala,1.0,tsp,UK-13-829,Garam Masala Powder,1,tsp
GF-REC-00925,,Mixed curry spices,1.0,tsp,UK-13-886,Chat Masala Powder,1, tsp
GF-REC-00925,,"Oil, sunflower",2.0,tsp,UK-17-045,Oil,2, tsp
GF-REC-00925,,Salt,0.5,tsp,UK-17-367,"
Salt",To taste ,
GF-REC-00925,,"Water, distilled",0.5,C,UK-17-377          ,Water,.5,cup
GF-REC-00926,GF-ING-00018,"Wheat flour, refined (Triticum aestivum)",4.0,tbsp,A018,All Purpose Flour,4,tbsp
GF-REC-00926,GF-ING-00194,"Lemon, juice (Citrus limon)",1.0,tsp,E033,Lemon Juice,1, tsp
GF-REC-00926,GF-ING-00260,"Garlic, small clove (Allium sativum)",0.5,tbsp,G012,Ginger Garlic Paste,.5,tbsp
GF-REC-00926,GF-ING-00262,"Ginger, fresh (Zingiber officinale)",0.5,tbsp,G014,Ginger Garlic Paste,.5, tbsp
GF-REC-00926,GF-ING-00265,"Onion, big (Allium cepa)",2.0,tbsp,G017,Onion paste,2, tbsp
GF-REC-00926,GF-ING-00279,"Pepper, black (Piper nigrum)",0.25,tsp,G031,Black pepper,.25, tsp
GF-REC-00926,GF-ING-00468,"Pomfret, white (Pampus argenteus)",250.0,g,P057,Filet Fish (preferably white),250,gm
GF-REC-00926,,"Flour, corn",2.0,tbsp,UK-11-1045,Cornflour,2,tbsp
GF-REC-00926,,Paprika,0.5,tbsp,UK-13-879,Paprika,.5,tbsp
GF-REC-00926,,"Oil, sunflower",500.0,ml,UK-17-045,Oil,500,ml
GF-REC-00926,,Vinegar,1.5,tbsp,UK-17-339,White vinegar,1.5,tbsp
GF-REC-00926,,Baking powder,0.5,tsp,UK-17-355,Cooking soda,.5,tsp
GF-REC-00926,,Salt,1.0,tsp,UK-17-367,Salt,1,tsp
GF-REC-00926,,"Water, distilled",3.0,tbsp,UK-17-377          ,Water,3,tbsp
GF-REC-00927,GF-ING-00069,Fenugreek leaves (Trigonella foenum graecum),1.0,tbsp,C020,Dried fenugreek leaves,1,tbsp
GF-REC-00927,GF-ING-00194,"Lemon, juice (Citrus limon)",2.0,tbsp,E033,Lemon juice,2,tbsp
GF-REC-00927,GF-ING-00256,"Chillies, green - all varieties (Capsicum annum)",16.7,g,G008,Green chilies,5,nos
GF-REC-00927,GF-ING-00257,Coriander leaves (Coriandrum sativum),16.0,g,G009,Chopped coriander leaves,1,cup
GF-REC-00927,GF-ING-00258,Curry leaves (Murraya koenigii),1.0,sprig,G010,Curry leaves,1,sprig
GF-REC-00927,GF-ING-00260,"Garlic, small clove (Allium sativum)",0.5,tbsp,G012,Ginger & garlic paste,.5, tbsp
GF-REC-00927,GF-ING-00262,"Ginger, fresh (Zingiber officinale)",0.5,tbsp,G014,Ginger & garlic paste,.5, tbsp
GF-REC-00927,GF-ING-00264,Mint leaves (Mentha spicata ),12.0,g,G016,Chopped mint leaves,.75, cup
GF-REC-00927,GF-ING-00265,"Onion, big (Allium cepa)",60.0,g,G017,Onion,1,nos
GF-REC-00927,GF-ING-00273,Cumin seeds (Cuminum cyminum),2.0,tsp,G025,Roasted cumin powder,2,tsp
GF-REC-00927,GF-ING-00279,"Pepper, black (Piper nigrum)",1.0,tsp,G031,Black pepper Powder ,1,tsp
GF-REC-00927,GF-ING-00281,Turmeric powder (Curcuma domestica),0.25,tsp,G033,Turmeric powder,.25,tsp
GF-REC-00927,GF-ING-00468,"Pomfret, white (Pampus argenteus)",500.0,g,P057,Boneless fish cubes,500,gm
GF-REC-00927,,"Yogurt, whole milk, plain",1.0,tbsp,UK-12-184,Yogurt (curd),1,tbsp
GF-REC-00927,,Garam masala,0.25,tsp,UK-13-829,Garam masala powder,.25,tsp
GF-REC-00927,,Salt,0.5,tsp,UK-17-367,Salt,To taste ,
GF-REC-00927,,"Ghee, butter",3.0,tbsp,UK-17-640,Ghee,3, tbsp
GF-REC-00927,,"SIVA'S, AMHUR POWDER (DRY MANGO POWDER)",1.0,tsp,US-400113,Amchoor powder,1, tsp
GF-REC-00928,GF-ING-00018,"Wheat flour, refined (Triticum aestivum)",3.0,tbsp,A018,All purpose flour,3, tbsp
GF-REC-00928,GF-ING-00256,"Chillies, green - all varieties (Capsicum annum)",6.67,g,G008,Green chilli,2,nos
GF-REC-00928,GF-ING-00256,"Chillies, green - all varieties (Capsicum annum)",1.0,tsp,G008,Green chilli sauce,1,tsp
GF-REC-00928,GF-ING-00260,"Garlic, small clove (Allium sativum)",1.0,tbsp,G012,Garlic,1,tbsp
GF-REC-00928,GF-ING-00260,"Garlic, small clove (Allium sativum)",1.0,tsp,G012,Garlic paste,1,tsp
GF-REC-00928,GF-ING-00262,"Ginger, fresh (Zingiber officinale)",1.0,tsp,G014,Ginger,1,tsp
GF-REC-00928,GF-ING-00262,"Ginger, fresh (Zingiber officinale)",1.0,tsp,G014,Ginger paste,1, tsp
GF-REC-00928,GF-ING-00265,"Onion, big (Allium cepa)",25.0,g,G017,Onion,.25,cup
GF-REC-00928,GF-ING-00279,"Pepper, black (Piper nigrum)",0.25,tsp,G031,Black pepper Powder ,.25,tsp
GF-REC-00928,GF-ING-00315,"Egg, poultry, whole, raw",50.0,g,M001,Eggs,1,nos
GF-REC-00928,GF-ING-00332,"Chicken, poultry, breast, skinless",250.0,g,N003,Minced chicken,250, grams
GF-REC-00928,,"Flour, corn",29.25,g,UK-11-1045,Corn flour,.25,cup
GF-REC-00928,,"Spring onions, bulbs and tops, raw",30.0,g,UK-13-352,Spring onion,1,nos
GF-REC-00928,,"Oil, sunflower",0.25,C,UK-17-045,Refined oil,.25, cup
GF-REC-00928,,Salt,0.5,tsp,UK-17-367,Salt,.5, tsp
GF-REC-00928,,"Water, distilled",1.0,C,UK-17-377          ,Water,1,cup
GF-REC-00928,,Chilli sauce,1.0,tbsp,UK-17-719,Red chilli sauce,1,tbsp
GF-REC-00928,,Chilli sauce,2.0,tbsp,UK-17-719,Schezwan sauce ,2,tbsp
GF-REC-00928,,"Soy sauce, light and dark varieties",1.0,tbsp,UK-17-721,Light soya sauce,1,tbsp
GF-REC-00928,,"Stock cubes, chicken",0.5,C,UK-17-726,Chicken stock,.5,cup
GF-REC-00929,GF-ING-00257,Coriander leaves (Coriandrum sativum),1.0,sprig,G009,Coriander leaves,1,sprig
GF-REC-00929,GF-ING-00260,"Garlic, small clove (Allium sativum)",1.0,tsp,G012,Garlic paste,1,tsp
GF-REC-00929,GF-ING-00262,"Ginger, fresh (Zingiber officinale)",1.0,tsp,G014,Ginger paste,1,tsp
GF-REC-00929,GF-ING-00264,Mint leaves (Mentha spicata ),1.0,sprig,G016,Mint,1,handful
GF-REC-00929,GF-ING-00265,"Onion, big (Allium cepa)",50.0,g,G017,Onion,.5, cup
GF-REC-00929,GF-ING-00268,"Cardamom, green (Elettaria cardamomum)",1.0,tsp,G020,Green cardamom,4,nos
GF-REC-00929,GF-ING-00269,"Cardamom, black (Elettaria cardamomum)",0.5,tsp,G021,Black cardamom,2,nos
GF-REC-00929,GF-ING-00272,Coriander seeds (Coriandrum sativum),2.0,tsp,G024,Coriander powder,2, tsp
GF-REC-00929,GF-ING-00281,Turmeric powder (Curcuma domestica),2.0,tsp,G033,Turmeric,2,tsp
GF-REC-00929,GF-ING-00332,"Chicken, poultry, breast, skinless",500.0,g,N003,Chicken,500, grams
GF-REC-00929,,"Yogurt, whole milk, plain",3.0,tbsp,UK-12-184,Yogurt (curd),3, tbsp
GF-REC-00929,,Garam masala,1.0,tsp,UK-13-829,Garam masala,1,tsp
GF-REC-00929,,Chilli powder,1.0,tsp,UK-13-873,Red chili,1,tsp
GF-REC-00929,,"Cinnamon, ground",0.5,tsp,UK-13-874,Cinnamon,1,stick
GF-REC-00929,,Salt,0.5,tsp,UK-17-367,Salt,To taste,
GF-REC-00929,,"Water, distilled",1.0,C,UK-17-377          ,Water,1,cup
GF-REC-00929,,"Oil, mustard",5.0,tbsp,US-172337,Mustard oil,5,tbsp
GF-REC-00930,GF-ING-00194,"Lemon, juice (Citrus limon)",79.2,g,E033,Lemon juice,.33,cup
GF-REC-00930,GF-ING-00260,"Garlic, small clove (Allium sativum)",1.25,g,G012,Garlic,2,cloves
GF-REC-00930,GF-ING-00279,"Pepper, black (Piper nigrum)",1.0,tsp,G031,Black pepper,1, tsp
GF-REC-00930,GF-ING-00332,"Chicken, poultry, breast, skinless",1587.0,g,N003,Chicken,3 to 4,pounds
GF-REC-00930,,"Rosemary, dried",0.5,tsp,UK-13-882,Rosemary,.5,tsp
GF-REC-00930,,"Thyme, dried, ground",1.0,tsp,UK-13-883,Thyme,1,tsp
GF-REC-00930,,"Lemons, flesh only, raw, weighed with peel and pips",10.0,g,UK-14-130,Lemon slices,for garnishing,
GF-REC-00930,,Salt,1.0,tsp,UK-17-367,Kosher Salt ,1,tsp
GF-REC-00930,,"Butter, unsalted",2.0,tbsp,UK-17-661,Butter ,2,tbsp
GF-REC-00930,,"Lemon peel, raw",4.0,tsp,US-167749,Lemon zest,4,tsp
GF-REC-00931,GF-ING-00077,Parsley (Petroselinum crispum),1.0,sprig,C028,Basil/Parsley,for garnishing,
GF-REC-00931,GF-ING-00279,"Pepper, black (Piper nigrum)",0.5,tsp,G031,Black pepper Powder ,.5,tsp
GF-REC-00931,GF-ING-00468,"Pomfret, white (Pampus argenteus)",680.0,g,P057,White fish filets,680,g
GF-REC-00931,,Garlic powder,1.0,tsp,UK-13-830,Garlic powder,1,tsp
GF-REC-00931,,Paprika,1.0,tsp,UK-13-879,Paprika,1,tsp
GF-REC-00931,,"Lemons, flesh only, raw, weighed with peel and pips",30.0,g,UK-14-130,Lemon juice,1,lemon
GF-REC-00931,,"Lemons, flesh only, raw, weighed with peel and pips",10.0,g,UK-14-130,Lemon slices,for garnishing,
GF-REC-00931,,"Oil, olive",1.0,tbsp,UK-17-038,Olive oil,1,tbsp
GF-REC-00931,,Salt,1.5,tsp,UK-17-367,Kosher Salt ,1.5,tsp
GF-REC-00931,,"Butter, unsalted",3.0,tbsp,UK-17-661,Melted butter,3,tbsp
GF-REC-00931,,"Lemon peel, raw",2.0,tbsp,US-167749,Lemon zest,2,tbsp
GF-REC-00931,,"Spices, onion powder",1.0,tsp,US-171327,Onion powder,1,tsp
GF-REC-00932,GF-ING-00279,"Pepper, black (Piper nigrum)",0.25,tsp,G031,Ground pepper,.25, tsp
GF-REC-00932,GF-ING-00315,"Egg, poultry, whole, raw",400.0,g,M001,Eggs,8,nos
GF-REC-00932,,"Curly kale, raw",840.0,g,UK-13-234,Kale,30,ounces
GF-REC-00932,,"Oil, olive",1.0,tbsp,UK-17-038,Extra-virgin olive oil,1,tbsp
GF-REC-00932,,Salt,0.5,tsp,UK-17-367,Salt,.5,tsp
GF-REC-00932,,"Tomato sauce, homemade",735.0,g,UK-50-1173,Tomato sauce,3,cups
GF-REC-00933,GF-ING-00117,"Capsicum, red (Capsicum annuum)",30.0,g,D034,Bell pepper,1,ring
GF-REC-00933,GF-ING-00279,"Pepper, black (Piper nigrum)",0.5,tsp,G031,Ground black pepper,.5, tsp
GF-REC-00933,GF-ING-00315,"Egg, poultry, whole, raw",550.0,g,M001,Egg,11,nos
GF-REC-00933,,Salt,0.5,tsp,UK-17-367,Salt,.5,tsp
GF-REC-00934,GF-ING-00082,Spinach (Spinacia oleracea),15.0,g,C033,Spinach,.5,cup
GF-REC-00934,GF-ING-00279,"Pepper, black (Piper nigrum)",0.125,tsp,G031,Pepper,.125, tsp
GF-REC-00934,GF-ING-00305,"Button mushroom, fresh (Agaricus sp.)",15.4,g,J001,Mushrooms,.25, cup
GF-REC-00934,GF-ING-00315,"Egg, poultry, whole, raw",68.0,g,M001,Egg whites,2,nos
GF-REC-00934,GF-ING-00315,"Egg, poultry, whole, raw",100.0,g,M001,Eggs,2,nos
GF-REC-00934,,Salt,0.125,tsp,UK-17-367,Salt,.125, tsp
GF-REC-00934,,"Butter, unsalted",1.0,tsp,UK-17-661,Butter,1, tsp
GF-REC-00934,,"Cheese, provolone",2.0,tbsp,US-170850,Provolone cheese,2,tbsp
GF-REC-00935,GF-ING-00279,"Pepper, black (Piper nigrum)",0.25,tsp,G031,Pepper,.25, tsp
GF-REC-00935,GF-ING-00315,"Egg, poultry, whole, raw",500.0,g,M001,Eggs,10,nos
GF-REC-00935,,"Cheese, Cheddar, English",66.0,g,UK-12-346,Cheddar cheese,.5,cup
GF-REC-00935,,"Sweetcorn, kernels, raw",145.0,g,UK-13-622,Corn,1, cup
GF-REC-00935,,Salt,0.25,tsp,UK-17-367,Salt,.25, tsp
GF-REC-00935,,"Water, distilled",2.0,tbsp,UK-17-377         ,Water,2, tbsp
GF-REC-00935,,"Butter, unsalted",2.0,tbsp,UK-17-661,Butter,2, tbsp
GF-REC-00935,,"Butter, unsalted",2.0,tsp,UK-17-661,Butter,2,tsp
GF-REC-00936,GF-ING-00116,"Capsicum, green (Capsicum annuum)",74.5,g,D033,Green bell pepper,.5, cup
GF-REC-00936,GF-ING-00117,"Capsicum, red (Capsicum annuum)",74.5,g,D034,Red bell pepper,.5, cup
GF-REC-00936,GF-ING-00265,"Onion, big (Allium cepa)",100.0,g,G017,Onion,1,cup
GF-REC-00936,GF-ING-00279,"Pepper, black (Piper nigrum)",0.5,tsp,G031,Ground black pepper,.5,tsp
GF-REC-00936,GF-ING-00332,"Chicken, poultry, breast, skinless",220.0,g,N003,Chicken breasts,4,nos
GF-REC-00936,,"Cheese, Cheddar, English",132.0,g,UK-12-346,Cheddar cheese,1,cup
GF-REC-00936,,"Oil, olive",2.0,tbsp,UK-17-038,Extra-virgin olive oil,2,tbsp
GF-REC-00936,,Salt,0.5,tsp,UK-17-367,Kosher salt,.5, tsp
GF-REC-00936,,"CAJUN SEASONING, CAJUN",2.0,tbsp,US-627292,Cajun seasoning,2, tbsp
GF-REC-00937,GF-ING-00069,Fenugreek leaves (Trigonella foenum graecum),0.5,tsp,C020,Dried fenugreek leaves,.5,tsp
GF-REC-00937,GF-ING-00116,"Capsicum, green (Capsicum annuum)",16.67,g,D033,Capsicum,.33,
GF-REC-00937,GF-ING-00158,"Tomato, ripe, hybrid (Solanum lycopersicum)",50.0,g,D075,Tomato,1,
GF-REC-00937,GF-ING-00256,"Chillies, green - all varieties (Capsicum annum)",6.67,g,G008,Green chilli,2,
GF-REC-00937,GF-ING-00260,"Garlic, small clove (Allium sativum)",0.625,tsp,G012,Ginger garlic paste,.625,tsp
GF-REC-00937,GF-ING-00262,"Ginger, fresh (Zingiber officinale)",0.625,tsp,G014,Ginger garlic paste,.625,tsp
GF-REC-00937,GF-ING-00265,"Onion, big (Allium cepa)",75.0,g,G017,Onion,.75, cup
GF-REC-00937,GF-ING-00268,"Cardamom, green (Elettaria cardamomum)",0.5,tsp,G020,Green cardamom,2,
GF-REC-00937,GF-ING-00272,Coriander seeds (Coriandrum sativum),0.75,tsp,G024,Coriander powder,.75,tsp
GF-REC-00937,GF-ING-00273,Cumin seeds (Cuminum cyminum),0.5,tsp,G025,Cumin,.5,tsp
GF-REC-00937,GF-ING-00286,Cashew nut (Anacardium occidentale),12.53,g,H005,Cashewnuts,7 to 8,
GF-REC-00937,,"Cheese, cottage, plain",250.0,g,UK-12-539,Paneer (cottage cheese),250,g
GF-REC-00937,,"Shallots, raw",40.0,g,UK-13-342,Shallot,.25,cups
GF-REC-00937,,Garam masala,0.75,tsp,UK-13-829,Garam masala,.75,tsp
GF-REC-00937,,Chilli powder,1.0,tsp,UK-13-873,Red chilli powder,1,tsp
GF-REC-00937,,"Oil, sunflower",2.5,tbsp,UK-17-045,Oil,2 to 3,tbsp
GF-REC-00937,,Salt,0.5,tsp,UK-17-367,Salt,.5,tsp
GF-REC-00937,,"Water, distilled",0.75,C,UK-17-377         ,Water,.75,cups
GF-REC-00937,,"Ghee, butter",1.5,tbsp,UK-17-640,Oil/Ghee,1.5,tbsp
GF-REC-00938,GF-ING-00018,"Wheat flour, refined (Triticum aestivum)",90.0,g,A018,Refined flour,.75,cup
GF-REC-00938,GF-ING-00116,"Capsicum, green (Capsicum annuum)",25.0,g,D033,Capsicum,.5,
GF-REC-00938,GF-ING-00119,Cauliflower (Brassica oleracea var. botrytis),100.0,g,D036,Gobi (cauliflower),20,florets
GF-REC-00938,GF-ING-00260,"Garlic, small clove (Allium sativum)",1.25,g,G012,Garlic,2,clove
GF-REC-00938,GF-ING-00260,"Garlic, small clove (Allium sativum)",0.25,tsp,G012,Ginger garlic paste,.25,tsp
GF-REC-00938,GF-ING-00262,"Ginger, fresh (Zingiber officinale)",12.66,g,G014,Ginger,1,inch
GF-REC-00938,GF-ING-00262,"Ginger, fresh (Zingiber officinale)",0.25,tsp,G014,Ginger garlic paste,.25,tsp
GF-REC-00938,GF-ING-00265,"Onion, big (Allium cepa)",15.0,g,G017,Onion,.25,nos 
GF-REC-00938,GF-ING-00279,"Pepper, black (Piper nigrum)",0.25,tsp,G031,Pepper,.25,tsp
GF-REC-00938,,"Flour, corn",29.25,g,UK-11-1045,Corn flour,.25,cup
GF-REC-00938,,"Flour, corn",1.0,tsp,UK-11-1045,Corn flour,1,tsp
GF-REC-00938,,"Spring onions, bulbs and tops, raw",7.5,g,UK-13-352,Spring onion,.25,
GF-REC-00938,,Chilli powder,0.25,tsp,UK-13-873,Kashmiri red chili powder,.25,tsp
GF-REC-00938,,"Oil, sunflower",4.0,tsp,UK-17-045,Oil,4,tsp
GF-REC-00938,,"Oil, sunflower",480.0,ml,UK-17-045,Oil,for deep frying,
GF-REC-00938,,Vinegar,2.0,tsp,UK-17-339,Vinegar,2,tsp
GF-REC-00938,,Salt,0.25,tsp,UK-17-367,Salt,.25,tsp
GF-REC-00938,,Salt,0.25,tsp,UK-17-367,Salt,.25,tsp
GF-REC-00938,,Salt,0.5,tsp,UK-17-367,Salt,.5,tsp
GF-REC-00938,,"Water, distilled",0.25,C,UK-17-377          ,Water,.25,cup
GF-REC-00938,,"Water, distilled",0.5,C,UK-17-377          ,Water,.5,cup
GF-REC-00938,,"Water, distilled",1.0,C,UK-17-377          ,Water,1,cup
GF-REC-00938,,"Water, distilled",4.0,C,UK-17-377          ,Water,4,cup
GF-REC-00938,,Chilli sauce,1.0,tsp,UK-17-719,Chilli sauce,1,tsp
GF-REC-00938,,"Soy sauce, light and dark varieties",2.0,tsp,UK-17-721,Soy sauce,2,tsp
GF-REC-00938,,"Tomato sauce, homemade",2.0,tbsp,UK-50-1173,Tomato sauce,2,tbsp
GF-REC-00939,GF-ING-00119,Cauliflower (Brassica oleracea var. botrytis),100.0,g,D036,Gobi (cauliflower),.25,nos 
GF-REC-00939,GF-ING-00194,"Lemon, juice (Citrus limon)",1.0,tsp,E033,Lemon juice,1, tsp
GF-REC-00939,GF-ING-00257,Coriander leaves (Coriandrum sativum),1.0,sprig,G009,Coriander leaves,few,
GF-REC-00939,GF-ING-00257,Coriander leaves (Coriandrum sativum),2.0,tbsp,G009,Coriander leaves,2,tbsp
GF-REC-00939,GF-ING-00258,Curry leaves (Murraya koenigii),1.0,sprig,G010,Curry leaves,few,
GF-REC-00939,GF-ING-00258,Curry leaves (Murraya koenigii),1.0,sprig,G010,Curry leaves,few,
GF-REC-00939,GF-ING-00260,"Garlic, small clove (Allium sativum)",0.5,tsp,G012,Ginger garlic paste,.5, tsp
GF-REC-00939,GF-ING-00262,"Ginger, fresh (Zingiber officinale)",12.66,g,G014,Ginger,1,inch
GF-REC-00939,GF-ING-00262,"Ginger, fresh (Zingiber officinale)",0.5,tsp,G014,Ginger garlic paste,.5, tsp
GF-REC-00939,GF-ING-00270,"Chillies, red (Capsicum annum)",6.67,g,G022,Dried red chili,2,
GF-REC-00939,GF-ING-00271,Cloves (Syzygium aromaticum),0.5,tsp,G023,Clove,2,nos 
GF-REC-00939,GF-ING-00273,Cumin seeds (Cuminum cyminum),0.5,tsp,G025,Cumin,.5,tsp
GF-REC-00939,GF-ING-00281,Turmeric powder (Curcuma domestica),0.25,tsp,G033,Turmeric,.25, tsp
GF-REC-00939,,"Flour, rice",30.0,g,UK-11-021,Rice flour,.25,cups
GF-REC-00939,,"Flour, corn",29.25,g,UK-11-1045,Corn flour,.25,cups
GF-REC-00939,,"Yogurt, whole milk, plain",1.0,tbsp,UK-12-184,Curd / yogurt,1,tbsp
GF-REC-00939,,"Yogurt, whole milk, plain",2.0,tbsp,UK-12-184,Curd / yogurt,2, tbsp
GF-REC-00939,,Garam masala,0.25,tsp,UK-13-829,Garam masala,.25, tsp
GF-REC-00939,,Chilli powder,0.5,tsp,UK-13-873,Kashmiri red chili powder,.5,tsp
GF-REC-00939,,Chilli powder,1.0,tsp,UK-13-873,Kashmiri red chili powder,1, tsp
GF-REC-00939,,"Oil, sunflower",1.0,tsp,UK-17-045,Oil,1,tsp
GF-REC-00939,,"Oil, sunflower",2.0,C,UK-17-045,Oil,For frying,
GF-REC-00939,,"Oil, sunflower",3.0,tsp,UK-17-045,Oil,3,tsp
GF-REC-00939,,Salt,0.25,tsp,UK-17-367,Salt,.25,tsp
GF-REC-00939,,Salt,0.5,tsp,UK-17-367,Salt,.5,tsp
GF-REC-00939,,Salt,0.5,tsp,UK-17-367,Salt,.5,tsp
GF-REC-00939,,"Water, distilled",4.0,C,UK-17-377          ,Water,4,cups
GF-REC-00940,GF-ING-00069,Fenugreek leaves (Trigonella foenum graecum),1.5,tsp,C020,Kasuri methi,1 to 2,tsp
GF-REC-00940,GF-ING-00158,"Tomato, ripe, hybrid (Solanum lycopersicum)",150.0,g,D075,Tomato,3,nos 
GF-REC-00940,GF-ING-00256,"Chillies, green - all varieties (Capsicum annum)",8.33,g,G008,Green chilli,2 to 3,
GF-REC-00940,GF-ING-00257,Coriander leaves (Coriandrum sativum),2.0,tbsp,G009,Coriander leaves,2,tbsp
GF-REC-00940,GF-ING-00260,"Garlic, small clove (Allium sativum)",3.13,g,G012,Garlic,5,cloves
GF-REC-00940,GF-ING-00262,"Ginger, fresh (Zingiber officinale)",1.0,tsp,G014,Ginger,1,tsp
GF-REC-00940,GF-ING-00265,"Onion, big (Allium cepa)",60.0,g,G017,Onion,1,nos 
GF-REC-00940,GF-ING-00268,"Cardamom, green (Elettaria cardamomum)",0.25,tsp,G020,Green cardamom,1,
GF-REC-00940,GF-ING-00272,Coriander seeds (Coriandrum sativum),2.0,tsp,G024,Coriander powder,2,tsp
GF-REC-00940,GF-ING-00281,Turmeric powder (Curcuma domestica),0.5,tsp,G033,Turmeric,.25,tsp
GF-REC-00940,GF-ING-00286,Cashew nut (Anacardium occidentale),16.7,g,H005,Cashewnut,10,
GF-REC-00940,,"Cheese, cottage, plain",250.0,g,UK-12-539,Paneer (cottage cheese),250,g
GF-REC-00940,,"Bay leaf, dried",0.2,g,UK-13-806,Bay leaf,.5,
GF-REC-00940,,Garam masala,0.25,tsp,UK-13-829,Garam masala,.25,tsp
GF-REC-00940,,Chilli powder,0.5,tsp,UK-13-873,Red chilli powder,.5,tsp
GF-REC-00940,,"Cinnamon, ground",0.5,tsp,UK-13-874,Cinnamon,1,stick
GF-REC-00940,,"Oil, sunflower",3.0,tbsp,UK-17-045,Cooking oil/Butter,3,tbsp
GF-REC-00940,,Salt,0.5,tsp,UK-17-367,Salt,To taste ,
GF-REC-00940,,"Water, distilled",0.75,C,UK-17-377          ,Water,.75,cups
GF-REC-00940,,"Water, distilled",2.0,tbsp,UK-17-377          ,Water,2,tbsp
GF-REC-00941,GF-ING-00119,Cauliflower (Brassica oleracea var. botrytis),400.0,g,D036,Cauliflower,1, head
GF-REC-00941,GF-ING-00279,"Pepper, black (Piper nigrum)",0.5,tsp,G031,Black pepper,.5,tsp
GF-REC-00941,,Garlic powder,0.25,tsp,UK-13-830,Garlic powder,.25,tsp
GF-REC-00941,,"Oil, olive",2.0,tbsp,UK-17-038,Extra-virgin olive oil,2,tbsp
GF-REC-00941,,Salt,0.5,tsp,UK-17-367,Salt,.5,tsp
GF-REC-00942,GF-ING-00133,"French beans, hybrid (Phaseolus vulgaris)",226.0,g,D050,Green beans,.5,pound
GF-REC-00942,GF-ING-00239,"Radish, elongate, white skin (Raphanus sativus)",116.0,g,F010,Radishes,1, cup
GF-REC-00942,GF-ING-00298,Pine seed (Pinus sp.),28.35,g,H017,Pine nuts,2,tbsp
GF-REC-00942,,"Sugar, white",0.5,tsp,UK-17-063,Sugar,.5, tsp
GF-REC-00942,,Salt,0.25,tsp,UK-17-367,Salt,.25,tsp
GF-REC-00942,,"Butter, unsalted",1.0,tbsp,UK-17-661,Butter,1, tbsp
GF-REC-00943,GF-ING-00027,"Black gram, dal (Phaseolus mungo)",0.5,tsp,B003,Urad dal,.5,tsp
GF-REC-00943,GF-ING-00225,"Tamarind, pulp (Tamarindus indica)",50.0,g,E064,Tamarind,1,small ball sized tamarind
GF-REC-00943,GF-ING-00258,Curry leaves (Murraya koenigii),1.0,sprig,G010,Curry leaves,Few,
GF-REC-00943,GF-ING-00260,"Garlic, small clove (Allium sativum)",11.25,g,G012,Garlic,18,clove
GF-REC-00943,GF-ING-00267,Asafoetida (Ferula assa-foetida),0.25,tsp,G019,Hing / asafoetida,Pinch,
GF-REC-00943,GF-ING-00270,"Chillies, red (Capsicum annum)",26.4,g,G022,Dried red chili,8,nos.
GF-REC-00943,GF-ING-00294,Mustard seeds (Brassica nigra),1.0,tsp,H013,Mustard,1,tsp
GF-REC-00943,,"Shallots, raw",105.0,g,UK-13-342,Shallots (diced),3,nos.
GF-REC-00943,,"Oil, sunflower",2.0,tbsp,UK-17-045,Oil,2,tbsp
GF-REC-00943,,"Oil, sunflower",3.0,tsp,UK-17-045,Oil,3,tsp
GF-REC-00943,,Salt,0.5,tsp,UK-17-367,Salt,To taste ,
GF-REC-00944,GF-ING-00260,"Garlic, small clove (Allium sativum)",136.0,g,G012,Garlic,1,cup
GF-REC-00944,GF-ING-00262,"Ginger, fresh (Zingiber officinale)",48.0,g,G014,Ginger,.5,cup
GF-REC-00944,GF-ING-00270,"Chillies, red (Capsicum annum)",50.0,g,G022,Dried red chili,50,g
GF-REC-00944,GF-ING-00279,"Pepper, black (Piper nigrum)",0.5,tsp,G031,Pepper,.5,tsp
GF-REC-00944,,Chilli powder,50.0,g,UK-13-873,Kashmiri red chilli,50,g
GF-REC-00944,,"Oil, sunflower",0.5,C,UK-17-045,Oil,.5,cup
GF-REC-00944,,"Sugar, white",2.0,tbsp,UK-17-063,Sugar,2,tbsp
GF-REC-00944,,Vinegar,2.0,tbsp,UK-17-339,Vinegar,2,tbsp
GF-REC-00944,,Salt,1.0,tsp,UK-17-367,Salt,1,tsp
GF-REC-00944,,"Water, distilled",1.0,C,UK-17-377          ,Water,For soaking,
GF-REC-00944,,"Soy sauce, light and dark varieties",2.0,tsp,UK-17-721,Soy sauce,2,tsp
GF-REC-00944,,"Tomato sauce, homemade",3.0,tbsp,UK-50-1173,Tomato sauce,3,tbsp
GF-REC-00945,GF-ING-00273,Cumin seeds (Cuminum cyminum),1.0,tbsp,G025,Cumin seeds (jeera),1,tbsp
GF-REC-00945,GF-ING-00274,Fenugreek seeds (Trigonella foenum graecum),1.0,tbsp,G026,Fenugreek (methi) seeds,1,tbsp
GF-REC-00945,GF-ING-00294,Mustard seeds (Brassica nigra),1.0,tbsp,H013,Mustard seeds (rai /sarson),1,tbsp
GF-REC-00945,,Fennel seeds,1.0,tbsp,UK-13-827,Fennell seeds (saunf),1,tbsp
GF-REC-00945,,"SWEET SUNNAH, WHOLE BLACK SEEDS NIGELLA SATIVA",1.0,tbsp,US-468991,Nigella seeds (kalonji),1,tbsp
GF-REC-00946,GF-ING-00025,"Bengal gram, dal (Cicer arietinum)",2.0,tsp,B001,Chana Dal,2,tsp
GF-REC-00946,GF-ING-00027,"Black gram, dal (Phaseolus mungo)",1.0,tsp,B003,Urad Dal,1,tsp
GF-REC-00946,GF-ING-00225,"Tamarind, pulp (Tamarindus indica)",0.5,tsp,E064,Tamarind Paste,.5,tsp
GF-REC-00946,GF-ING-00260,"Garlic, small clove (Allium sativum)",1.875,g,G012,Garlic cloves,3,nos
GF-REC-00946,GF-ING-00262,"Ginger, fresh (Zingiber officinale)",1.0,tsp,G014,Ginger,1,tsp
GF-REC-00946,GF-ING-00265,"Onion, big (Allium cepa)",120.0,g,G017,Onions,2,nos
GF-REC-00946,GF-ING-00270,"Chillies, red (Capsicum annum)",10.0,g,G022,Dry Red chillies,3,nos
GF-REC-00946,GF-ING-00303,"Jaggery, cane (Saccharum officinarum)",0.5,tsp,I001,Jaggery,.5,tsp
GF-REC-00946,,"Oil, sunflower",3.0,tsp,UK-17-045,Cooking Oil,3,tsp
GF-REC-00946,,Salt,0.5,tsp,UK-17-367,Salt,As per taste ,
GF-REC-00947,GF-ING-00178,"Dates, dry, pale brown (Phoenix dactylifera)",147.0,g,E017,Dates,1,cup
GF-REC-00947,GF-ING-00270,"Chillies, red (Capsicum annum)",11.66,g,G022,Whole red chillies,3 to 4,nos
GF-REC-00947,GF-ING-00273,Cumin seeds (Cuminum cyminum),2.0,tsp,G025,Cumin powder,2,tsp
GF-REC-00947,,"Oil, sunflower",1.0,tsp,UK-17-045,Oil,1,tsp
GF-REC-00947,,Salt,0.5,tsp,UK-17-367,Salt,As required,
GF-REC-00947,,"Water, distilled",1.5,C,UK-17-377          ,Water,For soaking,
GF-REC-00948,GF-ING-00120,Celery stalk (Apium graveolens),17.0,g,D037,Celery,1,stalk
GF-REC-00948,GF-ING-00194,"Lemon, juice (Citrus limon)",1.0,tbsp,E033,Lemon juice,1,tbsp
GF-REC-00948,GF-ING-00279,"Pepper, black (Piper nigrum)",0.25,tsp,G031,Pepper,.25,tsp
GF-REC-00948,GF-ING-00282,Almond (Prunus amygdalus),71.5,g,H001,"Blanched,slivered almonds",.5,cup
GF-REC-00948,GF-ING-00332,"Chicken, poultry, breast, skinless",280.0,g,N003,"Chopped,cooked chicken meat",2,cup
GF-REC-00948,,"Mayonnaise, standard, retail",110.0,g,UK-17-654,Mayonnaise,.5,cup
GF-REC-00949,GF-ING-00117,"Capsicum, red (Capsicum annuum)",111.75,g,D034,Red bell pepper,.75,cup
GF-REC-00949,GF-ING-00120,Celery stalk (Apium graveolens),25.5,g,D037,Celery,1 to 2,stalk
GF-REC-00949,GF-ING-00265,"Onion, big (Allium cepa)",33.0,g,G017,Red onion,.33,cup
GF-REC-00949,GF-ING-00270,"Chillies, red (Capsicum annum)",0.125,tsp,G022,"Red pepper, crushed",.125,tsp
GF-REC-00949,GF-ING-00279,"Pepper, black (Piper nigrum)",0.25,tsp,G031,"Black Pepper,ground",.25,tsp
GF-REC-00949,GF-ING-00315,"Egg, poultry, whole, raw",100.0,g,M001,Hard boiled eggs,2,nos
GF-REC-00949,,"Pasta, white, dried, raw",227.0,g,UK-11-716,Macaroni noodles,227,g
GF-REC-00949,,"Gherkins, pickled, drained",77.5,g,UK-13-246,Sweet gherkins,.5,cup
GF-REC-00949,,Garlic powder,0.125,tsp,UK-13-830,Garlic powder,.125,tsp
GF-REC-00949,,"Sugar, white",1.0,tbsp,UK-17-063,Granulated sugar,1,tbsp
GF-REC-00949,,Vinegar,1.0,tbsp,UK-17-339,Red wine vinegar,1,tbsp
GF-REC-00949,,Salt,0.25,tsp,UK-17-367,Salt,.25,tsp
GF-REC-00949,,"Mayonnaise, standard, retail",165.0,g,UK-17-654,Mayonnaise,.75,cup
GF-REC-00949,,"Pickle, sweet",2.0,tbsp,UK-17-718,Sweet pickle juice,2,tbsp
GF-REC-00949,,"Sour cream, regular",180.0,g,US-1097906,Sour cream,.25,cup
GF-REC-00949,,"DIJON MUSTARD, DIJON",2.0,tsp,US-1860491,Dijon mustard,2,tsp
GF-REC-00950,GF-ING-00064,"Cabbage, green (Brassica oleracea var. capitata f. alba)",150.0,g,C015,"Cabbage, shredded",150,g
GF-REC-00950,GF-ING-00256,"Chillies, green - all varieties (Capsicum annum)",3.3,g,G008,"Green chili,chopped",1,nos
GF-REC-00950,GF-ING-00312,"Milk, whole, Cow",4.0,tbsp,L002,Milk,4,tbsp
GF-REC-00950,,"Yogurt, whole milk, plain",150.0,g,UK-12-184,Curd,150,g
GF-REC-00950,,Salt,0.5,tsp,UK-17-367,Salt,to taste,
GF-REC-00950,,"Sour cream, regular",100.0,g,US-1097906,Sour cream,100,g
GF-REC-00951,GF-ING-00216,"Pomegranate, maroon seeds (Punica granatum)",43.5,g,E055,Pomegranate,.25,cup
GF-REC-00951,GF-ING-00273,Cumin seeds (Cuminum cyminum),0.25,tsp,G025,Roasted cumin powder,.25,tsp
GF-REC-00951,GF-ING-00312,"Milk, whole, Cow",0.5,C,L002,Milk,.5,cup
GF-REC-00951,,"Yogurt, whole milk, plain",122.5,g,UK-12-184,Curd / yogurt,.5,cup
GF-REC-00951,,Chilli powder,0.5,tsp,UK-13-873,Red chili powder,.5,tsp
GF-REC-00951,,Salt,0.5,tsp,UK-17-367,Salt,To taste ,
GF-REC-00952,GF-ING-00256,"Chillies, green - all varieties (Capsicum annum)",10.0,g,G008,Green chilies,2,nos
GF-REC-00952,GF-ING-00257,Coriander leaves (Coriandrum sativum),1.0,tbsp,G009,Coriander leaves,1,tbsp
GF-REC-00952,GF-ING-00265,"Onion, big (Allium cepa)",50.0,g,G017,Onions ,.5,cup
GF-REC-00952,,"Yogurt, whole milk, plain",245.0,g,UK-12-184,Yogurt/ curd,1,cup
GF-REC-00952,,Salt,0.5,tsp,UK-17-367,Salt,To taste ,
GF-REC-00953,GF-ING-00256,"Chillies, green - all varieties (Capsicum annum)",16.6,g,G008,Green chilies,5,nos.
GF-REC-00953,GF-ING-00257,Coriander leaves (Coriandrum sativum),2.0,sprig,G009,Coriander leaves,handful,
GF-REC-00953,,"Yogurt, whole milk, plain",490.0,g,UK-12-184,Curd,2,cup
GF-REC-00953,,Chilli powder,0.5,tsp,UK-13-873,Red chili powder,2,pinch
GF-REC-00953,,Salt,0.5,tsp,UK-17-367,Salt,as required,
GF-REC-00954,GF-ING-00162,"Apple, big (Malus domestica)",80.0,g,E001,Apple,1,nos
GF-REC-00954,GF-ING-00194,"Lemon, juice (Citrus limon)",2.0,tbsp,E033,Lemon juice,2,tbsp
GF-REC-00954,GF-ING-00279,"Pepper, black (Piper nigrum)",0.5,tsp,G031,Pepper,.5,tsp
GF-REC-00954,,"Cheese, Feta",37.5,g,UK-12-525,Feta cheese,.25,cup
GF-REC-00954,,"Curly kale, raw",206.0,g,UK-13-234,Kale,10,cups
GF-REC-00954,GF-ING-00299,Pumpkin seeds,32.25,g,UK-14-842,Pumpkin seeds ,.25,cup
GF-REC-00954,,"Oil, olive",3.0,tbsp,UK-17-038,Olive oil,3,tbsp
GF-REC-00954,,Salt,1.0,tsp,UK-17-367,Salt,1,tsp
GF-REC-00955,GF-ING-00018,"Wheat flour, refined (Triticum aestivum)",2.0,tsp,A018,Maida,2,tsp
GF-REC-00955,GF-ING-00082,Spinach (Spinacia oleracea),30.0,g,C033,Spinach leaves,1,cup
GF-REC-00955,GF-ING-00260,"Garlic, small clove (Allium sativum)",0.5,tbsp,G012,Garlic,.5,tbsp
GF-REC-00955,GF-ING-00279,"Pepper, black (Piper nigrum)",1.0,tsp,G031,Black Pepper,1,tsp
GF-REC-00955,GF-ING-00312,"Milk, whole, Cow",0.25,C,L002,Milk,.25,cup
GF-REC-00955,GF-ING-00315,"Egg, poultry, whole, raw",50.0,g,M001,Egg,1,nos
GF-REC-00955,,"Bread, white, average",54.0,g,UK-11-1145,Bread Crumb,.5,cup
GF-REC-00955,,"Cheese, cottage, plain",105.0,g,UK-12-539,Grated Paneer,.5,cup
GF-REC-00955,,"Basil, dried, ground",1.0,tsp,UK-13-805,Basil Leaves,1,tsp
GF-REC-00955,,Chilli powder,1.0,tsp,UK-13-873,Chilli Flakes,1,tsp
GF-REC-00955,,"Oregano, dried, ground",1.0,tsp,UK-13-878,Oregano,1,tsp
GF-REC-00955,,Salt,1.0,tsp,UK-17-367,Salt,1,tsp
GF-REC-00955,,"Butter, unsalted",1.0,tbsp,UK-17-661,Butter,1,tbsp
GF-REC-00955,,"Cheese spread, cream cheese, regular",120.0,g,US-1098072,Shredded Cheese,.5,cup
GF-REC-00956,GF-ING-00018,"Wheat flour, refined (Triticum aestivum)",2.0,tbsp,A018,All purpose flour,2,tbsp
GF-REC-00956,GF-ING-00235,"Potato, brown skin, big (Solanum tuberosum)",453.0,g,F006,Potatoes,453,g
GF-REC-00956,GF-ING-00257,Coriander leaves (Coriandrum sativum),1.0,sprig,G009,Cilantro/ coriander,1,bunch
GF-REC-00956,GF-ING-00262,"Ginger, fresh (Zingiber officinale)",12.66,g,G014,Ginger,1,inch
GF-REC-00956,GF-ING-00265,"Onion, big (Allium cepa)",60.0,g,G017,Red Onion,1.5,nos
GF-REC-00956,GF-ING-00279,"Pepper, black (Piper nigrum)",1.0,tsp,G031,Black Pepper,1,tsp
GF-REC-00956,GF-ING-00312,"Milk, whole, Cow",1.0,C,L002,Whole Milk,1,cup
GF-REC-00956,GF-ING-00315,"Egg, poultry, whole, raw",300.0,g,M001,Eggs,6,nos
GF-REC-00956,,"Bread, white, average",2.0,tbsp,UK-11-1145,Breadcrumbs,for dusting,
GF-REC-00956,,"Cheese, Cheddar, English",132.0,g,UK-12-346,Cheddar cheese,1,cup
GF-REC-00956,,Chilli powder,1.0,tsp,UK-13-873,Red Chilli powder,1,tsp
GF-REC-00956,,Salt,0.5,tsp,UK-17-367,Salt,for taste,
GF-REC-00956,,"Butter, unsalted",2.0,tbsp,UK-17-661,Butter,2,tbsp
GF-REC-00956,,"Peppers, jalapeno, raw",225.0,g,US-168576,Jalapeno Peppers,225,g
GF-REC-00957,GF-ING-00018,"Wheat flour, refined (Triticum aestivum)",1.0,tbsp,A018,Flour,1,tbsp
GF-REC-00957,GF-ING-00265,"Onion, big (Allium cepa)",60.0,g,G017,"Onion, finely chopped",1,nos
GF-REC-00957,GF-ING-00279,"Pepper, black (Piper nigrum)",0.5,tsp,G031,Pepper,To taste ,
GF-REC-00957,GF-ING-00312,"Milk, whole, Cow",1.0,C,L002,Milk,1,cup
GF-REC-00957,GF-ING-00315,"Egg, poultry, whole, raw",100.0,g,M001,Eggs,2,nos
GF-REC-00957,GF-ING-00332,"Chicken, poultry, breast, skinless",190.0,g,N003,Chicken cooked,1,nos
GF-REC-00957,,"Cream, fresh, single",60.0,g,UK-12-332,Cream,60,g
GF-REC-00957,,Vinegar,0.5,tsp,UK-17-339,Vinegar,.5,tsp
GF-REC-00957,,Salt,0.5,tsp,UK-17-367,Salt,To taste ,
GF-REC-00957,,"Butter, unsalted",60.0,g,UK-17-661,Butter,60,g
GF-REC-00957,,Chilli sauce,0.25,tsp,UK-17-719,Chilli sauce,.25,tsp
GF-REC-00957,,"Tomato sauce, homemade",0.25,tsp,UK-50-1173,Tomato sauce,.25,tsp
GF-REC-00957,,"Cheese spread, cream cheese, regular",60.0,g,US-1098072,Grated cheese,60,g
GF-REC-00958,GF-ING-00178,"Dates, dry, pale brown (Phoenix dactylifera)",73.5,g,E017,Dates,.5,cup
GF-REC-00958,GF-ING-00225,"Tamarind, pulp (Tamarindus indica)",60.0,g,E064,Tamarind,.5,cup
GF-REC-00958,GF-ING-00267,Asafoetida (Ferula assa-foetida),0.125,tsp,G019,Hing ,.125,tsp
GF-REC-00958,GF-ING-00272,Coriander seeds (Coriandrum sativum),0.75,tsp,G024,Roasted coriander powder,.75,tsp
GF-REC-00958,GF-ING-00273,Cumin seeds (Cuminum cyminum),0.5,tsp,G025,Roasted jeera powder (roasted cumin powder),.5,tsp
GF-REC-00958,GF-ING-00303,"Jaggery, cane (Saccharum officinarum)",100.0,g,I001,Jaggery,.5,cup
GF-REC-00958,,Fennel seeds,0.5,tsp,UK-13-827,Roaasted saunf powder (roasted fennel powder),.5,tsp
GF-REC-00958,,"Ginger, ground",0.5,tsp,UK-13-832,Ginger powder,.5,tsp
GF-REC-00958,,Chilli powder,1.5,tsp,UK-13-873,Red chilli powder,0.5 to 1,tsp
GF-REC-00958,,"Water, distilled",2.0,C,UK-17-377,Water,2,cups
GF-REC-00958,,"Ghee, butter",0.5,tsp,UK-17-640,Ghee,.5,tsp
GF-REC-00958,,HIMALAYAN BLACK SALT,0.5,tsp,US-806241,Kala namak (black salt),.5,tsp
GF-REC-00959,GF-ING-00269,"Cardamom, black (Elettaria cardamomum)",5.5,g,G021,Black cardamoms,5 to 6,g
GF-REC-00959,GF-ING-00270,"Chillies, red (Capsicum annum)",4.0,g,G022,Dried red chilies,4,g
GF-REC-00959,GF-ING-00271,Cloves (Syzygium aromaticum),6.0,g,G023,Cloves,6,g
GF-REC-00959,GF-ING-00272,Coriander seeds (Coriandrum sativum),11.0,g,G024,Coriander seeds,11,g
GF-REC-00959,GF-ING-00273,Cumin seeds (Cuminum cyminum),26.0,g,G025,Cumin seeds,26,g
GF-REC-00959,GF-ING-00275,Mace (Myristica fragrans),3.0,g,G027,Mace,3,g
GF-REC-00959,GF-ING-00276,Nutmeg (Myristica fragrans),5.0,g,G028,Nutmeg,5,g
GF-REC-00959,GF-ING-00279,"Pepper, black (Piper nigrum)",10.0,g,G031,Pepper corn,10,g
GF-REC-00959,GF-ING-00281,Turmeric powder (Curcuma domestica),1.0,tsp,G033,turmeric,1,tsp
GF-REC-00959,,Fennel seeds,15.0,g,UK-13-827,Fennell seeds,15,g
GF-REC-00959,,"Ginger, ground",1.0,tsp,UK-13-832,Dried ginger powder,1,tsp
GF-REC-00959,,"Cinnamon, ground",4.0,g,UK-13-874,Cinnamon,4,g
GF-REC-00959,,Salt,2.0,tsp,UK-17-367,Salt ,2,tsp
GF-REC-00959,,STAR ANISE,2.0,g,US-384277,Star anise,2,g
GF-REC-00959,,"SIVA'S, AMHUR POWDER (DRY MANGO POWDER)",2.0,tbsp,US-400113,Amchur powder,2,tbsp
GF-REC-00960,GF-ING-00025,"Bengal gram, dal (Cicer arietinum)",1.75,tbsp,B001,Roasted chana dal,1.5 to 2,tbsp
GF-REC-00960,GF-ING-00194,"Lemon, juice (Citrus limon)",1.25,tbsp,E033,Lemon juice or lime juice,1 to 1.5,tbsp
GF-REC-00960,GF-ING-00256,"Chillies, green - all varieties (Capsicum annum)",9.99,g,G008,Green chilies,2 to 4,nos
GF-REC-00960,GF-ING-00257,Coriander leaves (Coriandrum sativum),32.0,g,G009,Coriander leaves,2,cups
GF-REC-00960,GF-ING-00260,"Garlic, small clove (Allium sativum)",1.25,g,G012,Garlic Cloves,2,nos
GF-REC-00960,GF-ING-00262,"Ginger, fresh (Zingiber officinale)",4.75,g,G014,Ginger,0.25 to 0.5,inch
GF-REC-00960,GF-ING-00264,Mint leaves (Mentha spicata ),16.0,g,G016,Mint,1,cup
GF-REC-00960,GF-ING-00273,Cumin seeds (Cuminum cyminum),1.0,tsp,G025,Roasted cumin seeds,1,tsp
GF-REC-00960,,Salt,0.3,tsp,UK-17-367,Salt,0.25 to 0.33,tsp
GF-REC-00961,GF-ING-00194,"Lemon, juice (Citrus limon)",0.75,tsp,E033,lemon juice ,0.5 to 1,tsp
GF-REC-00961,GF-ING-00235,"Potato, brown skin, big (Solanum tuberosum)",140.0,g,F006,Potatoes,2,medium
GF-REC-00961,GF-ING-00256,"Chillies, green - all varieties (Capsicum annum)",3.33,g,G008,Green chillies ,1,no.
GF-REC-00961,GF-ING-00257,Coriander leaves (Coriandrum sativum),1.5,tbsp,G009,Coriander leaves ,1 to 2,tbsp
GF-REC-00961,GF-ING-00258,Curry leaves (Murraya koenigii),1.0,sprig,G010,Curry Leaves ,8 to 10,leaves
GF-REC-00961,GF-ING-00262,"Ginger, fresh (Zingiber officinale)",1.0,tsp,G014,Grated ginger ,1,tsp
GF-REC-00961,GF-ING-00273,Cumin seeds (Cuminum cyminum),1.0,tsp,G025,Cumin seeds ,1,tsp
GF-REC-00961,GF-ING-00287,"Coconut, kernal, dry (Cocos nucifera)",20.0,g,H006,"Coconut, grated",.25,cup
GF-REC-00961,GF-ING-00293,Ground nut (Arachis hypogea),73.0,g,H012,Peanuts,.5,cup 
GF-REC-00961,,"Sago, raw",152.0,g,UK-11-023,Sago ( sabudana,1,cup
GF-REC-00961,,"Sugar, white",0.75,tsp,UK-17-063,Sugar,0.5 to 1,tsp
GF-REC-00961,,Salt,0.5,tsp,UK-17-367,Rock salt,As required,
GF-REC-00961,,Salt,0.5,tsp,UK-17-367,Salt ,as required,
GF-REC-00961,,"Water, distilled",1.5,C,UK-17-377,Water ,For soaking,
GF-REC-00961,,"Ghee, butter",3.0,tbsp,UK-17-640,Ghee ,3,tbsp
GF-REC-00962,GF-ING-00158,"Tomato, ripe, hybrid (Solanum lycopersicum)",25.0,g,D075,Tomato ,1,small
GF-REC-00962,GF-ING-00256,"Chillies, green - all varieties (Capsicum annum)",0.58,tsp,G008,Green chillies ,0.5 to 0.66,tsp
GF-REC-00962,GF-ING-00257,Coriander leaves (Coriandrum sativum),4.0,g,G009,"Coriander leaves,chopped ",.25,cup
GF-REC-00962,GF-ING-00265,"Onion, big (Allium cepa)",30.0,g,G017,Onion,1,small
GF-REC-00962,GF-ING-00281,Turmeric powder (Curcuma domestica),0.625,tsp,G033,Turmeric powder ,2 to 3,pinch
GF-REC-00962,,"Flour, gram",100.0,g,UK-11-896,Gram flour,100,g
GF-REC-00962,,"Ginger, ground",6.33,g,UK-13-832,Ginger ,.5,inch
GF-REC-00962,,Chilli powder,0.25,tsp,UK-13-873,Red chilli powder ,.25,tsp
GF-REC-00962,,"Oil, sunflower",0.75,tsp,UK-17-045,Oil,0.5 to 1,tsp
GF-REC-00962,,Salt,0.5,tsp,UK-17-367,Salt ,as required,
GF-REC-00962,,"Water, distilled",0.58,C,UK-17-377,Water ,0.5 to 0.66,cup
GF-REC-00962,,AJWAIN SEED WHOLE ORGANIC SPICES,0.5,tsp,US-806341,Ajwain(carom seeds),.5,tsp
GF-REC-00963,GF-ING-00024,"Wheat, vermicelli, roasted (Triticum aestivum)",352.0,g,A024,Vermicelii(jave),2,cup
GF-REC-00963,GF-ING-00144,"Peas, fresh (Pisum sativum)",36.25,g,D061,Green peas,.25,cup
GF-REC-00963,GF-ING-00158,"Tomato, ripe, hybrid (Solanum lycopersicum)",90.0,g,D075,Tomato,.5,cup
GF-REC-00963,GF-ING-00235,"Potato, brown skin, big (Solanum tuberosum)",35.0,g,F006,Potato,1,Small
GF-REC-00963,GF-ING-00257,Coriander leaves (Coriandrum sativum),1.0,tbsp,G009,Coriander leaves ,1,tbsp
GF-REC-00963,GF-ING-00265,"Onion, big (Allium cepa)",50.0,g,G017,Onion,.5,cup
GF-REC-00963,GF-ING-00267,Asafoetida (Ferula assa-foetida),0.25,tsp,G019,Hing (asafoetida),1,pinch
GF-REC-00963,GF-ING-00294,Mustard seeds (Brassica nigra),0.5,tsp,H013,Mustard seed,.5,tsp
GF-REC-00963,,Garam masala,0.5,tsp,UK-13-829,Garam masala ,.5,tsp
GF-REC-00963,,"Ginger, ground",12.66,g,UK-13-832,Ginger ,1,inch
GF-REC-00963,,Chilli powder,0.5,tsp,UK-13-873,Red chilli powder ,.5,tsp
GF-REC-00963,,"Oil, sunflower",1.0,tbsp,UK-17-045,Oil,1,tbsp
GF-REC-00963,,Salt,0.5,tsp,UK-17-367,Salt ,as required,
GF-REC-00963,,"Water, distilled",3.5,C,UK-17-377,Water ,3.5,cup
GF-REC-00963,,"Ghee, butter",1.5,tbsp,UK-17-640,Ghee ,1.5,tbsp
GF-REC-00964,GF-ING-00019,"Wheat flour, atta (Triticum aestivum)",130.0,g,A019,Wheat flour,1,cup
GF-REC-00964,GF-ING-00069,Fenugreek leaves (Trigonella foenum graecum),0.75,tbsp,C020,Kasuri methi(fenugrrek leaves),.75,tbsp
GF-REC-00964,GF-ING-00281,Turmeric powder (Curcuma domestica),0.25,tsp,G033,Turmeric powder ,1,pinch
GF-REC-00964,,Chilli powder,2.0,tsp,UK-13-873,Red chilli powder ,2,tsp
GF-REC-00964,,"Oil, sunflower",1.0,tbsp,UK-17-045,Refined oil,1,tbsp
GF-REC-00964,,Salt,0.5,tsp,UK-17-367,Salt ,as required,
GF-REC-00964,,"Water, distilled",0.5,C,UK-17-377,Water ,.5,cup
GF-REC-00964,,"Water, distilled",2.0,tbsp,UK-17-377,Water ,2,tbsp
GF-REC-00965,GF-ING-00014,"Rice, parboiled, milled (Oryza sativa )",1.5,tbsp,A014,Raw rice,1 to 2,tbsp
GF-REC-00965,GF-ING-00034,"Green gram, dal (Vigna radiata)",175.0,g,B010,Whole moong dal,1,cup
GF-REC-00965,GF-ING-00256,"Chillies, green - all varieties (Capsicum annum)",6.67,g,G008,Green chillies ,2,nos.
GF-REC-00965,GF-ING-00256,"Chillies, green - all varieties (Capsicum annum)",6.67,g,G008,Green chillies ,2,nos.
GF-REC-00965,GF-ING-00265,"Onion, big (Allium cepa)",120.0,g,G017,Onion,2,medium
GF-REC-00965,GF-ING-00273,Cumin seeds (Cuminum cyminum),0.5,tsp,G025,Cumin seeds ,.5,tsp
GF-REC-00965,GF-ING-00273,Cumin seeds (Cuminum cyminum),0.75,tsp,G025,Cumin seeds ,0.5 to 1,tsp
GF-REC-00965,,"Ginger, ground",9.45,g,UK-13-832,Ginger ,.75,inch.
GF-REC-00965,,"Oil, sunflower",1.0,tbsp,UK-17-045,Oil,1,tbsp
GF-REC-00965,,Salt,0.25,tsp,UK-17-367,Salt ,.25,tsp
GF-REC-00965,,"Ghee, butter",2.0,tbsp,UK-17-640,Ghee ,2,tbsp
GF-REC-00966,GF-ING-00003,Bajra (Pennisetum typhoideum),40.0,g,A003,Pearl millet flour,40,g
GF-REC-00966,GF-ING-00005,Jowar (Sorghum vulgare),40.0,g,A005,Sorghum flour,40,g
GF-REC-00966,GF-ING-00019,"Wheat flour, atta (Triticum aestivum)",120.0,g,A019,Whole wheat flour,120,g
GF-REC-00966,GF-ING-00069,Fenugreek leaves (Trigonella foenum graecum),16.0,g,C020,Fenugreek leaves ,1,cup
GF-REC-00966,GF-ING-00256,"Chillies, green - all varieties (Capsicum annum)",0.75,tsp,G008,Green chillies ,1/2-1,tsp
GF-REC-00966,GF-ING-00272,Coriander seeds (Coriandrum sativum),0.5,tsp,G024,Coriander powder ,.5,tsp
GF-REC-00966,GF-ING-00273,Cumin seeds (Cuminum cyminum),0.5,tsp,G025,Cumin powder,.5,tsp
GF-REC-00966,GF-ING-00281,Turmeric powder (Curcuma domestica),0.5,tsp,G033,Turmeric powder ,.5,tsp
GF-REC-00966,,"Flour, gram",40.0,g,UK-11-896,Gram flour,40,g
GF-REC-00966,,"Yogurt, whole milk, plain",4.5,tbsp,UK-12-184,Curd,4 to 5,tbsp
GF-REC-00966,,"Ginger, ground",12.66,g,UK-13-832,Ginger ,1,inch.
GF-REC-00966,,Chilli powder,0.5,tsp,UK-13-873,Red chilli powder ,.5,tsp
GF-REC-00966,,"Oil, sunflower",1.0,tbsp,UK-17-045,Oil,1,tbsp
GF-REC-00966,,"Oil, sunflower",3.0,tbsp,UK-17-045,Oil,As required,
GF-REC-00966,,Salt,0.75,tbsp,UK-17-367,Salt ,.75,tbsp
GF-REC-00967,GF-ING-00287,"Coconut, kernal, dry (Cocos nucifera)",40.0,g,H006,Coconut,.5,cup
GF-REC-00967,,"Flour, rice",120.0,g,UK-11-021,Puttu flour,1,cup
GF-REC-00967,,Salt,0.5,tsp,UK-17-367,Salt ,As required,
GF-REC-00967,,"Water, distilled",0.33,C,UK-17-377,Water ,.33,cup
GF-REC-00967,,"Water, distilled",2.5,C,UK-17-377,Water for steaming,2 to 3,cup
GF-REC-00968,GF-ING-00018,"Wheat flour, refined (Triticum aestivum)",30.0,g,A018,Maida ,.25,cup
GF-REC-00968,GF-ING-00231,"Carrot, orange (Daucus carota)",64.0,g,F002,"Carrot, grated",.5,cup
GF-REC-00968,,"Buckwheat, groats",170.0,g,UK-11-006,Buckwheat flour,1,cup
GF-REC-00968,,Salt,0.5,tsp,UK-17-367,Salt ,to taste,
GF-REC-00968,,"Water, distilled",240.0,ml,UK-17-377,Water ,to mix,
GF-REC-00968,,"Butter, unsalted",9.0,tbsp,UK-17-661,Butter,as needed,
GF-REC-00969,GF-ING-00009,Quinoa (Chenopodium quinoa),85.0,g,A009,Quinoa ,.5,cup
GF-REC-00969,GF-ING-00034,"Green gram, dal (Vigna radiata)",87.5,g,B010,Moong dal,.5,cup
GF-REC-00969,GF-ING-00133,"French beans, hybrid (Phaseolus vulgaris)",50.0,g,D050,Green beans ,.5,cup
GF-REC-00969,GF-ING-00144,"Peas, fresh (Pisum sativum)",72.5,g,D061,Green peas,.5,cup
GF-REC-00969,GF-ING-00231,"Carrot, orange (Daucus carota)",64.0,g,F002,Carrot,.5,cup
GF-REC-00969,GF-ING-00257,Coriander leaves (Coriandrum sativum),1.0,sprig,G009,Coriander leaves ,to garnish,
GF-REC-00969,GF-ING-00265,"Onion, big (Allium cepa)",50.0,g,G017,Onion,.5,cup
GF-REC-00969,GF-ING-00267,Asafoetida (Ferula assa-foetida),0.25,tsp,G019,Hing (asafoetida),.25,tsp
GF-REC-00969,GF-ING-00273,Cumin seeds (Cuminum cyminum),1.0,tsp,G025,Cumin seeds ,1,tsp
GF-REC-00969,GF-ING-00281,Turmeric powder (Curcuma domestica),0.5,tsp,G033,Turmeric powder ,.5,tsp
GF-REC-00969,,"Ginger, ground",1.0,tsp,UK-13-832,Ginger ,1,tsp
GF-REC-00969,,Chilli powder,0.5,tsp,UK-13-873,Red chilli powder ,.5,tsp
GF-REC-00969,,Salt,1.0,tsp,UK-17-367,Salt ,1,tsp
GF-REC-00969,,"Water, distilled",3.5,C,UK-17-377,Water ,3.5,cup
GF-REC-00969,,"Ghee, butter",1.0,tbsp,UK-17-640,Ghee ,1,tbsp
GF-REC-00970,GF-ING-00019,"Wheat flour, atta (Triticum aestivum)",97.5,g,A019,Wheat flour,.75,cup
GF-REC-00970,GF-ING-00025,"Bengal gram, dal (Cicer arietinum)",1.35,tbsp,B001,Roasted chana dal,1.2 to 1.5,tbsp
GF-REC-00970,GF-ING-00069,Fenugreek leaves (Trigonella foenum graecum),0.5,tbsp,C020,Kasuri methi(fenugrrek leaves),.5,tbsp
GF-REC-00970,GF-ING-00158,"Tomato, ripe, hybrid (Solanum lycopersicum)",50.0,g,D075,Tomato,1,nos.
GF-REC-00970,GF-ING-00178,"DATES, dried",14.7,g,E017,Dates,.1,cup
GF-REC-00970,GF-ING-00194,"Lemon, juice (Citrus limon)",3.0,tbsp,E033,Lemon juice ,3,tbsp
GF-REC-00970,GF-ING-00194,"Lemon, juice (Citrus limon)",1.0,tsp,E033,Lemon juice or lime juice,0.75 to 1.2,tsp
GF-REC-00970,GF-ING-00216,"Pomegranate, maroon seeds (Punica granatum)",4.5,tbsp,E055,Pomegranate seeds,4 to 5,tbsp
GF-REC-00970,GF-ING-00225,"Tamarind, pulp (Tamarindus indica)",12.0,g,E064,Tamarind,.1,cup
GF-REC-00970,GF-ING-00235,"Potato, brown skin, big (Solanum tuberosum)",105.0,g,F006,Potato,1 to 2,nos.
GF-REC-00970,GF-ING-00256,"Chillies, green - all varieties (Capsicum annum)",7.5,g,G008,Green chilies,1.5 to 3, nos
GF-REC-00970,GF-ING-00257,Coriander leaves (Coriandrum sativum),24.0,g,G009,Coriander leaves,1.5,cups
GF-REC-00970,GF-ING-00257,Coriander leaves (Coriandrum sativum),1.0,tbsp,G009,Coriander leaves ,1,tbsp
GF-REC-00970,GF-ING-00260,"Garlic, small clove (Allium sativum)",1.0,g,G012,Garlic Cloves,1.5,nos
GF-REC-00970,GF-ING-00262,"Ginger, fresh (Zingiber officinale)",3.8,g,G014,Ginger,0.2 to 0.4,inch
GF-REC-00970,GF-ING-00264,Mint leaves (Mentha spicata ),12.0,g,G016,Mint,.75,cup
GF-REC-00970,GF-ING-00265,"Onion, big (Allium cepa)",60.0,g,G017,Onion ,1,nos.
GF-REC-00970,GF-ING-00267,Asafoetida (Ferula assa-foetida),0.1,tsp,G019,Hing ,.1,tsp
GF-REC-00970,GF-ING-00267,Asafoetida (Ferula assa-foetida),0.25,tsp,G019,Hing (asafoetida),1,pinch
GF-REC-00970,GF-ING-00272,Coriander seeds (Coriandrum sativum),0.1,tsp,G024,Roasted coriander powder,.1,tsp
GF-REC-00970,GF-ING-00273,Cumin seeds (Cuminum cyminum),0.5,tsp,G025,Jeera powder,.5,tsp
GF-REC-00970,GF-ING-00273,Cumin seeds (Cuminum cyminum),0.75,tsp,G025,Roasted cumin seeds,.75,tsp
GF-REC-00970,GF-ING-00273,Cumin seeds (Cuminum cyminum),0.1,tsp,G025,Roasted jeera powder (roasted cumin powder),.1,tsp
GF-REC-00970,GF-ING-00279,"Pepper, black (Piper nigrum)",0.3,tsp,G031,Black pepper,.33,tsp
GF-REC-00970,GF-ING-00281,Turmeric powder (Curcuma domestica),0.25,tsp,G033,Turmeric powder ,1,pinch
GF-REC-00970,GF-ING-00281,Turmeric powder (Curcuma domestica),0.3,tsp,G033,Turmeric powder ,.33,tsp
GF-REC-00970,GF-ING-00303,"Jaggery, cane (Saccharum officinarum)",20.0,g,I001,Jaggery,.1,cup
GF-REC-00970,,"Flour, gram",240.0,g,UK-11-896,Bengal gram flour,2,cup
GF-REC-00970,,Fennel seeds,0.1,tsp,UK-13-827,Roaasted saunf powder (roasted fennel powder),.1,tsp
GF-REC-00970,,"Ginger, ground",0.1,tsp,UK-13-832,Ginger powder,.1,tsp
GF-REC-00970,,Chilli powder,0.17,tsp,UK-13-873,Red chilli powder,0.1 to 0.25,tsp
GF-REC-00970,,Chilli powder,0.5,tsp,UK-13-873,Red chilli powder ,.5,tsp
GF-REC-00970,,Chilli powder,0.5,tsp,UK-13-873,Red chilli powder ,.5,tsp
GF-REC-00970,,Chilli powder,1.5,tsp,UK-13-873,Red chilli powder ,1.5,tsp
GF-REC-00970,,Mixed curry spices,1.0,tsp,UK-13-886,Chaat masala,1,tsp
GF-REC-00970,,"Oil, sunflower",1.0,tsp,UK-17-045,Oil,1,tsp
GF-REC-00970,,"Oil, sunflower",2.0,C,UK-17-045,Oil,for frying,
GF-REC-00970,,"Oil, sunflower",0.75,tbsp,UK-17-045,Refined oil,.75,tbsp
GF-REC-00970,,Salt,0.22,tsp,UK-17-367,Salt,0.2 to 0.25,tsp
GF-REC-00970,,Salt,0.5,tsp,UK-17-367,Salt ,as required,
GF-REC-00970,,Salt,0.5,tsp,UK-17-367,Salt ,as required,
GF-REC-00970,,Salt,0.5,tsp,UK-17-367,Salt ,as required,
GF-REC-00970,,"Water, distilled",0.5,C,UK-17-377,Water,.5,cup
GF-REC-00970,,"Water, distilled",0.5,C,UK-17-377,Water,.5,cups
GF-REC-00970,,"Water, distilled",2.0,tbsp,UK-17-377,Water,2,tbsp
GF-REC-00970,,"Water, distilled",0.3,C,UK-17-377,Water ,.3,cup
GF-REC-00970,,"Water, distilled",2.25,tbsp,UK-17-377,Water ,2.25,tbsp
GF-REC-00970,,"Ghee, butter",0.1,tsp,UK-17-640,Ghee,.1,tsp
GF-REC-00970,,HIMALAYAN BLACK SALT,0.1,tsp,US-806241,Kala namak (black salt),.1,tsp
GF-REC-00971,GF-ING-00170,"Banana, ripe, montham (Musa x paradisiaca)",200.0,g,E009,Banana,2,nos.
GF-REC-00971,GF-ING-00268,"Cardamom, green (Elettaria cardamomum)",0.5,tsp,G020,Cardamom powder,.5,tsp
GF-REC-00971,GF-ING-00287,"Coconut, kernal, dry (Cocos nucifera)",20.0,g,H006,Coconut,.25,cup
GF-REC-00971,GF-ING-00303,"Jaggery, cane (Saccharum officinarum)",100.0,g,I001,Jaggery,.5,cup
GF-REC-00971,,"Flour, rice",120.0,g,UK-11-021,Rice flour,1,cup
GF-REC-00971,,"Oil, sunflower",2.0,C,UK-17-045,Oil,for frying,
GF-REC-00971,,Salt,0.25,tsp,UK-17-367,Salt ,1,pinch
GF-REC-00971,,"Water, distilled",1.0,C,UK-17-377,Water,as needed,
GF-REC-00972,GF-ING-00018,"Wheat flour, refined (Triticum aestivum)",3.0,tbsp,A018,All purpose flour,3,tbsp
GF-REC-00972,GF-ING-00064,"Cabbage, green (Brassica oleracea var. capitata f. alba)",111.25,g,C015,Cabbage,1.25,cup
GF-REC-00972,GF-ING-00116,"Capsicum, green (Capsicum annuum)",2.0,tbsp,D033,Capsicum,2,tbsp
GF-REC-00972,GF-ING-00133,"French beans, hybrid (Phaseolus vulgaris)",25.0,g,D050,French beans,.25,cup
GF-REC-00972,GF-ING-00231,"Carrot, orange (Daucus carota)",64.0,g,F002,Carrot,.5,cup
GF-REC-00972,GF-ING-00260,"Garlic, small clove (Allium sativum)",0.5,tsp,G012,Ginger garlic paste,.5,tsp
GF-REC-00972,GF-ING-00262,"Ginger, fresh (Zingiber officinale)",0.5,tsp,G014,Ginger garlic paste,.5,tsp
GF-REC-00972,GF-ING-00265,"Onion, big (Allium cepa)",25.0,g,G017,Onion,.25,cup
GF-REC-00972,GF-ING-00279,"Pepper, black (Piper nigrum)",0.37,tsp,G031,Pepper,0.25 to 0.5,tsp
GF-REC-00972,,"Flour, corn",3.0,tbsp,UK-11-1045,Corn starch,3,tbsp
GF-REC-00972,,"Bread, white, average",14.8,g,UK-11-1145,Breadcrumbs,0.25 to 0.5,cup
GF-REC-00972,,"Oil, sunflower",2.0,C,UK-17-045,Oil,for frying,
GF-REC-00972,,Salt,0.5,tsp,UK-17-367,Salt ,2,pinch
GF-REC-00973,GF-ING-00116,"Capsicum, green (Capsicum annuum)",74.5,g,D033,Capsicum,.5,cup
GF-REC-00973,GF-ING-00119,Cauliflower (Brassica oleracea var. botrytis),125.0,g,D036,Cauliflower,120 to 130 ,g
GF-REC-00973,GF-ING-00133,"French beans, hybrid (Phaseolus vulgaris)",30.0,g,D050,French beans,.3,cup
GF-REC-00973,GF-ING-00144,"Peas, fresh (Pisum sativum)",145.0,g,D061,Green peas,1,cup
GF-REC-00973,GF-ING-00158,"Tomato, ripe, hybrid (Solanum lycopersicum)",360.0,g,D075,Tomato,2,cups
GF-REC-00973,GF-ING-00231,"Carrot, orange (Daucus carota)",128.0,g,F002,Carrot,1,cup
GF-REC-00973,GF-ING-00235,"Potato, brown skin, big (Solanum tuberosum)",210.0,g,F006,Potatoes,3,medium
GF-REC-00973,GF-ING-00256,"Chillies, green - all varieties (Capsicum annum)",1.0,tsp,G008,Green chillies,1,tsp
GF-REC-00973,GF-ING-00257,Coriander leaves (Coriandrum sativum),3.5,tbsp,G009,Coriander leaves ,3 to 4,tbsp
GF-REC-00973,GF-ING-00260,"Garlic, small clove (Allium sativum)",1.0,tsp,G012,Ginger garlic paste,1,tsp
GF-REC-00973,GF-ING-00262,"Ginger, fresh (Zingiber officinale)",1.0,tsp,G014,Ginger garlic paste,1,tsp
GF-REC-00973,GF-ING-00265,"Onion, big (Allium cepa)",120.0,g,G017,Onion,2,large
GF-REC-00973,GF-ING-00269,"Cardamom, black (Elettaria cardamomum)",0.125,tsp,G021,Black cardamoms,.5,no.
GF-REC-00973,GF-ING-00270,"Chillies, red (Capsicum annum)",4.7,g,G022,Dried red chilies,1.25 to 1.5,no.
GF-REC-00973,GF-ING-00271,Cloves (Syzygium aromaticum),0.25,tbsp,G023,Cloves,.25,tbsp
GF-REC-00973,GF-ING-00272,Coriander seeds (Coriandrum sativum),0.5,tbsp,G024,Coriander seeds,.5,tbsp
GF-REC-00973,GF-ING-00273,Cumin seeds (Cuminum cyminum),5.76,g,G025,Cumin seeds,.06,cups
GF-REC-00973,GF-ING-00273,Cumin seeds (Cuminum cyminum),1.0,tsp,G025,Cumin seeds,1,tsp
GF-REC-00973,GF-ING-00275,Mace (Myristica fragrans),0.25,tbsp,G027,Mace,.25,tbsp
GF-REC-00973,GF-ING-00276,Nutmeg (Myristica fragrans),0.2,tsp,G028,Nutmeg,.25,no.
GF-REC-00973,GF-ING-00279,"Pepper, black (Piper nigrum)",0.25,tbsp,G031,Pepper corn,.25,tbsp
GF-REC-00973,GF-ING-00281,Turmeric powder (Curcuma domestica),0.25,tsp,G033,Turmeric powder ,.25,tsp
GF-REC-00973,GF-ING-00281,Turmeric powder (Curcuma domestica),1.0,tsp,G033,Turmeric powder ,1,tsp
GF-REC-00973,,Fennel seeds,0.5,tbsp,UK-13-827,Fennell seeds,.5,tbsp
GF-REC-00973,,"Ginger, ground",1.0,tsp,UK-13-832,Dried ginger powder,1,tsp
GF-REC-00973,,Chilli powder,1.0,tsp,UK-13-873,Kashmiri Red chilli powder ,1,tsp
GF-REC-00973,,"Cinnamon, ground",0.75,tsp,UK-13-874,Cinnamon,1.25,no.
GF-REC-00973,,"Lemons, flesh only, raw, weighed with peel and pips",30.0,g,UK-14-130,Lemon ,1,no.
GF-REC-00973,,Salt,0.5,tsp,UK-17-367,Salt ,As required,
GF-REC-00973,,Salt,2.0,tsp,UK-17-367,Salt ,2,tsp
GF-REC-00973,,"Water, distilled",1.75,C,UK-17-377          ,Water,1.5 to 2,cups
GF-REC-00973,,"Water, distilled",2.3,C,UK-17-377          ,Water,2.25 to 2.5,cups
GF-REC-00973,,"Butter, unsalted",3.0,tbsp,UK-17-661,Butter,3,tbsp
GF-REC-00973,,"Butter, unsalted",6.0,tbsp,UK-17-661,Butter (for topping & roasting pav),5 to 7,tbsp
GF-REC-00973,,STAR ANISE,1.5,g,US-384277,Star anise,.75,no.
GF-REC-00973,,"SIVA'S, AMHUR POWDER (DRY MANGO POWDER)",0.5,tbsp,US-400113,Amchur powder,.5,tbsp
GF-REC-00973,,WHITE HAMBURGER BUNS,516.0,g,US-534237,Pav buns/Dinner rolls,12,nos.
GF-REC-00974,GF-ING-00025,"Bengal gram, dal (Cicer arietinum)",150.0,g,B001,Roasted Gram dal,.75,cup
GF-REC-00974,GF-ING-00267,Asafoetida (Ferula assa-foetida),0.25,tsp,G019,Hing (asafoetida),1,pinch
GF-REC-00974,,"Flour, rice",360.0,g,UK-11-021,Rice flour,3,cup
GF-REC-00974,,Chilli powder,0.5,tsp,UK-13-873,Red chilli powder ,.5,tsp
GF-REC-00974,,Sesame seeds,2.0,tbsp,UK-14-844,Black sesame seeds,2,tbsp
GF-REC-00974,,"Oil, sunflower",2.0,C,UK-17-045,Oil,for fryng,
GF-REC-00974,,Salt,0.75,tsp,UK-17-367,Salt ,.75,tsp
GF-REC-00974,,"Water, distilled",3.0,tbsp,UK-17-377,Water,for kneading ,
GF-REC-00974,,"Butter, unsalted",2.0,tbsp,UK-17-661,Butter,2,tbsp
GF-REC-00974,,AJWAIN SEED WHOLE ORGANIC SPICES,0.5,tsp,US-806341,Ajwain(carom seeds),.5,tsp
GF-REC-00975,GF-ING-00012,Rice puffed (Oryza sativa ),60.0,g,A012,Puffed rice,2,cups
GF-REC-00975,GF-ING-00018,"Wheat flour, refined (Triticum aestivum)",120.0,g,A018,Maida,1,cup
GF-REC-00975,GF-ING-00025,"Bengal gram, dal (Cicer arietinum)",1.0,tbsp,B001,Roasted gram,1,tbsp
GF-REC-00975,GF-ING-00158,"Tomato, ripe, hybrid (Solanum lycopersicum)",3.5,tbsp,D075,Tomato,3 to 4,tbsp
GF-REC-00975,GF-ING-00194,"Lemon, juice (Citrus limon)",1.0,tbsp,E033,Lemon juice ,1,tbsp
GF-REC-00975,GF-ING-00194,"Lemon, juice (Citrus limon)",2.0,tsp,E033,Lemon juice ,2,tsp
GF-REC-00975,GF-ING-00225,"Tamarind, pulp (Tamarindus indica)",2.5,tbsp,E064,Tamarind ,2 to 3,tbsp
GF-REC-00975,GF-ING-00235,"Potato, brown skin, big (Solanum tuberosum)",3.5,tbsp,F006,Potato,3 to 4,tbsp
GF-REC-00975,GF-ING-00256,"Chillies, green - all varieties (Capsicum annum)",33.0,g,G008,Green chilli ,9 to 12,no.
GF-REC-00975,GF-ING-00256,"Chillies, green - all varieties (Capsicum annum)",3.33,g,G008,Green chillies ,1,nos.
GF-REC-00975,GF-ING-00257,Coriander leaves (Coriandrum sativum),12.0,g,G009,Coriander leaves,.75,cup
GF-REC-00975,GF-ING-00260,"Garlic, small clove (Allium sativum)",2.8,g,G012,Garlic cloves,4 to 5,nos.
GF-REC-00975,GF-ING-00264,Mint leaves (Mentha spicata ),4.0,g,G016,Mint leaves,.25,cup
GF-REC-00975,GF-ING-00265,"Onion, big (Allium cepa)",2.0,tbsp,G017,Onion,2,tbsp
GF-REC-00975,GF-ING-00267,Asafoetida (Ferula assa-foetida),0.25,tsp,G019,Hing (asafoetida),1,pinch
GF-REC-00975,GF-ING-00272,Coriander seeds (Coriandrum sativum),2.0,tbsp,G024,Coriander ,2,tbsp
GF-REC-00975,GF-ING-00272,Coriander seeds (Coriandrum sativum),0.5,tsp,G024,Coriander powder,.5,tsp
GF-REC-00975,GF-ING-00273,Cumin seeds (Cuminum cyminum),0.25,tsp,G025,Cumin powder,.25,tsp
GF-REC-00975,GF-ING-00273,Cumin seeds (Cuminum cyminum),1.0,tsp,G025,Cumin seeds,1,tsp
GF-REC-00975,GF-ING-00273,Cumin seeds (Cuminum cyminum),0.5,tsp,G025,Roasted Cumin powder,.5,tsp
GF-REC-00975,GF-ING-00273,Cumin seeds (Cuminum cyminum),0.5,tsp,G025,Roasted jeera powder,.5,tsp
GF-REC-00975,GF-ING-00279,"Pepper, black (Piper nigrum)",0.3,tsp,G031,Black pepper,.33,tsp
GF-REC-00975,GF-ING-00281,Turmeric powder (Curcuma domestica),0.3,tsp,G033,Turmeric powder ,.3,tsp
GF-REC-00975,GF-ING-00293,Ground nut (Arachis hypogea),2.0,tbsp,H012,Peanuts,2,tbsp
GF-REC-00975,GF-ING-00303,"Jaggery, cane (Saccharum officinarum)",3.5,tbsp,I001,Jaggery,3 to 4,tbsp
GF-REC-00975,,"Flour, gram",184.0,g,UK-11-896,Bengal gram flour,2,cup
GF-REC-00975,,Fennel seeds,0.1,tsp,UK-13-827,Roasted fennel powder,.1,tsp
GF-REC-00975,,"Ginger, ground",3.33,g,UK-13-832,Ginger,.25,inch
GF-REC-00975,,"Ginger, ground",0.1,tsp,UK-13-832,Ginger powder,.1,tsp
GF-REC-00975,,Chilli powder,1.5,tbsp,UK-13-873,Red chilli powder,1.5,tbsp
GF-REC-00975,,Chilli powder,0.25,tsp,UK-13-873,Red chilli powder ,.25,tsp
GF-REC-00975,,Chilli powder,0.5,tsp,UK-13-873,Red chilli powder ,.5,tsp
GF-REC-00975,,"Oil, sunflower",1.0,tsp,UK-17-045,Oil,1,tsp
GF-REC-00975,,"Oil, sunflower",1.5,tbsp,UK-17-045,Oil,1.5,tbsp
GF-REC-00975,,"Oil, sunflower",2.0,C,UK-17-045,Oil,for frying,
GF-REC-00975,,"Oil, sunflower",2.0,C,UK-17-045,Oil ,For deep frying,
GF-REC-00975,,"Sugar, white",1.0,tsp,UK-17-063,Sugar,1,tsp
GF-REC-00975,,Salt,0.25,tsp,UK-17-367,Salt ,to taste,tsp
GF-REC-00975,,Salt,0.25,tsp,UK-17-367,Salt ,.25,tsp
GF-REC-00975,,Salt,0.25,tsp,UK-17-367,Salt ,.25,tsp
GF-REC-00975,,Salt,0.25,tsp,UK-17-367,Salt ,.25,tsp
GF-REC-00975,,Salt,0.28,tsp,UK-17-367,Salt ,1 to 2 pinches,
GF-REC-00975,,Salt,0.5,tsp,UK-17-367,Salt ,as required,
GF-REC-00975,,"Water, distilled",0.3,C,UK-17-377,Water,.3,cup
GF-REC-00975,,"Water, distilled",0.5,C,UK-17-377,Water,.5,cup
GF-REC-00975,,"Water, distilled",2.0,tbsp,UK-17-377,Water,2,tbsp
GF-REC-00975,,"Water, distilled",2.0,tbsp,UK-17-377,Water,2,tbsp
GF-REC-00975,,"Water, distilled",2.5,tbsp,UK-17-377,Water,2 to 3,tbsp
GF-REC-00975,,"Water, distilled",4.0,tbsp,UK-17-377,Water,4,tbsp
GF-REC-00975,,"SIVA'S, AMHUR POWDER (DRY MANGO POWDER)",0.62,tsp,US-400113,Amchur powder,0.5 to 0.75,tsp
GF-REC-00976,GF-ING-00022,"Wheat, semolina (Triticum aestivum)",167.0,g,A022,Rava (suji),1,cup
GF-REC-00976,GF-ING-00194,"Lemon, juice (Citrus limon)",1.1,tbsp,E033,Lemon juice ,1 to 1.25,tbsp
GF-REC-00976,GF-ING-00256,"Chillies, green - all varieties (Capsicum annum)",3.33,g,G008,Green chilli,1,nos.
GF-REC-00976,GF-ING-00257,Coriander leaves (Coriandrum sativum),2.0,tbsp,G009,Coriander leaves ,2,tbsp
GF-REC-00976,GF-ING-00258,Curry leaves (Murraya koenigii),1.0,sprig,G010,Curry leaves ,8 to 10,nos.
GF-REC-00976,GF-ING-00267,Asafoetida (Ferula assa-foetida),0.25,tsp,G019,Hing (asafoetida),1,pinch
GF-REC-00976,GF-ING-00273,Cumin seeds (Cuminum cyminum),0.5,tsp,G025,Cumin seeds ,.5,tsp
GF-REC-00976,GF-ING-00281,Turmeric powder (Curcuma domestica),0.25,tsp,G033,Turmeric powder ,1,pinch
GF-REC-00976,GF-ING-00287,"Coconut, kernal, dry (Cocos nucifera)",1.5,tbsp,H006,Coconut,1 to 2,tbsp
GF-REC-00976,GF-ING-00294,Mustard seeds (Brassica nigra),0.5,tsp,H013,Mustard seed,.5,tsp
GF-REC-00976,,"Ginger, ground",6.33,g,UK-13-832,Ginger,1,inch
GF-REC-00976,,Sesame seeds,1.0,tsp,UK-14-844,Sesame seed,1,tsp
GF-REC-00976,,"Oil, sunflower",0.5,tbsp,UK-17-045,Oil,1,tsp
GF-REC-00976,,"Oil, sunflower",1.0,tsp,UK-17-045,Oil,1,tsp
GF-REC-00976,,"Sugar, white",0.5,tsp,UK-17-063,Sugar,.5,tsp
GF-REC-00976,,Bicarbonate of soda,1.0,tsp,UK-17-356,Baking Soda,1,tsp
GF-REC-00976,,Salt,0.5,tsp,UK-17-367,Salt ,as required,
GF-REC-00976,,"Water, distilled",0.5,C,UK-17-377,Water,.5,cup
GF-REC-00976,,"Water, distilled",2.5,tbsp,UK-17-377,Water,.5,tbsp
GF-REC-00977,GF-ING-00158,"Tomato, ripe, hybrid (Solanum lycopersicum)",2.0,tbsp,D075,Tomato,2,tbsp
GF-REC-00977,GF-ING-00194,"Lemon, juice (Citrus limon)",2.0,tsp,E033,Lemon juice ,2,tsp
GF-REC-00977,GF-ING-00265,"Onion, big (Allium cepa)",2.0,tbsp,G017,Onion,2,tbsp
GF-REC-00977,GF-ING-00267,Asafoetida (Ferula assa-foetida),0.25,tsp,G019,Hing (asafoetida),1,pinch
GF-REC-00977,GF-ING-00272,Coriander seeds (Coriandrum sativum),1.0,tbsp,G024,Coriander,1,tbsp
GF-REC-00977,GF-ING-00279,"Pepper, black (Piper nigrum)",0.3,tsp,G031,Black pepper,.3,tsp
GF-REC-00977,GF-ING-00281,Turmeric powder (Curcuma domestica),0.3,tsp,G033,Turmeric powder ,.3,tsp
GF-REC-00977,,"Flour, gram",184.0,g,UK-11-896,Bengal gram flour,2,cup
GF-REC-00977,,"Sweetcorn, kernels, raw",217.5,g,UK-13-622,Boiled sweet corn,1.5,cup
GF-REC-00977,,Chilli powder,1.5,tsp,UK-13-873,Chilli powder,1.5,tsp
GF-REC-00977,,Chilli powder,0.5,tsp,UK-13-873,Red chilli powder ,.5,tsp
GF-REC-00977,,"Oil, sunflower",1.0,tsp,UK-17-045,Oil,1,tsp
GF-REC-00977,,"Oil, sunflower",2.0,C,UK-17-045,Oil,for frying,
GF-REC-00977,,Salt,0.5,tsp,UK-17-367,Salt ,to taste,
GF-REC-00977,,Salt,0.5,tsp,UK-17-367,Salt ,as required,
GF-REC-00977,,"Water, distilled",0.5,C,UK-17-377,Water,.5,cup
GF-REC-00977,,"Water, distilled",2.0,tbsp,UK-17-377,Water,2,tbsp
GF-REC-00977,,"Butter, unsalted",1.5,tbsp,UK-17-661,Butter,1.5,tbsp
GF-REC-00978,GF-ING-00022,"Wheat, semolina (Triticum aestivum)",3.0,tbsp,A022,Semolina,2 to 4,tbsp
GF-REC-00978,GF-ING-00191,"Jack fruit, ripe (Artocarpus heterophyllus)",165.0,g,E030,Jackfruit,1,cup
GF-REC-00978,GF-ING-00268,"Cardamom, green (Elettaria cardamomum)",0.25,tsp,G020,Cardamom powder,.25,tsp
GF-REC-00978,GF-ING-00286,Cashew nut (Anacardium occidentale),2.0,tbsp,H005,Cashew,2,tbsp
GF-REC-00978,GF-ING-00287,"Coconut, kernal, dry (Cocos nucifera)",2.0,tbsp,H006,Coconut chunks,2,tbsp
GF-REC-00978,GF-ING-00287,"Coconut, kernal, dry (Cocos nucifera)",20.0,g,H006,Coconut grated,.25,cup
GF-REC-00978,GF-ING-00303,"Jaggery, cane (Saccharum officinarum)",100.0,g,I001,Jaggery,.5,cup
GF-REC-00978,,"Flour, rice",120.0,g,UK-11-021,Rice rava ,1,cup
GF-REC-00978,,Sesame seeds,1.0,tsp,UK-14-844,Sesame seed,1,tsp
GF-REC-00978,,"Oil, sunflower",2.0,C,UK-17-045,Oil,for frying,
GF-REC-00978,,Salt,0.5,tsp,UK-17-367,Salt ,.5,tsp
GF-REC-00979,GF-ING-00170,"Banana, ripe, montham (Musa x paradisiaca)",200.0,g,E009,Banana,2,nos.
GF-REC-00979,,"Oil, sunflower",2.0,C,UK-17-045,Oil,for frying,
GF-REC-00979,,Salt,0.75,tsp,UK-17-367,Salt ,.75,tsp
GF-REC-00980,GF-ING-00019,"Wheat flour, atta (Triticum aestivum)",130.0,g,A019,Whole wheat flour,1,cup
GF-REC-00980,,"Milk, condensed, whole, sweetened",152.0,g,UK-12-520,Condensed milk,.5,cup
GF-REC-00980,,"Sugar, white",4.0,tbsp,UK-17-063,Sugar,4,tbsp
GF-REC-00980,,Baking powder,0.5,tsp,UK-17-355,Baking powder,.5,tsp
GF-REC-00980,,"Water, distilled",0.5,C,UK-17-377,Water,.5,cup
GF-REC-00980,,"Butter, unsalted",80.0,g,UK-17-661,Unsaltter butter,80,g
GF-REC-00980,,Vanilla extract,1.0,tsp,US-173471,Vanilla extract,1,tsp
GF-REC-00981,GF-ING-00197,"Mango, ripe, banganapalli (Mangifera indica)",600.0,g,E036,Mango,3,medium
GF-REC-00981,,"Biscuits, digestive, plain",116.0,g,UK-11-799,Marie biscuit,14 to 15,nos.
GF-REC-00981,,"Agar, dried",3.25,tsp,UK-13-146,Agar Agar powder,3 to 3.5,tsp
GF-REC-00981,,"Cinnamon, ground",0.25,tsp,UK-13-874,Ground cinnamon,.25,tsp
GF-REC-00981,,Honey,3.0,tbsp,UK-17-050,Honey,3,tbsp
GF-REC-00981,,"Sugar, white",100.0,g,UK-17-063,Sugar,.5,cup
GF-REC-00981,,"Water, distilled",0.5,C,UK-17-377,Water,.5,cup
GF-REC-00981,,"Cheese, cream, low fat",212.5,g,US-169079,Cream cheese,200 to 225,g
GF-REC-00981,,"Cream, fluid, light (coffee cream or table cream)",200.0,ml,US-170857,Light cream,200,ml
GF-REC-00981,,Vanilla extract,1.0,tsp,US-173471,Vanilla extract,1,tsp
GF-REC-00982,GF-ING-00019,"Wheat flour, atta (Triticum aestivum)",180.0,g,A019,Whole wheat flour,180,g
GF-REC-00982,GF-ING-00231,"Carrot, orange (Daucus carota)",195.0,g,F002,Carrot,190-200,g
GF-REC-00982,GF-ING-00276,Nutmeg (Myristica fragrans),0.25,tsp,G028,Nutmeg,.25,tsp
GF-REC-00982,,"Milk, condensed, whole, sweetened",400.0,g,UK-12-520,Condensed milk,1,can
GF-REC-00982,GF-ING-00312,"Milk, whole, Cow",152.0,g,L002,Milk,.5,cup
GF-REC-00982,,"Ginger, ground",0.5,tsp,UK-13-832,"Ginger, ground",.5,tsp
GF-REC-00982,,"Cinnamon, ground",0.5,tsp,UK-13-874,Cinnamon,.5,tsp
GF-REC-00982,,"Oil, sunflower",0.25,C,UK-17-045,Sunflower oil,.25,cup
GF-REC-00982,,Baking powder,1.5,tsp,UK-17-355,Baking powder,1.5,tsp
GF-REC-00982,,Salt,0.25,tsp,UK-17-367,Salt ,a pinch,
GF-REC-00982,,Vanilla extract,1.0,tsp,US-173471,Vanilla extract,1,tsp
GF-REC-00983,GF-ING-00022,"Wheat, semolina (Triticum aestivum)",95.0,g,A022,Rava (suji),95,g
GF-REC-00983,GF-ING-00268,"Cardamom, green (Elettaria cardamomum)",0.5,tsp,G020,Cardamom powder,.5,tbsp
GF-REC-00983,GF-ING-00287,"Coconut, kernal, dry (Cocos nucifera)",120.0,g,H006,Grated coconut,120,g
GF-REC-00983,GF-ING-00312,"Milk, whole, Cow",0.5,C,L002,Whole milk,.5,cup
GF-REC-00983,,"Milk, condensed, whole, sweetened",152.0,g,UK-12-520,Condensed milk,.5,cup
GF-REC-00983,,Baking powder,0.5,tsp,UK-17-355,Baking powder,.5,tsp
GF-REC-00983,,"Ghee, butter",3.0,tbsp,UK-17-640,Ghee ,3,tbsp
GF-REC-00984,GF-ING-00010,Ragi (Eleusine coracana),150.0,g,A010,Ragi flour,.75,cup
GF-REC-00984,GF-ING-00019,"Wheat flour, atta (Triticum aestivum)",97.5,g,A019,Wheat flour,.75,cup
GF-REC-00984,GF-ING-00312,"Milk, whole, Cow",1.0,C,L002,Full fat milk,1,cup
GF-REC-00984,GF-ING-00312,"Milk, whole, Cow",0.75,C,L002,Milk,.75,cup
GF-REC-00984,,"Yogurt, whole milk, plain",73.5,g,UK-12-184,Curd,.3,cup
GF-REC-00984,,Cocoa powder,2.0,tbsp,UK-12-545,Cocoa powder,2,tbsp
GF-REC-00984,,Cocoa powder,2.5,tbsp,UK-12-545,Cocoa powder,2 to 3,tbsp
GF-REC-00984,,"Sugar, white",50.0,g,UK-17-063,Sugar,.25,cup
GF-REC-00984,,"Sugar, white",200.0,g,UK-17-063,Sugar,1,cup
GF-REC-00984,,Vinegar,0.5,tbsp,UK-17-339,Vinegar,.5,tbsp
GF-REC-00984,,Baking powder,1.0,tsp,UK-17-355,Baking powder,1,tsp
GF-REC-00984,,Baking powder,0.5,tsp,UK-17-355,Baking soda,.5,tsp
GF-REC-00984,,Salt,0.1,tsp,UK-17-367,Salt ,.1,tsp
GF-REC-00984,,"Butter, unsalted",136.2,g,UK-17-661,Butter,.6,cup
GF-REC-00984,,Vanilla extract,1.0,tbsp,US-173471,Vanilla extract,1,tbsp
GF-REC-00984,,Vanilla extract,1.0,tsp,US-173471,Vanilla extract,1,tsp
GF-REC-00985,GF-ING-00018,"Wheat flour, refined (Triticum aestivum)",240.0,g,A018,Maida,2,cup
GF-REC-00985,GF-ING-00312,"Milk, whole, Cow",0.5,C,L002,Milk,.5,cup
GF-REC-00985,,"Yogurt, whole milk, plain",183.75,g,UK-12-184,Curd,.75,cup
GF-REC-00985,,"Oil, sunflower",0.75,C,UK-17-045,Oil,.75,cup
GF-REC-00985,,Honey,169.5,g,UK-17-050,Honey,.25,cup
GF-REC-00985,,Honey,1.0,tbsp,UK-17-050,Honey,1,tbsp
GF-REC-00985,,"Sugar, white",200.0,g,UK-17-063,Sugar,1,cup
GF-REC-00985,,"Sugar, white",2.0,tbsp,UK-17-063,Sugar,2,tbsp
GF-REC-00985,,Baking powder,1.0,tsp,UK-17-355,Baking powder,1,tsp
GF-REC-00985,,Baking powder,0.25,tsp,UK-17-355,Baking soda,.25,tsp
GF-REC-00985,,"Water, distilled",0.25,C,UK-17-377,Water,.25,cup
GF-REC-00985,,Vanilla extract,1.0,tsp,US-173471,Vanilla extract,1,tsp
GF-REC-00985,,STRAWBERRY JAM,112.0,g,US-490013,Strawberry jam ,.5,cup
GF-REC-00986,GF-ING-00018,"Wheat flour, refined (Triticum aestivum)",180.0,g,A018,All purpose flour,1.5,cup
GF-REC-00986,GF-ING-00268,"Cardamom, green (Elettaria cardamomum)",0.5,tsp,G020,Cardamom,.5,tsp
GF-REC-00986,GF-ING-00282,Almond (Prunus amygdalus),35.75,g,H001,Almonds,.25,cup
GF-REC-00986,GF-ING-00282,Almond (Prunus amygdalus),71.5,g,H001,Almonds,.5,cup
GF-REC-00986,GF-ING-00312,"Milk, whole, Cow",0.75,C,L002,Milk,.75,cup
GF-REC-00986,GF-ING-00315,"Egg, poultry, whole, raw",100.0,g,M001,Eggs,2,nos.
GF-REC-00986,,"Sugar, icing",0.5,tsp,UK-17-062,Powder sugar,for garnishing,
GF-REC-00986,,"Sugar, white",2.0,tbsp,UK-17-063,Sugar,2,tbsp
GF-REC-00986,,"Sugar, white",100.0,g,UK-17-063,Sugar,.5,cup
GF-REC-00986,,Baking powder,1.0,tsp,UK-17-355,Baking powder,1,tsp
GF-REC-00986,,Baking powder,0.5,tsp,UK-17-355,Baking soda,.5,tsp
GF-REC-00986,,Salt,0.25,tsp,UK-17-367,Salt ,.25,tsp
GF-REC-00986,,"Butter, unsalted",113.5,g,UK-17-661,Unsaltter butter,.5,cup
GF-REC-00986,,Vanilla extract,1.0,tsp,US-173471,Vanilla extract,1,tsp
GF-REC-00987,GF-ING-00018,"Wheat flour, refined (Triticum aestivum)",260.0,g,A018,Maida,260,g
GF-REC-00987,,"Yogurt, whole milk, plain",190.0,g,UK-12-184,Curd,190,g
GF-REC-00987,,"Oil, sunflower",100.0,g,UK-17-045,Oil,100,g
GF-REC-00987,,"Sugar, white",170.0,g,UK-17-063,Sugar,170,g
GF-REC-00987,,Baking powder,1.0,tsp,UK-17-355,Baking powder,1,tsp
GF-REC-00987,,Baking powder,0.25,tsp,UK-17-355,Baking soda,.25,tsp
GF-REC-00987,,"Water, distilled",0.25,C,UK-17-377,Water,.25,cup
GF-REC-00987,,Vanilla extract,1.0,tsp,US-173471,Vanilla extract,1,tsp
GF-REC-00987,,"TUTTI FRUTTI GUMBALLS, TUTTI FRUTTI",60.0,g,US-695922,Tutti frutti,60,g
GF-REC-00988,GF-ING-00077,Parsley (Petroselinum crispum),3.0,tbsp,C028,parsley,3,tbsp
GF-REC-00988,GF-ING-00120,Celery stalk (Apium graveolens),50.5,g,D037,Celery ,.5,cup
GF-REC-00988,GF-ING-00231,"Carrot, orange (Daucus carota)",60.0,g,F002,Carrot,1,
GF-REC-00988,GF-ING-00260,"Garlic, small clove (Allium sativum)",2.5,g,G012,Garlic,4,cloves
GF-REC-00988,GF-ING-00265,"Onion, big (Allium cepa)",60.0,g,G017,Onion,1,no.
GF-REC-00988,,"Beans, broad, whole, raw",450.0,g,UK-13-064,Beans,15,ounces
GF-REC-00988,,"Bay leaf, dried",0.8,g,UK-13-806,Bay leaves,2,nos.
GF-REC-00988,,"Pepper, white",0.5,tsp,UK-13-881,Black pepper,.5,tsp
GF-REC-00988,,"Oil, olive",2.0,tbsp,UK-17-038,Olive oil,2,tbsp
GF-REC-00988,,Salt,0.25,tsp,UK-17-367,Salt ,1,pinch
GF-REC-00988,,Ham,539.0,g,UK-19-496,Ham,2,cups
GF-REC-00989,GF-ING-00256,"Chillies, green - all varieties (Capsicum annum)",6.67,g,G008,Green chilli,2,nos.
GF-REC-00989,GF-ING-00272,Coriander seeds (Coriandrum sativum),2.0,tbsp,G024,Coriander,2,tbsp
GF-REC-00989,GF-ING-00273,Cumin seeds (Cuminum cyminum),1.5,tsp,G025,Cumin seeds ,1.5,tsp
GF-REC-00989,GF-ING-00313,Paneer,123.0,g,L003,Paneer,.5,cup
GF-REC-00989,,"Oil, sunflower",2.0,tsp,UK-17-045,Oil,2,tsp
GF-REC-00989,,Salt,0.5,tsp,UK-17-367,Salt ,as required,
GF-REC-00989,,"Whey, acid, fluid",738.0,g,US-170885,Whey ,3,cup
GF-REC-00990,GF-ING-00090,"Bottle gourd, elongate, pale green (Lagenaria vulgaris)",350.0,g,D007,Bottle gourd,350,g
GF-REC-00990,GF-ING-00260,"Garlic, small clove (Allium sativum)",1.0,tsp,G012,Garlic,1,tsp
GF-REC-00990,GF-ING-00265,"Onion, big (Allium cepa)",29.0,g,G017,Onion,0.25 to 0.33,cups
GF-REC-00990,GF-ING-00279,"Pepper, black (Piper nigrum)",0.37,tsp,G031,Black pepper,0.25 to 0.5,tsp
GF-REC-00990,,"Cheese, processed, plain",1.5,tsp,UK-12-527,Cheese,1 to 2,tbsp
GF-REC-00990,,"Mixed herbs, dried",0.75,tsp,UK-13-884,Dried herbs,0.5 to 1,tsp
GF-REC-00990,,"Oil, olive",1.0,tbsp,UK-17-038,Olive oil,1,tbsp
GF-REC-00990,,Salt,0.5,tsp,UK-17-367,Salt ,as required,
GF-REC-00990,,"Water, distilled",2.0,C,UK-17-377,Water,2,cups
GF-REC-00991,GF-ING-00018,"Wheat flour, refined (Triticum aestivum)",36.0,g,A018,All purpose flour,.6,cup
GF-REC-00991,GF-ING-00235,"Potato, brown skin, big (Solanum tuberosum)",280.0,g,F006,Potato,4,large
GF-REC-00991,GF-ING-00265,"Onion, big (Allium cepa)",120.0,g,G017,Onion,4,small
GF-REC-00991,GF-ING-00279,"Pepper, black (Piper nigrum)",1.0,tsp,G031,Pepper,1,tsp
GF-REC-00991,GF-ING-00312,"Milk, whole, Cow",7.0,C,L002,Milk,7,cup
GF-REC-00991,,"Cheese, processed, plain",165.0,g,UK-12-527,Cheese,1.25,cup
GF-REC-00991,,Salt,1.0,tsp,UK-17-367,Salt ,1,tsp
GF-REC-00991,,"Butter, unsalted",136.2,g,UK-17-661,Butter,.6,cup
GF-REC-00991,,"Bacon rashers, back, raw",480.0,g,UK-19-497,Bacon,12,slices
GF-REC-00991,,"Sour cream, regular",240.0,g,US-1097906,Sour cream,1,cup
GF-REC-00992,GF-ING-00149,"Pumpkin, orange, round (Cucurbita maxima)",400.0,g,D066,Pumpkin,400,g
GF-REC-00992,GF-ING-00260,"Garlic, small clove (Allium sativum)",1.25,g,G012,Garlic,2,cloves
GF-REC-00992,GF-ING-00265,"Onion, big (Allium cepa)",30.0,g,G017,Onion,1,small
GF-REC-00992,GF-ING-00279,"Pepper, black (Piper nigrum)",0.5,tsp,G031,Pepper,.5,tsp
GF-REC-00992,,"Cream, fresh, single",1.0,tbsp,UK-12-332,Cream,1,tbsp
GF-REC-00992,,"Oil, olive",2.0,tbsp,UK-17-038,Olive Oil,2,tbsp
GF-REC-00992,,Salt,0.5,tsp,UK-17-367,Salt ,.5,tsp
GF-REC-00992,,"Water, distilled",2.0,C,UK-17-377,Water,2,cup
GF-REC-00993,GF-ING-00133,"French beans, hybrid (Phaseolus vulgaris)",25.0,g,D050,French bean,.25,cup
GF-REC-00993,GF-ING-00231,"Carrot, orange (Daucus carota)",34.56,g,F002,Carrot,0.25 to 0.3,cup
GF-REC-00993,GF-ING-00256,"Chillies, green - all varieties (Capsicum annum)",3.33,g,G008,Green chilli,1,nos.
GF-REC-00993,GF-ING-00260,"Garlic, small clove (Allium sativum)",0.62,tbsp,G012,Garlic,0.5 to 0.75,tbsp
GF-REC-00993,GF-ING-00279,"Pepper, black (Piper nigrum)",0.25,tsp,G031,Crushed pepper,.25,tsp
GF-REC-00993,,"Flour, corn",1.5,tbsp,UK-11-1045,Corn starch,1.5,tbsp
GF-REC-00993,,"Spring onions, bulbs and tops, raw",3.0,sprig,UK-13-352,Spring Onion,3,sprigs
GF-REC-00993,,"Sweetcorn, kernels, raw",72.5,g,UK-13-622,Sweet corn ,.5,cup
GF-REC-00993,,"Sweetcorn, kernels, raw",217.5,g,UK-13-622,Sweet corn kernel,1.5,cup
GF-REC-00993,,"Ginger, ground",0.62,tbsp,UK-13-832,Ginger,0.5 to 0.75,tbsp
GF-REC-00993,,"Oil, sunflower",1.0,tbsp,UK-17-045,Oil,1,tbsp
GF-REC-00993,,"Sugar, white",0.5,tsp,UK-17-063,Sugar,.5,tsp
GF-REC-00993,,Vinegar,1.0,tsp,UK-17-339,Vinegar,1,tsp
GF-REC-00993,,Salt,0.3,tsp,UK-17-367,Salt ,.33,tsp
GF-REC-00993,,"Water, distilled",3.25,C,UK-17-377,Water,3 to 3.5,cup
GF-REC-00994,GF-ING-00064,"Cabbage, green (Brassica oleracea var. capitata f. alba)",44.5,g,C015,Cabbage,.5,cup
GF-REC-00994,GF-ING-00258,Curry leaves (Murraya koenigii),1.0,sprig,G010,Curry leaves ,6,leaves
GF-REC-00994,GF-ING-00260,"Garlic, small clove (Allium sativum)",1.0,tsp,G012,Garlic,1,tsp
GF-REC-00994,GF-ING-00279,"Pepper, black (Piper nigrum)",2.0,tsp,G031,Black pepper,2,tsp
GF-REC-00994,GF-ING-00294,Mustard seeds (Brassica nigra),0.5,tsp,H013,Mustard seed,.5,tsp
GF-REC-00994,GF-ING-00313,Paneer,200.0,g,L003,Paneer,200,g
GF-REC-00994,,"Ginger, ground",1.0,tsp,UK-13-832,Ginger,1,tsp
GF-REC-00994,,"Oil, sunflower",1.0,tsp,UK-17-045,Vegetable oil,1,tsp
GF-REC-00994,,Salt,1.0,tsp,UK-17-367,Salt ,4,pinch
GF-REC-00994,,"Water, distilled",4.0,C,UK-17-377,Water,4,cup
GF-REC-00995,GF-ING-00119,Cauliflower (Brassica oleracea var. botrytis),400.0,g,D036,Cauliflower,1,medium
GF-REC-00995,GF-ING-00162,"Apple, big (Malus domestica)",80.0,g,E001,Apple,1,medium
GF-REC-00995,GF-ING-00195,"Lime, sweet,pulp (Citrus limetta)",1.0,tbsp,E034,Lime,1,tbsp
GF-REC-00995,GF-ING-00257,Coriander leaves (Coriandrum sativum),1.0,sprig,G009,Cilantro,garnish,
GF-REC-00995,GF-ING-00260,"Garlic, small clove (Allium sativum)",2.8,g,G012,Garlic,4 to 5,nos.
GF-REC-00995,GF-ING-00265,"Onion, big (Allium cepa)",60.0,g,G017,Onion,1,nos.
GF-REC-00995,GF-ING-00272,Coriander seeds (Coriandrum sativum),1.0,tsp,G024,Coriander,1,tsp
GF-REC-00995,GF-ING-00281,Turmeric powder (Curcuma domestica),0.25,tsp,G033,Turmeric,.25,tsp
GF-REC-00995,GF-ING-00287,"Coconut, kernal, dry (Cocos nucifera)",1.0,tsp,H006,Coconut flakes,garnish,
GF-REC-00995,,"Ginger, ground",1.5,tbsp,UK-13-832,Ginger,1.5,tbsp
GF-REC-00995,,Curry powder,2.0,tsp,UK-13-876,Yellow Curry powder,2,tsp
GF-REC-00995,,Coconut milk,183.0,g,UK-14-820,Coconut milk,.75,cup
GF-REC-00995,,Salt,0.75,tsp,UK-17-367,Salt ,.75,tsp
GF-REC-00995,,"Ghee, butter",2.0,tbsp,UK-17-640,Ghee ,2,tbsp
GF-REC-00995,,"Stock cubes, vegetable",2.5,C,UK-17-727,Veggie broth,2.5,cup
GF-REC-00995,,"SWEET SUNNAH, WHOLE BLACK SEEDS NIGELLA SATIVA",0.5,tsp,US-468991,Nigella seeds,garnish,
GF-REC-00996,GF-ING-00003,Bajra (Pennisetum typhoideum),150.0,g,A003,Pearl millet,.75,cup
GF-REC-00996,GF-ING-00034,"Green gram, dal (Vigna radiata)",43.75,g,B010,Moong dal,.25,cup
GF-REC-00996,GF-ING-00133,"French beans, hybrid (Phaseolus vulgaris)",33.0,g,D050,Green beans,5 to 6,nos.
GF-REC-00996,GF-ING-00144,"Peas, fresh (Pisum sativum)",36.25,g,D061,Peas,.25,cup
GF-REC-00996,GF-ING-00158,"Tomato, ripe, hybrid (Solanum lycopersicum)",25.0,g,D075,Tomato,1,small
GF-REC-00996,GF-ING-00231,"Carrot, orange (Daucus carota)",60.0,g,F002,Carrot,1,nos.
GF-REC-00996,GF-ING-00256,"Chillies, green - all varieties (Capsicum annum)",3.33,g,G008,Green chilli,1,nos.
GF-REC-00996,GF-ING-00257,Coriander leaves (Coriandrum sativum),1.0,tbsp,G009,Coriander leaves,1,tbsp
GF-REC-00996,GF-ING-00260,"Garlic, small clove (Allium sativum)",0.62,g,G012,Garlic,1,clove
GF-REC-00996,GF-ING-00265,"Onion, big (Allium cepa)",30.0,g,G017,Onion,1,small
GF-REC-00996,GF-ING-00273,Cumin seeds (Cuminum cyminum),0.5,tsp,G025,Cumin powder,.5,tsp
GF-REC-00996,GF-ING-00279,"Pepper, black (Piper nigrum)",0.5,tsp,G031,Pepper,.5,tsp
GF-REC-00996,,"Yogurt, whole milk, plain",245.0,g,UK-12-184,Yogurt,1,cup
GF-REC-00996,,Garam masala,0.5,tsp,UK-13-829,Garam masala,.5,tsp
GF-REC-00996,,"Ginger, ground",6.33,g,UK-13-832,Ginger,.5,inch
GF-REC-00996,,"Oil, sunflower",2.0,tsp,UK-17-045,Oil,2,tsp
GF-REC-00996,,Salt,0.5,tsp,UK-17-367,Salt ,to taste,
GF-REC-00996,,"Stock cubes, vegetable",5.0,C,UK-17-727,Vegetable stock,5,cup
GF-REC-00997,GF-ING-00064,"Cabbage, green (Brassica oleracea var. capitata f. alba)",22.25,g,C015,Cabbage,.25,cup
GF-REC-00997,GF-ING-00194,"Lemon, juice (Citrus limon)",1.0,tbsp,E033,Lemon juice ,1,tbsp
GF-REC-00997,GF-ING-00231,"Carrot, orange (Daucus carota)",32.0,g,F002,Carrot,.25,cup
GF-REC-00997,GF-ING-00256,"Chillies, green - all varieties (Capsicum annum)",2.0,tsp,G008,Green chilli,2,tsp
GF-REC-00997,GF-ING-00256,"Chillies, green - all varieties (Capsicum annum)",6.67,g,G008,Green chilli,2,nos.
GF-REC-00997,GF-ING-00257,Coriander leaves (Coriandrum sativum),4.0,g,G009,Coriander stem,.25,cup
GF-REC-00997,GF-ING-00260,"Garlic, small clove (Allium sativum)",2.0,tsp,G012,Garlic,2,tsp
GF-REC-00997,GF-ING-00265,"Onion, big (Allium cepa)",25.0,g,G017,Onion,.25,cup
GF-REC-00997,GF-ING-00272,Coriander seeds (Coriandrum sativum),20.0,g,G024,Coriander,.25,cup
GF-REC-00997,GF-ING-00279,"Pepper, black (Piper nigrum)",0.5,tsp,G031,Pepper,to taste,
GF-REC-00997,GF-ING-00281,Turmeric powder (Curcuma domestica),0.25,tsp,G033,Turmeric,.25,tsp
GF-REC-00997,,"Flour, corn",2.0,tsp,UK-11-1045,Cornflour,2,tsp
GF-REC-00997,,"Ginger, ground",1.0,tsp,UK-13-832,Ginger,1,tsp
GF-REC-00997,,"Oil, sunflower",2.0,tsp,UK-17-045,Oil,2,tsp
GF-REC-00997,,Salt,0.5,tsp,UK-17-367,Salt ,to taste,
GF-REC-00997,,"Water, distilled",2.0,tbsp,UK-17-377,Water,2,tbsp
GF-REC-00997,,"Lemon grass (citronella), raw",2.0,tbsp,US-168573,Lemon grass,2,tbsp
GF-REC-00998,GF-ING-00235,"Potato, brown skin, big (Solanum tuberosum)",70.0,g,F006,Potato,1,nos.
GF-REC-00998,GF-ING-00260,"Garlic, small clove (Allium sativum)",5.0,g,G012,Garlic,8,cloves
GF-REC-00998,GF-ING-00265,"Onion, big (Allium cepa)",60.0,g,G017,Onion,1,nos.
GF-REC-00998,GF-ING-00273,Cumin seeds (Cuminum cyminum),0.5,tsp,G025,Cumin seeds ,.5,tsp
GF-REC-00998,,"Cream, fresh, single",120.0,g,UK-12-332,Fresh cream ,.5,cup
GF-REC-00998,,Chilli powder,1.0,tsp,UK-13-873,Chili flakes,1,tsp
GF-REC-00998,,"Oregano, dried, ground",1.0,tsp,UK-13-878,Oregano,1,tsp
GF-REC-00998,,"Oil, olive",2.0,tbsp,UK-17-038,Virgin olive oil,2,tbsp
GF-REC-00998,,Salt,0.5,tsp,UK-17-367,Salt ,as required,
GF-REC-00999,GF-ING-00027,"Black gram, dal (Phaseolus mungo)",140.0,g,B003,Whole black gram,140,g
GF-REC-00999,GF-ING-00044,"Rajmah, red (Phaseolus vulgaris)",40.0,g,B020,Rajmah,40,g
GF-REC-00999,GF-ING-00069,Fenugreek leaves (Trigonella foenum graecum),0.25,tsp,C020,Kasuri methi/ fenugreeek,.25,tsp
GF-REC-00999,GF-ING-00158,"Tomato, ripe, hybrid (Solanum lycopersicum)",100.0,g,D075,Tomato,2,large
GF-REC-00999,GF-ING-00256,"Chillies, green - all varieties (Capsicum annum)",1.0,tsp,G008,Green chilli,1,tsp
GF-REC-00999,GF-ING-00257,Coriander leaves (Coriandrum sativum),2.0,tbsp,G009,Coriander leaves,2,tbsp
GF-REC-00999,GF-ING-00260,"Garlic, small clove (Allium sativum)",1.0,tsp,G012,Ginger garlic paste,1,tsp
GF-REC-00999,GF-ING-00262,"Ginger, fresh (Zingiber officinale)",1.0,tsp,G014,Ginger garlic paste,1,tsp
GF-REC-00999,GF-ING-00265,"Onion, big (Allium cepa)",60.0,g,G017,Onion,1,medium
GF-REC-00999,GF-ING-00268,"Cardamom, green (Elettaria cardamomum)",0.625,tsp,G020,Green cardamom,2 to 3,nos.
GF-REC-00999,GF-ING-00269,"Cardamom, black (Elettaria cardamomum)",0.25,tsp,G021,Black cardamom,1,nos.
GF-REC-00999,GF-ING-00271,Cloves (Syzygium aromaticum),0.625,tsp,G023,Clove,2 to 3,nos.
GF-REC-00999,GF-ING-00273,Cumin seeds (Cuminum cyminum),0.5,tsp,G025,Cumin seeds ,.5,tsp
GF-REC-00999,GF-ING-00276,Nutmeg (Myristica fragrans),0.62,tsp,G028,Nutmeg powder,2 to 3 ,pinches
GF-REC-00999,,"Bay leaf, dried",0.4,g,UK-13-806,Bay leaves,1,nos.
GF-REC-00999,,"Ginger, ground",12.66,g,UK-13-832,Ginger,1,inch.
GF-REC-00999,,Chilli powder,0.5,tsp,UK-13-873,Chilli powder,.5,tsp
GF-REC-00999,,"Cinnamon, ground",2.5,g,UK-13-874,Cinnamon,1,inch
GF-REC-00999,,Salt,0.5,tsp,UK-17-367,Salt ,as required,
GF-REC-00999,,"Water, distilled",4.0,C,UK-17-377,Water,4,cups
GF-REC-00999,,"Butter, unsalted",3.0,tbsp,UK-17-661,Butter,3,tbsp
GF-REC-00999,,"Cheese, cream, low fat",2.0,tbsp,US-169079,Low fat cream,2.5,tbsp
GF-REC-01000,GF-ING-00142,"Papaya, raw (Carica papaya)",600.0,g,D059,Raw papaya,1,nos.
GF-REC-01000,GF-ING-00158,"Tomato, ripe, hybrid (Solanum lycopersicum)",50.0,g,D075,Tomato,1,no.
GF-REC-01000,GF-ING-00195,"Lime, sweet,pulp (Citrus limetta)",1.0,tsp,E034,Lime,1,tsp
GF-REC-01000,GF-ING-00235,"Potato, brown skin, big (Solanum tuberosum)",140.0,g,F006,Potato,2,nos.
GF-REC-01000,GF-ING-00256,"Chillies, green - all varieties (Capsicum annum)",6.67,g,G008,Green chilli,2,nos.
GF-REC-01000,GF-ING-00265,"Onion, big (Allium cepa)",60.0,g,G017,Onion,1,no.
GF-REC-01000,GF-ING-00270,"Chillies, red (Capsicum annum)",6.67,g,G022,Red chilli ,2,nos.
GF-REC-01000,GF-ING-00272,Coriander seeds (Coriandrum sativum),1.0,tsp,G024,Coriander powder,1,tsp
GF-REC-01000,GF-ING-00273,Cumin seeds (Cuminum cyminum),0.2,tbsp,G025,Cumin,.2,tbsp
GF-REC-01000,GF-ING-00273,Cumin seeds (Cuminum cyminum),1.0,tbsp,G025,Cumin seeds ,1,tbsp
GF-REC-01000,GF-ING-00274,Fenugreek seeds (Trigonella foenum graecum),0.2,tbsp,G026,Fenugreek,.2,tbsp
GF-REC-01000,GF-ING-00281,Turmeric powder (Curcuma domestica),2.0,tsp,G033,Turmeric,2,tsp
GF-REC-01000,GF-ING-00294,Mustard seeds (Brassica nigra),0.2,tbsp,H013,Brown mustard,.2,tbsp
GF-REC-01000,,"Beans, chick peas, Kabuli, whole, dried, raw",250.0,g,UK-13-074,Split chick peas,250,g
GF-REC-01000,,"Bay leaf, dried",0.4,g,UK-13-806,Bay leaves,1,nos.
GF-REC-01000,,Fennel seeds,0.2,tbsp,UK-13-827,Fennel,.2,tbsp
GF-REC-01000,,"Ginger, ground",12.66,g,UK-13-832,Ginger ,1,inch
GF-REC-01000,,Chilli powder,1.0,tsp,UK-13-873,Red chilli powder,1,tsp
GF-REC-01000,,"Sugar, white",1.0,tsp,UK-17-063,Sugar,1,tsp
GF-REC-01000,,Salt,0.5,tsp,UK-17-367,Salt ,to taste,
GF-REC-01000,,"Water, distilled",0.5,C,UK-17-377,Water,as needed,
GF-REC-01000,,"Oil, mustard",3.0,tbsp,US-172337,Mustard oil,3,tbsp
GF-REC-01000,,"SWEET SUNNAH, WHOLE BLACK SEEDS NIGELLA SATIVA",0.2,tbsp,US-468991,Nigella,.2,tbsp
GF-REC-01001,GF-ING-00025,"Bengal gram, dal (Cicer arietinum)",200.0,g,B001,Channa dal,200,g
GF-REC-01001,GF-ING-00069,Fenugreek leaves (Trigonella foenum graecum),1.0,tsp,C020,Kasuri methi/ fenugreeek,1,tsp
GF-REC-01001,GF-ING-00158,"Tomato, ripe, hybrid (Solanum lycopersicum)",180.0,g,D075,Tomato,1,cup
GF-REC-01001,GF-ING-00256,"Chillies, green - all varieties (Capsicum annum)",0.5,tsp,G008,Green chilli,.5,tsp
GF-REC-01001,GF-ING-00260,"Garlic, small clove (Allium sativum)",2.0,tsp,G012,Garlic,2,tsp
GF-REC-01001,GF-ING-00265,"Onion, big (Allium cepa)",50.0,g,G017,Onion,.5,cup
GF-REC-01001,GF-ING-00267,Asafoetida (Ferula assa-foetida),0.25,tsp,G019,Hing/ Asafoetida,1,pinch
GF-REC-01001,GF-ING-00272,Coriander seeds (Coriandrum sativum),1.5,tbsp,G024,Coriander ,1 to 2,tbsp
GF-REC-01001,GF-ING-00272,Coriander seeds (Coriandrum sativum),1.0,tsp,G024,Coriander powder,1,tsp
GF-REC-01001,GF-ING-00273,Cumin seeds (Cuminum cyminum),1.0,tsp,G025,Cumin seeds ,1,tsp
GF-REC-01001,GF-ING-00281,Turmeric powder (Curcuma domestica),0.25,tsp,G033,Turmeric,.25,tsp
GF-REC-01001,GF-ING-00281,Turmeric powder (Curcuma domestica),0.25,tsp,G033,Turmeric,.25,tsp
GF-REC-01001,,Garam masala,0.5,tsp,UK-13-829,Garam masala,.5,tsp
GF-REC-01001,,"Ginger, ground",12.66,g,UK-13-832,Ginger,1,inch
GF-REC-01001,,Chilli powder,0.5,tsp,UK-13-873,Red chilli powder,.5,tsp
GF-REC-01001,,Salt,0.5,tsp,UK-17-367,Salt ,as required,
GF-REC-01001,,"Water, distilled",2.75,C,UK-17-377,Water,2.5 to 3,cup
GF-REC-01001,,"Ghee, butter",3.0,tbsp,UK-17-640,Ghee ,3,tbsp
GF-REC-01001,,"SIVA'S, AMHUR POWDER (DRY MANGO POWDER)",0.5,tsp,US-400113,Mango powder,.5,tsp
GF-REC-01002,GF-ING-00036,"Horse gram, whole (Dolicus biflorus)",175.0,g,B012,Horsegram lentils,1,cup
GF-REC-01002,GF-ING-00158,"Tomato, ripe, hybrid (Solanum lycopersicum)",180.0,g,D075,Tomato,1,cup
GF-REC-01002,GF-ING-00256,"Chillies, green - all varieties (Capsicum annum)",3.33,g,G008,Green chilli ,1,nos.
GF-REC-01002,GF-ING-00265,"Onion, big (Allium cepa)",100.0,g,G017,Yellow Onion,1,cup
GF-REC-01002,GF-ING-00267,Asafoetida (Ferula assa-foetida),0.25,tsp,G019,Hing/ asafoetida,1,pinch
GF-REC-01002,GF-ING-00272,Coriander seeds (Coriandrum sativum),1.0,tsp,G024,Coriander powder,1,tsp
GF-REC-01002,GF-ING-00273,Cumin seeds (Cuminum cyminum),1.0,tsp,G025,Cumin seeds ,1,tsp
GF-REC-01002,GF-ING-00281,Turmeric powder (Curcuma domestica),0.5,tsp,G033,Turmeric powder,.5,tsp
GF-REC-01002,,"Ginger, ground",1.0,tsp,UK-13-832,Ginger,1,tsp
GF-REC-01002,,Chilli powder,1.0,tsp,UK-13-873,Red chilli powder ,1,tsp
GF-REC-01002,,"Oil, sunflower",1.0,tbsp,UK-17-045,Oil ,1,tbsp
GF-REC-01002,,Salt,1.0,tsp,UK-17-367,Salt ,1,tsp
GF-REC-01002,,"Water, distilled",4.0,C,UK-17-377,Water,4,cup
GF-REC-01003,GF-ING-00025,"Bengal gram, dal (Cicer arietinum)",50.0,g,B001,Channa dal ,.25,cup
GF-REC-01003,GF-ING-00027,"Black gram, dal (Phaseolus mungo)",43.75,g,B003,Urad dal (black gram dal),.25,cup
GF-REC-01003,GF-ING-00034,"Green gram, dal (Vigna radiata)",43.75,g,B010,Moong dal ,.25,cup
GF-REC-01003,GF-ING-00039,"Lentil whole, yellowish (Lens culinaris)",43.75,g,B015,Masoor dal ,.25,cup
GF-REC-01003,GF-ING-00045,"Red gram, dal (Cajanus cajan)",43.75,g,B021,Toor dal (Pigeon pea),.25,cup
GF-REC-01003,GF-ING-00069,Fenugreek leaves (Trigonella foenum graecum),1.0,tsp,C020,Kasuri methi/ fenugreeek,1,tsp
GF-REC-01003,GF-ING-00158,"Tomato, ripe, hybrid (Solanum lycopersicum)",100.0,g,D075,Tomato,2,nos.
GF-REC-01003,GF-ING-00257,Coriander leaves (Coriandrum sativum),2.0,tbsp,G009,Coriander leaves,2,tbsp
GF-REC-01003,GF-ING-00260,"Garlic, small clove (Allium sativum)",0.5,tsp,G012,Ginger garlic paste,.5,tsp
GF-REC-01003,GF-ING-00262,"Ginger, fresh (Zingiber officinale)",0.5,tsp,G014,Ginger garlic paste,.5,tsp
GF-REC-01003,GF-ING-00265,"Onion, big (Allium cepa)",60.0,g,G017,Onion,1,nos.
GF-REC-01003,GF-ING-00269,"Cardamom, black (Elettaria cardamomum)",0.25,tsp,G021,Black cardamom,1,nos.
GF-REC-01003,GF-ING-00270,"Chillies, red (Capsicum annum)",6.66,g,G022,Red chilli ,2,nos.
GF-REC-01003,GF-ING-00271,Cloves (Syzygium aromaticum),1.0,tsp,G023,Clove,4,nos.
GF-REC-01003,GF-ING-00272,Coriander seeds (Coriandrum sativum),1.0,tsp,G024,Coriander powder,1,tsp
GF-REC-01003,GF-ING-00273,Cumin seeds (Cuminum cyminum),2.0,tsp,G025,Cumin ,2,tsp
GF-REC-01003,GF-ING-00273,Cumin seeds (Cuminum cyminum),0.5,tsp,G025,Cumin powder,.5,tsp
GF-REC-01003,GF-ING-00281,Turmeric powder (Curcuma domestica),0.25,tsp,G033,Turmeric powder,.25,tsp
GF-REC-01003,GF-ING-00281,Turmeric powder (Curcuma domestica),0.5,tsp,G033,Turmeric powder,.5,tsp
GF-REC-01003,,"Bay leaf, dried",1.2,g,UK-13-806,Bay leaves ,3,nos.
GF-REC-01003,,Garam masala,0.25,tsp,UK-13-829,Garam masala,.25,tsp
GF-REC-01003,,Chilli powder,1.25,tsp,UK-13-873,Chilli powder,1.25,tsp
GF-REC-01003,,Salt,0.5,tsp,UK-17-367,Salt ,.5,tsp
GF-REC-01003,,Salt,0.5,tsp,UK-17-367,Salt ,.5,tsp
GF-REC-01003,,"Water, distilled",3.0,C,UK-17-377,Water ,3,cup
GF-REC-01003,,"Ghee, butter",1.0,tsp,UK-17-640,Ghee ,1,tsp
GF-REC-01003,,"Ghee, butter",2.0,tbsp,UK-17-640,Ghee ,2,tbsp
GF-REC-01003,,"Ghee, butter",2.0,tbsp,UK-17-640,Ghee ,2,tbsp
GF-REC-01004,GF-ING-00019,"Wheat flour, atta (Triticum aestivum)",65.0,g,A019,Wheat flour,.5,cup
GF-REC-01004,GF-ING-00045,"Red gram, dal (Cajanus cajan)",87.5,g,B021,Toor dal,.5,cup
GF-REC-01004,GF-ING-00194,"Lemon, juice (Citrus limon)",3.0,tsp,E033,Lemon juice ,3,tsp
GF-REC-01004,GF-ING-00257,Coriander leaves (Coriandrum sativum),2.0,tbsp,G009,Coriander leaves ,2,tbsp
GF-REC-01004,GF-ING-00258,Curry leaves (Murraya koenigii),1.0,sprig,G010,Curry leaves ,1,nos.
GF-REC-01004,GF-ING-00267,Asafoetida (Ferula assa-foetida),0.25,tsp,G019,Hing/ asafoetida,1,pinch
GF-REC-01004,GF-ING-00270,"Chillies, red (Capsicum annum)",3.33,g,G022,Red chilli ,1,nos.
GF-REC-01004,GF-ING-00272,Coriander seeds (Coriandrum sativum),0.5,tsp,G024,Coriander powder,.5,tsp
GF-REC-01004,GF-ING-00273,Cumin seeds (Cuminum cyminum),1.0,tsp,G025,Cumin seeds ,1,tsp
GF-REC-01004,GF-ING-00281,Turmeric powder (Curcuma domestica),0.5,tsp,G033,Turmeric powder,.5,tsp
GF-REC-01004,GF-ING-00293,Ground nut (Arachis hypogea),42.51,g,H012,Peanuts,3,tbsp
GF-REC-01004,GF-ING-00294,Mustard seeds (Brassica nigra),0.5,tsp,H013,Mustard seed,.5,tsp
GF-REC-01004,,"Flour, gram",1.0,tbsp,UK-11-896,Chickpea flour,1,tbsp
GF-REC-01004,,Chilli powder,1.0,tsp,UK-13-873,Red chilli powder,1,tsp
GF-REC-01004,,"Oil, sunflower",3.0,tsp,UK-17-045,Oil,3,tsp
GF-REC-01004,,"Sugar, white",2.2,tsp,UK-17-063,Sugar,2 to 2.5,tsp
GF-REC-01004,,Salt,0.5,tsp,UK-17-367,Salt ,as required,
GF-REC-01004,,"Water, distilled",4.5,C,UK-17-377,Water,4.5,cup
GF-REC-01004,,AJWAIN SEED WHOLE ORGANIC SPICES,0.5,tsp,US-806341,Ajwain (carmon seed),.5,tsp
GF-REC-01005,GF-ING-00014,"Rice, parboiled, milled (Oryza sativa )",160.0,g,A014,Rice,1,cup
GF-REC-01005,GF-ING-00025,"Bengal gram, dal (Cicer arietinum)",100.0,g,B001,Channa dal,.5,cup
GF-REC-01005,GF-ING-00027,"Black gram, dal (Phaseolus mungo)",2.0,tbsp,B003,Urad dal (black gram dal),2,tbsp
GF-REC-01005,GF-ING-00045,"Red gram, dal (Cajanus cajan)",43.75,g,B021,Toor dal,.25,cup
GF-REC-01005,GF-ING-00064,"Cabbage, green (Brassica oleracea var. capitata f. alba)",44.5,g,C015,Cabbage,.5,cup
GF-REC-01005,GF-ING-00090,"Bottle gourd, elongate, pale green (Lagenaria vulgaris)",116.0,g,D007,Bottle gourd,1,cup
GF-REC-01005,GF-ING-00231,"Carrot, orange (Daucus carota)",32.0,g,F002,Carrot,.25,cup
GF-REC-01005,GF-ING-00256,"Chillies, green - all varieties (Capsicum annum)",3.33,g,G008,Green chilli,1,no.
GF-REC-01005,GF-ING-00257,Coriander leaves (Coriandrum sativum),3.0,tbsp,G009,Coriander,3,tbsp
GF-REC-01005,GF-ING-00258,Curry leaves (Murraya koenigii),1.0,sprig,G010,Curry leaves ,few,
GF-REC-01005,GF-ING-00267,Asafoetida (Ferula assa-foetida),0.25,tsp,G019,Hing/ asafoetida,1,pinch
GF-REC-01005,GF-ING-00273,Cumin seeds (Cuminum cyminum),0.5,tsp,G025,Cumin seeds,.5,tsp
GF-REC-01005,GF-ING-00281,Turmeric powder (Curcuma domestica),0.25,tsp,G033,Turmeric,.25,tsp
GF-REC-01005,GF-ING-00294,Mustard seeds (Brassica nigra),0.75,tsp,H013,Mustard seed ,.75,tsp
GF-REC-01005,,"Yogurt, whole milk, plain",122.5,g,UK-12-184,Yogurt,.5,cup
GF-REC-01005,,"Ginger, ground",1.5,tsp,UK-13-832,Ginger paste,1.5,tsp
GF-REC-01005,,Chilli powder,0.25,tsp,UK-13-873,Kashmiri Red chilli powder,.25,tsp
GF-REC-01005,,Sesame seeds,1.0,tsp,UK-14-844,Sesame seed,1,tsp
GF-REC-01005,,"Oil, sunflower",5.0,tsp,UK-17-045,Oil,5,tsp
GF-REC-01005,,"Sugar, white",0.5,tsp,UK-17-063,Sugar,.5,tsp
GF-REC-01005,,Bicarbonate of soda,1.0,tsp,UK-17-356,Eno,1,tsp
GF-REC-01005,,Salt,0.75,tsp,UK-17-367,Salt ,.75,tsp
GF-REC-01006,GF-ING-00267,Asafoetida (Ferula assa-foetida),0.25,tsp,G019,Hing (asafoetida),1,pinch
GF-REC-01006,GF-ING-00279,"Pepper, black (Piper nigrum)",0.3,tsp,G031,Black pepper,.33,tsp
GF-REC-01006,GF-ING-00281,Turmeric powder (Curcuma domestica),0.3,tsp,G033,Turmeric powder ,.3,tsp
GF-REC-01006,,"Flour, gram",184.0,g,UK-11-896,Bengal gram flour,2,cup
GF-REC-01006,,Chilli powder,0.5,tsp,UK-13-873,Red chilli powder ,.5,tsp
GF-REC-01006,,"Oil, sunflower",1.0,tsp,UK-17-045,Oil,1,tsp
GF-REC-01006,,"Oil, sunflower",2.0,C,UK-17-045,Oil,for frying,
GF-REC-01006,,Salt,0.5,tsp,UK-17-367,Salt ,as required,
GF-REC-01006,,"Water, distilled",0.5,C,UK-17-377,Water,.5,cup
GF-REC-01006,,"Water, distilled",2.0,tbsp,UK-17-377,Water,2,tbsp
GF-REC-01007,GF-ING-00018,"Wheat flour, refined (Triticum aestivum)",120.0,g,A018,Maida,1,cup
GF-REC-01007,GF-ING-00273,Cumin seeds (Cuminum cyminum),1.0,tsp,G025,Cumin seeds,1,tsp
GF-REC-01007,,"Oil, sunflower",1.5,tbsp,UK-17-045,Oil,1.5,tbsp
GF-REC-01007,,"Oil, sunflower",2.0,C,UK-17-045,Oil ,For deep frying,
GF-REC-01007,,Salt,0.25,tsp,UK-17-367,Salt ,to taste,tsp
GF-REC-01007,,"Water, distilled",0.3,C,UK-17-377,Water,.3,cup
GF-REC-01008,GF-ING-00005,Jowar (Sorghum vulgare),100.0,g,A005,Jowar,.5,cup
GF-REC-01008,GF-ING-00014,"Rice, parboiled, milled (Oryza sativa )",80.0,g,A014,Rice,.5,cup
GF-REC-01008,GF-ING-00027,"Black gram, dal (Phaseolus mungo)",87.5,g,B003,Urad dal,.5,cup
GF-REC-01008,GF-ING-00274,Fenugreek seeds (Trigonella foenum graecum),0.25,tsp,G026,Methi,.25,tsp
GF-REC-01008,,"Oil, sunflower",3.0,tbsp,UK-17-045,Oil,As required,
GF-REC-01008,,Salt,0.5,tsp,UK-17-367,Salt,As required,
GF-REC-01008,,"Water, distilled",0.5,C,UK-17-377,Water,as required,
GF-REC-01009,GF-ING-00018,"Wheat flour, refined (Triticum aestivum)",2.0,tbsp,A018,Flour,2,tbsp
GF-REC-01009,GF-ING-00144,"Peas, fresh (Pisum sativum)",36.25,g,D061,Peas,.25,cup
GF-REC-01009,GF-ING-00231,"Carrot, orange (Daucus carota)",32.0,g,F002,Carrots ,.25,cup
GF-REC-01009,GF-ING-00235,"Potato, brown skin, big (Solanum tuberosum)",210.0,g,F006,Potatoes,3,nos.
GF-REC-01009,GF-ING-00257,Coriander leaves (Coriandrum sativum),2.0,tbsp,G009,Coriander leaves,2,tbsp
GF-REC-01009,GF-ING-00281,Turmeric powder (Curcuma domestica),0.1,tsp,G033,Turmeric,.1,tsp
GF-REC-01009,,"Bread, white, average",300.0,g,UK-11-1145,Bread,10,nos.
GF-REC-01009,,Garam masala,0.5,tsp,UK-13-829,Garam masala,.5,tsp
GF-REC-01009,,Chilli powder,0.6,tsp,UK-13-873,Red chilli powder,0.5 to 0.75,tsp
GF-REC-01009,,"Oil, sunflower",2.0,C,UK-17-045,Oil,For Frying,
GF-REC-01009,,Salt,0.5,tsp,UK-17-367,Salt,To taste,
GF-REC-01009,,"Water, distilled",0.5,C,UK-17-377,Water,.5,cup
GF-REC-01009,,"SIVA'S, AMHUR POWDER (DRY MANGO POWDER)",0.2,tsp,US-400113,Amchur,.25,tsp
GF-REC-01010,GF-ING-00144,"Peas, fresh (Pisum sativum)",72.5,g,D061,Green peas,.5,cup
GF-REC-01010,GF-ING-00235,"Potato, brown skin, big (Solanum tuberosum)",210.0,g,F006,Potatoes,3,nos.
GF-REC-01010,GF-ING-00260,"Garlic, small clove (Allium sativum)",0.5,tsp,G012,Ginger garlic paste,,
GF-REC-01010,GF-ING-00272,Coriander seeds (Coriandrum sativum),1.0,tsp,G024,Coriander powder,1,tsp
GF-REC-01010,GF-ING-00279,"Pepper, black (Piper nigrum)",0.5,tsp,G031,Pepper,.5,tsp
GF-REC-01010,,"Flour, gram",2.0,tbsp,UK-11-896,Chickpea flour,2,tbsp
GF-REC-01010,,"Tofu, soya bean, steamed",189.0,g,UK-13-570,Soya chunks,1.5,cup
GF-REC-01010,,Garam masala,0.5,tsp,UK-13-829,Garam masala,.5,tsp
GF-REC-01010,,"Ginger, ground",0.5,tsp,UK-13-832,Ginger garlic paste,1,tsp
GF-REC-01010,,Chilli powder,0.6,tsp,UK-13-873,Red chilli powder,0.5 to 0.75,tsp
GF-REC-01010,,"Oil, sunflower",1.5,tbsp,UK-17-045,oil,1 to 2,tbsp
GF-REC-01010,,Salt,0.5,tsp,UK-17-367,Salt,As needed,
GF-REC-01010,,"SIVA'S, AMHUR POWDER (DRY MANGO POWDER)",0.2,tsp,US-400113,Amchur / dry mango powder,.25,tsp
GF-REC-01011,GF-ING-00260,"Garlic, small clove (Allium sativum)",4.5,g,G012,Garlic,6,nos.
GF-REC-01011,GF-ING-00265,"Onion, big (Allium cepa)",60.0,g,G017,Onion,1,nos.
GF-REC-01011,GF-ING-00273,Cumin seeds (Cuminum cyminum),2.0,tsp,G025,Cumin,2,tsp
GF-REC-01011,,"Bay leaf, dried",0.8,g,UK-13-806,Bay leaves,2,nos.
GF-REC-01011,,Salt,2.0,tsp,UK-17-367,Salt,2,tsp
GF-REC-01011,,"Water, distilled",2.0,tbsp,UK-17-377,Water,As required,
GF-REC-01011,,"Stock cubes, vegetable",2.0,C,UK-17-727,Vegetable broth,2,cup
GF-REC-01011,,"Peppers, jalapeno, raw",21.0,g,US-168576,Jalapenos,1 to 2,nos.
GF-REC-01011,,BLACK BEANS,453.0,g,US-1862058,Dried black bean,453,g
GF-REC-01012,GF-ING-00025,"Bengal gram, dal (Cicer arietinum)",150.0,g,B001,Channa dal,.75,cup
GF-REC-01012,GF-ING-00027,"Black gram, dal (Phaseolus mungo)",87.5,g,B003,Split black gram,.5,cup
GF-REC-01012,GF-ING-00039,"Lentil whole, yellowish (Lens culinaris)",43.75,g,B015,Red Lentils/Masoor,.25,cup
GF-REC-01012,GF-ING-00256,"Chillies, green - all varieties (Capsicum annum)",5.0,g,G008,Green chilli,1 to 2,nos.
GF-REC-01012,GF-ING-00260,"Garlic, small clove (Allium sativum)",3.4,g,G012,Garlic,5 to 6,nos.
GF-REC-01012,GF-ING-00262,"Ginger, fresh (Zingiber officinale)",2.0,tsp,G014,Ginger,2,tsp
GF-REC-01012,GF-ING-00267,Asafoetida (Ferula assa-foetida),0.25,tsp,G019,Asafoetida/Hing,.25,tsp
GF-REC-01012,GF-ING-00273,Cumin seeds (Cuminum cyminum),1.75,tsp,G025,Cumin Seeds,1.75,tsp
GF-REC-01012,GF-ING-00281,Turmeric powder (Curcuma domestica),0.5,tsp,G033,Turmeric,.5,tsp
GF-REC-01012,,"Bay leaf, dried",0.4,g,UK-13-806,Bay leaf,1,nos.
GF-REC-01012,,Garam masala,1.0,tsp,UK-13-829,Garam masala,1,tsp
GF-REC-01012,,Chilli powder,1.0,tsp,UK-13-873,Red chilli powder,1,tsp
GF-REC-01012,,"Cinnamon, ground",0.5,tsp,UK-13-874,Cinnamon stick,1,nos.
GF-REC-01012,,"Ghee, butter",1.5,tbsp,UK-17-640,Ghee,1 to 2,tbsp
GF-REC-01013,GF-ING-00077,Parsley (Petroselinum crispum),0.5,tsp,C028,"Parsley, chopped",.5,tsp
GF-REC-01013,GF-ING-00158,"Tomato, ripe, hybrid (Solanum lycopersicum)",225.0,g,D075,"Tomatoes, crushed",.25,cup
GF-REC-01013,GF-ING-00194,"Lemon, juice (Citrus limon)",0.5,tsp,E033,Lime juice,.5,tsp
GF-REC-01013,GF-ING-00256,"Chillies, green - all varieties (Capsicum annum)",0.25,tsp,G008,"Green chilies, chopped",.25,tsp
GF-REC-01013,GF-ING-00257,Coriander leaves (Coriandrum sativum),0.5,tsp,G009,"Cilantro, chopped",.5,tsp
GF-REC-01013,GF-ING-00260,"Garlic, small clove (Allium sativum)",2.5,g,G012,Garlic,4,nos.
GF-REC-01013,GF-ING-00265,"Onion, big (Allium cepa)",60.0,g,G017,Onion,1,nos.
GF-REC-01013,,Chilli powder,0.25,tsp,UK-13-873,Chilli flakes,.25,tsp
GF-REC-01013,,"Oil, olive",1.0,tbsp,UK-17-038,Olive oil,1,tbsp
GF-REC-01013,,Salt,0.5,tbsp,UK-17-367,Kosher Salt ,.5,tbsp
GF-REC-01013,,"Water, distilled",5.0,C,UK-17-377,Water,5,cup
GF-REC-01013,,"Chickpeas (garbanzo beans, bengal gram), mature seeds, raw",400.0,g,US-173756,Cooked chickpea,2,cup
